ISO-10303-21;
HEADER;
FILE_DESCRIPTION(('KiCad electronic assembly'),'2;1');
FILE_NAME('controller.step','2025-06-30T23:59:32',('Pcbnew'),('Kicad'),
  'Open CASCADE STEP processor 7.8','KiCad to STEP converter','Unknown'
  );
FILE_SCHEMA(('AUTOMOTIVE_DESIGN { 1 0 10303 214 1 1 1 1 }'));
ENDSEC;
DATA;
#1 = APPLICATION_PROTOCOL_DEFINITION('international standard',
  'automotive_design',2000,#2);
#2 = APPLICATION_CONTEXT(
  'core data for automotive mechanical design processes');
#3 = SHAPE_DEFINITION_REPRESENTATION(#4,#10);
#4 = PRODUCT_DEFINITION_SHAPE('','',#5);
#5 = PRODUCT_DEFINITION('design','',#6,#9);
#6 = PRODUCT_DEFINITION_FORMATION('','',#7);
#7 = PRODUCT('controller 1','controller 1','',(#8));
#8 = PRODUCT_CONTEXT('',#2,'mechanical');
#9 = PRODUCT_DEFINITION_CONTEXT('part definition',#2,'design');
#10 = SHAPE_REPRESENTATION('',(#11,#15,#19,#23,#27,#31,#35),#39);
#11 = AXIS2_PLACEMENT_3D('',#12,#13,#14);
#12 = CARTESIAN_POINT('',(0.,0.,0.));
#13 = DIRECTION('',(0.,0.,1.));
#14 = DIRECTION('',(1.,0.,-0.));
#15 = AXIS2_PLACEMENT_3D('',#16,#17,#18);
#16 = CARTESIAN_POINT('',(218.5,-123.04,1.595));
#17 = DIRECTION('',(0.,0.,1.));
#18 = DIRECTION('',(1.,0.,0.));
#19 = AXIS2_PLACEMENT_3D('',#20,#21,#22);
#20 = CARTESIAN_POINT('',(211.5,-129.62,1.595));
#21 = DIRECTION('',(0.,0.,1.));
#22 = DIRECTION('',(-1.,1.224646799147E-16,0.));
#23 = AXIS2_PLACEMENT_3D('',#24,#25,#26);
#24 = CARTESIAN_POINT('',(211.5,-115.62,1.595));
#25 = DIRECTION('',(0.,0.,1.));
#26 = DIRECTION('',(-1.,1.224646799147E-16,0.));
#27 = AXIS2_PLACEMENT_3D('',#28,#29,#30);
#28 = CARTESIAN_POINT('',(218.5,-107.46,1.595));
#29 = DIRECTION('',(0.,0.,1.));
#30 = DIRECTION('',(1.,0.,0.));
#31 = AXIS2_PLACEMENT_3D('',#32,#33,#34);
#32 = CARTESIAN_POINT('',(211.42,-102.,1.595));
#33 = DIRECTION('',(0.,0.,1.));
#34 = DIRECTION('',(1.,0.,0.));
#35 = AXIS2_PLACEMENT_3D('',#36,#37,#38);
#36 = CARTESIAN_POINT('',(0.,0.,0.));
#37 = DIRECTION('',(0.,0.,1.));
#38 = DIRECTION('',(1.,0.,-0.));
#39 = ( GEOMETRIC_REPRESENTATION_CONTEXT(3) 
GLOBAL_UNCERTAINTY_ASSIGNED_CONTEXT((#43)) GLOBAL_UNIT_ASSIGNED_CONTEXT(
(#40,#41,#42)) REPRESENTATION_CONTEXT('Context #1',
  '3D Context with UNIT and UNCERTAINTY') );
#40 = ( LENGTH_UNIT() NAMED_UNIT(*) SI_UNIT(.MILLI.,.METRE.) );
#41 = ( NAMED_UNIT(*) PLANE_ANGLE_UNIT() SI_UNIT($,.RADIAN.) );
#42 = ( NAMED_UNIT(*) SI_UNIT($,.STERADIAN.) SOLID_ANGLE_UNIT() );
#43 = UNCERTAINTY_MEASURE_WITH_UNIT(LENGTH_MEASURE(1.E-07),#40,
  'distance_accuracy_value','confusion accuracy');
#44 = PRODUCT_RELATED_PRODUCT_CATEGORY('part',$,(#7));
#45 = SHAPE_DEFINITION_REPRESENTATION(#46,#52);
#46 = PRODUCT_DEFINITION_SHAPE('','',#47);
#47 = PRODUCT_DEFINITION('design','',#48,#51);
#48 = PRODUCT_DEFINITION_FORMATION('','',#49);
#49 = PRODUCT('PinHeader_1x02_P2.54mm_Vertical',
  'PinHeader_1x02_P2.54mm_Vertical','',(#50));
#50 = PRODUCT_CONTEXT('',#2,'mechanical');
#51 = PRODUCT_DEFINITION_CONTEXT('part definition',#2,'design');
#52 = ADVANCED_BREP_SHAPE_REPRESENTATION('',(#11,#53),#1485);
#53 = MANIFOLD_SOLID_BREP('',#54);
#54 = CLOSED_SHELL('',(#55,#95,#126,#157,#322,#487,#504,#521,#538,#555,
    #572,#589,#606,#623,#640,#657,#669,#700,#724,#748,#765,#796,#820,
    #844,#861,#892,#916,#940,#957,#988,#1012,#1036,#1053,#1084,#1108,
    #1132,#1149,#1180,#1204,#1228,#1245,#1276,#1300,#1324,#1341,#1372,
    #1396,#1420,#1437,#1449,#1461,#1473));
#55 = ADVANCED_FACE('',(#56),#90,.F.);
#56 = FACE_BOUND('',#57,.F.);
#57 = EDGE_LOOP('',(#58,#68,#76,#84));
#58 = ORIENTED_EDGE('',*,*,#59,.T.);
#59 = EDGE_CURVE('',#60,#62,#64,.T.);
#60 = VERTEX_POINT('',#61);
#61 = CARTESIAN_POINT('',(-1.016,1.27,0.));
#62 = VERTEX_POINT('',#63);
#63 = CARTESIAN_POINT('',(-1.016,1.27,2.54));
#64 = LINE('',#65,#66);
#65 = CARTESIAN_POINT('',(-1.016,1.27,0.));
#66 = VECTOR('',#67,1.);
#67 = DIRECTION('',(0.,0.,1.));
#68 = ORIENTED_EDGE('',*,*,#69,.T.);
#69 = EDGE_CURVE('',#62,#70,#72,.T.);
#70 = VERTEX_POINT('',#71);
#71 = CARTESIAN_POINT('',(-1.27,1.016,2.54));
#72 = LINE('',#73,#74);
#73 = CARTESIAN_POINT('',(-1.016,1.27,2.54));
#74 = VECTOR('',#75,1.);
#75 = DIRECTION('',(-0.707106781187,-0.707106781187,0.));
#76 = ORIENTED_EDGE('',*,*,#77,.F.);
#77 = EDGE_CURVE('',#78,#70,#80,.T.);
#78 = VERTEX_POINT('',#79);
#79 = CARTESIAN_POINT('',(-1.27,1.016,0.));
#80 = LINE('',#81,#82);
#81 = CARTESIAN_POINT('',(-1.27,1.016,0.));
#82 = VECTOR('',#83,1.);
#83 = DIRECTION('',(0.,0.,1.));
#84 = ORIENTED_EDGE('',*,*,#85,.F.);
#85 = EDGE_CURVE('',#60,#78,#86,.T.);
#86 = LINE('',#87,#88);
#87 = CARTESIAN_POINT('',(-1.016,1.27,0.));
#88 = VECTOR('',#89,1.);
#89 = DIRECTION('',(-0.707106781187,-0.707106781187,0.));
#90 = PLANE('',#91);
#91 = AXIS2_PLACEMENT_3D('',#92,#93,#94);
#92 = CARTESIAN_POINT('',(-1.016,1.27,0.));
#93 = DIRECTION('',(0.707106781187,-0.707106781187,0.));
#94 = DIRECTION('',(-0.707106781187,-0.707106781187,0.));
#95 = ADVANCED_FACE('',(#96),#121,.F.);
#96 = FACE_BOUND('',#97,.F.);
#97 = EDGE_LOOP('',(#98,#108,#114,#115));
#98 = ORIENTED_EDGE('',*,*,#99,.T.);
#99 = EDGE_CURVE('',#100,#102,#104,.T.);
#100 = VERTEX_POINT('',#101);
#101 = CARTESIAN_POINT('',(1.016,1.27,0.));
#102 = VERTEX_POINT('',#103);
#103 = CARTESIAN_POINT('',(1.016,1.27,2.54));
#104 = LINE('',#105,#106);
#105 = CARTESIAN_POINT('',(1.016,1.27,0.));
#106 = VECTOR('',#107,1.);
#107 = DIRECTION('',(0.,0.,1.));
#108 = ORIENTED_EDGE('',*,*,#109,.T.);
#109 = EDGE_CURVE('',#102,#62,#110,.T.);
#110 = LINE('',#111,#112);
#111 = CARTESIAN_POINT('',(1.016,1.27,2.54));
#112 = VECTOR('',#113,1.);
#113 = DIRECTION('',(-1.,0.,0.));
#114 = ORIENTED_EDGE('',*,*,#59,.F.);
#115 = ORIENTED_EDGE('',*,*,#116,.F.);
#116 = EDGE_CURVE('',#100,#60,#117,.T.);
#117 = LINE('',#118,#119);
#118 = CARTESIAN_POINT('',(1.016,1.27,0.));
#119 = VECTOR('',#120,1.);
#120 = DIRECTION('',(-1.,0.,0.));
#121 = PLANE('',#122);
#122 = AXIS2_PLACEMENT_3D('',#123,#124,#125);
#123 = CARTESIAN_POINT('',(1.016,1.27,0.));
#124 = DIRECTION('',(0.,-1.,0.));
#125 = DIRECTION('',(-1.,0.,0.));
#126 = ADVANCED_FACE('',(#127),#152,.F.);
#127 = FACE_BOUND('',#128,.F.);
#128 = EDGE_LOOP('',(#129,#130,#138,#146));
#129 = ORIENTED_EDGE('',*,*,#77,.T.);
#130 = ORIENTED_EDGE('',*,*,#131,.T.);
#131 = EDGE_CURVE('',#70,#132,#134,.T.);
#132 = VERTEX_POINT('',#133);
#133 = CARTESIAN_POINT('',(-1.27,-1.016,2.54));
#134 = LINE('',#135,#136);
#135 = CARTESIAN_POINT('',(-1.27,1.016,2.54));
#136 = VECTOR('',#137,1.);
#137 = DIRECTION('',(0.,-1.,0.));
#138 = ORIENTED_EDGE('',*,*,#139,.F.);
#139 = EDGE_CURVE('',#140,#132,#142,.T.);
#140 = VERTEX_POINT('',#141);
#141 = CARTESIAN_POINT('',(-1.27,-1.016,0.));
#142 = LINE('',#143,#144);
#143 = CARTESIAN_POINT('',(-1.27,-1.016,0.));
#144 = VECTOR('',#145,1.);
#145 = DIRECTION('',(0.,0.,1.));
#146 = ORIENTED_EDGE('',*,*,#147,.F.);
#147 = EDGE_CURVE('',#78,#140,#148,.T.);
#148 = LINE('',#149,#150);
#149 = CARTESIAN_POINT('',(-1.27,1.016,0.));
#150 = VECTOR('',#151,1.);
#151 = DIRECTION('',(0.,-1.,0.));
#152 = PLANE('',#153);
#153 = AXIS2_PLACEMENT_3D('',#154,#155,#156);
#154 = CARTESIAN_POINT('',(-1.27,1.016,0.));
#155 = DIRECTION('',(1.,0.,0.));
#156 = DIRECTION('',(0.,-1.,0.));
#157 = ADVANCED_FACE('',(#158,#249,#283),#317,.F.);
#158 = FACE_BOUND('',#159,.F.);
#159 = EDGE_LOOP('',(#160,#161,#162,#170,#178,#186,#194,#202,#210,#218,
    #226,#234,#242,#248));
#160 = ORIENTED_EDGE('',*,*,#85,.T.);
#161 = ORIENTED_EDGE('',*,*,#147,.T.);
#162 = ORIENTED_EDGE('',*,*,#163,.T.);
#163 = EDGE_CURVE('',#140,#164,#166,.T.);
#164 = VERTEX_POINT('',#165);
#165 = CARTESIAN_POINT('',(-1.016,-1.27,0.));
#166 = LINE('',#167,#168);
#167 = CARTESIAN_POINT('',(-1.27,-1.016,0.));
#168 = VECTOR('',#169,1.);
#169 = DIRECTION('',(0.707106781187,-0.707106781187,0.));
#170 = ORIENTED_EDGE('',*,*,#171,.T.);
#171 = EDGE_CURVE('',#164,#172,#174,.T.);
#172 = VERTEX_POINT('',#173);
#173 = CARTESIAN_POINT('',(-1.27,-1.524,0.));
#174 = LINE('',#175,#176);
#175 = CARTESIAN_POINT('',(-1.016,-1.27,0.));
#176 = VECTOR('',#177,1.);
#177 = DIRECTION('',(-0.707106781187,-0.707106781187,0.));
#178 = ORIENTED_EDGE('',*,*,#179,.T.);
#179 = EDGE_CURVE('',#172,#180,#182,.T.);
#180 = VERTEX_POINT('',#181);
#181 = CARTESIAN_POINT('',(-1.27,-3.556,0.));
#182 = LINE('',#183,#184);
#183 = CARTESIAN_POINT('',(-1.27,-1.524,0.));
#184 = VECTOR('',#185,1.);
#185 = DIRECTION('',(0.,-1.,0.));
#186 = ORIENTED_EDGE('',*,*,#187,.T.);
#187 = EDGE_CURVE('',#180,#188,#190,.T.);
#188 = VERTEX_POINT('',#189);
#189 = CARTESIAN_POINT('',(-1.016,-3.81,0.));
#190 = LINE('',#191,#192);
#191 = CARTESIAN_POINT('',(-1.27,-3.556,0.));
#192 = VECTOR('',#193,1.);
#193 = DIRECTION('',(0.707106781187,-0.707106781187,0.));
#194 = ORIENTED_EDGE('',*,*,#195,.T.);
#195 = EDGE_CURVE('',#188,#196,#198,.T.);
#196 = VERTEX_POINT('',#197);
#197 = CARTESIAN_POINT('',(1.016,-3.81,0.));
#198 = LINE('',#199,#200);
#199 = CARTESIAN_POINT('',(-1.016,-3.81,0.));
#200 = VECTOR('',#201,1.);
#201 = DIRECTION('',(1.,0.,0.));
#202 = ORIENTED_EDGE('',*,*,#203,.T.);
#203 = EDGE_CURVE('',#196,#204,#206,.T.);
#204 = VERTEX_POINT('',#205);
#205 = CARTESIAN_POINT('',(1.27,-3.556,0.));
#206 = LINE('',#207,#208);
#207 = CARTESIAN_POINT('',(1.016,-3.81,0.));
#208 = VECTOR('',#209,1.);
#209 = DIRECTION('',(0.707106781187,0.707106781187,0.));
#210 = ORIENTED_EDGE('',*,*,#211,.T.);
#211 = EDGE_CURVE('',#204,#212,#214,.T.);
#212 = VERTEX_POINT('',#213);
#213 = CARTESIAN_POINT('',(1.27,-1.524,0.));
#214 = LINE('',#215,#216);
#215 = CARTESIAN_POINT('',(1.27,-3.556,0.));
#216 = VECTOR('',#217,1.);
#217 = DIRECTION('',(0.,1.,0.));
#218 = ORIENTED_EDGE('',*,*,#219,.T.);
#219 = EDGE_CURVE('',#212,#220,#222,.T.);
#220 = VERTEX_POINT('',#221);
#221 = CARTESIAN_POINT('',(1.016,-1.27,0.));
#222 = LINE('',#223,#224);
#223 = CARTESIAN_POINT('',(1.27,-1.524,0.));
#224 = VECTOR('',#225,1.);
#225 = DIRECTION('',(-0.707106781187,0.707106781187,0.));
#226 = ORIENTED_EDGE('',*,*,#227,.T.);
#227 = EDGE_CURVE('',#220,#228,#230,.T.);
#228 = VERTEX_POINT('',#229);
#229 = CARTESIAN_POINT('',(1.27,-1.016,0.));
#230 = LINE('',#231,#232);
#231 = CARTESIAN_POINT('',(1.016,-1.27,0.));
#232 = VECTOR('',#233,1.);
#233 = DIRECTION('',(0.707106781187,0.707106781187,0.));
#234 = ORIENTED_EDGE('',*,*,#235,.T.);
#235 = EDGE_CURVE('',#228,#236,#238,.T.);
#236 = VERTEX_POINT('',#237);
#237 = CARTESIAN_POINT('',(1.27,1.016,0.));
#238 = LINE('',#239,#240);
#239 = CARTESIAN_POINT('',(1.27,-1.016,0.));
#240 = VECTOR('',#241,1.);
#241 = DIRECTION('',(0.,1.,0.));
#242 = ORIENTED_EDGE('',*,*,#243,.T.);
#243 = EDGE_CURVE('',#236,#100,#244,.T.);
#244 = LINE('',#245,#246);
#245 = CARTESIAN_POINT('',(1.27,1.016,0.));
#246 = VECTOR('',#247,1.);
#247 = DIRECTION('',(-0.707106781187,0.707106781187,0.));
#248 = ORIENTED_EDGE('',*,*,#116,.T.);
#249 = FACE_BOUND('',#250,.F.);
#250 = EDGE_LOOP('',(#251,#261,#269,#277));
#251 = ORIENTED_EDGE('',*,*,#252,.T.);
#252 = EDGE_CURVE('',#253,#255,#257,.T.);
#253 = VERTEX_POINT('',#254);
#254 = CARTESIAN_POINT('',(0.32,-0.32,0.));
#255 = VERTEX_POINT('',#256);
#256 = CARTESIAN_POINT('',(-0.32,-0.32,0.));
#257 = LINE('',#258,#259);
#258 = CARTESIAN_POINT('',(-0.16,-0.32,0.));
#259 = VECTOR('',#260,1.);
#260 = DIRECTION('',(-1.,0.,0.));
#261 = ORIENTED_EDGE('',*,*,#262,.T.);
#262 = EDGE_CURVE('',#255,#263,#265,.T.);
#263 = VERTEX_POINT('',#264);
#264 = CARTESIAN_POINT('',(-0.32,0.32,0.));
#265 = LINE('',#266,#267);
#266 = CARTESIAN_POINT('',(-0.32,-0.795,0.));
#267 = VECTOR('',#268,1.);
#268 = DIRECTION('',(0.,1.,0.));
#269 = ORIENTED_EDGE('',*,*,#270,.F.);
#270 = EDGE_CURVE('',#271,#263,#273,.T.);
#271 = VERTEX_POINT('',#272);
#272 = CARTESIAN_POINT('',(0.32,0.32,0.));
#273 = LINE('',#274,#275);
#274 = CARTESIAN_POINT('',(-0.16,0.32,0.));
#275 = VECTOR('',#276,1.);
#276 = DIRECTION('',(-1.,0.,0.));
#277 = ORIENTED_EDGE('',*,*,#278,.F.);
#278 = EDGE_CURVE('',#253,#271,#279,.T.);
#279 = LINE('',#280,#281);
#280 = CARTESIAN_POINT('',(0.32,-0.795,0.));
#281 = VECTOR('',#282,1.);
#282 = DIRECTION('',(0.,1.,0.));
#283 = FACE_BOUND('',#284,.F.);
#284 = EDGE_LOOP('',(#285,#295,#303,#311));
#285 = ORIENTED_EDGE('',*,*,#286,.T.);
#286 = EDGE_CURVE('',#287,#289,#291,.T.);
#287 = VERTEX_POINT('',#288);
#288 = CARTESIAN_POINT('',(0.32,-2.86,0.));
#289 = VERTEX_POINT('',#290);
#290 = CARTESIAN_POINT('',(-0.32,-2.86,0.));
#291 = LINE('',#292,#293);
#292 = CARTESIAN_POINT('',(-0.16,-2.86,0.));
#293 = VECTOR('',#294,1.);
#294 = DIRECTION('',(-1.,0.,0.));
#295 = ORIENTED_EDGE('',*,*,#296,.T.);
#296 = EDGE_CURVE('',#289,#297,#299,.T.);
#297 = VERTEX_POINT('',#298);
#298 = CARTESIAN_POINT('',(-0.32,-2.22,0.));
#299 = LINE('',#300,#301);
#300 = CARTESIAN_POINT('',(-0.32,-2.065,0.));
#301 = VECTOR('',#302,1.);
#302 = DIRECTION('',(0.,1.,0.));
#303 = ORIENTED_EDGE('',*,*,#304,.F.);
#304 = EDGE_CURVE('',#305,#297,#307,.T.);
#305 = VERTEX_POINT('',#306);
#306 = CARTESIAN_POINT('',(0.32,-2.22,0.));
#307 = LINE('',#308,#309);
#308 = CARTESIAN_POINT('',(-0.16,-2.22,0.));
#309 = VECTOR('',#310,1.);
#310 = DIRECTION('',(-1.,0.,0.));
#311 = ORIENTED_EDGE('',*,*,#312,.F.);
#312 = EDGE_CURVE('',#287,#305,#313,.T.);
#313 = LINE('',#314,#315);
#314 = CARTESIAN_POINT('',(0.32,-2.065,0.));
#315 = VECTOR('',#316,1.);
#316 = DIRECTION('',(0.,1.,0.));
#317 = PLANE('',#318);
#318 = AXIS2_PLACEMENT_3D('',#319,#320,#321);
#319 = CARTESIAN_POINT('',(1.473843703412E-17,-1.27,0.));
#320 = DIRECTION('',(0.,0.,1.));
#321 = DIRECTION('',(1.,0.,-0.));
#322 = ADVANCED_FACE('',(#323,#414,#448),#482,.T.);
#323 = FACE_BOUND('',#324,.T.);
#324 = EDGE_LOOP('',(#325,#326,#327,#335,#343,#351,#359,#367,#375,#383,
    #391,#399,#407,#413));
#325 = ORIENTED_EDGE('',*,*,#69,.T.);
#326 = ORIENTED_EDGE('',*,*,#131,.T.);
#327 = ORIENTED_EDGE('',*,*,#328,.T.);
#328 = EDGE_CURVE('',#132,#329,#331,.T.);
#329 = VERTEX_POINT('',#330);
#330 = CARTESIAN_POINT('',(-1.016,-1.27,2.54));
#331 = LINE('',#332,#333);
#332 = CARTESIAN_POINT('',(-1.27,-1.016,2.54));
#333 = VECTOR('',#334,1.);
#334 = DIRECTION('',(0.707106781187,-0.707106781187,0.));
#335 = ORIENTED_EDGE('',*,*,#336,.T.);
#336 = EDGE_CURVE('',#329,#337,#339,.T.);
#337 = VERTEX_POINT('',#338);
#338 = CARTESIAN_POINT('',(-1.27,-1.524,2.54));
#339 = LINE('',#340,#341);
#340 = CARTESIAN_POINT('',(-1.016,-1.27,2.54));
#341 = VECTOR('',#342,1.);
#342 = DIRECTION('',(-0.707106781187,-0.707106781187,0.));
#343 = ORIENTED_EDGE('',*,*,#344,.T.);
#344 = EDGE_CURVE('',#337,#345,#347,.T.);
#345 = VERTEX_POINT('',#346);
#346 = CARTESIAN_POINT('',(-1.27,-3.556,2.54));
#347 = LINE('',#348,#349);
#348 = CARTESIAN_POINT('',(-1.27,-1.524,2.54));
#349 = VECTOR('',#350,1.);
#350 = DIRECTION('',(0.,-1.,0.));
#351 = ORIENTED_EDGE('',*,*,#352,.T.);
#352 = EDGE_CURVE('',#345,#353,#355,.T.);
#353 = VERTEX_POINT('',#354);
#354 = CARTESIAN_POINT('',(-1.016,-3.81,2.54));
#355 = LINE('',#356,#357);
#356 = CARTESIAN_POINT('',(-1.27,-3.556,2.54));
#357 = VECTOR('',#358,1.);
#358 = DIRECTION('',(0.707106781187,-0.707106781187,0.));
#359 = ORIENTED_EDGE('',*,*,#360,.T.);
#360 = EDGE_CURVE('',#353,#361,#363,.T.);
#361 = VERTEX_POINT('',#362);
#362 = CARTESIAN_POINT('',(1.016,-3.81,2.54));
#363 = LINE('',#364,#365);
#364 = CARTESIAN_POINT('',(-1.016,-3.81,2.54));
#365 = VECTOR('',#366,1.);
#366 = DIRECTION('',(1.,0.,0.));
#367 = ORIENTED_EDGE('',*,*,#368,.T.);
#368 = EDGE_CURVE('',#361,#369,#371,.T.);
#369 = VERTEX_POINT('',#370);
#370 = CARTESIAN_POINT('',(1.27,-3.556,2.54));
#371 = LINE('',#372,#373);
#372 = CARTESIAN_POINT('',(1.016,-3.81,2.54));
#373 = VECTOR('',#374,1.);
#374 = DIRECTION('',(0.707106781187,0.707106781187,0.));
#375 = ORIENTED_EDGE('',*,*,#376,.T.);
#376 = EDGE_CURVE('',#369,#377,#379,.T.);
#377 = VERTEX_POINT('',#378);
#378 = CARTESIAN_POINT('',(1.27,-1.524,2.54));
#379 = LINE('',#380,#381);
#380 = CARTESIAN_POINT('',(1.27,-3.556,2.54));
#381 = VECTOR('',#382,1.);
#382 = DIRECTION('',(0.,1.,0.));
#383 = ORIENTED_EDGE('',*,*,#384,.T.);
#384 = EDGE_CURVE('',#377,#385,#387,.T.);
#385 = VERTEX_POINT('',#386);
#386 = CARTESIAN_POINT('',(1.016,-1.27,2.54));
#387 = LINE('',#388,#389);
#388 = CARTESIAN_POINT('',(1.27,-1.524,2.54));
#389 = VECTOR('',#390,1.);
#390 = DIRECTION('',(-0.707106781187,0.707106781187,0.));
#391 = ORIENTED_EDGE('',*,*,#392,.T.);
#392 = EDGE_CURVE('',#385,#393,#395,.T.);
#393 = VERTEX_POINT('',#394);
#394 = CARTESIAN_POINT('',(1.27,-1.016,2.54));
#395 = LINE('',#396,#397);
#396 = CARTESIAN_POINT('',(1.016,-1.27,2.54));
#397 = VECTOR('',#398,1.);
#398 = DIRECTION('',(0.707106781187,0.707106781187,0.));
#399 = ORIENTED_EDGE('',*,*,#400,.T.);
#400 = EDGE_CURVE('',#393,#401,#403,.T.);
#401 = VERTEX_POINT('',#402);
#402 = CARTESIAN_POINT('',(1.27,1.016,2.54));
#403 = LINE('',#404,#405);
#404 = CARTESIAN_POINT('',(1.27,-1.016,2.54));
#405 = VECTOR('',#406,1.);
#406 = DIRECTION('',(0.,1.,0.));
#407 = ORIENTED_EDGE('',*,*,#408,.T.);
#408 = EDGE_CURVE('',#401,#102,#409,.T.);
#409 = LINE('',#410,#411);
#410 = CARTESIAN_POINT('',(1.27,1.016,2.54));
#411 = VECTOR('',#412,1.);
#412 = DIRECTION('',(-0.707106781187,0.707106781187,0.));
#413 = ORIENTED_EDGE('',*,*,#109,.T.);
#414 = FACE_BOUND('',#415,.T.);
#415 = EDGE_LOOP('',(#416,#426,#434,#442));
#416 = ORIENTED_EDGE('',*,*,#417,.T.);
#417 = EDGE_CURVE('',#418,#420,#422,.T.);
#418 = VERTEX_POINT('',#419);
#419 = CARTESIAN_POINT('',(0.32,-0.32,2.54));
#420 = VERTEX_POINT('',#421);
#421 = CARTESIAN_POINT('',(-0.32,-0.32,2.54));
#422 = LINE('',#423,#424);
#423 = CARTESIAN_POINT('',(-0.16,-0.32,2.54));
#424 = VECTOR('',#425,1.);
#425 = DIRECTION('',(-1.,0.,0.));
#426 = ORIENTED_EDGE('',*,*,#427,.T.);
#427 = EDGE_CURVE('',#420,#428,#430,.T.);
#428 = VERTEX_POINT('',#429);
#429 = CARTESIAN_POINT('',(-0.32,0.32,2.54));
#430 = LINE('',#431,#432);
#431 = CARTESIAN_POINT('',(-0.32,-0.795,2.54));
#432 = VECTOR('',#433,1.);
#433 = DIRECTION('',(0.,1.,0.));
#434 = ORIENTED_EDGE('',*,*,#435,.F.);
#435 = EDGE_CURVE('',#436,#428,#438,.T.);
#436 = VERTEX_POINT('',#437);
#437 = CARTESIAN_POINT('',(0.32,0.32,2.54));
#438 = LINE('',#439,#440);
#439 = CARTESIAN_POINT('',(-0.16,0.32,2.54));
#440 = VECTOR('',#441,1.);
#441 = DIRECTION('',(-1.,0.,0.));
#442 = ORIENTED_EDGE('',*,*,#443,.F.);
#443 = EDGE_CURVE('',#418,#436,#444,.T.);
#444 = LINE('',#445,#446);
#445 = CARTESIAN_POINT('',(0.32,-0.795,2.54));
#446 = VECTOR('',#447,1.);
#447 = DIRECTION('',(0.,1.,0.));
#448 = FACE_BOUND('',#449,.T.);
#449 = EDGE_LOOP('',(#450,#460,#468,#476));
#450 = ORIENTED_EDGE('',*,*,#451,.T.);
#451 = EDGE_CURVE('',#452,#454,#456,.T.);
#452 = VERTEX_POINT('',#453);
#453 = CARTESIAN_POINT('',(0.32,-2.86,2.54));
#454 = VERTEX_POINT('',#455);
#455 = CARTESIAN_POINT('',(-0.32,-2.86,2.54));
#456 = LINE('',#457,#458);
#457 = CARTESIAN_POINT('',(-0.16,-2.86,2.54));
#458 = VECTOR('',#459,1.);
#459 = DIRECTION('',(-1.,0.,0.));
#460 = ORIENTED_EDGE('',*,*,#461,.T.);
#461 = EDGE_CURVE('',#454,#462,#464,.T.);
#462 = VERTEX_POINT('',#463);
#463 = CARTESIAN_POINT('',(-0.32,-2.22,2.54));
#464 = LINE('',#465,#466);
#465 = CARTESIAN_POINT('',(-0.32,-2.065,2.54));
#466 = VECTOR('',#467,1.);
#467 = DIRECTION('',(0.,1.,0.));
#468 = ORIENTED_EDGE('',*,*,#469,.F.);
#469 = EDGE_CURVE('',#470,#462,#472,.T.);
#470 = VERTEX_POINT('',#471);
#471 = CARTESIAN_POINT('',(0.32,-2.22,2.54));
#472 = LINE('',#473,#474);
#473 = CARTESIAN_POINT('',(-0.16,-2.22,2.54));
#474 = VECTOR('',#475,1.);
#475 = DIRECTION('',(-1.,0.,0.));
#476 = ORIENTED_EDGE('',*,*,#477,.F.);
#477 = EDGE_CURVE('',#452,#470,#478,.T.);
#478 = LINE('',#479,#480);
#479 = CARTESIAN_POINT('',(0.32,-2.065,2.54));
#480 = VECTOR('',#481,1.);
#481 = DIRECTION('',(0.,1.,0.));
#482 = PLANE('',#483);
#483 = AXIS2_PLACEMENT_3D('',#484,#485,#486);
#484 = CARTESIAN_POINT('',(1.473843703412E-17,-1.27,2.54));
#485 = DIRECTION('',(0.,0.,1.));
#486 = DIRECTION('',(1.,0.,-0.));
#487 = ADVANCED_FACE('',(#488),#499,.F.);
#488 = FACE_BOUND('',#489,.F.);
#489 = EDGE_LOOP('',(#490,#496,#497,#498));
#490 = ORIENTED_EDGE('',*,*,#491,.T.);
#491 = EDGE_CURVE('',#236,#401,#492,.T.);
#492 = LINE('',#493,#494);
#493 = CARTESIAN_POINT('',(1.27,1.016,0.));
#494 = VECTOR('',#495,1.);
#495 = DIRECTION('',(0.,0.,1.));
#496 = ORIENTED_EDGE('',*,*,#408,.T.);
#497 = ORIENTED_EDGE('',*,*,#99,.F.);
#498 = ORIENTED_EDGE('',*,*,#243,.F.);
#499 = PLANE('',#500);
#500 = AXIS2_PLACEMENT_3D('',#501,#502,#503);
#501 = CARTESIAN_POINT('',(1.27,1.016,0.));
#502 = DIRECTION('',(-0.707106781187,-0.707106781187,0.));
#503 = DIRECTION('',(-0.707106781187,0.707106781187,0.));
#504 = ADVANCED_FACE('',(#505),#516,.F.);
#505 = FACE_BOUND('',#506,.F.);
#506 = EDGE_LOOP('',(#507,#508,#509,#515));
#507 = ORIENTED_EDGE('',*,*,#139,.T.);
#508 = ORIENTED_EDGE('',*,*,#328,.T.);
#509 = ORIENTED_EDGE('',*,*,#510,.F.);
#510 = EDGE_CURVE('',#164,#329,#511,.T.);
#511 = LINE('',#512,#513);
#512 = CARTESIAN_POINT('',(-1.016,-1.27,0.));
#513 = VECTOR('',#514,1.);
#514 = DIRECTION('',(0.,0.,1.));
#515 = ORIENTED_EDGE('',*,*,#163,.F.);
#516 = PLANE('',#517);
#517 = AXIS2_PLACEMENT_3D('',#518,#519,#520);
#518 = CARTESIAN_POINT('',(-1.27,-1.016,0.));
#519 = DIRECTION('',(0.707106781187,0.707106781187,0.));
#520 = DIRECTION('',(0.707106781187,-0.707106781187,0.));
#521 = ADVANCED_FACE('',(#522),#533,.F.);
#522 = FACE_BOUND('',#523,.F.);
#523 = EDGE_LOOP('',(#524,#530,#531,#532));
#524 = ORIENTED_EDGE('',*,*,#525,.T.);
#525 = EDGE_CURVE('',#228,#393,#526,.T.);
#526 = LINE('',#527,#528);
#527 = CARTESIAN_POINT('',(1.27,-1.016,0.));
#528 = VECTOR('',#529,1.);
#529 = DIRECTION('',(0.,0.,1.));
#530 = ORIENTED_EDGE('',*,*,#400,.T.);
#531 = ORIENTED_EDGE('',*,*,#491,.F.);
#532 = ORIENTED_EDGE('',*,*,#235,.F.);
#533 = PLANE('',#534);
#534 = AXIS2_PLACEMENT_3D('',#535,#536,#537);
#535 = CARTESIAN_POINT('',(1.27,-1.016,0.));
#536 = DIRECTION('',(-1.,0.,0.));
#537 = DIRECTION('',(0.,1.,0.));
#538 = ADVANCED_FACE('',(#539),#550,.F.);
#539 = FACE_BOUND('',#540,.F.);
#540 = EDGE_LOOP('',(#541,#542,#543,#549));
#541 = ORIENTED_EDGE('',*,*,#510,.T.);
#542 = ORIENTED_EDGE('',*,*,#336,.T.);
#543 = ORIENTED_EDGE('',*,*,#544,.F.);
#544 = EDGE_CURVE('',#172,#337,#545,.T.);
#545 = LINE('',#546,#547);
#546 = CARTESIAN_POINT('',(-1.27,-1.524,0.));
#547 = VECTOR('',#548,1.);
#548 = DIRECTION('',(0.,0.,1.));
#549 = ORIENTED_EDGE('',*,*,#171,.F.);
#550 = PLANE('',#551);
#551 = AXIS2_PLACEMENT_3D('',#552,#553,#554);
#552 = CARTESIAN_POINT('',(-1.016,-1.27,0.));
#553 = DIRECTION('',(0.707106781187,-0.707106781187,0.));
#554 = DIRECTION('',(-0.707106781187,-0.707106781187,0.));
#555 = ADVANCED_FACE('',(#556),#567,.F.);
#556 = FACE_BOUND('',#557,.F.);
#557 = EDGE_LOOP('',(#558,#564,#565,#566));
#558 = ORIENTED_EDGE('',*,*,#559,.T.);
#559 = EDGE_CURVE('',#220,#385,#560,.T.);
#560 = LINE('',#561,#562);
#561 = CARTESIAN_POINT('',(1.016,-1.27,0.));
#562 = VECTOR('',#563,1.);
#563 = DIRECTION('',(0.,0.,1.));
#564 = ORIENTED_EDGE('',*,*,#392,.T.);
#565 = ORIENTED_EDGE('',*,*,#525,.F.);
#566 = ORIENTED_EDGE('',*,*,#227,.F.);
#567 = PLANE('',#568);
#568 = AXIS2_PLACEMENT_3D('',#569,#570,#571);
#569 = CARTESIAN_POINT('',(1.016,-1.27,0.));
#570 = DIRECTION('',(-0.707106781187,0.707106781187,0.));
#571 = DIRECTION('',(0.707106781187,0.707106781187,0.));
#572 = ADVANCED_FACE('',(#573),#584,.F.);
#573 = FACE_BOUND('',#574,.F.);
#574 = EDGE_LOOP('',(#575,#576,#577,#583));
#575 = ORIENTED_EDGE('',*,*,#544,.T.);
#576 = ORIENTED_EDGE('',*,*,#344,.T.);
#577 = ORIENTED_EDGE('',*,*,#578,.F.);
#578 = EDGE_CURVE('',#180,#345,#579,.T.);
#579 = LINE('',#580,#581);
#580 = CARTESIAN_POINT('',(-1.27,-3.556,0.));
#581 = VECTOR('',#582,1.);
#582 = DIRECTION('',(0.,0.,1.));
#583 = ORIENTED_EDGE('',*,*,#179,.F.);
#584 = PLANE('',#585);
#585 = AXIS2_PLACEMENT_3D('',#586,#587,#588);
#586 = CARTESIAN_POINT('',(-1.27,-1.524,0.));
#587 = DIRECTION('',(1.,0.,0.));
#588 = DIRECTION('',(0.,-1.,0.));
#589 = ADVANCED_FACE('',(#590),#601,.F.);
#590 = FACE_BOUND('',#591,.F.);
#591 = EDGE_LOOP('',(#592,#598,#599,#600));
#592 = ORIENTED_EDGE('',*,*,#593,.T.);
#593 = EDGE_CURVE('',#212,#377,#594,.T.);
#594 = LINE('',#595,#596);
#595 = CARTESIAN_POINT('',(1.27,-1.524,0.));
#596 = VECTOR('',#597,1.);
#597 = DIRECTION('',(0.,0.,1.));
#598 = ORIENTED_EDGE('',*,*,#384,.T.);
#599 = ORIENTED_EDGE('',*,*,#559,.F.);
#600 = ORIENTED_EDGE('',*,*,#219,.F.);
#601 = PLANE('',#602);
#602 = AXIS2_PLACEMENT_3D('',#603,#604,#605);
#603 = CARTESIAN_POINT('',(1.27,-1.524,0.));
#604 = DIRECTION('',(-0.707106781187,-0.707106781187,0.));
#605 = DIRECTION('',(-0.707106781187,0.707106781187,0.));
#606 = ADVANCED_FACE('',(#607),#618,.F.);
#607 = FACE_BOUND('',#608,.F.);
#608 = EDGE_LOOP('',(#609,#610,#611,#617));
#609 = ORIENTED_EDGE('',*,*,#578,.T.);
#610 = ORIENTED_EDGE('',*,*,#352,.T.);
#611 = ORIENTED_EDGE('',*,*,#612,.F.);
#612 = EDGE_CURVE('',#188,#353,#613,.T.);
#613 = LINE('',#614,#615);
#614 = CARTESIAN_POINT('',(-1.016,-3.81,0.));
#615 = VECTOR('',#616,1.);
#616 = DIRECTION('',(0.,0.,1.));
#617 = ORIENTED_EDGE('',*,*,#187,.F.);
#618 = PLANE('',#619);
#619 = AXIS2_PLACEMENT_3D('',#620,#621,#622);
#620 = CARTESIAN_POINT('',(-1.27,-3.556,0.));
#621 = DIRECTION('',(0.707106781187,0.707106781187,0.));
#622 = DIRECTION('',(0.707106781187,-0.707106781187,0.));
#623 = ADVANCED_FACE('',(#624),#635,.F.);
#624 = FACE_BOUND('',#625,.F.);
#625 = EDGE_LOOP('',(#626,#632,#633,#634));
#626 = ORIENTED_EDGE('',*,*,#627,.T.);
#627 = EDGE_CURVE('',#204,#369,#628,.T.);
#628 = LINE('',#629,#630);
#629 = CARTESIAN_POINT('',(1.27,-3.556,0.));
#630 = VECTOR('',#631,1.);
#631 = DIRECTION('',(0.,0.,1.));
#632 = ORIENTED_EDGE('',*,*,#376,.T.);
#633 = ORIENTED_EDGE('',*,*,#593,.F.);
#634 = ORIENTED_EDGE('',*,*,#211,.F.);
#635 = PLANE('',#636);
#636 = AXIS2_PLACEMENT_3D('',#637,#638,#639);
#637 = CARTESIAN_POINT('',(1.27,-3.556,0.));
#638 = DIRECTION('',(-1.,0.,0.));
#639 = DIRECTION('',(0.,1.,0.));
#640 = ADVANCED_FACE('',(#641),#652,.F.);
#641 = FACE_BOUND('',#642,.F.);
#642 = EDGE_LOOP('',(#643,#644,#645,#651));
#643 = ORIENTED_EDGE('',*,*,#612,.T.);
#644 = ORIENTED_EDGE('',*,*,#360,.T.);
#645 = ORIENTED_EDGE('',*,*,#646,.F.);
#646 = EDGE_CURVE('',#196,#361,#647,.T.);
#647 = LINE('',#648,#649);
#648 = CARTESIAN_POINT('',(1.016,-3.81,0.));
#649 = VECTOR('',#650,1.);
#650 = DIRECTION('',(0.,0.,1.));
#651 = ORIENTED_EDGE('',*,*,#195,.F.);
#652 = PLANE('',#653);
#653 = AXIS2_PLACEMENT_3D('',#654,#655,#656);
#654 = CARTESIAN_POINT('',(-1.016,-3.81,0.));
#655 = DIRECTION('',(0.,1.,0.));
#656 = DIRECTION('',(1.,0.,0.));
#657 = ADVANCED_FACE('',(#658),#664,.F.);
#658 = FACE_BOUND('',#659,.F.);
#659 = EDGE_LOOP('',(#660,#661,#662,#663));
#660 = ORIENTED_EDGE('',*,*,#646,.T.);
#661 = ORIENTED_EDGE('',*,*,#368,.T.);
#662 = ORIENTED_EDGE('',*,*,#627,.F.);
#663 = ORIENTED_EDGE('',*,*,#203,.F.);
#664 = PLANE('',#665);
#665 = AXIS2_PLACEMENT_3D('',#666,#667,#668);
#666 = CARTESIAN_POINT('',(1.016,-3.81,0.));
#667 = DIRECTION('',(-0.707106781187,0.707106781187,0.));
#668 = DIRECTION('',(0.707106781187,0.707106781187,0.));
#669 = ADVANCED_FACE('',(#670),#695,.F.);
#670 = FACE_BOUND('',#671,.F.);
#671 = EDGE_LOOP('',(#672,#680,#688,#694));
#672 = ORIENTED_EDGE('',*,*,#673,.F.);
#673 = EDGE_CURVE('',#674,#253,#676,.T.);
#674 = VERTEX_POINT('',#675);
#675 = CARTESIAN_POINT('',(0.32,-0.32,-2.84));
#676 = LINE('',#677,#678);
#677 = CARTESIAN_POINT('',(0.32,-0.32,-3.));
#678 = VECTOR('',#679,1.);
#679 = DIRECTION('',(0.,0.,1.));
#680 = ORIENTED_EDGE('',*,*,#681,.F.);
#681 = EDGE_CURVE('',#682,#674,#684,.T.);
#682 = VERTEX_POINT('',#683);
#683 = CARTESIAN_POINT('',(-0.32,-0.32,-2.84));
#684 = LINE('',#685,#686);
#685 = CARTESIAN_POINT('',(-0.32,-0.32,-2.84));
#686 = VECTOR('',#687,1.);
#687 = DIRECTION('',(1.,0.,0.));
#688 = ORIENTED_EDGE('',*,*,#689,.T.);
#689 = EDGE_CURVE('',#682,#255,#690,.T.);
#690 = LINE('',#691,#692);
#691 = CARTESIAN_POINT('',(-0.32,-0.32,-3.));
#692 = VECTOR('',#693,1.);
#693 = DIRECTION('',(0.,0.,1.));
#694 = ORIENTED_EDGE('',*,*,#252,.F.);
#695 = PLANE('',#696);
#696 = AXIS2_PLACEMENT_3D('',#697,#698,#699);
#697 = CARTESIAN_POINT('',(-0.32,-0.32,-3.));
#698 = DIRECTION('',(0.,1.,0.));
#699 = DIRECTION('',(0.,-0.,1.));
#700 = ADVANCED_FACE('',(#701),#719,.T.);
#701 = FACE_BOUND('',#702,.T.);
#702 = EDGE_LOOP('',(#703,#704,#712,#718));
#703 = ORIENTED_EDGE('',*,*,#673,.F.);
#704 = ORIENTED_EDGE('',*,*,#705,.T.);
#705 = EDGE_CURVE('',#674,#706,#708,.T.);
#706 = VERTEX_POINT('',#707);
#707 = CARTESIAN_POINT('',(0.32,0.32,-2.84));
#708 = LINE('',#709,#710);
#709 = CARTESIAN_POINT('',(0.32,-0.32,-2.84));
#710 = VECTOR('',#711,1.);
#711 = DIRECTION('',(0.,1.,0.));
#712 = ORIENTED_EDGE('',*,*,#713,.T.);
#713 = EDGE_CURVE('',#706,#271,#714,.T.);
#714 = LINE('',#715,#716);
#715 = CARTESIAN_POINT('',(0.32,0.32,-3.));
#716 = VECTOR('',#717,1.);
#717 = DIRECTION('',(0.,0.,1.));
#718 = ORIENTED_EDGE('',*,*,#278,.F.);
#719 = PLANE('',#720);
#720 = AXIS2_PLACEMENT_3D('',#721,#722,#723);
#721 = CARTESIAN_POINT('',(0.32,-0.32,-3.));
#722 = DIRECTION('',(1.,0.,0.));
#723 = DIRECTION('',(0.,0.,1.));
#724 = ADVANCED_FACE('',(#725),#743,.T.);
#725 = FACE_BOUND('',#726,.T.);
#726 = EDGE_LOOP('',(#727,#728,#736,#742));
#727 = ORIENTED_EDGE('',*,*,#713,.F.);
#728 = ORIENTED_EDGE('',*,*,#729,.F.);
#729 = EDGE_CURVE('',#730,#706,#732,.T.);
#730 = VERTEX_POINT('',#731);
#731 = CARTESIAN_POINT('',(-0.32,0.32,-2.84));
#732 = LINE('',#733,#734);
#733 = CARTESIAN_POINT('',(-0.32,0.32,-2.84));
#734 = VECTOR('',#735,1.);
#735 = DIRECTION('',(1.,0.,0.));
#736 = ORIENTED_EDGE('',*,*,#737,.T.);
#737 = EDGE_CURVE('',#730,#263,#738,.T.);
#738 = LINE('',#739,#740);
#739 = CARTESIAN_POINT('',(-0.32,0.32,-3.));
#740 = VECTOR('',#741,1.);
#741 = DIRECTION('',(0.,0.,1.));
#742 = ORIENTED_EDGE('',*,*,#270,.F.);
#743 = PLANE('',#744);
#744 = AXIS2_PLACEMENT_3D('',#745,#746,#747);
#745 = CARTESIAN_POINT('',(-0.32,0.32,-3.));
#746 = DIRECTION('',(0.,1.,0.));
#747 = DIRECTION('',(0.,-0.,1.));
#748 = ADVANCED_FACE('',(#749),#760,.F.);
#749 = FACE_BOUND('',#750,.F.);
#750 = EDGE_LOOP('',(#751,#752,#758,#759));
#751 = ORIENTED_EDGE('',*,*,#689,.F.);
#752 = ORIENTED_EDGE('',*,*,#753,.T.);
#753 = EDGE_CURVE('',#682,#730,#754,.T.);
#754 = LINE('',#755,#756);
#755 = CARTESIAN_POINT('',(-0.32,-0.32,-2.84));
#756 = VECTOR('',#757,1.);
#757 = DIRECTION('',(0.,1.,0.));
#758 = ORIENTED_EDGE('',*,*,#737,.T.);
#759 = ORIENTED_EDGE('',*,*,#262,.F.);
#760 = PLANE('',#761);
#761 = AXIS2_PLACEMENT_3D('',#762,#763,#764);
#762 = CARTESIAN_POINT('',(-0.32,-0.32,-3.));
#763 = DIRECTION('',(1.,0.,0.));
#764 = DIRECTION('',(0.,0.,1.));
#765 = ADVANCED_FACE('',(#766),#791,.F.);
#766 = FACE_BOUND('',#767,.F.);
#767 = EDGE_LOOP('',(#768,#776,#784,#790));
#768 = ORIENTED_EDGE('',*,*,#769,.F.);
#769 = EDGE_CURVE('',#770,#287,#772,.T.);
#770 = VERTEX_POINT('',#771);
#771 = CARTESIAN_POINT('',(0.32,-2.86,-2.84));
#772 = LINE('',#773,#774);
#773 = CARTESIAN_POINT('',(0.32,-2.86,-3.));
#774 = VECTOR('',#775,1.);
#775 = DIRECTION('',(0.,0.,1.));
#776 = ORIENTED_EDGE('',*,*,#777,.F.);
#777 = EDGE_CURVE('',#778,#770,#780,.T.);
#778 = VERTEX_POINT('',#779);
#779 = CARTESIAN_POINT('',(-0.32,-2.86,-2.84));
#780 = LINE('',#781,#782);
#781 = CARTESIAN_POINT('',(-0.32,-2.86,-2.84));
#782 = VECTOR('',#783,1.);
#783 = DIRECTION('',(1.,0.,0.));
#784 = ORIENTED_EDGE('',*,*,#785,.T.);
#785 = EDGE_CURVE('',#778,#289,#786,.T.);
#786 = LINE('',#787,#788);
#787 = CARTESIAN_POINT('',(-0.32,-2.86,-3.));
#788 = VECTOR('',#789,1.);
#789 = DIRECTION('',(0.,0.,1.));
#790 = ORIENTED_EDGE('',*,*,#286,.F.);
#791 = PLANE('',#792);
#792 = AXIS2_PLACEMENT_3D('',#793,#794,#795);
#793 = CARTESIAN_POINT('',(-0.32,-2.86,-3.));
#794 = DIRECTION('',(0.,1.,0.));
#795 = DIRECTION('',(0.,-0.,1.));
#796 = ADVANCED_FACE('',(#797),#815,.T.);
#797 = FACE_BOUND('',#798,.T.);
#798 = EDGE_LOOP('',(#799,#800,#808,#814));
#799 = ORIENTED_EDGE('',*,*,#769,.F.);
#800 = ORIENTED_EDGE('',*,*,#801,.T.);
#801 = EDGE_CURVE('',#770,#802,#804,.T.);
#802 = VERTEX_POINT('',#803);
#803 = CARTESIAN_POINT('',(0.32,-2.22,-2.84));
#804 = LINE('',#805,#806);
#805 = CARTESIAN_POINT('',(0.32,-2.86,-2.84));
#806 = VECTOR('',#807,1.);
#807 = DIRECTION('',(0.,1.,0.));
#808 = ORIENTED_EDGE('',*,*,#809,.T.);
#809 = EDGE_CURVE('',#802,#305,#810,.T.);
#810 = LINE('',#811,#812);
#811 = CARTESIAN_POINT('',(0.32,-2.22,-3.));
#812 = VECTOR('',#813,1.);
#813 = DIRECTION('',(0.,0.,1.));
#814 = ORIENTED_EDGE('',*,*,#312,.F.);
#815 = PLANE('',#816);
#816 = AXIS2_PLACEMENT_3D('',#817,#818,#819);
#817 = CARTESIAN_POINT('',(0.32,-2.86,-3.));
#818 = DIRECTION('',(1.,0.,0.));
#819 = DIRECTION('',(0.,0.,1.));
#820 = ADVANCED_FACE('',(#821),#839,.T.);
#821 = FACE_BOUND('',#822,.T.);
#822 = EDGE_LOOP('',(#823,#824,#832,#838));
#823 = ORIENTED_EDGE('',*,*,#809,.F.);
#824 = ORIENTED_EDGE('',*,*,#825,.F.);
#825 = EDGE_CURVE('',#826,#802,#828,.T.);
#826 = VERTEX_POINT('',#827);
#827 = CARTESIAN_POINT('',(-0.32,-2.22,-2.84));
#828 = LINE('',#829,#830);
#829 = CARTESIAN_POINT('',(-0.32,-2.22,-2.84));
#830 = VECTOR('',#831,1.);
#831 = DIRECTION('',(1.,0.,0.));
#832 = ORIENTED_EDGE('',*,*,#833,.T.);
#833 = EDGE_CURVE('',#826,#297,#834,.T.);
#834 = LINE('',#835,#836);
#835 = CARTESIAN_POINT('',(-0.32,-2.22,-3.));
#836 = VECTOR('',#837,1.);
#837 = DIRECTION('',(0.,0.,1.));
#838 = ORIENTED_EDGE('',*,*,#304,.F.);
#839 = PLANE('',#840);
#840 = AXIS2_PLACEMENT_3D('',#841,#842,#843);
#841 = CARTESIAN_POINT('',(-0.32,-2.22,-3.));
#842 = DIRECTION('',(0.,1.,0.));
#843 = DIRECTION('',(0.,-0.,1.));
#844 = ADVANCED_FACE('',(#845),#856,.F.);
#845 = FACE_BOUND('',#846,.F.);
#846 = EDGE_LOOP('',(#847,#848,#854,#855));
#847 = ORIENTED_EDGE('',*,*,#785,.F.);
#848 = ORIENTED_EDGE('',*,*,#849,.T.);
#849 = EDGE_CURVE('',#778,#826,#850,.T.);
#850 = LINE('',#851,#852);
#851 = CARTESIAN_POINT('',(-0.32,-2.86,-2.84));
#852 = VECTOR('',#853,1.);
#853 = DIRECTION('',(0.,1.,0.));
#854 = ORIENTED_EDGE('',*,*,#833,.T.);
#855 = ORIENTED_EDGE('',*,*,#296,.F.);
#856 = PLANE('',#857);
#857 = AXIS2_PLACEMENT_3D('',#858,#859,#860);
#858 = CARTESIAN_POINT('',(-0.32,-2.86,-3.));
#859 = DIRECTION('',(1.,0.,0.));
#860 = DIRECTION('',(0.,0.,1.));
#861 = ADVANCED_FACE('',(#862),#887,.F.);
#862 = FACE_BOUND('',#863,.F.);
#863 = EDGE_LOOP('',(#864,#872,#873,#881));
#864 = ORIENTED_EDGE('',*,*,#865,.F.);
#865 = EDGE_CURVE('',#418,#866,#868,.T.);
#866 = VERTEX_POINT('',#867);
#867 = CARTESIAN_POINT('',(0.32,-0.32,8.38));
#868 = LINE('',#869,#870);
#869 = CARTESIAN_POINT('',(0.32,-0.32,-3.));
#870 = VECTOR('',#871,1.);
#871 = DIRECTION('',(0.,0.,1.));
#872 = ORIENTED_EDGE('',*,*,#417,.T.);
#873 = ORIENTED_EDGE('',*,*,#874,.T.);
#874 = EDGE_CURVE('',#420,#875,#877,.T.);
#875 = VERTEX_POINT('',#876);
#876 = CARTESIAN_POINT('',(-0.32,-0.32,8.38));
#877 = LINE('',#878,#879);
#878 = CARTESIAN_POINT('',(-0.32,-0.32,-3.));
#879 = VECTOR('',#880,1.);
#880 = DIRECTION('',(0.,0.,1.));
#881 = ORIENTED_EDGE('',*,*,#882,.T.);
#882 = EDGE_CURVE('',#875,#866,#883,.T.);
#883 = LINE('',#884,#885);
#884 = CARTESIAN_POINT('',(-0.32,-0.32,8.38));
#885 = VECTOR('',#886,1.);
#886 = DIRECTION('',(1.,0.,0.));
#887 = PLANE('',#888);
#888 = AXIS2_PLACEMENT_3D('',#889,#890,#891);
#889 = CARTESIAN_POINT('',(-0.32,-0.32,-3.));
#890 = DIRECTION('',(0.,1.,0.));
#891 = DIRECTION('',(0.,-0.,1.));
#892 = ADVANCED_FACE('',(#893),#911,.T.);
#893 = FACE_BOUND('',#894,.T.);
#894 = EDGE_LOOP('',(#895,#896,#897,#905));
#895 = ORIENTED_EDGE('',*,*,#865,.F.);
#896 = ORIENTED_EDGE('',*,*,#443,.T.);
#897 = ORIENTED_EDGE('',*,*,#898,.T.);
#898 = EDGE_CURVE('',#436,#899,#901,.T.);
#899 = VERTEX_POINT('',#900);
#900 = CARTESIAN_POINT('',(0.32,0.32,8.38));
#901 = LINE('',#902,#903);
#902 = CARTESIAN_POINT('',(0.32,0.32,-3.));
#903 = VECTOR('',#904,1.);
#904 = DIRECTION('',(0.,0.,1.));
#905 = ORIENTED_EDGE('',*,*,#906,.F.);
#906 = EDGE_CURVE('',#866,#899,#907,.T.);
#907 = LINE('',#908,#909);
#908 = CARTESIAN_POINT('',(0.32,-0.32,8.38));
#909 = VECTOR('',#910,1.);
#910 = DIRECTION('',(0.,1.,0.));
#911 = PLANE('',#912);
#912 = AXIS2_PLACEMENT_3D('',#913,#914,#915);
#913 = CARTESIAN_POINT('',(0.32,-0.32,-3.));
#914 = DIRECTION('',(1.,0.,0.));
#915 = DIRECTION('',(0.,0.,1.));
#916 = ADVANCED_FACE('',(#917),#935,.T.);
#917 = FACE_BOUND('',#918,.T.);
#918 = EDGE_LOOP('',(#919,#920,#921,#929));
#919 = ORIENTED_EDGE('',*,*,#898,.F.);
#920 = ORIENTED_EDGE('',*,*,#435,.T.);
#921 = ORIENTED_EDGE('',*,*,#922,.T.);
#922 = EDGE_CURVE('',#428,#923,#925,.T.);
#923 = VERTEX_POINT('',#924);
#924 = CARTESIAN_POINT('',(-0.32,0.32,8.38));
#925 = LINE('',#926,#927);
#926 = CARTESIAN_POINT('',(-0.32,0.32,-3.));
#927 = VECTOR('',#928,1.);
#928 = DIRECTION('',(0.,0.,1.));
#929 = ORIENTED_EDGE('',*,*,#930,.T.);
#930 = EDGE_CURVE('',#923,#899,#931,.T.);
#931 = LINE('',#932,#933);
#932 = CARTESIAN_POINT('',(-0.32,0.32,8.38));
#933 = VECTOR('',#934,1.);
#934 = DIRECTION('',(1.,0.,0.));
#935 = PLANE('',#936);
#936 = AXIS2_PLACEMENT_3D('',#937,#938,#939);
#937 = CARTESIAN_POINT('',(-0.32,0.32,-3.));
#938 = DIRECTION('',(0.,1.,0.));
#939 = DIRECTION('',(0.,-0.,1.));
#940 = ADVANCED_FACE('',(#941),#952,.F.);
#941 = FACE_BOUND('',#942,.F.);
#942 = EDGE_LOOP('',(#943,#944,#945,#946));
#943 = ORIENTED_EDGE('',*,*,#874,.F.);
#944 = ORIENTED_EDGE('',*,*,#427,.T.);
#945 = ORIENTED_EDGE('',*,*,#922,.T.);
#946 = ORIENTED_EDGE('',*,*,#947,.F.);
#947 = EDGE_CURVE('',#875,#923,#948,.T.);
#948 = LINE('',#949,#950);
#949 = CARTESIAN_POINT('',(-0.32,-0.32,8.38));
#950 = VECTOR('',#951,1.);
#951 = DIRECTION('',(0.,1.,0.));
#952 = PLANE('',#953);
#953 = AXIS2_PLACEMENT_3D('',#954,#955,#956);
#954 = CARTESIAN_POINT('',(-0.32,-0.32,-3.));
#955 = DIRECTION('',(1.,0.,0.));
#956 = DIRECTION('',(0.,0.,1.));
#957 = ADVANCED_FACE('',(#958),#983,.F.);
#958 = FACE_BOUND('',#959,.F.);
#959 = EDGE_LOOP('',(#960,#968,#969,#977));
#960 = ORIENTED_EDGE('',*,*,#961,.F.);
#961 = EDGE_CURVE('',#452,#962,#964,.T.);
#962 = VERTEX_POINT('',#963);
#963 = CARTESIAN_POINT('',(0.32,-2.86,8.38));
#964 = LINE('',#965,#966);
#965 = CARTESIAN_POINT('',(0.32,-2.86,-3.));
#966 = VECTOR('',#967,1.);
#967 = DIRECTION('',(0.,0.,1.));
#968 = ORIENTED_EDGE('',*,*,#451,.T.);
#969 = ORIENTED_EDGE('',*,*,#970,.T.);
#970 = EDGE_CURVE('',#454,#971,#973,.T.);
#971 = VERTEX_POINT('',#972);
#972 = CARTESIAN_POINT('',(-0.32,-2.86,8.38));
#973 = LINE('',#974,#975);
#974 = CARTESIAN_POINT('',(-0.32,-2.86,-3.));
#975 = VECTOR('',#976,1.);
#976 = DIRECTION('',(0.,0.,1.));
#977 = ORIENTED_EDGE('',*,*,#978,.T.);
#978 = EDGE_CURVE('',#971,#962,#979,.T.);
#979 = LINE('',#980,#981);
#980 = CARTESIAN_POINT('',(-0.32,-2.86,8.38));
#981 = VECTOR('',#982,1.);
#982 = DIRECTION('',(1.,0.,0.));
#983 = PLANE('',#984);
#984 = AXIS2_PLACEMENT_3D('',#985,#986,#987);
#985 = CARTESIAN_POINT('',(-0.32,-2.86,-3.));
#986 = DIRECTION('',(0.,1.,0.));
#987 = DIRECTION('',(0.,-0.,1.));
#988 = ADVANCED_FACE('',(#989),#1007,.T.);
#989 = FACE_BOUND('',#990,.T.);
#990 = EDGE_LOOP('',(#991,#992,#993,#1001));
#991 = ORIENTED_EDGE('',*,*,#961,.F.);
#992 = ORIENTED_EDGE('',*,*,#477,.T.);
#993 = ORIENTED_EDGE('',*,*,#994,.T.);
#994 = EDGE_CURVE('',#470,#995,#997,.T.);
#995 = VERTEX_POINT('',#996);
#996 = CARTESIAN_POINT('',(0.32,-2.22,8.38));
#997 = LINE('',#998,#999);
#998 = CARTESIAN_POINT('',(0.32,-2.22,-3.));
#999 = VECTOR('',#1000,1.);
#1000 = DIRECTION('',(0.,0.,1.));
#1001 = ORIENTED_EDGE('',*,*,#1002,.F.);
#1002 = EDGE_CURVE('',#962,#995,#1003,.T.);
#1003 = LINE('',#1004,#1005);
#1004 = CARTESIAN_POINT('',(0.32,-2.86,8.38));
#1005 = VECTOR('',#1006,1.);
#1006 = DIRECTION('',(0.,1.,0.));
#1007 = PLANE('',#1008);
#1008 = AXIS2_PLACEMENT_3D('',#1009,#1010,#1011);
#1009 = CARTESIAN_POINT('',(0.32,-2.86,-3.));
#1010 = DIRECTION('',(1.,0.,0.));
#1011 = DIRECTION('',(0.,0.,1.));
#1012 = ADVANCED_FACE('',(#1013),#1031,.T.);
#1013 = FACE_BOUND('',#1014,.T.);
#1014 = EDGE_LOOP('',(#1015,#1016,#1017,#1025));
#1015 = ORIENTED_EDGE('',*,*,#994,.F.);
#1016 = ORIENTED_EDGE('',*,*,#469,.T.);
#1017 = ORIENTED_EDGE('',*,*,#1018,.T.);
#1018 = EDGE_CURVE('',#462,#1019,#1021,.T.);
#1019 = VERTEX_POINT('',#1020);
#1020 = CARTESIAN_POINT('',(-0.32,-2.22,8.38));
#1021 = LINE('',#1022,#1023);
#1022 = CARTESIAN_POINT('',(-0.32,-2.22,-3.));
#1023 = VECTOR('',#1024,1.);
#1024 = DIRECTION('',(0.,0.,1.));
#1025 = ORIENTED_EDGE('',*,*,#1026,.T.);
#1026 = EDGE_CURVE('',#1019,#995,#1027,.T.);
#1027 = LINE('',#1028,#1029);
#1028 = CARTESIAN_POINT('',(-0.32,-2.22,8.38));
#1029 = VECTOR('',#1030,1.);
#1030 = DIRECTION('',(1.,0.,0.));
#1031 = PLANE('',#1032);
#1032 = AXIS2_PLACEMENT_3D('',#1033,#1034,#1035);
#1033 = CARTESIAN_POINT('',(-0.32,-2.22,-3.));
#1034 = DIRECTION('',(0.,1.,0.));
#1035 = DIRECTION('',(0.,-0.,1.));
#1036 = ADVANCED_FACE('',(#1037),#1048,.F.);
#1037 = FACE_BOUND('',#1038,.F.);
#1038 = EDGE_LOOP('',(#1039,#1040,#1041,#1042));
#1039 = ORIENTED_EDGE('',*,*,#970,.F.);
#1040 = ORIENTED_EDGE('',*,*,#461,.T.);
#1041 = ORIENTED_EDGE('',*,*,#1018,.T.);
#1042 = ORIENTED_EDGE('',*,*,#1043,.F.);
#1043 = EDGE_CURVE('',#971,#1019,#1044,.T.);
#1044 = LINE('',#1045,#1046);
#1045 = CARTESIAN_POINT('',(-0.32,-2.86,8.38));
#1046 = VECTOR('',#1047,1.);
#1047 = DIRECTION('',(0.,1.,0.));
#1048 = PLANE('',#1049);
#1049 = AXIS2_PLACEMENT_3D('',#1050,#1051,#1052);
#1050 = CARTESIAN_POINT('',(-0.32,-2.86,-3.));
#1051 = DIRECTION('',(1.,0.,0.));
#1052 = DIRECTION('',(0.,0.,1.));
#1053 = ADVANCED_FACE('',(#1054),#1079,.T.);
#1054 = FACE_BOUND('',#1055,.F.);
#1055 = EDGE_LOOP('',(#1056,#1064,#1065,#1073));
#1056 = ORIENTED_EDGE('',*,*,#1057,.F.);
#1057 = EDGE_CURVE('',#682,#1058,#1060,.T.);
#1058 = VERTEX_POINT('',#1059);
#1059 = CARTESIAN_POINT('',(-0.16,-0.16,-3.));
#1060 = LINE('',#1061,#1062);
#1061 = CARTESIAN_POINT('',(-0.266666666667,-0.266666666667,
    -2.893333333333));
#1062 = VECTOR('',#1063,1.);
#1063 = DIRECTION('',(0.57735026919,0.57735026919,-0.57735026919));
#1064 = ORIENTED_EDGE('',*,*,#681,.T.);
#1065 = ORIENTED_EDGE('',*,*,#1066,.T.);
#1066 = EDGE_CURVE('',#674,#1067,#1069,.T.);
#1067 = VERTEX_POINT('',#1068);
#1068 = CARTESIAN_POINT('',(0.16,-0.16,-3.));
#1069 = LINE('',#1070,#1071);
#1070 = CARTESIAN_POINT('',(0.16,-0.16,-3.));
#1071 = VECTOR('',#1072,1.);
#1072 = DIRECTION('',(-0.57735026919,0.57735026919,-0.57735026919));
#1073 = ORIENTED_EDGE('',*,*,#1074,.F.);
#1074 = EDGE_CURVE('',#1058,#1067,#1075,.T.);
#1075 = LINE('',#1076,#1077);
#1076 = CARTESIAN_POINT('',(-0.32,-0.16,-3.));
#1077 = VECTOR('',#1078,1.);
#1078 = DIRECTION('',(1.,0.,0.));
#1079 = PLANE('',#1080);
#1080 = AXIS2_PLACEMENT_3D('',#1081,#1082,#1083);
#1081 = CARTESIAN_POINT('',(-0.32,-0.24,-2.92));
#1082 = DIRECTION('',(1.735167508357E-18,-0.707106781187,-0.707106781187
    ));
#1083 = DIRECTION('',(-1.,-1.226948711654E-18,-1.226948711654E-18));
#1084 = ADVANCED_FACE('',(#1085),#1103,.F.);
#1085 = FACE_BOUND('',#1086,.F.);
#1086 = EDGE_LOOP('',(#1087,#1088,#1089,#1097));
#1087 = ORIENTED_EDGE('',*,*,#1066,.F.);
#1088 = ORIENTED_EDGE('',*,*,#705,.T.);
#1089 = ORIENTED_EDGE('',*,*,#1090,.T.);
#1090 = EDGE_CURVE('',#706,#1091,#1093,.T.);
#1091 = VERTEX_POINT('',#1092);
#1092 = CARTESIAN_POINT('',(0.16,0.16,-3.));
#1093 = LINE('',#1094,#1095);
#1094 = CARTESIAN_POINT('',(5.333333333333E-02,5.333333333333E-02,
    -3.106666666667));
#1095 = VECTOR('',#1096,1.);
#1096 = DIRECTION('',(-0.57735026919,-0.57735026919,-0.57735026919));
#1097 = ORIENTED_EDGE('',*,*,#1098,.F.);
#1098 = EDGE_CURVE('',#1067,#1091,#1099,.T.);
#1099 = LINE('',#1100,#1101);
#1100 = CARTESIAN_POINT('',(0.16,-0.32,-3.));
#1101 = VECTOR('',#1102,1.);
#1102 = DIRECTION('',(0.,1.,0.));
#1103 = PLANE('',#1104);
#1104 = AXIS2_PLACEMENT_3D('',#1105,#1106,#1107);
#1105 = CARTESIAN_POINT('',(0.24,-0.32,-2.92));
#1106 = DIRECTION('',(-0.707106781187,1.735167508357E-18,0.707106781187)
  );
#1107 = DIRECTION('',(1.226948711654E-18,1.,-1.226948711654E-18));
#1108 = ADVANCED_FACE('',(#1109),#1127,.F.);
#1109 = FACE_BOUND('',#1110,.T.);
#1110 = EDGE_LOOP('',(#1111,#1119,#1120,#1121));
#1111 = ORIENTED_EDGE('',*,*,#1112,.F.);
#1112 = EDGE_CURVE('',#730,#1113,#1115,.T.);
#1113 = VERTEX_POINT('',#1114);
#1114 = CARTESIAN_POINT('',(-0.16,0.16,-3.));
#1115 = LINE('',#1116,#1117);
#1116 = CARTESIAN_POINT('',(-0.16,0.16,-3.));
#1117 = VECTOR('',#1118,1.);
#1118 = DIRECTION('',(0.57735026919,-0.57735026919,-0.57735026919));
#1119 = ORIENTED_EDGE('',*,*,#729,.T.);
#1120 = ORIENTED_EDGE('',*,*,#1090,.T.);
#1121 = ORIENTED_EDGE('',*,*,#1122,.F.);
#1122 = EDGE_CURVE('',#1113,#1091,#1123,.T.);
#1123 = LINE('',#1124,#1125);
#1124 = CARTESIAN_POINT('',(-0.32,0.16,-3.));
#1125 = VECTOR('',#1126,1.);
#1126 = DIRECTION('',(1.,0.,0.));
#1127 = PLANE('',#1128);
#1128 = AXIS2_PLACEMENT_3D('',#1129,#1130,#1131);
#1129 = CARTESIAN_POINT('',(-0.32,0.24,-2.92));
#1130 = DIRECTION('',(-1.735167508357E-18,-0.707106781187,0.707106781187
    ));
#1131 = DIRECTION('',(-1.,1.226948711654E-18,-1.226948711654E-18));
#1132 = ADVANCED_FACE('',(#1133),#1144,.T.);
#1133 = FACE_BOUND('',#1134,.T.);
#1134 = EDGE_LOOP('',(#1135,#1136,#1137,#1138));
#1135 = ORIENTED_EDGE('',*,*,#1057,.F.);
#1136 = ORIENTED_EDGE('',*,*,#753,.T.);
#1137 = ORIENTED_EDGE('',*,*,#1112,.T.);
#1138 = ORIENTED_EDGE('',*,*,#1139,.F.);
#1139 = EDGE_CURVE('',#1058,#1113,#1140,.T.);
#1140 = LINE('',#1141,#1142);
#1141 = CARTESIAN_POINT('',(-0.16,-0.32,-3.));
#1142 = VECTOR('',#1143,1.);
#1143 = DIRECTION('',(0.,1.,0.));
#1144 = PLANE('',#1145);
#1145 = AXIS2_PLACEMENT_3D('',#1146,#1147,#1148);
#1146 = CARTESIAN_POINT('',(-0.24,-0.32,-2.92));
#1147 = DIRECTION('',(-0.707106781187,-1.735167508357E-18,
    -0.707106781187));
#1148 = DIRECTION('',(-1.226948711654E-18,1.,-1.226948711654E-18));
#1149 = ADVANCED_FACE('',(#1150),#1175,.T.);
#1150 = FACE_BOUND('',#1151,.F.);
#1151 = EDGE_LOOP('',(#1152,#1160,#1161,#1169));
#1152 = ORIENTED_EDGE('',*,*,#1153,.F.);
#1153 = EDGE_CURVE('',#778,#1154,#1156,.T.);
#1154 = VERTEX_POINT('',#1155);
#1155 = CARTESIAN_POINT('',(-0.16,-2.7,-3.));
#1156 = LINE('',#1157,#1158);
#1157 = CARTESIAN_POINT('',(-0.266666666667,-2.806666666667,
    -2.893333333333));
#1158 = VECTOR('',#1159,1.);
#1159 = DIRECTION('',(0.57735026919,0.57735026919,-0.57735026919));
#1160 = ORIENTED_EDGE('',*,*,#777,.T.);
#1161 = ORIENTED_EDGE('',*,*,#1162,.T.);
#1162 = EDGE_CURVE('',#770,#1163,#1165,.T.);
#1163 = VERTEX_POINT('',#1164);
#1164 = CARTESIAN_POINT('',(0.16,-2.7,-3.));
#1165 = LINE('',#1166,#1167);
#1166 = CARTESIAN_POINT('',(0.16,-2.7,-3.));
#1167 = VECTOR('',#1168,1.);
#1168 = DIRECTION('',(-0.57735026919,0.57735026919,-0.57735026919));
#1169 = ORIENTED_EDGE('',*,*,#1170,.F.);
#1170 = EDGE_CURVE('',#1154,#1163,#1171,.T.);
#1171 = LINE('',#1172,#1173);
#1172 = CARTESIAN_POINT('',(-0.32,-2.7,-3.));
#1173 = VECTOR('',#1174,1.);
#1174 = DIRECTION('',(1.,0.,0.));
#1175 = PLANE('',#1176);
#1176 = AXIS2_PLACEMENT_3D('',#1177,#1178,#1179);
#1177 = CARTESIAN_POINT('',(-0.32,-2.78,-2.92));
#1178 = DIRECTION('',(1.735167508357E-18,-0.707106781187,-0.707106781187
    ));
#1179 = DIRECTION('',(-1.,-1.226948711654E-18,-1.226948711654E-18));
#1180 = ADVANCED_FACE('',(#1181),#1199,.F.);
#1181 = FACE_BOUND('',#1182,.F.);
#1182 = EDGE_LOOP('',(#1183,#1184,#1185,#1193));
#1183 = ORIENTED_EDGE('',*,*,#1162,.F.);
#1184 = ORIENTED_EDGE('',*,*,#801,.T.);
#1185 = ORIENTED_EDGE('',*,*,#1186,.T.);
#1186 = EDGE_CURVE('',#802,#1187,#1189,.T.);
#1187 = VERTEX_POINT('',#1188);
#1188 = CARTESIAN_POINT('',(0.16,-2.38,-3.));
#1189 = LINE('',#1190,#1191);
#1190 = CARTESIAN_POINT('',(5.333333333333E-02,-2.486666666667,
    -3.106666666667));
#1191 = VECTOR('',#1192,1.);
#1192 = DIRECTION('',(-0.57735026919,-0.57735026919,-0.57735026919));
#1193 = ORIENTED_EDGE('',*,*,#1194,.F.);
#1194 = EDGE_CURVE('',#1163,#1187,#1195,.T.);
#1195 = LINE('',#1196,#1197);
#1196 = CARTESIAN_POINT('',(0.16,-2.86,-3.));
#1197 = VECTOR('',#1198,1.);
#1198 = DIRECTION('',(0.,1.,0.));
#1199 = PLANE('',#1200);
#1200 = AXIS2_PLACEMENT_3D('',#1201,#1202,#1203);
#1201 = CARTESIAN_POINT('',(0.24,-2.86,-2.92));
#1202 = DIRECTION('',(-0.707106781187,1.735167508357E-18,0.707106781187)
  );
#1203 = DIRECTION('',(1.226948711654E-18,1.,-1.226948711654E-18));
#1204 = ADVANCED_FACE('',(#1205),#1223,.F.);
#1205 = FACE_BOUND('',#1206,.T.);
#1206 = EDGE_LOOP('',(#1207,#1215,#1216,#1217));
#1207 = ORIENTED_EDGE('',*,*,#1208,.F.);
#1208 = EDGE_CURVE('',#826,#1209,#1211,.T.);
#1209 = VERTEX_POINT('',#1210);
#1210 = CARTESIAN_POINT('',(-0.16,-2.38,-3.));
#1211 = LINE('',#1212,#1213);
#1212 = CARTESIAN_POINT('',(-0.16,-2.38,-3.));
#1213 = VECTOR('',#1214,1.);
#1214 = DIRECTION('',(0.57735026919,-0.57735026919,-0.57735026919));
#1215 = ORIENTED_EDGE('',*,*,#825,.T.);
#1216 = ORIENTED_EDGE('',*,*,#1186,.T.);
#1217 = ORIENTED_EDGE('',*,*,#1218,.F.);
#1218 = EDGE_CURVE('',#1209,#1187,#1219,.T.);
#1219 = LINE('',#1220,#1221);
#1220 = CARTESIAN_POINT('',(-0.32,-2.38,-3.));
#1221 = VECTOR('',#1222,1.);
#1222 = DIRECTION('',(1.,0.,0.));
#1223 = PLANE('',#1224);
#1224 = AXIS2_PLACEMENT_3D('',#1225,#1226,#1227);
#1225 = CARTESIAN_POINT('',(-0.32,-2.3,-2.92));
#1226 = DIRECTION('',(-1.735167508357E-18,-0.707106781187,0.707106781187
    ));
#1227 = DIRECTION('',(-1.,1.226948711654E-18,-1.226948711654E-18));
#1228 = ADVANCED_FACE('',(#1229),#1240,.T.);
#1229 = FACE_BOUND('',#1230,.T.);
#1230 = EDGE_LOOP('',(#1231,#1232,#1233,#1234));
#1231 = ORIENTED_EDGE('',*,*,#1153,.F.);
#1232 = ORIENTED_EDGE('',*,*,#849,.T.);
#1233 = ORIENTED_EDGE('',*,*,#1208,.T.);
#1234 = ORIENTED_EDGE('',*,*,#1235,.F.);
#1235 = EDGE_CURVE('',#1154,#1209,#1236,.T.);
#1236 = LINE('',#1237,#1238);
#1237 = CARTESIAN_POINT('',(-0.16,-2.86,-3.));
#1238 = VECTOR('',#1239,1.);
#1239 = DIRECTION('',(0.,1.,0.));
#1240 = PLANE('',#1241);
#1241 = AXIS2_PLACEMENT_3D('',#1242,#1243,#1244);
#1242 = CARTESIAN_POINT('',(-0.24,-2.86,-2.92));
#1243 = DIRECTION('',(-0.707106781187,-1.735167508357E-18,
    -0.707106781187));
#1244 = DIRECTION('',(-1.226948711654E-18,1.,-1.226948711654E-18));
#1245 = ADVANCED_FACE('',(#1246),#1271,.F.);
#1246 = FACE_BOUND('',#1247,.T.);
#1247 = EDGE_LOOP('',(#1248,#1256,#1257,#1265));
#1248 = ORIENTED_EDGE('',*,*,#1249,.F.);
#1249 = EDGE_CURVE('',#875,#1250,#1252,.T.);
#1250 = VERTEX_POINT('',#1251);
#1251 = CARTESIAN_POINT('',(-0.16,-0.16,8.54));
#1252 = LINE('',#1253,#1254);
#1253 = CARTESIAN_POINT('',(-0.266666666667,-0.266666666667,
    8.433333333333));
#1254 = VECTOR('',#1255,1.);
#1255 = DIRECTION('',(0.57735026919,0.57735026919,0.57735026919));
#1256 = ORIENTED_EDGE('',*,*,#882,.T.);
#1257 = ORIENTED_EDGE('',*,*,#1258,.T.);
#1258 = EDGE_CURVE('',#866,#1259,#1261,.T.);
#1259 = VERTEX_POINT('',#1260);
#1260 = CARTESIAN_POINT('',(0.16,-0.16,8.54));
#1261 = LINE('',#1262,#1263);
#1262 = CARTESIAN_POINT('',(0.16,-0.16,8.54));
#1263 = VECTOR('',#1264,1.);
#1264 = DIRECTION('',(-0.57735026919,0.57735026919,0.57735026919));
#1265 = ORIENTED_EDGE('',*,*,#1266,.F.);
#1266 = EDGE_CURVE('',#1250,#1259,#1267,.T.);
#1267 = LINE('',#1268,#1269);
#1268 = CARTESIAN_POINT('',(-0.32,-0.16,8.54));
#1269 = VECTOR('',#1270,1.);
#1270 = DIRECTION('',(1.,0.,0.));
#1271 = PLANE('',#1272);
#1272 = AXIS2_PLACEMENT_3D('',#1273,#1274,#1275);
#1273 = CARTESIAN_POINT('',(-0.32,-0.24,8.46));
#1274 = DIRECTION('',(-1.735167508357E-18,0.707106781187,-0.707106781187
    ));
#1275 = DIRECTION('',(-1.,-1.226948711654E-18,1.226948711654E-18));
#1276 = ADVANCED_FACE('',(#1277),#1295,.T.);
#1277 = FACE_BOUND('',#1278,.T.);
#1278 = EDGE_LOOP('',(#1279,#1280,#1281,#1289));
#1279 = ORIENTED_EDGE('',*,*,#1258,.F.);
#1280 = ORIENTED_EDGE('',*,*,#906,.T.);
#1281 = ORIENTED_EDGE('',*,*,#1282,.T.);
#1282 = EDGE_CURVE('',#899,#1283,#1285,.T.);
#1283 = VERTEX_POINT('',#1284);
#1284 = CARTESIAN_POINT('',(0.16,0.16,8.54));
#1285 = LINE('',#1286,#1287);
#1286 = CARTESIAN_POINT('',(5.333333333333E-02,5.333333333333E-02,
    8.646666666667));
#1287 = VECTOR('',#1288,1.);
#1288 = DIRECTION('',(-0.57735026919,-0.57735026919,0.57735026919));
#1289 = ORIENTED_EDGE('',*,*,#1290,.F.);
#1290 = EDGE_CURVE('',#1259,#1283,#1291,.T.);
#1291 = LINE('',#1292,#1293);
#1292 = CARTESIAN_POINT('',(0.16,-0.32,8.54));
#1293 = VECTOR('',#1294,1.);
#1294 = DIRECTION('',(0.,1.,0.));
#1295 = PLANE('',#1296);
#1296 = AXIS2_PLACEMENT_3D('',#1297,#1298,#1299);
#1297 = CARTESIAN_POINT('',(0.24,-0.32,8.46));
#1298 = DIRECTION('',(0.707106781187,-1.735167508357E-18,0.707106781187)
  );
#1299 = DIRECTION('',(1.226948711654E-18,1.,1.226948711654E-18));
#1300 = ADVANCED_FACE('',(#1301),#1319,.T.);
#1301 = FACE_BOUND('',#1302,.F.);
#1302 = EDGE_LOOP('',(#1303,#1311,#1312,#1313));
#1303 = ORIENTED_EDGE('',*,*,#1304,.F.);
#1304 = EDGE_CURVE('',#923,#1305,#1307,.T.);
#1305 = VERTEX_POINT('',#1306);
#1306 = CARTESIAN_POINT('',(-0.16,0.16,8.54));
#1307 = LINE('',#1308,#1309);
#1308 = CARTESIAN_POINT('',(-0.16,0.16,8.54));
#1309 = VECTOR('',#1310,1.);
#1310 = DIRECTION('',(0.57735026919,-0.57735026919,0.57735026919));
#1311 = ORIENTED_EDGE('',*,*,#930,.T.);
#1312 = ORIENTED_EDGE('',*,*,#1282,.T.);
#1313 = ORIENTED_EDGE('',*,*,#1314,.F.);
#1314 = EDGE_CURVE('',#1305,#1283,#1315,.T.);
#1315 = LINE('',#1316,#1317);
#1316 = CARTESIAN_POINT('',(-0.32,0.16,8.54));
#1317 = VECTOR('',#1318,1.);
#1318 = DIRECTION('',(1.,0.,0.));
#1319 = PLANE('',#1320);
#1320 = AXIS2_PLACEMENT_3D('',#1321,#1322,#1323);
#1321 = CARTESIAN_POINT('',(-0.32,0.24,8.46));
#1322 = DIRECTION('',(1.735167508357E-18,0.707106781187,0.707106781187)
  );
#1323 = DIRECTION('',(-1.,1.226948711654E-18,1.226948711654E-18));
#1324 = ADVANCED_FACE('',(#1325),#1336,.F.);
#1325 = FACE_BOUND('',#1326,.F.);
#1326 = EDGE_LOOP('',(#1327,#1328,#1329,#1330));
#1327 = ORIENTED_EDGE('',*,*,#1249,.F.);
#1328 = ORIENTED_EDGE('',*,*,#947,.T.);
#1329 = ORIENTED_EDGE('',*,*,#1304,.T.);
#1330 = ORIENTED_EDGE('',*,*,#1331,.F.);
#1331 = EDGE_CURVE('',#1250,#1305,#1332,.T.);
#1332 = LINE('',#1333,#1334);
#1333 = CARTESIAN_POINT('',(-0.16,-0.32,8.54));
#1334 = VECTOR('',#1335,1.);
#1335 = DIRECTION('',(0.,1.,0.));
#1336 = PLANE('',#1337);
#1337 = AXIS2_PLACEMENT_3D('',#1338,#1339,#1340);
#1338 = CARTESIAN_POINT('',(-0.24,-0.32,8.46));
#1339 = DIRECTION('',(0.707106781187,1.735167508357E-18,-0.707106781187)
  );
#1340 = DIRECTION('',(-1.226948711654E-18,1.,1.226948711654E-18));
#1341 = ADVANCED_FACE('',(#1342),#1367,.F.);
#1342 = FACE_BOUND('',#1343,.T.);
#1343 = EDGE_LOOP('',(#1344,#1352,#1353,#1361));
#1344 = ORIENTED_EDGE('',*,*,#1345,.F.);
#1345 = EDGE_CURVE('',#971,#1346,#1348,.T.);
#1346 = VERTEX_POINT('',#1347);
#1347 = CARTESIAN_POINT('',(-0.16,-2.7,8.54));
#1348 = LINE('',#1349,#1350);
#1349 = CARTESIAN_POINT('',(-0.266666666667,-2.806666666667,
    8.433333333333));
#1350 = VECTOR('',#1351,1.);
#1351 = DIRECTION('',(0.57735026919,0.57735026919,0.57735026919));
#1352 = ORIENTED_EDGE('',*,*,#978,.T.);
#1353 = ORIENTED_EDGE('',*,*,#1354,.T.);
#1354 = EDGE_CURVE('',#962,#1355,#1357,.T.);
#1355 = VERTEX_POINT('',#1356);
#1356 = CARTESIAN_POINT('',(0.16,-2.7,8.54));
#1357 = LINE('',#1358,#1359);
#1358 = CARTESIAN_POINT('',(0.16,-2.7,8.54));
#1359 = VECTOR('',#1360,1.);
#1360 = DIRECTION('',(-0.57735026919,0.57735026919,0.57735026919));
#1361 = ORIENTED_EDGE('',*,*,#1362,.F.);
#1362 = EDGE_CURVE('',#1346,#1355,#1363,.T.);
#1363 = LINE('',#1364,#1365);
#1364 = CARTESIAN_POINT('',(-0.32,-2.7,8.54));
#1365 = VECTOR('',#1366,1.);
#1366 = DIRECTION('',(1.,0.,0.));
#1367 = PLANE('',#1368);
#1368 = AXIS2_PLACEMENT_3D('',#1369,#1370,#1371);
#1369 = CARTESIAN_POINT('',(-0.32,-2.78,8.46));
#1370 = DIRECTION('',(-1.735167508357E-18,0.707106781187,-0.707106781187
    ));
#1371 = DIRECTION('',(-1.,-1.226948711654E-18,1.226948711654E-18));
#1372 = ADVANCED_FACE('',(#1373),#1391,.T.);
#1373 = FACE_BOUND('',#1374,.T.);
#1374 = EDGE_LOOP('',(#1375,#1376,#1377,#1385));
#1375 = ORIENTED_EDGE('',*,*,#1354,.F.);
#1376 = ORIENTED_EDGE('',*,*,#1002,.T.);
#1377 = ORIENTED_EDGE('',*,*,#1378,.T.);
#1378 = EDGE_CURVE('',#995,#1379,#1381,.T.);
#1379 = VERTEX_POINT('',#1380);
#1380 = CARTESIAN_POINT('',(0.16,-2.38,8.54));
#1381 = LINE('',#1382,#1383);
#1382 = CARTESIAN_POINT('',(5.333333333333E-02,-2.486666666667,
    8.646666666667));
#1383 = VECTOR('',#1384,1.);
#1384 = DIRECTION('',(-0.57735026919,-0.57735026919,0.57735026919));
#1385 = ORIENTED_EDGE('',*,*,#1386,.F.);
#1386 = EDGE_CURVE('',#1355,#1379,#1387,.T.);
#1387 = LINE('',#1388,#1389);
#1388 = CARTESIAN_POINT('',(0.16,-2.86,8.54));
#1389 = VECTOR('',#1390,1.);
#1390 = DIRECTION('',(0.,1.,0.));
#1391 = PLANE('',#1392);
#1392 = AXIS2_PLACEMENT_3D('',#1393,#1394,#1395);
#1393 = CARTESIAN_POINT('',(0.24,-2.86,8.46));
#1394 = DIRECTION('',(0.707106781187,-1.735167508357E-18,0.707106781187)
  );
#1395 = DIRECTION('',(1.226948711654E-18,1.,1.226948711654E-18));
#1396 = ADVANCED_FACE('',(#1397),#1415,.T.);
#1397 = FACE_BOUND('',#1398,.F.);
#1398 = EDGE_LOOP('',(#1399,#1407,#1408,#1409));
#1399 = ORIENTED_EDGE('',*,*,#1400,.F.);
#1400 = EDGE_CURVE('',#1019,#1401,#1403,.T.);
#1401 = VERTEX_POINT('',#1402);
#1402 = CARTESIAN_POINT('',(-0.16,-2.38,8.54));
#1403 = LINE('',#1404,#1405);
#1404 = CARTESIAN_POINT('',(-0.16,-2.38,8.54));
#1405 = VECTOR('',#1406,1.);
#1406 = DIRECTION('',(0.57735026919,-0.57735026919,0.57735026919));
#1407 = ORIENTED_EDGE('',*,*,#1026,.T.);
#1408 = ORIENTED_EDGE('',*,*,#1378,.T.);
#1409 = ORIENTED_EDGE('',*,*,#1410,.F.);
#1410 = EDGE_CURVE('',#1401,#1379,#1411,.T.);
#1411 = LINE('',#1412,#1413);
#1412 = CARTESIAN_POINT('',(-0.32,-2.38,8.54));
#1413 = VECTOR('',#1414,1.);
#1414 = DIRECTION('',(1.,0.,0.));
#1415 = PLANE('',#1416);
#1416 = AXIS2_PLACEMENT_3D('',#1417,#1418,#1419);
#1417 = CARTESIAN_POINT('',(-0.32,-2.3,8.46));
#1418 = DIRECTION('',(1.735167508357E-18,0.707106781187,0.707106781187)
  );
#1419 = DIRECTION('',(-1.,1.226948711654E-18,1.226948711654E-18));
#1420 = ADVANCED_FACE('',(#1421),#1432,.F.);
#1421 = FACE_BOUND('',#1422,.F.);
#1422 = EDGE_LOOP('',(#1423,#1424,#1425,#1426));
#1423 = ORIENTED_EDGE('',*,*,#1345,.F.);
#1424 = ORIENTED_EDGE('',*,*,#1043,.T.);
#1425 = ORIENTED_EDGE('',*,*,#1400,.T.);
#1426 = ORIENTED_EDGE('',*,*,#1427,.F.);
#1427 = EDGE_CURVE('',#1346,#1401,#1428,.T.);
#1428 = LINE('',#1429,#1430);
#1429 = CARTESIAN_POINT('',(-0.16,-2.86,8.54));
#1430 = VECTOR('',#1431,1.);
#1431 = DIRECTION('',(0.,1.,0.));
#1432 = PLANE('',#1433);
#1433 = AXIS2_PLACEMENT_3D('',#1434,#1435,#1436);
#1434 = CARTESIAN_POINT('',(-0.24,-2.86,8.46));
#1435 = DIRECTION('',(0.707106781187,1.735167508357E-18,-0.707106781187)
  );
#1436 = DIRECTION('',(-1.226948711654E-18,1.,1.226948711654E-18));
#1437 = ADVANCED_FACE('',(#1438),#1444,.F.);
#1438 = FACE_BOUND('',#1439,.F.);
#1439 = EDGE_LOOP('',(#1440,#1441,#1442,#1443));
#1440 = ORIENTED_EDGE('',*,*,#1139,.F.);
#1441 = ORIENTED_EDGE('',*,*,#1074,.T.);
#1442 = ORIENTED_EDGE('',*,*,#1098,.T.);
#1443 = ORIENTED_EDGE('',*,*,#1122,.F.);
#1444 = PLANE('',#1445);
#1445 = AXIS2_PLACEMENT_3D('',#1446,#1447,#1448);
#1446 = CARTESIAN_POINT('',(-0.32,-0.32,-3.));
#1447 = DIRECTION('',(0.,0.,1.));
#1448 = DIRECTION('',(1.,0.,-0.));
#1449 = ADVANCED_FACE('',(#1450),#1456,.F.);
#1450 = FACE_BOUND('',#1451,.F.);
#1451 = EDGE_LOOP('',(#1452,#1453,#1454,#1455));
#1452 = ORIENTED_EDGE('',*,*,#1235,.F.);
#1453 = ORIENTED_EDGE('',*,*,#1170,.T.);
#1454 = ORIENTED_EDGE('',*,*,#1194,.T.);
#1455 = ORIENTED_EDGE('',*,*,#1218,.F.);
#1456 = PLANE('',#1457);
#1457 = AXIS2_PLACEMENT_3D('',#1458,#1459,#1460);
#1458 = CARTESIAN_POINT('',(-0.32,-2.86,-3.));
#1459 = DIRECTION('',(0.,0.,1.));
#1460 = DIRECTION('',(1.,0.,-0.));
#1461 = ADVANCED_FACE('',(#1462),#1468,.T.);
#1462 = FACE_BOUND('',#1463,.T.);
#1463 = EDGE_LOOP('',(#1464,#1465,#1466,#1467));
#1464 = ORIENTED_EDGE('',*,*,#1314,.F.);
#1465 = ORIENTED_EDGE('',*,*,#1331,.F.);
#1466 = ORIENTED_EDGE('',*,*,#1266,.T.);
#1467 = ORIENTED_EDGE('',*,*,#1290,.T.);
#1468 = PLANE('',#1469);
#1469 = AXIS2_PLACEMENT_3D('',#1470,#1471,#1472);
#1470 = CARTESIAN_POINT('',(-0.32,-0.32,8.54));
#1471 = DIRECTION('',(0.,0.,1.));
#1472 = DIRECTION('',(1.,0.,-0.));
#1473 = ADVANCED_FACE('',(#1474),#1480,.T.);
#1474 = FACE_BOUND('',#1475,.T.);
#1475 = EDGE_LOOP('',(#1476,#1477,#1478,#1479));
#1476 = ORIENTED_EDGE('',*,*,#1410,.F.);
#1477 = ORIENTED_EDGE('',*,*,#1427,.F.);
#1478 = ORIENTED_EDGE('',*,*,#1362,.T.);
#1479 = ORIENTED_EDGE('',*,*,#1386,.T.);
#1480 = PLANE('',#1481);
#1481 = AXIS2_PLACEMENT_3D('',#1482,#1483,#1484);
#1482 = CARTESIAN_POINT('',(-0.32,-2.86,8.54));
#1483 = DIRECTION('',(0.,0.,1.));
#1484 = DIRECTION('',(1.,0.,-0.));
#1485 = ( GEOMETRIC_REPRESENTATION_CONTEXT(3) 
GLOBAL_UNCERTAINTY_ASSIGNED_CONTEXT((#1489)) 
GLOBAL_UNIT_ASSIGNED_CONTEXT((#1486,#1487,#1488)) REPRESENTATION_CONTEXT
('Context #1','3D Context with UNIT and UNCERTAINTY') );
#1486 = ( LENGTH_UNIT() NAMED_UNIT(*) SI_UNIT(.MILLI.,.METRE.) );
#1487 = ( NAMED_UNIT(*) PLANE_ANGLE_UNIT() SI_UNIT($,.RADIAN.) );
#1488 = ( NAMED_UNIT(*) SI_UNIT($,.STERADIAN.) SOLID_ANGLE_UNIT() );
#1489 = UNCERTAINTY_MEASURE_WITH_UNIT(LENGTH_MEASURE(1.E-07),#1486,
  'distance_accuracy_value','confusion accuracy');
#1490 = CONTEXT_DEPENDENT_SHAPE_REPRESENTATION(#1491,#1493);
#1491 = ( REPRESENTATION_RELATIONSHIP('','',#52,#10) 
REPRESENTATION_RELATIONSHIP_WITH_TRANSFORMATION(#1492) 
SHAPE_REPRESENTATION_RELATIONSHIP() );
#1492 = ITEM_DEFINED_TRANSFORMATION('','',#11,#15);
#1493 = PRODUCT_DEFINITION_SHAPE('Placement','Placement of an item',
  #1494);
#1494 = NEXT_ASSEMBLY_USAGE_OCCURRENCE('1','J2','',#5,#47,$);
#1495 = PRODUCT_RELATED_PRODUCT_CATEGORY('part',$,(#49));
#1496 = SHAPE_DEFINITION_REPRESENTATION(#1497,#1503);
#1497 = PRODUCT_DEFINITION_SHAPE('','',#1498);
#1498 = PRODUCT_DEFINITION('design','',#1499,#1502);
#1499 = PRODUCT_DEFINITION_FORMATION('','',#1500);
#1500 = PRODUCT('PinHeader_1x05_P2.54mm_Vertical',
  'PinHeader_1x05_P2.54mm_Vertical','',(#1501));
#1501 = PRODUCT_CONTEXT('',#2,'mechanical');
#1502 = PRODUCT_DEFINITION_CONTEXT('part definition',#2,'design');
#1503 = ADVANCED_BREP_SHAPE_REPRESENTATION('',(#11,#1504),#4958);
#1504 = MANIFOLD_SOLID_BREP('',#1505);
#1505 = CLOSED_SHELL('',(#1506,#1546,#1577,#1608,#2019,#2430,#2447,#2464
    ,#2481,#2498,#2515,#2532,#2549,#2566,#2583,#2600,#2617,#2634,#2651,
    #2668,#2685,#2702,#2719,#2736,#2753,#2770,#2787,#2804,#2821,#2838,
    #2855,#2872,#2889,#2906,#2918,#2949,#2973,#2997,#3014,#3045,#3069,
    #3093,#3110,#3141,#3165,#3189,#3206,#3237,#3261,#3285,#3302,#3333,
    #3357,#3381,#3398,#3429,#3453,#3477,#3494,#3525,#3549,#3573,#3590,
    #3621,#3645,#3669,#3686,#3717,#3741,#3765,#3782,#3813,#3837,#3861,
    #3878,#3909,#3933,#3957,#3974,#4005,#4029,#4053,#4070,#4101,#4125,
    #4149,#4166,#4197,#4221,#4245,#4262,#4293,#4317,#4341,#4358,#4389,
    #4413,#4437,#4454,#4485,#4509,#4533,#4550,#4581,#4605,#4629,#4646,
    #4677,#4701,#4725,#4742,#4773,#4797,#4821,#4838,#4850,#4862,#4874,
    #4886,#4898,#4910,#4922,#4934,#4946));
#1506 = ADVANCED_FACE('',(#1507),#1541,.F.);
#1507 = FACE_BOUND('',#1508,.F.);
#1508 = EDGE_LOOP('',(#1509,#1519,#1527,#1535));
#1509 = ORIENTED_EDGE('',*,*,#1510,.T.);
#1510 = EDGE_CURVE('',#1511,#1513,#1515,.T.);
#1511 = VERTEX_POINT('',#1512);
#1512 = CARTESIAN_POINT('',(-1.016,1.27,0.));
#1513 = VERTEX_POINT('',#1514);
#1514 = CARTESIAN_POINT('',(-1.016,1.27,2.54));
#1515 = LINE('',#1516,#1517);
#1516 = CARTESIAN_POINT('',(-1.016,1.27,0.));
#1517 = VECTOR('',#1518,1.);
#1518 = DIRECTION('',(0.,0.,1.));
#1519 = ORIENTED_EDGE('',*,*,#1520,.T.);
#1520 = EDGE_CURVE('',#1513,#1521,#1523,.T.);
#1521 = VERTEX_POINT('',#1522);
#1522 = CARTESIAN_POINT('',(-1.27,1.016,2.54));
#1523 = LINE('',#1524,#1525);
#1524 = CARTESIAN_POINT('',(-1.016,1.27,2.54));
#1525 = VECTOR('',#1526,1.);
#1526 = DIRECTION('',(-0.707106781187,-0.707106781187,0.));
#1527 = ORIENTED_EDGE('',*,*,#1528,.F.);
#1528 = EDGE_CURVE('',#1529,#1521,#1531,.T.);
#1529 = VERTEX_POINT('',#1530);
#1530 = CARTESIAN_POINT('',(-1.27,1.016,0.));
#1531 = LINE('',#1532,#1533);
#1532 = CARTESIAN_POINT('',(-1.27,1.016,0.));
#1533 = VECTOR('',#1534,1.);
#1534 = DIRECTION('',(0.,0.,1.));
#1535 = ORIENTED_EDGE('',*,*,#1536,.F.);
#1536 = EDGE_CURVE('',#1511,#1529,#1537,.T.);
#1537 = LINE('',#1538,#1539);
#1538 = CARTESIAN_POINT('',(-1.016,1.27,0.));
#1539 = VECTOR('',#1540,1.);
#1540 = DIRECTION('',(-0.707106781187,-0.707106781187,0.));
#1541 = PLANE('',#1542);
#1542 = AXIS2_PLACEMENT_3D('',#1543,#1544,#1545);
#1543 = CARTESIAN_POINT('',(-1.016,1.27,0.));
#1544 = DIRECTION('',(0.707106781187,-0.707106781187,0.));
#1545 = DIRECTION('',(-0.707106781187,-0.707106781187,0.));
#1546 = ADVANCED_FACE('',(#1547),#1572,.F.);
#1547 = FACE_BOUND('',#1548,.F.);
#1548 = EDGE_LOOP('',(#1549,#1559,#1565,#1566));
#1549 = ORIENTED_EDGE('',*,*,#1550,.T.);
#1550 = EDGE_CURVE('',#1551,#1553,#1555,.T.);
#1551 = VERTEX_POINT('',#1552);
#1552 = CARTESIAN_POINT('',(1.016,1.27,0.));
#1553 = VERTEX_POINT('',#1554);
#1554 = CARTESIAN_POINT('',(1.016,1.27,2.54));
#1555 = LINE('',#1556,#1557);
#1556 = CARTESIAN_POINT('',(1.016,1.27,0.));
#1557 = VECTOR('',#1558,1.);
#1558 = DIRECTION('',(0.,0.,1.));
#1559 = ORIENTED_EDGE('',*,*,#1560,.T.);
#1560 = EDGE_CURVE('',#1553,#1513,#1561,.T.);
#1561 = LINE('',#1562,#1563);
#1562 = CARTESIAN_POINT('',(1.016,1.27,2.54));
#1563 = VECTOR('',#1564,1.);
#1564 = DIRECTION('',(-1.,0.,0.));
#1565 = ORIENTED_EDGE('',*,*,#1510,.F.);
#1566 = ORIENTED_EDGE('',*,*,#1567,.F.);
#1567 = EDGE_CURVE('',#1551,#1511,#1568,.T.);
#1568 = LINE('',#1569,#1570);
#1569 = CARTESIAN_POINT('',(1.016,1.27,0.));
#1570 = VECTOR('',#1571,1.);
#1571 = DIRECTION('',(-1.,0.,0.));
#1572 = PLANE('',#1573);
#1573 = AXIS2_PLACEMENT_3D('',#1574,#1575,#1576);
#1574 = CARTESIAN_POINT('',(1.016,1.27,0.));
#1575 = DIRECTION('',(0.,-1.,0.));
#1576 = DIRECTION('',(-1.,0.,0.));
#1577 = ADVANCED_FACE('',(#1578),#1603,.F.);
#1578 = FACE_BOUND('',#1579,.F.);
#1579 = EDGE_LOOP('',(#1580,#1581,#1589,#1597));
#1580 = ORIENTED_EDGE('',*,*,#1528,.T.);
#1581 = ORIENTED_EDGE('',*,*,#1582,.T.);
#1582 = EDGE_CURVE('',#1521,#1583,#1585,.T.);
#1583 = VERTEX_POINT('',#1584);
#1584 = CARTESIAN_POINT('',(-1.27,-1.016,2.54));
#1585 = LINE('',#1586,#1587);
#1586 = CARTESIAN_POINT('',(-1.27,1.016,2.54));
#1587 = VECTOR('',#1588,1.);
#1588 = DIRECTION('',(0.,-1.,0.));
#1589 = ORIENTED_EDGE('',*,*,#1590,.F.);
#1590 = EDGE_CURVE('',#1591,#1583,#1593,.T.);
#1591 = VERTEX_POINT('',#1592);
#1592 = CARTESIAN_POINT('',(-1.27,-1.016,0.));
#1593 = LINE('',#1594,#1595);
#1594 = CARTESIAN_POINT('',(-1.27,-1.016,0.));
#1595 = VECTOR('',#1596,1.);
#1596 = DIRECTION('',(0.,0.,1.));
#1597 = ORIENTED_EDGE('',*,*,#1598,.F.);
#1598 = EDGE_CURVE('',#1529,#1591,#1599,.T.);
#1599 = LINE('',#1600,#1601);
#1600 = CARTESIAN_POINT('',(-1.27,1.016,0.));
#1601 = VECTOR('',#1602,1.);
#1602 = DIRECTION('',(0.,-1.,0.));
#1603 = PLANE('',#1604);
#1604 = AXIS2_PLACEMENT_3D('',#1605,#1606,#1607);
#1605 = CARTESIAN_POINT('',(-1.27,1.016,0.));
#1606 = DIRECTION('',(1.,0.,0.));
#1607 = DIRECTION('',(0.,-1.,0.));
#1608 = ADVANCED_FACE('',(#1609,#1844,#1878,#1912,#1946,#1980),#2014,.F.
  );
#1609 = FACE_BOUND('',#1610,.F.);
#1610 = EDGE_LOOP('',(#1611,#1612,#1613,#1621,#1629,#1637,#1645,#1653,
    #1661,#1669,#1677,#1685,#1693,#1701,#1709,#1717,#1725,#1733,#1741,
    #1749,#1757,#1765,#1773,#1781,#1789,#1797,#1805,#1813,#1821,#1829,
    #1837,#1843));
#1611 = ORIENTED_EDGE('',*,*,#1536,.T.);
#1612 = ORIENTED_EDGE('',*,*,#1598,.T.);
#1613 = ORIENTED_EDGE('',*,*,#1614,.T.);
#1614 = EDGE_CURVE('',#1591,#1615,#1617,.T.);
#1615 = VERTEX_POINT('',#1616);
#1616 = CARTESIAN_POINT('',(-1.016,-1.27,0.));
#1617 = LINE('',#1618,#1619);
#1618 = CARTESIAN_POINT('',(-1.27,-1.016,0.));
#1619 = VECTOR('',#1620,1.);
#1620 = DIRECTION('',(0.707106781187,-0.707106781187,0.));
#1621 = ORIENTED_EDGE('',*,*,#1622,.T.);
#1622 = EDGE_CURVE('',#1615,#1623,#1625,.T.);
#1623 = VERTEX_POINT('',#1624);
#1624 = CARTESIAN_POINT('',(-1.27,-1.524,0.));
#1625 = LINE('',#1626,#1627);
#1626 = CARTESIAN_POINT('',(-1.016,-1.27,0.));
#1627 = VECTOR('',#1628,1.);
#1628 = DIRECTION('',(-0.707106781187,-0.707106781187,0.));
#1629 = ORIENTED_EDGE('',*,*,#1630,.T.);
#1630 = EDGE_CURVE('',#1623,#1631,#1633,.T.);
#1631 = VERTEX_POINT('',#1632);
#1632 = CARTESIAN_POINT('',(-1.27,-3.556,0.));
#1633 = LINE('',#1634,#1635);
#1634 = CARTESIAN_POINT('',(-1.27,-1.524,0.));
#1635 = VECTOR('',#1636,1.);
#1636 = DIRECTION('',(0.,-1.,0.));
#1637 = ORIENTED_EDGE('',*,*,#1638,.T.);
#1638 = EDGE_CURVE('',#1631,#1639,#1641,.T.);
#1639 = VERTEX_POINT('',#1640);
#1640 = CARTESIAN_POINT('',(-1.016,-3.81,0.));
#1641 = LINE('',#1642,#1643);
#1642 = CARTESIAN_POINT('',(-1.27,-3.556,0.));
#1643 = VECTOR('',#1644,1.);
#1644 = DIRECTION('',(0.707106781187,-0.707106781187,0.));
#1645 = ORIENTED_EDGE('',*,*,#1646,.T.);
#1646 = EDGE_CURVE('',#1639,#1647,#1649,.T.);
#1647 = VERTEX_POINT('',#1648);
#1648 = CARTESIAN_POINT('',(-1.27,-4.064,0.));
#1649 = LINE('',#1650,#1651);
#1650 = CARTESIAN_POINT('',(-1.016,-3.81,0.));
#1651 = VECTOR('',#1652,1.);
#1652 = DIRECTION('',(-0.707106781187,-0.707106781187,0.));
#1653 = ORIENTED_EDGE('',*,*,#1654,.T.);
#1654 = EDGE_CURVE('',#1647,#1655,#1657,.T.);
#1655 = VERTEX_POINT('',#1656);
#1656 = CARTESIAN_POINT('',(-1.27,-6.096,0.));
#1657 = LINE('',#1658,#1659);
#1658 = CARTESIAN_POINT('',(-1.27,-4.064,0.));
#1659 = VECTOR('',#1660,1.);
#1660 = DIRECTION('',(0.,-1.,0.));
#1661 = ORIENTED_EDGE('',*,*,#1662,.T.);
#1662 = EDGE_CURVE('',#1655,#1663,#1665,.T.);
#1663 = VERTEX_POINT('',#1664);
#1664 = CARTESIAN_POINT('',(-1.016,-6.35,0.));
#1665 = LINE('',#1666,#1667);
#1666 = CARTESIAN_POINT('',(-1.27,-6.096,0.));
#1667 = VECTOR('',#1668,1.);
#1668 = DIRECTION('',(0.707106781187,-0.707106781187,0.));
#1669 = ORIENTED_EDGE('',*,*,#1670,.T.);
#1670 = EDGE_CURVE('',#1663,#1671,#1673,.T.);
#1671 = VERTEX_POINT('',#1672);
#1672 = CARTESIAN_POINT('',(-1.27,-6.604,0.));
#1673 = LINE('',#1674,#1675);
#1674 = CARTESIAN_POINT('',(-1.016,-6.35,0.));
#1675 = VECTOR('',#1676,1.);
#1676 = DIRECTION('',(-0.707106781187,-0.707106781187,0.));
#1677 = ORIENTED_EDGE('',*,*,#1678,.T.);
#1678 = EDGE_CURVE('',#1671,#1679,#1681,.T.);
#1679 = VERTEX_POINT('',#1680);
#1680 = CARTESIAN_POINT('',(-1.27,-8.636,0.));
#1681 = LINE('',#1682,#1683);
#1682 = CARTESIAN_POINT('',(-1.27,-6.604,0.));
#1683 = VECTOR('',#1684,1.);
#1684 = DIRECTION('',(0.,-1.,0.));
#1685 = ORIENTED_EDGE('',*,*,#1686,.T.);
#1686 = EDGE_CURVE('',#1679,#1687,#1689,.T.);
#1687 = VERTEX_POINT('',#1688);
#1688 = CARTESIAN_POINT('',(-1.016,-8.89,0.));
#1689 = LINE('',#1690,#1691);
#1690 = CARTESIAN_POINT('',(-1.27,-8.636,0.));
#1691 = VECTOR('',#1692,1.);
#1692 = DIRECTION('',(0.707106781187,-0.707106781187,0.));
#1693 = ORIENTED_EDGE('',*,*,#1694,.T.);
#1694 = EDGE_CURVE('',#1687,#1695,#1697,.T.);
#1695 = VERTEX_POINT('',#1696);
#1696 = CARTESIAN_POINT('',(-1.27,-9.144,0.));
#1697 = LINE('',#1698,#1699);
#1698 = CARTESIAN_POINT('',(-1.016,-8.89,0.));
#1699 = VECTOR('',#1700,1.);
#1700 = DIRECTION('',(-0.707106781187,-0.707106781187,0.));
#1701 = ORIENTED_EDGE('',*,*,#1702,.T.);
#1702 = EDGE_CURVE('',#1695,#1703,#1705,.T.);
#1703 = VERTEX_POINT('',#1704);
#1704 = CARTESIAN_POINT('',(-1.27,-11.176,0.));
#1705 = LINE('',#1706,#1707);
#1706 = CARTESIAN_POINT('',(-1.27,-9.144,0.));
#1707 = VECTOR('',#1708,1.);
#1708 = DIRECTION('',(0.,-1.,0.));
#1709 = ORIENTED_EDGE('',*,*,#1710,.T.);
#1710 = EDGE_CURVE('',#1703,#1711,#1713,.T.);
#1711 = VERTEX_POINT('',#1712);
#1712 = CARTESIAN_POINT('',(-1.016,-11.43,0.));
#1713 = LINE('',#1714,#1715);
#1714 = CARTESIAN_POINT('',(-1.27,-11.176,0.));
#1715 = VECTOR('',#1716,1.);
#1716 = DIRECTION('',(0.707106781187,-0.707106781187,0.));
#1717 = ORIENTED_EDGE('',*,*,#1718,.T.);
#1718 = EDGE_CURVE('',#1711,#1719,#1721,.T.);
#1719 = VERTEX_POINT('',#1720);
#1720 = CARTESIAN_POINT('',(1.016,-11.43,0.));
#1721 = LINE('',#1722,#1723);
#1722 = CARTESIAN_POINT('',(-1.016,-11.43,0.));
#1723 = VECTOR('',#1724,1.);
#1724 = DIRECTION('',(1.,0.,0.));
#1725 = ORIENTED_EDGE('',*,*,#1726,.T.);
#1726 = EDGE_CURVE('',#1719,#1727,#1729,.T.);
#1727 = VERTEX_POINT('',#1728);
#1728 = CARTESIAN_POINT('',(1.27,-11.176,0.));
#1729 = LINE('',#1730,#1731);
#1730 = CARTESIAN_POINT('',(1.016,-11.43,0.));
#1731 = VECTOR('',#1732,1.);
#1732 = DIRECTION('',(0.707106781187,0.707106781187,0.));
#1733 = ORIENTED_EDGE('',*,*,#1734,.T.);
#1734 = EDGE_CURVE('',#1727,#1735,#1737,.T.);
#1735 = VERTEX_POINT('',#1736);
#1736 = CARTESIAN_POINT('',(1.27,-9.144,0.));
#1737 = LINE('',#1738,#1739);
#1738 = CARTESIAN_POINT('',(1.27,-11.176,0.));
#1739 = VECTOR('',#1740,1.);
#1740 = DIRECTION('',(0.,1.,0.));
#1741 = ORIENTED_EDGE('',*,*,#1742,.T.);
#1742 = EDGE_CURVE('',#1735,#1743,#1745,.T.);
#1743 = VERTEX_POINT('',#1744);
#1744 = CARTESIAN_POINT('',(1.016,-8.89,0.));
#1745 = LINE('',#1746,#1747);
#1746 = CARTESIAN_POINT('',(1.27,-9.144,0.));
#1747 = VECTOR('',#1748,1.);
#1748 = DIRECTION('',(-0.707106781187,0.707106781187,0.));
#1749 = ORIENTED_EDGE('',*,*,#1750,.T.);
#1750 = EDGE_CURVE('',#1743,#1751,#1753,.T.);
#1751 = VERTEX_POINT('',#1752);
#1752 = CARTESIAN_POINT('',(1.27,-8.636,0.));
#1753 = LINE('',#1754,#1755);
#1754 = CARTESIAN_POINT('',(1.016,-8.89,0.));
#1755 = VECTOR('',#1756,1.);
#1756 = DIRECTION('',(0.707106781187,0.707106781187,0.));
#1757 = ORIENTED_EDGE('',*,*,#1758,.T.);
#1758 = EDGE_CURVE('',#1751,#1759,#1761,.T.);
#1759 = VERTEX_POINT('',#1760);
#1760 = CARTESIAN_POINT('',(1.27,-6.604,0.));
#1761 = LINE('',#1762,#1763);
#1762 = CARTESIAN_POINT('',(1.27,-8.636,0.));
#1763 = VECTOR('',#1764,1.);
#1764 = DIRECTION('',(0.,1.,0.));
#1765 = ORIENTED_EDGE('',*,*,#1766,.T.);
#1766 = EDGE_CURVE('',#1759,#1767,#1769,.T.);
#1767 = VERTEX_POINT('',#1768);
#1768 = CARTESIAN_POINT('',(1.016,-6.35,0.));
#1769 = LINE('',#1770,#1771);
#1770 = CARTESIAN_POINT('',(1.27,-6.604,0.));
#1771 = VECTOR('',#1772,1.);
#1772 = DIRECTION('',(-0.707106781187,0.707106781187,0.));
#1773 = ORIENTED_EDGE('',*,*,#1774,.T.);
#1774 = EDGE_CURVE('',#1767,#1775,#1777,.T.);
#1775 = VERTEX_POINT('',#1776);
#1776 = CARTESIAN_POINT('',(1.27,-6.096,0.));
#1777 = LINE('',#1778,#1779);
#1778 = CARTESIAN_POINT('',(1.016,-6.35,0.));
#1779 = VECTOR('',#1780,1.);
#1780 = DIRECTION('',(0.707106781187,0.707106781187,0.));
#1781 = ORIENTED_EDGE('',*,*,#1782,.T.);
#1782 = EDGE_CURVE('',#1775,#1783,#1785,.T.);
#1783 = VERTEX_POINT('',#1784);
#1784 = CARTESIAN_POINT('',(1.27,-4.064,0.));
#1785 = LINE('',#1786,#1787);
#1786 = CARTESIAN_POINT('',(1.27,-6.096,0.));
#1787 = VECTOR('',#1788,1.);
#1788 = DIRECTION('',(0.,1.,0.));
#1789 = ORIENTED_EDGE('',*,*,#1790,.T.);
#1790 = EDGE_CURVE('',#1783,#1791,#1793,.T.);
#1791 = VERTEX_POINT('',#1792);
#1792 = CARTESIAN_POINT('',(1.016,-3.81,0.));
#1793 = LINE('',#1794,#1795);
#1794 = CARTESIAN_POINT('',(1.27,-4.064,0.));
#1795 = VECTOR('',#1796,1.);
#1796 = DIRECTION('',(-0.707106781187,0.707106781187,0.));
#1797 = ORIENTED_EDGE('',*,*,#1798,.T.);
#1798 = EDGE_CURVE('',#1791,#1799,#1801,.T.);
#1799 = VERTEX_POINT('',#1800);
#1800 = CARTESIAN_POINT('',(1.27,-3.556,0.));
#1801 = LINE('',#1802,#1803);
#1802 = CARTESIAN_POINT('',(1.016,-3.81,0.));
#1803 = VECTOR('',#1804,1.);
#1804 = DIRECTION('',(0.707106781187,0.707106781187,0.));
#1805 = ORIENTED_EDGE('',*,*,#1806,.T.);
#1806 = EDGE_CURVE('',#1799,#1807,#1809,.T.);
#1807 = VERTEX_POINT('',#1808);
#1808 = CARTESIAN_POINT('',(1.27,-1.524,0.));
#1809 = LINE('',#1810,#1811);
#1810 = CARTESIAN_POINT('',(1.27,-3.556,0.));
#1811 = VECTOR('',#1812,1.);
#1812 = DIRECTION('',(0.,1.,0.));
#1813 = ORIENTED_EDGE('',*,*,#1814,.T.);
#1814 = EDGE_CURVE('',#1807,#1815,#1817,.T.);
#1815 = VERTEX_POINT('',#1816);
#1816 = CARTESIAN_POINT('',(1.016,-1.27,0.));
#1817 = LINE('',#1818,#1819);
#1818 = CARTESIAN_POINT('',(1.27,-1.524,0.));
#1819 = VECTOR('',#1820,1.);
#1820 = DIRECTION('',(-0.707106781187,0.707106781187,0.));
#1821 = ORIENTED_EDGE('',*,*,#1822,.T.);
#1822 = EDGE_CURVE('',#1815,#1823,#1825,.T.);
#1823 = VERTEX_POINT('',#1824);
#1824 = CARTESIAN_POINT('',(1.27,-1.016,0.));
#1825 = LINE('',#1826,#1827);
#1826 = CARTESIAN_POINT('',(1.016,-1.27,0.));
#1827 = VECTOR('',#1828,1.);
#1828 = DIRECTION('',(0.707106781187,0.707106781187,0.));
#1829 = ORIENTED_EDGE('',*,*,#1830,.T.);
#1830 = EDGE_CURVE('',#1823,#1831,#1833,.T.);
#1831 = VERTEX_POINT('',#1832);
#1832 = CARTESIAN_POINT('',(1.27,1.016,0.));
#1833 = LINE('',#1834,#1835);
#1834 = CARTESIAN_POINT('',(1.27,-1.016,0.));
#1835 = VECTOR('',#1836,1.);
#1836 = DIRECTION('',(0.,1.,0.));
#1837 = ORIENTED_EDGE('',*,*,#1838,.T.);
#1838 = EDGE_CURVE('',#1831,#1551,#1839,.T.);
#1839 = LINE('',#1840,#1841);
#1840 = CARTESIAN_POINT('',(1.27,1.016,0.));
#1841 = VECTOR('',#1842,1.);
#1842 = DIRECTION('',(-0.707106781187,0.707106781187,0.));
#1843 = ORIENTED_EDGE('',*,*,#1567,.T.);
#1844 = FACE_BOUND('',#1845,.F.);
#1845 = EDGE_LOOP('',(#1846,#1856,#1864,#1872));
#1846 = ORIENTED_EDGE('',*,*,#1847,.F.);
#1847 = EDGE_CURVE('',#1848,#1850,#1852,.T.);
#1848 = VERTEX_POINT('',#1849);
#1849 = CARTESIAN_POINT('',(0.32,-0.32,0.));
#1850 = VERTEX_POINT('',#1851);
#1851 = CARTESIAN_POINT('',(0.32,0.32,0.));
#1852 = LINE('',#1853,#1854);
#1853 = CARTESIAN_POINT('',(0.32,-2.7,0.));
#1854 = VECTOR('',#1855,1.);
#1855 = DIRECTION('',(0.,1.,0.));
#1856 = ORIENTED_EDGE('',*,*,#1857,.T.);
#1857 = EDGE_CURVE('',#1848,#1858,#1860,.T.);
#1858 = VERTEX_POINT('',#1859);
#1859 = CARTESIAN_POINT('',(-0.32,-0.32,0.));
#1860 = LINE('',#1861,#1862);
#1861 = CARTESIAN_POINT('',(-0.16,-0.32,0.));
#1862 = VECTOR('',#1863,1.);
#1863 = DIRECTION('',(-1.,0.,0.));
#1864 = ORIENTED_EDGE('',*,*,#1865,.T.);
#1865 = EDGE_CURVE('',#1858,#1866,#1868,.T.);
#1866 = VERTEX_POINT('',#1867);
#1867 = CARTESIAN_POINT('',(-0.32,0.32,0.));
#1868 = LINE('',#1869,#1870);
#1869 = CARTESIAN_POINT('',(-0.32,-2.7,0.));
#1870 = VECTOR('',#1871,1.);
#1871 = DIRECTION('',(0.,1.,0.));
#1872 = ORIENTED_EDGE('',*,*,#1873,.F.);
#1873 = EDGE_CURVE('',#1850,#1866,#1874,.T.);
#1874 = LINE('',#1875,#1876);
#1875 = CARTESIAN_POINT('',(-0.16,0.32,0.));
#1876 = VECTOR('',#1877,1.);
#1877 = DIRECTION('',(-1.,0.,0.));
#1878 = FACE_BOUND('',#1879,.F.);
#1879 = EDGE_LOOP('',(#1880,#1890,#1898,#1906));
#1880 = ORIENTED_EDGE('',*,*,#1881,.F.);
#1881 = EDGE_CURVE('',#1882,#1884,#1886,.T.);
#1882 = VERTEX_POINT('',#1883);
#1883 = CARTESIAN_POINT('',(0.32,-2.22,0.));
#1884 = VERTEX_POINT('',#1885);
#1885 = CARTESIAN_POINT('',(-0.32,-2.22,0.));
#1886 = LINE('',#1887,#1888);
#1887 = CARTESIAN_POINT('',(-0.16,-2.22,0.));
#1888 = VECTOR('',#1889,1.);
#1889 = DIRECTION('',(-1.,0.,0.));
#1890 = ORIENTED_EDGE('',*,*,#1891,.F.);
#1891 = EDGE_CURVE('',#1892,#1882,#1894,.T.);
#1892 = VERTEX_POINT('',#1893);
#1893 = CARTESIAN_POINT('',(0.32,-2.86,0.));
#1894 = LINE('',#1895,#1896);
#1895 = CARTESIAN_POINT('',(0.32,-3.97,0.));
#1896 = VECTOR('',#1897,1.);
#1897 = DIRECTION('',(0.,1.,0.));
#1898 = ORIENTED_EDGE('',*,*,#1899,.T.);
#1899 = EDGE_CURVE('',#1892,#1900,#1902,.T.);
#1900 = VERTEX_POINT('',#1901);
#1901 = CARTESIAN_POINT('',(-0.32,-2.86,0.));
#1902 = LINE('',#1903,#1904);
#1903 = CARTESIAN_POINT('',(-0.16,-2.86,0.));
#1904 = VECTOR('',#1905,1.);
#1905 = DIRECTION('',(-1.,0.,0.));
#1906 = ORIENTED_EDGE('',*,*,#1907,.T.);
#1907 = EDGE_CURVE('',#1900,#1884,#1908,.T.);
#1908 = LINE('',#1909,#1910);
#1909 = CARTESIAN_POINT('',(-0.32,-3.97,0.));
#1910 = VECTOR('',#1911,1.);
#1911 = DIRECTION('',(0.,1.,0.));
#1912 = FACE_BOUND('',#1913,.F.);
#1913 = EDGE_LOOP('',(#1914,#1924,#1932,#1940));
#1914 = ORIENTED_EDGE('',*,*,#1915,.F.);
#1915 = EDGE_CURVE('',#1916,#1918,#1920,.T.);
#1916 = VERTEX_POINT('',#1917);
#1917 = CARTESIAN_POINT('',(0.32,-4.76,0.));
#1918 = VERTEX_POINT('',#1919);
#1919 = CARTESIAN_POINT('',(-0.32,-4.76,0.));
#1920 = LINE('',#1921,#1922);
#1921 = CARTESIAN_POINT('',(-0.16,-4.76,0.));
#1922 = VECTOR('',#1923,1.);
#1923 = DIRECTION('',(-1.,0.,0.));
#1924 = ORIENTED_EDGE('',*,*,#1925,.F.);
#1925 = EDGE_CURVE('',#1926,#1916,#1928,.T.);
#1926 = VERTEX_POINT('',#1927);
#1927 = CARTESIAN_POINT('',(0.32,-5.4,0.));
#1928 = LINE('',#1929,#1930);
#1929 = CARTESIAN_POINT('',(0.32,-5.24,0.));
#1930 = VECTOR('',#1931,1.);
#1931 = DIRECTION('',(0.,1.,0.));
#1932 = ORIENTED_EDGE('',*,*,#1933,.T.);
#1933 = EDGE_CURVE('',#1926,#1934,#1936,.T.);
#1934 = VERTEX_POINT('',#1935);
#1935 = CARTESIAN_POINT('',(-0.32,-5.4,0.));
#1936 = LINE('',#1937,#1938);
#1937 = CARTESIAN_POINT('',(-0.16,-5.4,0.));
#1938 = VECTOR('',#1939,1.);
#1939 = DIRECTION('',(-1.,0.,0.));
#1940 = ORIENTED_EDGE('',*,*,#1941,.T.);
#1941 = EDGE_CURVE('',#1934,#1918,#1942,.T.);
#1942 = LINE('',#1943,#1944);
#1943 = CARTESIAN_POINT('',(-0.32,-5.24,0.));
#1944 = VECTOR('',#1945,1.);
#1945 = DIRECTION('',(0.,1.,0.));
#1946 = FACE_BOUND('',#1947,.F.);
#1947 = EDGE_LOOP('',(#1948,#1958,#1966,#1974));
#1948 = ORIENTED_EDGE('',*,*,#1949,.F.);
#1949 = EDGE_CURVE('',#1950,#1952,#1954,.T.);
#1950 = VERTEX_POINT('',#1951);
#1951 = CARTESIAN_POINT('',(0.32,-9.84,0.));
#1952 = VERTEX_POINT('',#1953);
#1953 = CARTESIAN_POINT('',(-0.32,-9.84,0.));
#1954 = LINE('',#1955,#1956);
#1955 = CARTESIAN_POINT('',(-0.16,-9.84,0.));
#1956 = VECTOR('',#1957,1.);
#1957 = DIRECTION('',(-1.,0.,0.));
#1958 = ORIENTED_EDGE('',*,*,#1959,.F.);
#1959 = EDGE_CURVE('',#1960,#1950,#1962,.T.);
#1960 = VERTEX_POINT('',#1961);
#1961 = CARTESIAN_POINT('',(0.32,-10.48,0.));
#1962 = LINE('',#1963,#1964);
#1963 = CARTESIAN_POINT('',(0.32,-7.78,0.));
#1964 = VECTOR('',#1965,1.);
#1965 = DIRECTION('',(0.,1.,0.));
#1966 = ORIENTED_EDGE('',*,*,#1967,.T.);
#1967 = EDGE_CURVE('',#1960,#1968,#1970,.T.);
#1968 = VERTEX_POINT('',#1969);
#1969 = CARTESIAN_POINT('',(-0.32,-10.48,0.));
#1970 = LINE('',#1971,#1972);
#1971 = CARTESIAN_POINT('',(-0.16,-10.48,0.));
#1972 = VECTOR('',#1973,1.);
#1973 = DIRECTION('',(-1.,0.,0.));
#1974 = ORIENTED_EDGE('',*,*,#1975,.T.);
#1975 = EDGE_CURVE('',#1968,#1952,#1976,.T.);
#1976 = LINE('',#1977,#1978);
#1977 = CARTESIAN_POINT('',(-0.32,-7.78,0.));
#1978 = VECTOR('',#1979,1.);
#1979 = DIRECTION('',(0.,1.,0.));
#1980 = FACE_BOUND('',#1981,.F.);
#1981 = EDGE_LOOP('',(#1982,#1992,#2000,#2008));
#1982 = ORIENTED_EDGE('',*,*,#1983,.T.);
#1983 = EDGE_CURVE('',#1984,#1986,#1988,.T.);
#1984 = VERTEX_POINT('',#1985);
#1985 = CARTESIAN_POINT('',(0.32,-7.94,0.));
#1986 = VERTEX_POINT('',#1987);
#1987 = CARTESIAN_POINT('',(-0.32,-7.94,0.));
#1988 = LINE('',#1989,#1990);
#1989 = CARTESIAN_POINT('',(-0.16,-7.94,0.));
#1990 = VECTOR('',#1991,1.);
#1991 = DIRECTION('',(-1.,0.,0.));
#1992 = ORIENTED_EDGE('',*,*,#1993,.T.);
#1993 = EDGE_CURVE('',#1986,#1994,#1996,.T.);
#1994 = VERTEX_POINT('',#1995);
#1995 = CARTESIAN_POINT('',(-0.32,-7.3,0.));
#1996 = LINE('',#1997,#1998);
#1997 = CARTESIAN_POINT('',(-0.32,-6.51,0.));
#1998 = VECTOR('',#1999,1.);
#1999 = DIRECTION('',(0.,1.,0.));
#2000 = ORIENTED_EDGE('',*,*,#2001,.F.);
#2001 = EDGE_CURVE('',#2002,#1994,#2004,.T.);
#2002 = VERTEX_POINT('',#2003);
#2003 = CARTESIAN_POINT('',(0.32,-7.3,0.));
#2004 = LINE('',#2005,#2006);
#2005 = CARTESIAN_POINT('',(-0.16,-7.3,0.));
#2006 = VECTOR('',#2007,1.);
#2007 = DIRECTION('',(-1.,0.,0.));
#2008 = ORIENTED_EDGE('',*,*,#2009,.F.);
#2009 = EDGE_CURVE('',#1984,#2002,#2010,.T.);
#2010 = LINE('',#2011,#2012);
#2011 = CARTESIAN_POINT('',(0.32,-6.51,0.));
#2012 = VECTOR('',#2013,1.);
#2013 = DIRECTION('',(0.,1.,0.));
#2014 = PLANE('',#2015);
#2015 = AXIS2_PLACEMENT_3D('',#2016,#2017,#2018);
#2016 = CARTESIAN_POINT('',(-2.110141571089E-17,-5.08,0.));
#2017 = DIRECTION('',(0.,0.,1.));
#2018 = DIRECTION('',(1.,0.,-0.));
#2019 = ADVANCED_FACE('',(#2020,#2255,#2289,#2323,#2357,#2391),#2425,.T.
  );
#2020 = FACE_BOUND('',#2021,.T.);
#2021 = EDGE_LOOP('',(#2022,#2023,#2024,#2032,#2040,#2048,#2056,#2064,
    #2072,#2080,#2088,#2096,#2104,#2112,#2120,#2128,#2136,#2144,#2152,
    #2160,#2168,#2176,#2184,#2192,#2200,#2208,#2216,#2224,#2232,#2240,
    #2248,#2254));
#2022 = ORIENTED_EDGE('',*,*,#1520,.T.);
#2023 = ORIENTED_EDGE('',*,*,#1582,.T.);
#2024 = ORIENTED_EDGE('',*,*,#2025,.T.);
#2025 = EDGE_CURVE('',#1583,#2026,#2028,.T.);
#2026 = VERTEX_POINT('',#2027);
#2027 = CARTESIAN_POINT('',(-1.016,-1.27,2.54));
#2028 = LINE('',#2029,#2030);
#2029 = CARTESIAN_POINT('',(-1.27,-1.016,2.54));
#2030 = VECTOR('',#2031,1.);
#2031 = DIRECTION('',(0.707106781187,-0.707106781187,0.));
#2032 = ORIENTED_EDGE('',*,*,#2033,.T.);
#2033 = EDGE_CURVE('',#2026,#2034,#2036,.T.);
#2034 = VERTEX_POINT('',#2035);
#2035 = CARTESIAN_POINT('',(-1.27,-1.524,2.54));
#2036 = LINE('',#2037,#2038);
#2037 = CARTESIAN_POINT('',(-1.016,-1.27,2.54));
#2038 = VECTOR('',#2039,1.);
#2039 = DIRECTION('',(-0.707106781187,-0.707106781187,0.));
#2040 = ORIENTED_EDGE('',*,*,#2041,.T.);
#2041 = EDGE_CURVE('',#2034,#2042,#2044,.T.);
#2042 = VERTEX_POINT('',#2043);
#2043 = CARTESIAN_POINT('',(-1.27,-3.556,2.54));
#2044 = LINE('',#2045,#2046);
#2045 = CARTESIAN_POINT('',(-1.27,-1.524,2.54));
#2046 = VECTOR('',#2047,1.);
#2047 = DIRECTION('',(0.,-1.,0.));
#2048 = ORIENTED_EDGE('',*,*,#2049,.T.);
#2049 = EDGE_CURVE('',#2042,#2050,#2052,.T.);
#2050 = VERTEX_POINT('',#2051);
#2051 = CARTESIAN_POINT('',(-1.016,-3.81,2.54));
#2052 = LINE('',#2053,#2054);
#2053 = CARTESIAN_POINT('',(-1.27,-3.556,2.54));
#2054 = VECTOR('',#2055,1.);
#2055 = DIRECTION('',(0.707106781187,-0.707106781187,0.));
#2056 = ORIENTED_EDGE('',*,*,#2057,.T.);
#2057 = EDGE_CURVE('',#2050,#2058,#2060,.T.);
#2058 = VERTEX_POINT('',#2059);
#2059 = CARTESIAN_POINT('',(-1.27,-4.064,2.54));
#2060 = LINE('',#2061,#2062);
#2061 = CARTESIAN_POINT('',(-1.016,-3.81,2.54));
#2062 = VECTOR('',#2063,1.);
#2063 = DIRECTION('',(-0.707106781187,-0.707106781187,0.));
#2064 = ORIENTED_EDGE('',*,*,#2065,.T.);
#2065 = EDGE_CURVE('',#2058,#2066,#2068,.T.);
#2066 = VERTEX_POINT('',#2067);
#2067 = CARTESIAN_POINT('',(-1.27,-6.096,2.54));
#2068 = LINE('',#2069,#2070);
#2069 = CARTESIAN_POINT('',(-1.27,-4.064,2.54));
#2070 = VECTOR('',#2071,1.);
#2071 = DIRECTION('',(0.,-1.,0.));
#2072 = ORIENTED_EDGE('',*,*,#2073,.T.);
#2073 = EDGE_CURVE('',#2066,#2074,#2076,.T.);
#2074 = VERTEX_POINT('',#2075);
#2075 = CARTESIAN_POINT('',(-1.016,-6.35,2.54));
#2076 = LINE('',#2077,#2078);
#2077 = CARTESIAN_POINT('',(-1.27,-6.096,2.54));
#2078 = VECTOR('',#2079,1.);
#2079 = DIRECTION('',(0.707106781187,-0.707106781187,0.));
#2080 = ORIENTED_EDGE('',*,*,#2081,.T.);
#2081 = EDGE_CURVE('',#2074,#2082,#2084,.T.);
#2082 = VERTEX_POINT('',#2083);
#2083 = CARTESIAN_POINT('',(-1.27,-6.604,2.54));
#2084 = LINE('',#2085,#2086);
#2085 = CARTESIAN_POINT('',(-1.016,-6.35,2.54));
#2086 = VECTOR('',#2087,1.);
#2087 = DIRECTION('',(-0.707106781187,-0.707106781187,0.));
#2088 = ORIENTED_EDGE('',*,*,#2089,.T.);
#2089 = EDGE_CURVE('',#2082,#2090,#2092,.T.);
#2090 = VERTEX_POINT('',#2091);
#2091 = CARTESIAN_POINT('',(-1.27,-8.636,2.54));
#2092 = LINE('',#2093,#2094);
#2093 = CARTESIAN_POINT('',(-1.27,-6.604,2.54));
#2094 = VECTOR('',#2095,1.);
#2095 = DIRECTION('',(0.,-1.,0.));
#2096 = ORIENTED_EDGE('',*,*,#2097,.T.);
#2097 = EDGE_CURVE('',#2090,#2098,#2100,.T.);
#2098 = VERTEX_POINT('',#2099);
#2099 = CARTESIAN_POINT('',(-1.016,-8.89,2.54));
#2100 = LINE('',#2101,#2102);
#2101 = CARTESIAN_POINT('',(-1.27,-8.636,2.54));
#2102 = VECTOR('',#2103,1.);
#2103 = DIRECTION('',(0.707106781187,-0.707106781187,0.));
#2104 = ORIENTED_EDGE('',*,*,#2105,.T.);
#2105 = EDGE_CURVE('',#2098,#2106,#2108,.T.);
#2106 = VERTEX_POINT('',#2107);
#2107 = CARTESIAN_POINT('',(-1.27,-9.144,2.54));
#2108 = LINE('',#2109,#2110);
#2109 = CARTESIAN_POINT('',(-1.016,-8.89,2.54));
#2110 = VECTOR('',#2111,1.);
#2111 = DIRECTION('',(-0.707106781187,-0.707106781187,0.));
#2112 = ORIENTED_EDGE('',*,*,#2113,.T.);
#2113 = EDGE_CURVE('',#2106,#2114,#2116,.T.);
#2114 = VERTEX_POINT('',#2115);
#2115 = CARTESIAN_POINT('',(-1.27,-11.176,2.54));
#2116 = LINE('',#2117,#2118);
#2117 = CARTESIAN_POINT('',(-1.27,-9.144,2.54));
#2118 = VECTOR('',#2119,1.);
#2119 = DIRECTION('',(0.,-1.,0.));
#2120 = ORIENTED_EDGE('',*,*,#2121,.T.);
#2121 = EDGE_CURVE('',#2114,#2122,#2124,.T.);
#2122 = VERTEX_POINT('',#2123);
#2123 = CARTESIAN_POINT('',(-1.016,-11.43,2.54));
#2124 = LINE('',#2125,#2126);
#2125 = CARTESIAN_POINT('',(-1.27,-11.176,2.54));
#2126 = VECTOR('',#2127,1.);
#2127 = DIRECTION('',(0.707106781187,-0.707106781187,0.));
#2128 = ORIENTED_EDGE('',*,*,#2129,.T.);
#2129 = EDGE_CURVE('',#2122,#2130,#2132,.T.);
#2130 = VERTEX_POINT('',#2131);
#2131 = CARTESIAN_POINT('',(1.016,-11.43,2.54));
#2132 = LINE('',#2133,#2134);
#2133 = CARTESIAN_POINT('',(-1.016,-11.43,2.54));
#2134 = VECTOR('',#2135,1.);
#2135 = DIRECTION('',(1.,0.,0.));
#2136 = ORIENTED_EDGE('',*,*,#2137,.T.);
#2137 = EDGE_CURVE('',#2130,#2138,#2140,.T.);
#2138 = VERTEX_POINT('',#2139);
#2139 = CARTESIAN_POINT('',(1.27,-11.176,2.54));
#2140 = LINE('',#2141,#2142);
#2141 = CARTESIAN_POINT('',(1.016,-11.43,2.54));
#2142 = VECTOR('',#2143,1.);
#2143 = DIRECTION('',(0.707106781187,0.707106781187,0.));
#2144 = ORIENTED_EDGE('',*,*,#2145,.T.);
#2145 = EDGE_CURVE('',#2138,#2146,#2148,.T.);
#2146 = VERTEX_POINT('',#2147);
#2147 = CARTESIAN_POINT('',(1.27,-9.144,2.54));
#2148 = LINE('',#2149,#2150);
#2149 = CARTESIAN_POINT('',(1.27,-11.176,2.54));
#2150 = VECTOR('',#2151,1.);
#2151 = DIRECTION('',(0.,1.,0.));
#2152 = ORIENTED_EDGE('',*,*,#2153,.T.);
#2153 = EDGE_CURVE('',#2146,#2154,#2156,.T.);
#2154 = VERTEX_POINT('',#2155);
#2155 = CARTESIAN_POINT('',(1.016,-8.89,2.54));
#2156 = LINE('',#2157,#2158);
#2157 = CARTESIAN_POINT('',(1.27,-9.144,2.54));
#2158 = VECTOR('',#2159,1.);
#2159 = DIRECTION('',(-0.707106781187,0.707106781187,0.));
#2160 = ORIENTED_EDGE('',*,*,#2161,.T.);
#2161 = EDGE_CURVE('',#2154,#2162,#2164,.T.);
#2162 = VERTEX_POINT('',#2163);
#2163 = CARTESIAN_POINT('',(1.27,-8.636,2.54));
#2164 = LINE('',#2165,#2166);
#2165 = CARTESIAN_POINT('',(1.016,-8.89,2.54));
#2166 = VECTOR('',#2167,1.);
#2167 = DIRECTION('',(0.707106781187,0.707106781187,0.));
#2168 = ORIENTED_EDGE('',*,*,#2169,.T.);
#2169 = EDGE_CURVE('',#2162,#2170,#2172,.T.);
#2170 = VERTEX_POINT('',#2171);
#2171 = CARTESIAN_POINT('',(1.27,-6.604,2.54));
#2172 = LINE('',#2173,#2174);
#2173 = CARTESIAN_POINT('',(1.27,-8.636,2.54));
#2174 = VECTOR('',#2175,1.);
#2175 = DIRECTION('',(0.,1.,0.));
#2176 = ORIENTED_EDGE('',*,*,#2177,.T.);
#2177 = EDGE_CURVE('',#2170,#2178,#2180,.T.);
#2178 = VERTEX_POINT('',#2179);
#2179 = CARTESIAN_POINT('',(1.016,-6.35,2.54));
#2180 = LINE('',#2181,#2182);
#2181 = CARTESIAN_POINT('',(1.27,-6.604,2.54));
#2182 = VECTOR('',#2183,1.);
#2183 = DIRECTION('',(-0.707106781187,0.707106781187,0.));
#2184 = ORIENTED_EDGE('',*,*,#2185,.T.);
#2185 = EDGE_CURVE('',#2178,#2186,#2188,.T.);
#2186 = VERTEX_POINT('',#2187);
#2187 = CARTESIAN_POINT('',(1.27,-6.096,2.54));
#2188 = LINE('',#2189,#2190);
#2189 = CARTESIAN_POINT('',(1.016,-6.35,2.54));
#2190 = VECTOR('',#2191,1.);
#2191 = DIRECTION('',(0.707106781187,0.707106781187,0.));
#2192 = ORIENTED_EDGE('',*,*,#2193,.T.);
#2193 = EDGE_CURVE('',#2186,#2194,#2196,.T.);
#2194 = VERTEX_POINT('',#2195);
#2195 = CARTESIAN_POINT('',(1.27,-4.064,2.54));
#2196 = LINE('',#2197,#2198);
#2197 = CARTESIAN_POINT('',(1.27,-6.096,2.54));
#2198 = VECTOR('',#2199,1.);
#2199 = DIRECTION('',(0.,1.,0.));
#2200 = ORIENTED_EDGE('',*,*,#2201,.T.);
#2201 = EDGE_CURVE('',#2194,#2202,#2204,.T.);
#2202 = VERTEX_POINT('',#2203);
#2203 = CARTESIAN_POINT('',(1.016,-3.81,2.54));
#2204 = LINE('',#2205,#2206);
#2205 = CARTESIAN_POINT('',(1.27,-4.064,2.54));
#2206 = VECTOR('',#2207,1.);
#2207 = DIRECTION('',(-0.707106781187,0.707106781187,0.));
#2208 = ORIENTED_EDGE('',*,*,#2209,.T.);
#2209 = EDGE_CURVE('',#2202,#2210,#2212,.T.);
#2210 = VERTEX_POINT('',#2211);
#2211 = CARTESIAN_POINT('',(1.27,-3.556,2.54));
#2212 = LINE('',#2213,#2214);
#2213 = CARTESIAN_POINT('',(1.016,-3.81,2.54));
#2214 = VECTOR('',#2215,1.);
#2215 = DIRECTION('',(0.707106781187,0.707106781187,0.));
#2216 = ORIENTED_EDGE('',*,*,#2217,.T.);
#2217 = EDGE_CURVE('',#2210,#2218,#2220,.T.);
#2218 = VERTEX_POINT('',#2219);
#2219 = CARTESIAN_POINT('',(1.27,-1.524,2.54));
#2220 = LINE('',#2221,#2222);
#2221 = CARTESIAN_POINT('',(1.27,-3.556,2.54));
#2222 = VECTOR('',#2223,1.);
#2223 = DIRECTION('',(0.,1.,0.));
#2224 = ORIENTED_EDGE('',*,*,#2225,.T.);
#2225 = EDGE_CURVE('',#2218,#2226,#2228,.T.);
#2226 = VERTEX_POINT('',#2227);
#2227 = CARTESIAN_POINT('',(1.016,-1.27,2.54));
#2228 = LINE('',#2229,#2230);
#2229 = CARTESIAN_POINT('',(1.27,-1.524,2.54));
#2230 = VECTOR('',#2231,1.);
#2231 = DIRECTION('',(-0.707106781187,0.707106781187,0.));
#2232 = ORIENTED_EDGE('',*,*,#2233,.T.);
#2233 = EDGE_CURVE('',#2226,#2234,#2236,.T.);
#2234 = VERTEX_POINT('',#2235);
#2235 = CARTESIAN_POINT('',(1.27,-1.016,2.54));
#2236 = LINE('',#2237,#2238);
#2237 = CARTESIAN_POINT('',(1.016,-1.27,2.54));
#2238 = VECTOR('',#2239,1.);
#2239 = DIRECTION('',(0.707106781187,0.707106781187,0.));
#2240 = ORIENTED_EDGE('',*,*,#2241,.T.);
#2241 = EDGE_CURVE('',#2234,#2242,#2244,.T.);
#2242 = VERTEX_POINT('',#2243);
#2243 = CARTESIAN_POINT('',(1.27,1.016,2.54));
#2244 = LINE('',#2245,#2246);
#2245 = CARTESIAN_POINT('',(1.27,-1.016,2.54));
#2246 = VECTOR('',#2247,1.);
#2247 = DIRECTION('',(0.,1.,0.));
#2248 = ORIENTED_EDGE('',*,*,#2249,.T.);
#2249 = EDGE_CURVE('',#2242,#1553,#2250,.T.);
#2250 = LINE('',#2251,#2252);
#2251 = CARTESIAN_POINT('',(1.27,1.016,2.54));
#2252 = VECTOR('',#2253,1.);
#2253 = DIRECTION('',(-0.707106781187,0.707106781187,0.));
#2254 = ORIENTED_EDGE('',*,*,#1560,.T.);
#2255 = FACE_BOUND('',#2256,.T.);
#2256 = EDGE_LOOP('',(#2257,#2267,#2275,#2283));
#2257 = ORIENTED_EDGE('',*,*,#2258,.F.);
#2258 = EDGE_CURVE('',#2259,#2261,#2263,.T.);
#2259 = VERTEX_POINT('',#2260);
#2260 = CARTESIAN_POINT('',(0.32,-0.32,2.54));
#2261 = VERTEX_POINT('',#2262);
#2262 = CARTESIAN_POINT('',(0.32,0.32,2.54));
#2263 = LINE('',#2264,#2265);
#2264 = CARTESIAN_POINT('',(0.32,-2.7,2.54));
#2265 = VECTOR('',#2266,1.);
#2266 = DIRECTION('',(0.,1.,0.));
#2267 = ORIENTED_EDGE('',*,*,#2268,.T.);
#2268 = EDGE_CURVE('',#2259,#2269,#2271,.T.);
#2269 = VERTEX_POINT('',#2270);
#2270 = CARTESIAN_POINT('',(-0.32,-0.32,2.54));
#2271 = LINE('',#2272,#2273);
#2272 = CARTESIAN_POINT('',(-0.16,-0.32,2.54));
#2273 = VECTOR('',#2274,1.);
#2274 = DIRECTION('',(-1.,0.,0.));
#2275 = ORIENTED_EDGE('',*,*,#2276,.T.);
#2276 = EDGE_CURVE('',#2269,#2277,#2279,.T.);
#2277 = VERTEX_POINT('',#2278);
#2278 = CARTESIAN_POINT('',(-0.32,0.32,2.54));
#2279 = LINE('',#2280,#2281);
#2280 = CARTESIAN_POINT('',(-0.32,-2.7,2.54));
#2281 = VECTOR('',#2282,1.);
#2282 = DIRECTION('',(0.,1.,0.));
#2283 = ORIENTED_EDGE('',*,*,#2284,.F.);
#2284 = EDGE_CURVE('',#2261,#2277,#2285,.T.);
#2285 = LINE('',#2286,#2287);
#2286 = CARTESIAN_POINT('',(-0.16,0.32,2.54));
#2287 = VECTOR('',#2288,1.);
#2288 = DIRECTION('',(-1.,0.,0.));
#2289 = FACE_BOUND('',#2290,.T.);
#2290 = EDGE_LOOP('',(#2291,#2301,#2309,#2317));
#2291 = ORIENTED_EDGE('',*,*,#2292,.F.);
#2292 = EDGE_CURVE('',#2293,#2295,#2297,.T.);
#2293 = VERTEX_POINT('',#2294);
#2294 = CARTESIAN_POINT('',(0.32,-2.22,2.54));
#2295 = VERTEX_POINT('',#2296);
#2296 = CARTESIAN_POINT('',(-0.32,-2.22,2.54));
#2297 = LINE('',#2298,#2299);
#2298 = CARTESIAN_POINT('',(-0.16,-2.22,2.54));
#2299 = VECTOR('',#2300,1.);
#2300 = DIRECTION('',(-1.,0.,0.));
#2301 = ORIENTED_EDGE('',*,*,#2302,.F.);
#2302 = EDGE_CURVE('',#2303,#2293,#2305,.T.);
#2303 = VERTEX_POINT('',#2304);
#2304 = CARTESIAN_POINT('',(0.32,-2.86,2.54));
#2305 = LINE('',#2306,#2307);
#2306 = CARTESIAN_POINT('',(0.32,-3.97,2.54));
#2307 = VECTOR('',#2308,1.);
#2308 = DIRECTION('',(0.,1.,0.));
#2309 = ORIENTED_EDGE('',*,*,#2310,.T.);
#2310 = EDGE_CURVE('',#2303,#2311,#2313,.T.);
#2311 = VERTEX_POINT('',#2312);
#2312 = CARTESIAN_POINT('',(-0.32,-2.86,2.54));
#2313 = LINE('',#2314,#2315);
#2314 = CARTESIAN_POINT('',(-0.16,-2.86,2.54));
#2315 = VECTOR('',#2316,1.);
#2316 = DIRECTION('',(-1.,0.,0.));
#2317 = ORIENTED_EDGE('',*,*,#2318,.T.);
#2318 = EDGE_CURVE('',#2311,#2295,#2319,.T.);
#2319 = LINE('',#2320,#2321);
#2320 = CARTESIAN_POINT('',(-0.32,-3.97,2.54));
#2321 = VECTOR('',#2322,1.);
#2322 = DIRECTION('',(0.,1.,0.));
#2323 = FACE_BOUND('',#2324,.T.);
#2324 = EDGE_LOOP('',(#2325,#2335,#2343,#2351));
#2325 = ORIENTED_EDGE('',*,*,#2326,.F.);
#2326 = EDGE_CURVE('',#2327,#2329,#2331,.T.);
#2327 = VERTEX_POINT('',#2328);
#2328 = CARTESIAN_POINT('',(0.32,-4.76,2.54));
#2329 = VERTEX_POINT('',#2330);
#2330 = CARTESIAN_POINT('',(-0.32,-4.76,2.54));
#2331 = LINE('',#2332,#2333);
#2332 = CARTESIAN_POINT('',(-0.16,-4.76,2.54));
#2333 = VECTOR('',#2334,1.);
#2334 = DIRECTION('',(-1.,0.,0.));
#2335 = ORIENTED_EDGE('',*,*,#2336,.F.);
#2336 = EDGE_CURVE('',#2337,#2327,#2339,.T.);
#2337 = VERTEX_POINT('',#2338);
#2338 = CARTESIAN_POINT('',(0.32,-5.4,2.54));
#2339 = LINE('',#2340,#2341);
#2340 = CARTESIAN_POINT('',(0.32,-5.24,2.54));
#2341 = VECTOR('',#2342,1.);
#2342 = DIRECTION('',(0.,1.,0.));
#2343 = ORIENTED_EDGE('',*,*,#2344,.T.);
#2344 = EDGE_CURVE('',#2337,#2345,#2347,.T.);
#2345 = VERTEX_POINT('',#2346);
#2346 = CARTESIAN_POINT('',(-0.32,-5.4,2.54));
#2347 = LINE('',#2348,#2349);
#2348 = CARTESIAN_POINT('',(-0.16,-5.4,2.54));
#2349 = VECTOR('',#2350,1.);
#2350 = DIRECTION('',(-1.,0.,0.));
#2351 = ORIENTED_EDGE('',*,*,#2352,.T.);
#2352 = EDGE_CURVE('',#2345,#2329,#2353,.T.);
#2353 = LINE('',#2354,#2355);
#2354 = CARTESIAN_POINT('',(-0.32,-5.24,2.54));
#2355 = VECTOR('',#2356,1.);
#2356 = DIRECTION('',(0.,1.,0.));
#2357 = FACE_BOUND('',#2358,.T.);
#2358 = EDGE_LOOP('',(#2359,#2369,#2377,#2385));
#2359 = ORIENTED_EDGE('',*,*,#2360,.F.);
#2360 = EDGE_CURVE('',#2361,#2363,#2365,.T.);
#2361 = VERTEX_POINT('',#2362);
#2362 = CARTESIAN_POINT('',(0.32,-9.84,2.54));
#2363 = VERTEX_POINT('',#2364);
#2364 = CARTESIAN_POINT('',(-0.32,-9.84,2.54));
#2365 = LINE('',#2366,#2367);
#2366 = CARTESIAN_POINT('',(-0.16,-9.84,2.54));
#2367 = VECTOR('',#2368,1.);
#2368 = DIRECTION('',(-1.,0.,0.));
#2369 = ORIENTED_EDGE('',*,*,#2370,.F.);
#2370 = EDGE_CURVE('',#2371,#2361,#2373,.T.);
#2371 = VERTEX_POINT('',#2372);
#2372 = CARTESIAN_POINT('',(0.32,-10.48,2.54));
#2373 = LINE('',#2374,#2375);
#2374 = CARTESIAN_POINT('',(0.32,-7.78,2.54));
#2375 = VECTOR('',#2376,1.);
#2376 = DIRECTION('',(0.,1.,0.));
#2377 = ORIENTED_EDGE('',*,*,#2378,.T.);
#2378 = EDGE_CURVE('',#2371,#2379,#2381,.T.);
#2379 = VERTEX_POINT('',#2380);
#2380 = CARTESIAN_POINT('',(-0.32,-10.48,2.54));
#2381 = LINE('',#2382,#2383);
#2382 = CARTESIAN_POINT('',(-0.16,-10.48,2.54));
#2383 = VECTOR('',#2384,1.);
#2384 = DIRECTION('',(-1.,0.,0.));
#2385 = ORIENTED_EDGE('',*,*,#2386,.T.);
#2386 = EDGE_CURVE('',#2379,#2363,#2387,.T.);
#2387 = LINE('',#2388,#2389);
#2388 = CARTESIAN_POINT('',(-0.32,-7.78,2.54));
#2389 = VECTOR('',#2390,1.);
#2390 = DIRECTION('',(0.,1.,0.));
#2391 = FACE_BOUND('',#2392,.T.);
#2392 = EDGE_LOOP('',(#2393,#2403,#2411,#2419));
#2393 = ORIENTED_EDGE('',*,*,#2394,.T.);
#2394 = EDGE_CURVE('',#2395,#2397,#2399,.T.);
#2395 = VERTEX_POINT('',#2396);
#2396 = CARTESIAN_POINT('',(0.32,-7.94,2.54));
#2397 = VERTEX_POINT('',#2398);
#2398 = CARTESIAN_POINT('',(-0.32,-7.94,2.54));
#2399 = LINE('',#2400,#2401);
#2400 = CARTESIAN_POINT('',(-0.16,-7.94,2.54));
#2401 = VECTOR('',#2402,1.);
#2402 = DIRECTION('',(-1.,0.,0.));
#2403 = ORIENTED_EDGE('',*,*,#2404,.T.);
#2404 = EDGE_CURVE('',#2397,#2405,#2407,.T.);
#2405 = VERTEX_POINT('',#2406);
#2406 = CARTESIAN_POINT('',(-0.32,-7.3,2.54));
#2407 = LINE('',#2408,#2409);
#2408 = CARTESIAN_POINT('',(-0.32,-6.51,2.54));
#2409 = VECTOR('',#2410,1.);
#2410 = DIRECTION('',(0.,1.,0.));
#2411 = ORIENTED_EDGE('',*,*,#2412,.F.);
#2412 = EDGE_CURVE('',#2413,#2405,#2415,.T.);
#2413 = VERTEX_POINT('',#2414);
#2414 = CARTESIAN_POINT('',(0.32,-7.3,2.54));
#2415 = LINE('',#2416,#2417);
#2416 = CARTESIAN_POINT('',(-0.16,-7.3,2.54));
#2417 = VECTOR('',#2418,1.);
#2418 = DIRECTION('',(-1.,0.,0.));
#2419 = ORIENTED_EDGE('',*,*,#2420,.F.);
#2420 = EDGE_CURVE('',#2395,#2413,#2421,.T.);
#2421 = LINE('',#2422,#2423);
#2422 = CARTESIAN_POINT('',(0.32,-6.51,2.54));
#2423 = VECTOR('',#2424,1.);
#2424 = DIRECTION('',(0.,1.,0.));
#2425 = PLANE('',#2426);
#2426 = AXIS2_PLACEMENT_3D('',#2427,#2428,#2429);
#2427 = CARTESIAN_POINT('',(-2.110141571089E-17,-5.08,2.54));
#2428 = DIRECTION('',(0.,0.,1.));
#2429 = DIRECTION('',(1.,0.,-0.));
#2430 = ADVANCED_FACE('',(#2431),#2442,.F.);
#2431 = FACE_BOUND('',#2432,.F.);
#2432 = EDGE_LOOP('',(#2433,#2439,#2440,#2441));
#2433 = ORIENTED_EDGE('',*,*,#2434,.T.);
#2434 = EDGE_CURVE('',#1831,#2242,#2435,.T.);
#2435 = LINE('',#2436,#2437);
#2436 = CARTESIAN_POINT('',(1.27,1.016,0.));
#2437 = VECTOR('',#2438,1.);
#2438 = DIRECTION('',(0.,0.,1.));
#2439 = ORIENTED_EDGE('',*,*,#2249,.T.);
#2440 = ORIENTED_EDGE('',*,*,#1550,.F.);
#2441 = ORIENTED_EDGE('',*,*,#1838,.F.);
#2442 = PLANE('',#2443);
#2443 = AXIS2_PLACEMENT_3D('',#2444,#2445,#2446);
#2444 = CARTESIAN_POINT('',(1.27,1.016,0.));
#2445 = DIRECTION('',(-0.707106781187,-0.707106781187,0.));
#2446 = DIRECTION('',(-0.707106781187,0.707106781187,0.));
#2447 = ADVANCED_FACE('',(#2448),#2459,.F.);
#2448 = FACE_BOUND('',#2449,.F.);
#2449 = EDGE_LOOP('',(#2450,#2451,#2452,#2458));
#2450 = ORIENTED_EDGE('',*,*,#1590,.T.);
#2451 = ORIENTED_EDGE('',*,*,#2025,.T.);
#2452 = ORIENTED_EDGE('',*,*,#2453,.F.);
#2453 = EDGE_CURVE('',#1615,#2026,#2454,.T.);
#2454 = LINE('',#2455,#2456);
#2455 = CARTESIAN_POINT('',(-1.016,-1.27,0.));
#2456 = VECTOR('',#2457,1.);
#2457 = DIRECTION('',(0.,0.,1.));
#2458 = ORIENTED_EDGE('',*,*,#1614,.F.);
#2459 = PLANE('',#2460);
#2460 = AXIS2_PLACEMENT_3D('',#2461,#2462,#2463);
#2461 = CARTESIAN_POINT('',(-1.27,-1.016,0.));
#2462 = DIRECTION('',(0.707106781187,0.707106781187,0.));
#2463 = DIRECTION('',(0.707106781187,-0.707106781187,0.));
#2464 = ADVANCED_FACE('',(#2465),#2476,.F.);
#2465 = FACE_BOUND('',#2466,.F.);
#2466 = EDGE_LOOP('',(#2467,#2473,#2474,#2475));
#2467 = ORIENTED_EDGE('',*,*,#2468,.T.);
#2468 = EDGE_CURVE('',#1823,#2234,#2469,.T.);
#2469 = LINE('',#2470,#2471);
#2470 = CARTESIAN_POINT('',(1.27,-1.016,0.));
#2471 = VECTOR('',#2472,1.);
#2472 = DIRECTION('',(0.,0.,1.));
#2473 = ORIENTED_EDGE('',*,*,#2241,.T.);
#2474 = ORIENTED_EDGE('',*,*,#2434,.F.);
#2475 = ORIENTED_EDGE('',*,*,#1830,.F.);
#2476 = PLANE('',#2477);
#2477 = AXIS2_PLACEMENT_3D('',#2478,#2479,#2480);
#2478 = CARTESIAN_POINT('',(1.27,-1.016,0.));
#2479 = DIRECTION('',(-1.,0.,0.));
#2480 = DIRECTION('',(0.,1.,0.));
#2481 = ADVANCED_FACE('',(#2482),#2493,.F.);
#2482 = FACE_BOUND('',#2483,.F.);
#2483 = EDGE_LOOP('',(#2484,#2485,#2486,#2492));
#2484 = ORIENTED_EDGE('',*,*,#2453,.T.);
#2485 = ORIENTED_EDGE('',*,*,#2033,.T.);
#2486 = ORIENTED_EDGE('',*,*,#2487,.F.);
#2487 = EDGE_CURVE('',#1623,#2034,#2488,.T.);
#2488 = LINE('',#2489,#2490);
#2489 = CARTESIAN_POINT('',(-1.27,-1.524,0.));
#2490 = VECTOR('',#2491,1.);
#2491 = DIRECTION('',(0.,0.,1.));
#2492 = ORIENTED_EDGE('',*,*,#1622,.F.);
#2493 = PLANE('',#2494);
#2494 = AXIS2_PLACEMENT_3D('',#2495,#2496,#2497);
#2495 = CARTESIAN_POINT('',(-1.016,-1.27,0.));
#2496 = DIRECTION('',(0.707106781187,-0.707106781187,0.));
#2497 = DIRECTION('',(-0.707106781187,-0.707106781187,0.));
#2498 = ADVANCED_FACE('',(#2499),#2510,.F.);
#2499 = FACE_BOUND('',#2500,.F.);
#2500 = EDGE_LOOP('',(#2501,#2507,#2508,#2509));
#2501 = ORIENTED_EDGE('',*,*,#2502,.T.);
#2502 = EDGE_CURVE('',#1815,#2226,#2503,.T.);
#2503 = LINE('',#2504,#2505);
#2504 = CARTESIAN_POINT('',(1.016,-1.27,0.));
#2505 = VECTOR('',#2506,1.);
#2506 = DIRECTION('',(0.,0.,1.));
#2507 = ORIENTED_EDGE('',*,*,#2233,.T.);
#2508 = ORIENTED_EDGE('',*,*,#2468,.F.);
#2509 = ORIENTED_EDGE('',*,*,#1822,.F.);
#2510 = PLANE('',#2511);
#2511 = AXIS2_PLACEMENT_3D('',#2512,#2513,#2514);
#2512 = CARTESIAN_POINT('',(1.016,-1.27,0.));
#2513 = DIRECTION('',(-0.707106781187,0.707106781187,0.));
#2514 = DIRECTION('',(0.707106781187,0.707106781187,0.));
#2515 = ADVANCED_FACE('',(#2516),#2527,.F.);
#2516 = FACE_BOUND('',#2517,.F.);
#2517 = EDGE_LOOP('',(#2518,#2519,#2520,#2526));
#2518 = ORIENTED_EDGE('',*,*,#2487,.T.);
#2519 = ORIENTED_EDGE('',*,*,#2041,.T.);
#2520 = ORIENTED_EDGE('',*,*,#2521,.F.);
#2521 = EDGE_CURVE('',#1631,#2042,#2522,.T.);
#2522 = LINE('',#2523,#2524);
#2523 = CARTESIAN_POINT('',(-1.27,-3.556,0.));
#2524 = VECTOR('',#2525,1.);
#2525 = DIRECTION('',(0.,0.,1.));
#2526 = ORIENTED_EDGE('',*,*,#1630,.F.);
#2527 = PLANE('',#2528);
#2528 = AXIS2_PLACEMENT_3D('',#2529,#2530,#2531);
#2529 = CARTESIAN_POINT('',(-1.27,-1.524,0.));
#2530 = DIRECTION('',(1.,0.,0.));
#2531 = DIRECTION('',(0.,-1.,0.));
#2532 = ADVANCED_FACE('',(#2533),#2544,.F.);
#2533 = FACE_BOUND('',#2534,.F.);
#2534 = EDGE_LOOP('',(#2535,#2541,#2542,#2543));
#2535 = ORIENTED_EDGE('',*,*,#2536,.T.);
#2536 = EDGE_CURVE('',#1807,#2218,#2537,.T.);
#2537 = LINE('',#2538,#2539);
#2538 = CARTESIAN_POINT('',(1.27,-1.524,0.));
#2539 = VECTOR('',#2540,1.);
#2540 = DIRECTION('',(0.,0.,1.));
#2541 = ORIENTED_EDGE('',*,*,#2225,.T.);
#2542 = ORIENTED_EDGE('',*,*,#2502,.F.);
#2543 = ORIENTED_EDGE('',*,*,#1814,.F.);
#2544 = PLANE('',#2545);
#2545 = AXIS2_PLACEMENT_3D('',#2546,#2547,#2548);
#2546 = CARTESIAN_POINT('',(1.27,-1.524,0.));
#2547 = DIRECTION('',(-0.707106781187,-0.707106781187,0.));
#2548 = DIRECTION('',(-0.707106781187,0.707106781187,0.));
#2549 = ADVANCED_FACE('',(#2550),#2561,.F.);
#2550 = FACE_BOUND('',#2551,.F.);
#2551 = EDGE_LOOP('',(#2552,#2553,#2554,#2560));
#2552 = ORIENTED_EDGE('',*,*,#2521,.T.);
#2553 = ORIENTED_EDGE('',*,*,#2049,.T.);
#2554 = ORIENTED_EDGE('',*,*,#2555,.F.);
#2555 = EDGE_CURVE('',#1639,#2050,#2556,.T.);
#2556 = LINE('',#2557,#2558);
#2557 = CARTESIAN_POINT('',(-1.016,-3.81,0.));
#2558 = VECTOR('',#2559,1.);
#2559 = DIRECTION('',(0.,0.,1.));
#2560 = ORIENTED_EDGE('',*,*,#1638,.F.);
#2561 = PLANE('',#2562);
#2562 = AXIS2_PLACEMENT_3D('',#2563,#2564,#2565);
#2563 = CARTESIAN_POINT('',(-1.27,-3.556,0.));
#2564 = DIRECTION('',(0.707106781187,0.707106781187,0.));
#2565 = DIRECTION('',(0.707106781187,-0.707106781187,0.));
#2566 = ADVANCED_FACE('',(#2567),#2578,.F.);
#2567 = FACE_BOUND('',#2568,.F.);
#2568 = EDGE_LOOP('',(#2569,#2575,#2576,#2577));
#2569 = ORIENTED_EDGE('',*,*,#2570,.T.);
#2570 = EDGE_CURVE('',#1799,#2210,#2571,.T.);
#2571 = LINE('',#2572,#2573);
#2572 = CARTESIAN_POINT('',(1.27,-3.556,0.));
#2573 = VECTOR('',#2574,1.);
#2574 = DIRECTION('',(0.,0.,1.));
#2575 = ORIENTED_EDGE('',*,*,#2217,.T.);
#2576 = ORIENTED_EDGE('',*,*,#2536,.F.);
#2577 = ORIENTED_EDGE('',*,*,#1806,.F.);
#2578 = PLANE('',#2579);
#2579 = AXIS2_PLACEMENT_3D('',#2580,#2581,#2582);
#2580 = CARTESIAN_POINT('',(1.27,-3.556,0.));
#2581 = DIRECTION('',(-1.,0.,0.));
#2582 = DIRECTION('',(0.,1.,0.));
#2583 = ADVANCED_FACE('',(#2584),#2595,.F.);
#2584 = FACE_BOUND('',#2585,.F.);
#2585 = EDGE_LOOP('',(#2586,#2587,#2588,#2594));
#2586 = ORIENTED_EDGE('',*,*,#2555,.T.);
#2587 = ORIENTED_EDGE('',*,*,#2057,.T.);
#2588 = ORIENTED_EDGE('',*,*,#2589,.F.);
#2589 = EDGE_CURVE('',#1647,#2058,#2590,.T.);
#2590 = LINE('',#2591,#2592);
#2591 = CARTESIAN_POINT('',(-1.27,-4.064,0.));
#2592 = VECTOR('',#2593,1.);
#2593 = DIRECTION('',(0.,0.,1.));
#2594 = ORIENTED_EDGE('',*,*,#1646,.F.);
#2595 = PLANE('',#2596);
#2596 = AXIS2_PLACEMENT_3D('',#2597,#2598,#2599);
#2597 = CARTESIAN_POINT('',(-1.016,-3.81,0.));
#2598 = DIRECTION('',(0.707106781187,-0.707106781187,0.));
#2599 = DIRECTION('',(-0.707106781187,-0.707106781187,0.));
#2600 = ADVANCED_FACE('',(#2601),#2612,.F.);
#2601 = FACE_BOUND('',#2602,.F.);
#2602 = EDGE_LOOP('',(#2603,#2609,#2610,#2611));
#2603 = ORIENTED_EDGE('',*,*,#2604,.T.);
#2604 = EDGE_CURVE('',#1791,#2202,#2605,.T.);
#2605 = LINE('',#2606,#2607);
#2606 = CARTESIAN_POINT('',(1.016,-3.81,0.));
#2607 = VECTOR('',#2608,1.);
#2608 = DIRECTION('',(0.,0.,1.));
#2609 = ORIENTED_EDGE('',*,*,#2209,.T.);
#2610 = ORIENTED_EDGE('',*,*,#2570,.F.);
#2611 = ORIENTED_EDGE('',*,*,#1798,.F.);
#2612 = PLANE('',#2613);
#2613 = AXIS2_PLACEMENT_3D('',#2614,#2615,#2616);
#2614 = CARTESIAN_POINT('',(1.016,-3.81,0.));
#2615 = DIRECTION('',(-0.707106781187,0.707106781187,0.));
#2616 = DIRECTION('',(0.707106781187,0.707106781187,0.));
#2617 = ADVANCED_FACE('',(#2618),#2629,.F.);
#2618 = FACE_BOUND('',#2619,.F.);
#2619 = EDGE_LOOP('',(#2620,#2621,#2622,#2628));
#2620 = ORIENTED_EDGE('',*,*,#2589,.T.);
#2621 = ORIENTED_EDGE('',*,*,#2065,.T.);
#2622 = ORIENTED_EDGE('',*,*,#2623,.F.);
#2623 = EDGE_CURVE('',#1655,#2066,#2624,.T.);
#2624 = LINE('',#2625,#2626);
#2625 = CARTESIAN_POINT('',(-1.27,-6.096,0.));
#2626 = VECTOR('',#2627,1.);
#2627 = DIRECTION('',(0.,0.,1.));
#2628 = ORIENTED_EDGE('',*,*,#1654,.F.);
#2629 = PLANE('',#2630);
#2630 = AXIS2_PLACEMENT_3D('',#2631,#2632,#2633);
#2631 = CARTESIAN_POINT('',(-1.27,-4.064,0.));
#2632 = DIRECTION('',(1.,0.,0.));
#2633 = DIRECTION('',(0.,-1.,0.));
#2634 = ADVANCED_FACE('',(#2635),#2646,.F.);
#2635 = FACE_BOUND('',#2636,.F.);
#2636 = EDGE_LOOP('',(#2637,#2643,#2644,#2645));
#2637 = ORIENTED_EDGE('',*,*,#2638,.T.);
#2638 = EDGE_CURVE('',#1783,#2194,#2639,.T.);
#2639 = LINE('',#2640,#2641);
#2640 = CARTESIAN_POINT('',(1.27,-4.064,0.));
#2641 = VECTOR('',#2642,1.);
#2642 = DIRECTION('',(0.,0.,1.));
#2643 = ORIENTED_EDGE('',*,*,#2201,.T.);
#2644 = ORIENTED_EDGE('',*,*,#2604,.F.);
#2645 = ORIENTED_EDGE('',*,*,#1790,.F.);
#2646 = PLANE('',#2647);
#2647 = AXIS2_PLACEMENT_3D('',#2648,#2649,#2650);
#2648 = CARTESIAN_POINT('',(1.27,-4.064,0.));
#2649 = DIRECTION('',(-0.707106781187,-0.707106781187,0.));
#2650 = DIRECTION('',(-0.707106781187,0.707106781187,0.));
#2651 = ADVANCED_FACE('',(#2652),#2663,.F.);
#2652 = FACE_BOUND('',#2653,.F.);
#2653 = EDGE_LOOP('',(#2654,#2655,#2656,#2662));
#2654 = ORIENTED_EDGE('',*,*,#2623,.T.);
#2655 = ORIENTED_EDGE('',*,*,#2073,.T.);
#2656 = ORIENTED_EDGE('',*,*,#2657,.F.);
#2657 = EDGE_CURVE('',#1663,#2074,#2658,.T.);
#2658 = LINE('',#2659,#2660);
#2659 = CARTESIAN_POINT('',(-1.016,-6.35,0.));
#2660 = VECTOR('',#2661,1.);
#2661 = DIRECTION('',(0.,0.,1.));
#2662 = ORIENTED_EDGE('',*,*,#1662,.F.);
#2663 = PLANE('',#2664);
#2664 = AXIS2_PLACEMENT_3D('',#2665,#2666,#2667);
#2665 = CARTESIAN_POINT('',(-1.27,-6.096,0.));
#2666 = DIRECTION('',(0.707106781187,0.707106781187,0.));
#2667 = DIRECTION('',(0.707106781187,-0.707106781187,0.));
#2668 = ADVANCED_FACE('',(#2669),#2680,.F.);
#2669 = FACE_BOUND('',#2670,.F.);
#2670 = EDGE_LOOP('',(#2671,#2677,#2678,#2679));
#2671 = ORIENTED_EDGE('',*,*,#2672,.T.);
#2672 = EDGE_CURVE('',#1775,#2186,#2673,.T.);
#2673 = LINE('',#2674,#2675);
#2674 = CARTESIAN_POINT('',(1.27,-6.096,0.));
#2675 = VECTOR('',#2676,1.);
#2676 = DIRECTION('',(0.,0.,1.));
#2677 = ORIENTED_EDGE('',*,*,#2193,.T.);
#2678 = ORIENTED_EDGE('',*,*,#2638,.F.);
#2679 = ORIENTED_EDGE('',*,*,#1782,.F.);
#2680 = PLANE('',#2681);
#2681 = AXIS2_PLACEMENT_3D('',#2682,#2683,#2684);
#2682 = CARTESIAN_POINT('',(1.27,-6.096,0.));
#2683 = DIRECTION('',(-1.,0.,0.));
#2684 = DIRECTION('',(0.,1.,0.));
#2685 = ADVANCED_FACE('',(#2686),#2697,.F.);
#2686 = FACE_BOUND('',#2687,.F.);
#2687 = EDGE_LOOP('',(#2688,#2689,#2690,#2696));
#2688 = ORIENTED_EDGE('',*,*,#2657,.T.);
#2689 = ORIENTED_EDGE('',*,*,#2081,.T.);
#2690 = ORIENTED_EDGE('',*,*,#2691,.F.);
#2691 = EDGE_CURVE('',#1671,#2082,#2692,.T.);
#2692 = LINE('',#2693,#2694);
#2693 = CARTESIAN_POINT('',(-1.27,-6.604,0.));
#2694 = VECTOR('',#2695,1.);
#2695 = DIRECTION('',(0.,0.,1.));
#2696 = ORIENTED_EDGE('',*,*,#1670,.F.);
#2697 = PLANE('',#2698);
#2698 = AXIS2_PLACEMENT_3D('',#2699,#2700,#2701);
#2699 = CARTESIAN_POINT('',(-1.016,-6.35,0.));
#2700 = DIRECTION('',(0.707106781187,-0.707106781187,0.));
#2701 = DIRECTION('',(-0.707106781187,-0.707106781187,0.));
#2702 = ADVANCED_FACE('',(#2703),#2714,.F.);
#2703 = FACE_BOUND('',#2704,.F.);
#2704 = EDGE_LOOP('',(#2705,#2711,#2712,#2713));
#2705 = ORIENTED_EDGE('',*,*,#2706,.T.);
#2706 = EDGE_CURVE('',#1767,#2178,#2707,.T.);
#2707 = LINE('',#2708,#2709);
#2708 = CARTESIAN_POINT('',(1.016,-6.35,0.));
#2709 = VECTOR('',#2710,1.);
#2710 = DIRECTION('',(0.,0.,1.));
#2711 = ORIENTED_EDGE('',*,*,#2185,.T.);
#2712 = ORIENTED_EDGE('',*,*,#2672,.F.);
#2713 = ORIENTED_EDGE('',*,*,#1774,.F.);
#2714 = PLANE('',#2715);
#2715 = AXIS2_PLACEMENT_3D('',#2716,#2717,#2718);
#2716 = CARTESIAN_POINT('',(1.016,-6.35,0.));
#2717 = DIRECTION('',(-0.707106781187,0.707106781187,0.));
#2718 = DIRECTION('',(0.707106781187,0.707106781187,0.));
#2719 = ADVANCED_FACE('',(#2720),#2731,.F.);
#2720 = FACE_BOUND('',#2721,.F.);
#2721 = EDGE_LOOP('',(#2722,#2723,#2724,#2730));
#2722 = ORIENTED_EDGE('',*,*,#2691,.T.);
#2723 = ORIENTED_EDGE('',*,*,#2089,.T.);
#2724 = ORIENTED_EDGE('',*,*,#2725,.F.);
#2725 = EDGE_CURVE('',#1679,#2090,#2726,.T.);
#2726 = LINE('',#2727,#2728);
#2727 = CARTESIAN_POINT('',(-1.27,-8.636,0.));
#2728 = VECTOR('',#2729,1.);
#2729 = DIRECTION('',(0.,0.,1.));
#2730 = ORIENTED_EDGE('',*,*,#1678,.F.);
#2731 = PLANE('',#2732);
#2732 = AXIS2_PLACEMENT_3D('',#2733,#2734,#2735);
#2733 = CARTESIAN_POINT('',(-1.27,-6.604,0.));
#2734 = DIRECTION('',(1.,0.,0.));
#2735 = DIRECTION('',(0.,-1.,0.));
#2736 = ADVANCED_FACE('',(#2737),#2748,.F.);
#2737 = FACE_BOUND('',#2738,.F.);
#2738 = EDGE_LOOP('',(#2739,#2745,#2746,#2747));
#2739 = ORIENTED_EDGE('',*,*,#2740,.T.);
#2740 = EDGE_CURVE('',#1759,#2170,#2741,.T.);
#2741 = LINE('',#2742,#2743);
#2742 = CARTESIAN_POINT('',(1.27,-6.604,0.));
#2743 = VECTOR('',#2744,1.);
#2744 = DIRECTION('',(0.,0.,1.));
#2745 = ORIENTED_EDGE('',*,*,#2177,.T.);
#2746 = ORIENTED_EDGE('',*,*,#2706,.F.);
#2747 = ORIENTED_EDGE('',*,*,#1766,.F.);
#2748 = PLANE('',#2749);
#2749 = AXIS2_PLACEMENT_3D('',#2750,#2751,#2752);
#2750 = CARTESIAN_POINT('',(1.27,-6.604,0.));
#2751 = DIRECTION('',(-0.707106781187,-0.707106781187,0.));
#2752 = DIRECTION('',(-0.707106781187,0.707106781187,0.));
#2753 = ADVANCED_FACE('',(#2754),#2765,.F.);
#2754 = FACE_BOUND('',#2755,.F.);
#2755 = EDGE_LOOP('',(#2756,#2757,#2758,#2764));
#2756 = ORIENTED_EDGE('',*,*,#2725,.T.);
#2757 = ORIENTED_EDGE('',*,*,#2097,.T.);
#2758 = ORIENTED_EDGE('',*,*,#2759,.F.);
#2759 = EDGE_CURVE('',#1687,#2098,#2760,.T.);
#2760 = LINE('',#2761,#2762);
#2761 = CARTESIAN_POINT('',(-1.016,-8.89,0.));
#2762 = VECTOR('',#2763,1.);
#2763 = DIRECTION('',(0.,0.,1.));
#2764 = ORIENTED_EDGE('',*,*,#1686,.F.);
#2765 = PLANE('',#2766);
#2766 = AXIS2_PLACEMENT_3D('',#2767,#2768,#2769);
#2767 = CARTESIAN_POINT('',(-1.27,-8.636,0.));
#2768 = DIRECTION('',(0.707106781187,0.707106781187,0.));
#2769 = DIRECTION('',(0.707106781187,-0.707106781187,0.));
#2770 = ADVANCED_FACE('',(#2771),#2782,.F.);
#2771 = FACE_BOUND('',#2772,.F.);
#2772 = EDGE_LOOP('',(#2773,#2779,#2780,#2781));
#2773 = ORIENTED_EDGE('',*,*,#2774,.T.);
#2774 = EDGE_CURVE('',#1751,#2162,#2775,.T.);
#2775 = LINE('',#2776,#2777);
#2776 = CARTESIAN_POINT('',(1.27,-8.636,0.));
#2777 = VECTOR('',#2778,1.);
#2778 = DIRECTION('',(0.,0.,1.));
#2779 = ORIENTED_EDGE('',*,*,#2169,.T.);
#2780 = ORIENTED_EDGE('',*,*,#2740,.F.);
#2781 = ORIENTED_EDGE('',*,*,#1758,.F.);
#2782 = PLANE('',#2783);
#2783 = AXIS2_PLACEMENT_3D('',#2784,#2785,#2786);
#2784 = CARTESIAN_POINT('',(1.27,-8.636,0.));
#2785 = DIRECTION('',(-1.,0.,0.));
#2786 = DIRECTION('',(0.,1.,0.));
#2787 = ADVANCED_FACE('',(#2788),#2799,.F.);
#2788 = FACE_BOUND('',#2789,.F.);
#2789 = EDGE_LOOP('',(#2790,#2791,#2792,#2798));
#2790 = ORIENTED_EDGE('',*,*,#2759,.T.);
#2791 = ORIENTED_EDGE('',*,*,#2105,.T.);
#2792 = ORIENTED_EDGE('',*,*,#2793,.F.);
#2793 = EDGE_CURVE('',#1695,#2106,#2794,.T.);
#2794 = LINE('',#2795,#2796);
#2795 = CARTESIAN_POINT('',(-1.27,-9.144,0.));
#2796 = VECTOR('',#2797,1.);
#2797 = DIRECTION('',(0.,0.,1.));
#2798 = ORIENTED_EDGE('',*,*,#1694,.F.);
#2799 = PLANE('',#2800);
#2800 = AXIS2_PLACEMENT_3D('',#2801,#2802,#2803);
#2801 = CARTESIAN_POINT('',(-1.016,-8.89,0.));
#2802 = DIRECTION('',(0.707106781187,-0.707106781187,0.));
#2803 = DIRECTION('',(-0.707106781187,-0.707106781187,0.));
#2804 = ADVANCED_FACE('',(#2805),#2816,.F.);
#2805 = FACE_BOUND('',#2806,.F.);
#2806 = EDGE_LOOP('',(#2807,#2813,#2814,#2815));
#2807 = ORIENTED_EDGE('',*,*,#2808,.T.);
#2808 = EDGE_CURVE('',#1743,#2154,#2809,.T.);
#2809 = LINE('',#2810,#2811);
#2810 = CARTESIAN_POINT('',(1.016,-8.89,0.));
#2811 = VECTOR('',#2812,1.);
#2812 = DIRECTION('',(0.,0.,1.));
#2813 = ORIENTED_EDGE('',*,*,#2161,.T.);
#2814 = ORIENTED_EDGE('',*,*,#2774,.F.);
#2815 = ORIENTED_EDGE('',*,*,#1750,.F.);
#2816 = PLANE('',#2817);
#2817 = AXIS2_PLACEMENT_3D('',#2818,#2819,#2820);
#2818 = CARTESIAN_POINT('',(1.016,-8.89,0.));
#2819 = DIRECTION('',(-0.707106781187,0.707106781187,0.));
#2820 = DIRECTION('',(0.707106781187,0.707106781187,0.));
#2821 = ADVANCED_FACE('',(#2822),#2833,.F.);
#2822 = FACE_BOUND('',#2823,.F.);
#2823 = EDGE_LOOP('',(#2824,#2825,#2826,#2832));
#2824 = ORIENTED_EDGE('',*,*,#2793,.T.);
#2825 = ORIENTED_EDGE('',*,*,#2113,.T.);
#2826 = ORIENTED_EDGE('',*,*,#2827,.F.);
#2827 = EDGE_CURVE('',#1703,#2114,#2828,.T.);
#2828 = LINE('',#2829,#2830);
#2829 = CARTESIAN_POINT('',(-1.27,-11.176,0.));
#2830 = VECTOR('',#2831,1.);
#2831 = DIRECTION('',(0.,0.,1.));
#2832 = ORIENTED_EDGE('',*,*,#1702,.F.);
#2833 = PLANE('',#2834);
#2834 = AXIS2_PLACEMENT_3D('',#2835,#2836,#2837);
#2835 = CARTESIAN_POINT('',(-1.27,-9.144,0.));
#2836 = DIRECTION('',(1.,0.,0.));
#2837 = DIRECTION('',(0.,-1.,0.));
#2838 = ADVANCED_FACE('',(#2839),#2850,.F.);
#2839 = FACE_BOUND('',#2840,.F.);
#2840 = EDGE_LOOP('',(#2841,#2847,#2848,#2849));
#2841 = ORIENTED_EDGE('',*,*,#2842,.T.);
#2842 = EDGE_CURVE('',#1735,#2146,#2843,.T.);
#2843 = LINE('',#2844,#2845);
#2844 = CARTESIAN_POINT('',(1.27,-9.144,0.));
#2845 = VECTOR('',#2846,1.);
#2846 = DIRECTION('',(0.,0.,1.));
#2847 = ORIENTED_EDGE('',*,*,#2153,.T.);
#2848 = ORIENTED_EDGE('',*,*,#2808,.F.);
#2849 = ORIENTED_EDGE('',*,*,#1742,.F.);
#2850 = PLANE('',#2851);
#2851 = AXIS2_PLACEMENT_3D('',#2852,#2853,#2854);
#2852 = CARTESIAN_POINT('',(1.27,-9.144,0.));
#2853 = DIRECTION('',(-0.707106781187,-0.707106781187,0.));
#2854 = DIRECTION('',(-0.707106781187,0.707106781187,0.));
#2855 = ADVANCED_FACE('',(#2856),#2867,.F.);
#2856 = FACE_BOUND('',#2857,.F.);
#2857 = EDGE_LOOP('',(#2858,#2859,#2860,#2866));
#2858 = ORIENTED_EDGE('',*,*,#2827,.T.);
#2859 = ORIENTED_EDGE('',*,*,#2121,.T.);
#2860 = ORIENTED_EDGE('',*,*,#2861,.F.);
#2861 = EDGE_CURVE('',#1711,#2122,#2862,.T.);
#2862 = LINE('',#2863,#2864);
#2863 = CARTESIAN_POINT('',(-1.016,-11.43,0.));
#2864 = VECTOR('',#2865,1.);
#2865 = DIRECTION('',(0.,0.,1.));
#2866 = ORIENTED_EDGE('',*,*,#1710,.F.);
#2867 = PLANE('',#2868);
#2868 = AXIS2_PLACEMENT_3D('',#2869,#2870,#2871);
#2869 = CARTESIAN_POINT('',(-1.27,-11.176,0.));
#2870 = DIRECTION('',(0.707106781187,0.707106781187,0.));
#2871 = DIRECTION('',(0.707106781187,-0.707106781187,0.));
#2872 = ADVANCED_FACE('',(#2873),#2884,.F.);
#2873 = FACE_BOUND('',#2874,.F.);
#2874 = EDGE_LOOP('',(#2875,#2881,#2882,#2883));
#2875 = ORIENTED_EDGE('',*,*,#2876,.T.);
#2876 = EDGE_CURVE('',#1727,#2138,#2877,.T.);
#2877 = LINE('',#2878,#2879);
#2878 = CARTESIAN_POINT('',(1.27,-11.176,0.));
#2879 = VECTOR('',#2880,1.);
#2880 = DIRECTION('',(0.,0.,1.));
#2881 = ORIENTED_EDGE('',*,*,#2145,.T.);
#2882 = ORIENTED_EDGE('',*,*,#2842,.F.);
#2883 = ORIENTED_EDGE('',*,*,#1734,.F.);
#2884 = PLANE('',#2885);
#2885 = AXIS2_PLACEMENT_3D('',#2886,#2887,#2888);
#2886 = CARTESIAN_POINT('',(1.27,-11.176,0.));
#2887 = DIRECTION('',(-1.,0.,0.));
#2888 = DIRECTION('',(0.,1.,0.));
#2889 = ADVANCED_FACE('',(#2890),#2901,.F.);
#2890 = FACE_BOUND('',#2891,.F.);
#2891 = EDGE_LOOP('',(#2892,#2893,#2894,#2900));
#2892 = ORIENTED_EDGE('',*,*,#2861,.T.);
#2893 = ORIENTED_EDGE('',*,*,#2129,.T.);
#2894 = ORIENTED_EDGE('',*,*,#2895,.F.);
#2895 = EDGE_CURVE('',#1719,#2130,#2896,.T.);
#2896 = LINE('',#2897,#2898);
#2897 = CARTESIAN_POINT('',(1.016,-11.43,0.));
#2898 = VECTOR('',#2899,1.);
#2899 = DIRECTION('',(0.,0.,1.));
#2900 = ORIENTED_EDGE('',*,*,#1718,.F.);
#2901 = PLANE('',#2902);
#2902 = AXIS2_PLACEMENT_3D('',#2903,#2904,#2905);
#2903 = CARTESIAN_POINT('',(-1.016,-11.43,0.));
#2904 = DIRECTION('',(0.,1.,0.));
#2905 = DIRECTION('',(1.,0.,0.));
#2906 = ADVANCED_FACE('',(#2907),#2913,.F.);
#2907 = FACE_BOUND('',#2908,.F.);
#2908 = EDGE_LOOP('',(#2909,#2910,#2911,#2912));
#2909 = ORIENTED_EDGE('',*,*,#2895,.T.);
#2910 = ORIENTED_EDGE('',*,*,#2137,.T.);
#2911 = ORIENTED_EDGE('',*,*,#2876,.F.);
#2912 = ORIENTED_EDGE('',*,*,#1726,.F.);
#2913 = PLANE('',#2914);
#2914 = AXIS2_PLACEMENT_3D('',#2915,#2916,#2917);
#2915 = CARTESIAN_POINT('',(1.016,-11.43,0.));
#2916 = DIRECTION('',(-0.707106781187,0.707106781187,0.));
#2917 = DIRECTION('',(0.707106781187,0.707106781187,0.));
#2918 = ADVANCED_FACE('',(#2919),#2944,.T.);
#2919 = FACE_BOUND('',#2920,.T.);
#2920 = EDGE_LOOP('',(#2921,#2929,#2937,#2943));
#2921 = ORIENTED_EDGE('',*,*,#2922,.F.);
#2922 = EDGE_CURVE('',#2923,#1848,#2925,.T.);
#2923 = VERTEX_POINT('',#2924);
#2924 = CARTESIAN_POINT('',(0.32,-0.32,-2.84));
#2925 = LINE('',#2926,#2927);
#2926 = CARTESIAN_POINT('',(0.32,-0.32,-3.));
#2927 = VECTOR('',#2928,1.);
#2928 = DIRECTION('',(0.,0.,1.));
#2929 = ORIENTED_EDGE('',*,*,#2930,.T.);
#2930 = EDGE_CURVE('',#2923,#2931,#2933,.T.);
#2931 = VERTEX_POINT('',#2932);
#2932 = CARTESIAN_POINT('',(0.32,0.32,-2.84));
#2933 = LINE('',#2934,#2935);
#2934 = CARTESIAN_POINT('',(0.32,-0.32,-2.84));
#2935 = VECTOR('',#2936,1.);
#2936 = DIRECTION('',(0.,1.,0.));
#2937 = ORIENTED_EDGE('',*,*,#2938,.T.);
#2938 = EDGE_CURVE('',#2931,#1850,#2939,.T.);
#2939 = LINE('',#2940,#2941);
#2940 = CARTESIAN_POINT('',(0.32,0.32,-3.));
#2941 = VECTOR('',#2942,1.);
#2942 = DIRECTION('',(0.,0.,1.));
#2943 = ORIENTED_EDGE('',*,*,#1847,.F.);
#2944 = PLANE('',#2945);
#2945 = AXIS2_PLACEMENT_3D('',#2946,#2947,#2948);
#2946 = CARTESIAN_POINT('',(0.32,-0.32,-3.));
#2947 = DIRECTION('',(1.,0.,0.));
#2948 = DIRECTION('',(0.,0.,1.));
#2949 = ADVANCED_FACE('',(#2950),#2968,.T.);
#2950 = FACE_BOUND('',#2951,.T.);
#2951 = EDGE_LOOP('',(#2952,#2953,#2961,#2967));
#2952 = ORIENTED_EDGE('',*,*,#2938,.F.);
#2953 = ORIENTED_EDGE('',*,*,#2954,.F.);
#2954 = EDGE_CURVE('',#2955,#2931,#2957,.T.);
#2955 = VERTEX_POINT('',#2956);
#2956 = CARTESIAN_POINT('',(-0.32,0.32,-2.84));
#2957 = LINE('',#2958,#2959);
#2958 = CARTESIAN_POINT('',(-0.32,0.32,-2.84));
#2959 = VECTOR('',#2960,1.);
#2960 = DIRECTION('',(1.,0.,0.));
#2961 = ORIENTED_EDGE('',*,*,#2962,.T.);
#2962 = EDGE_CURVE('',#2955,#1866,#2963,.T.);
#2963 = LINE('',#2964,#2965);
#2964 = CARTESIAN_POINT('',(-0.32,0.32,-3.));
#2965 = VECTOR('',#2966,1.);
#2966 = DIRECTION('',(0.,0.,1.));
#2967 = ORIENTED_EDGE('',*,*,#1873,.F.);
#2968 = PLANE('',#2969);
#2969 = AXIS2_PLACEMENT_3D('',#2970,#2971,#2972);
#2970 = CARTESIAN_POINT('',(-0.32,0.32,-3.));
#2971 = DIRECTION('',(0.,1.,0.));
#2972 = DIRECTION('',(0.,-0.,1.));
#2973 = ADVANCED_FACE('',(#2974),#2992,.F.);
#2974 = FACE_BOUND('',#2975,.F.);
#2975 = EDGE_LOOP('',(#2976,#2984,#2990,#2991));
#2976 = ORIENTED_EDGE('',*,*,#2977,.F.);
#2977 = EDGE_CURVE('',#2978,#1858,#2980,.T.);
#2978 = VERTEX_POINT('',#2979);
#2979 = CARTESIAN_POINT('',(-0.32,-0.32,-2.84));
#2980 = LINE('',#2981,#2982);
#2981 = CARTESIAN_POINT('',(-0.32,-0.32,-3.));
#2982 = VECTOR('',#2983,1.);
#2983 = DIRECTION('',(0.,0.,1.));
#2984 = ORIENTED_EDGE('',*,*,#2985,.T.);
#2985 = EDGE_CURVE('',#2978,#2955,#2986,.T.);
#2986 = LINE('',#2987,#2988);
#2987 = CARTESIAN_POINT('',(-0.32,-0.32,-2.84));
#2988 = VECTOR('',#2989,1.);
#2989 = DIRECTION('',(0.,1.,0.));
#2990 = ORIENTED_EDGE('',*,*,#2962,.T.);
#2991 = ORIENTED_EDGE('',*,*,#1865,.F.);
#2992 = PLANE('',#2993);
#2993 = AXIS2_PLACEMENT_3D('',#2994,#2995,#2996);
#2994 = CARTESIAN_POINT('',(-0.32,-0.32,-3.));
#2995 = DIRECTION('',(1.,0.,0.));
#2996 = DIRECTION('',(0.,0.,1.));
#2997 = ADVANCED_FACE('',(#2998),#3009,.F.);
#2998 = FACE_BOUND('',#2999,.F.);
#2999 = EDGE_LOOP('',(#3000,#3001,#3007,#3008));
#3000 = ORIENTED_EDGE('',*,*,#2922,.F.);
#3001 = ORIENTED_EDGE('',*,*,#3002,.F.);
#3002 = EDGE_CURVE('',#2978,#2923,#3003,.T.);
#3003 = LINE('',#3004,#3005);
#3004 = CARTESIAN_POINT('',(-0.32,-0.32,-2.84));
#3005 = VECTOR('',#3006,1.);
#3006 = DIRECTION('',(1.,0.,0.));
#3007 = ORIENTED_EDGE('',*,*,#2977,.T.);
#3008 = ORIENTED_EDGE('',*,*,#1857,.F.);
#3009 = PLANE('',#3010);
#3010 = AXIS2_PLACEMENT_3D('',#3011,#3012,#3013);
#3011 = CARTESIAN_POINT('',(-0.32,-0.32,-3.));
#3012 = DIRECTION('',(0.,1.,0.));
#3013 = DIRECTION('',(0.,-0.,1.));
#3014 = ADVANCED_FACE('',(#3015),#3040,.T.);
#3015 = FACE_BOUND('',#3016,.T.);
#3016 = EDGE_LOOP('',(#3017,#3025,#3033,#3039));
#3017 = ORIENTED_EDGE('',*,*,#3018,.F.);
#3018 = EDGE_CURVE('',#3019,#1882,#3021,.T.);
#3019 = VERTEX_POINT('',#3020);
#3020 = CARTESIAN_POINT('',(0.32,-2.22,-2.84));
#3021 = LINE('',#3022,#3023);
#3022 = CARTESIAN_POINT('',(0.32,-2.22,-3.));
#3023 = VECTOR('',#3024,1.);
#3024 = DIRECTION('',(0.,0.,1.));
#3025 = ORIENTED_EDGE('',*,*,#3026,.F.);
#3026 = EDGE_CURVE('',#3027,#3019,#3029,.T.);
#3027 = VERTEX_POINT('',#3028);
#3028 = CARTESIAN_POINT('',(-0.32,-2.22,-2.84));
#3029 = LINE('',#3030,#3031);
#3030 = CARTESIAN_POINT('',(-0.32,-2.22,-2.84));
#3031 = VECTOR('',#3032,1.);
#3032 = DIRECTION('',(1.,0.,0.));
#3033 = ORIENTED_EDGE('',*,*,#3034,.T.);
#3034 = EDGE_CURVE('',#3027,#1884,#3035,.T.);
#3035 = LINE('',#3036,#3037);
#3036 = CARTESIAN_POINT('',(-0.32,-2.22,-3.));
#3037 = VECTOR('',#3038,1.);
#3038 = DIRECTION('',(0.,0.,1.));
#3039 = ORIENTED_EDGE('',*,*,#1881,.F.);
#3040 = PLANE('',#3041);
#3041 = AXIS2_PLACEMENT_3D('',#3042,#3043,#3044);
#3042 = CARTESIAN_POINT('',(-0.32,-2.22,-3.));
#3043 = DIRECTION('',(0.,1.,0.));
#3044 = DIRECTION('',(0.,-0.,1.));
#3045 = ADVANCED_FACE('',(#3046),#3064,.F.);
#3046 = FACE_BOUND('',#3047,.F.);
#3047 = EDGE_LOOP('',(#3048,#3056,#3062,#3063));
#3048 = ORIENTED_EDGE('',*,*,#3049,.F.);
#3049 = EDGE_CURVE('',#3050,#1900,#3052,.T.);
#3050 = VERTEX_POINT('',#3051);
#3051 = CARTESIAN_POINT('',(-0.32,-2.86,-2.84));
#3052 = LINE('',#3053,#3054);
#3053 = CARTESIAN_POINT('',(-0.32,-2.86,-3.));
#3054 = VECTOR('',#3055,1.);
#3055 = DIRECTION('',(0.,0.,1.));
#3056 = ORIENTED_EDGE('',*,*,#3057,.T.);
#3057 = EDGE_CURVE('',#3050,#3027,#3058,.T.);
#3058 = LINE('',#3059,#3060);
#3059 = CARTESIAN_POINT('',(-0.32,-2.86,-2.84));
#3060 = VECTOR('',#3061,1.);
#3061 = DIRECTION('',(0.,1.,0.));
#3062 = ORIENTED_EDGE('',*,*,#3034,.T.);
#3063 = ORIENTED_EDGE('',*,*,#1907,.F.);
#3064 = PLANE('',#3065);
#3065 = AXIS2_PLACEMENT_3D('',#3066,#3067,#3068);
#3066 = CARTESIAN_POINT('',(-0.32,-2.86,-3.));
#3067 = DIRECTION('',(1.,0.,0.));
#3068 = DIRECTION('',(0.,0.,1.));
#3069 = ADVANCED_FACE('',(#3070),#3088,.F.);
#3070 = FACE_BOUND('',#3071,.F.);
#3071 = EDGE_LOOP('',(#3072,#3080,#3086,#3087));
#3072 = ORIENTED_EDGE('',*,*,#3073,.F.);
#3073 = EDGE_CURVE('',#3074,#1892,#3076,.T.);
#3074 = VERTEX_POINT('',#3075);
#3075 = CARTESIAN_POINT('',(0.32,-2.86,-2.84));
#3076 = LINE('',#3077,#3078);
#3077 = CARTESIAN_POINT('',(0.32,-2.86,-3.));
#3078 = VECTOR('',#3079,1.);
#3079 = DIRECTION('',(0.,0.,1.));
#3080 = ORIENTED_EDGE('',*,*,#3081,.F.);
#3081 = EDGE_CURVE('',#3050,#3074,#3082,.T.);
#3082 = LINE('',#3083,#3084);
#3083 = CARTESIAN_POINT('',(-0.32,-2.86,-2.84));
#3084 = VECTOR('',#3085,1.);
#3085 = DIRECTION('',(1.,0.,0.));
#3086 = ORIENTED_EDGE('',*,*,#3049,.T.);
#3087 = ORIENTED_EDGE('',*,*,#1899,.F.);
#3088 = PLANE('',#3089);
#3089 = AXIS2_PLACEMENT_3D('',#3090,#3091,#3092);
#3090 = CARTESIAN_POINT('',(-0.32,-2.86,-3.));
#3091 = DIRECTION('',(0.,1.,0.));
#3092 = DIRECTION('',(0.,-0.,1.));
#3093 = ADVANCED_FACE('',(#3094),#3105,.T.);
#3094 = FACE_BOUND('',#3095,.T.);
#3095 = EDGE_LOOP('',(#3096,#3097,#3103,#3104));
#3096 = ORIENTED_EDGE('',*,*,#3073,.F.);
#3097 = ORIENTED_EDGE('',*,*,#3098,.T.);
#3098 = EDGE_CURVE('',#3074,#3019,#3099,.T.);
#3099 = LINE('',#3100,#3101);
#3100 = CARTESIAN_POINT('',(0.32,-2.86,-2.84));
#3101 = VECTOR('',#3102,1.);
#3102 = DIRECTION('',(0.,1.,0.));
#3103 = ORIENTED_EDGE('',*,*,#3018,.T.);
#3104 = ORIENTED_EDGE('',*,*,#1891,.F.);
#3105 = PLANE('',#3106);
#3106 = AXIS2_PLACEMENT_3D('',#3107,#3108,#3109);
#3107 = CARTESIAN_POINT('',(0.32,-2.86,-3.));
#3108 = DIRECTION('',(1.,0.,0.));
#3109 = DIRECTION('',(0.,0.,1.));
#3110 = ADVANCED_FACE('',(#3111),#3136,.T.);
#3111 = FACE_BOUND('',#3112,.T.);
#3112 = EDGE_LOOP('',(#3113,#3121,#3129,#3135));
#3113 = ORIENTED_EDGE('',*,*,#3114,.F.);
#3114 = EDGE_CURVE('',#3115,#1916,#3117,.T.);
#3115 = VERTEX_POINT('',#3116);
#3116 = CARTESIAN_POINT('',(0.32,-4.76,-2.84));
#3117 = LINE('',#3118,#3119);
#3118 = CARTESIAN_POINT('',(0.32,-4.76,-3.));
#3119 = VECTOR('',#3120,1.);
#3120 = DIRECTION('',(0.,0.,1.));
#3121 = ORIENTED_EDGE('',*,*,#3122,.F.);
#3122 = EDGE_CURVE('',#3123,#3115,#3125,.T.);
#3123 = VERTEX_POINT('',#3124);
#3124 = CARTESIAN_POINT('',(-0.32,-4.76,-2.84));
#3125 = LINE('',#3126,#3127);
#3126 = CARTESIAN_POINT('',(-0.32,-4.76,-2.84));
#3127 = VECTOR('',#3128,1.);
#3128 = DIRECTION('',(1.,0.,0.));
#3129 = ORIENTED_EDGE('',*,*,#3130,.T.);
#3130 = EDGE_CURVE('',#3123,#1918,#3131,.T.);
#3131 = LINE('',#3132,#3133);
#3132 = CARTESIAN_POINT('',(-0.32,-4.76,-3.));
#3133 = VECTOR('',#3134,1.);
#3134 = DIRECTION('',(0.,0.,1.));
#3135 = ORIENTED_EDGE('',*,*,#1915,.F.);
#3136 = PLANE('',#3137);
#3137 = AXIS2_PLACEMENT_3D('',#3138,#3139,#3140);
#3138 = CARTESIAN_POINT('',(-0.32,-4.76,-3.));
#3139 = DIRECTION('',(0.,1.,0.));
#3140 = DIRECTION('',(0.,-0.,1.));
#3141 = ADVANCED_FACE('',(#3142),#3160,.F.);
#3142 = FACE_BOUND('',#3143,.F.);
#3143 = EDGE_LOOP('',(#3144,#3152,#3158,#3159));
#3144 = ORIENTED_EDGE('',*,*,#3145,.F.);
#3145 = EDGE_CURVE('',#3146,#1934,#3148,.T.);
#3146 = VERTEX_POINT('',#3147);
#3147 = CARTESIAN_POINT('',(-0.32,-5.4,-2.84));
#3148 = LINE('',#3149,#3150);
#3149 = CARTESIAN_POINT('',(-0.32,-5.4,-3.));
#3150 = VECTOR('',#3151,1.);
#3151 = DIRECTION('',(0.,0.,1.));
#3152 = ORIENTED_EDGE('',*,*,#3153,.T.);
#3153 = EDGE_CURVE('',#3146,#3123,#3154,.T.);
#3154 = LINE('',#3155,#3156);
#3155 = CARTESIAN_POINT('',(-0.32,-5.4,-2.84));
#3156 = VECTOR('',#3157,1.);
#3157 = DIRECTION('',(0.,1.,0.));
#3158 = ORIENTED_EDGE('',*,*,#3130,.T.);
#3159 = ORIENTED_EDGE('',*,*,#1941,.F.);
#3160 = PLANE('',#3161);
#3161 = AXIS2_PLACEMENT_3D('',#3162,#3163,#3164);
#3162 = CARTESIAN_POINT('',(-0.32,-5.4,-3.));
#3163 = DIRECTION('',(1.,0.,0.));
#3164 = DIRECTION('',(0.,0.,1.));
#3165 = ADVANCED_FACE('',(#3166),#3184,.F.);
#3166 = FACE_BOUND('',#3167,.F.);
#3167 = EDGE_LOOP('',(#3168,#3176,#3182,#3183));
#3168 = ORIENTED_EDGE('',*,*,#3169,.F.);
#3169 = EDGE_CURVE('',#3170,#1926,#3172,.T.);
#3170 = VERTEX_POINT('',#3171);
#3171 = CARTESIAN_POINT('',(0.32,-5.4,-2.84));
#3172 = LINE('',#3173,#3174);
#3173 = CARTESIAN_POINT('',(0.32,-5.4,-3.));
#3174 = VECTOR('',#3175,1.);
#3175 = DIRECTION('',(0.,0.,1.));
#3176 = ORIENTED_EDGE('',*,*,#3177,.F.);
#3177 = EDGE_CURVE('',#3146,#3170,#3178,.T.);
#3178 = LINE('',#3179,#3180);
#3179 = CARTESIAN_POINT('',(-0.32,-5.4,-2.84));
#3180 = VECTOR('',#3181,1.);
#3181 = DIRECTION('',(1.,0.,0.));
#3182 = ORIENTED_EDGE('',*,*,#3145,.T.);
#3183 = ORIENTED_EDGE('',*,*,#1933,.F.);
#3184 = PLANE('',#3185);
#3185 = AXIS2_PLACEMENT_3D('',#3186,#3187,#3188);
#3186 = CARTESIAN_POINT('',(-0.32,-5.4,-3.));
#3187 = DIRECTION('',(0.,1.,0.));
#3188 = DIRECTION('',(0.,-0.,1.));
#3189 = ADVANCED_FACE('',(#3190),#3201,.T.);
#3190 = FACE_BOUND('',#3191,.T.);
#3191 = EDGE_LOOP('',(#3192,#3193,#3199,#3200));
#3192 = ORIENTED_EDGE('',*,*,#3169,.F.);
#3193 = ORIENTED_EDGE('',*,*,#3194,.T.);
#3194 = EDGE_CURVE('',#3170,#3115,#3195,.T.);
#3195 = LINE('',#3196,#3197);
#3196 = CARTESIAN_POINT('',(0.32,-5.4,-2.84));
#3197 = VECTOR('',#3198,1.);
#3198 = DIRECTION('',(0.,1.,0.));
#3199 = ORIENTED_EDGE('',*,*,#3114,.T.);
#3200 = ORIENTED_EDGE('',*,*,#1925,.F.);
#3201 = PLANE('',#3202);
#3202 = AXIS2_PLACEMENT_3D('',#3203,#3204,#3205);
#3203 = CARTESIAN_POINT('',(0.32,-5.4,-3.));
#3204 = DIRECTION('',(1.,0.,0.));
#3205 = DIRECTION('',(0.,0.,1.));
#3206 = ADVANCED_FACE('',(#3207),#3232,.T.);
#3207 = FACE_BOUND('',#3208,.T.);
#3208 = EDGE_LOOP('',(#3209,#3217,#3225,#3231));
#3209 = ORIENTED_EDGE('',*,*,#3210,.F.);
#3210 = EDGE_CURVE('',#3211,#1950,#3213,.T.);
#3211 = VERTEX_POINT('',#3212);
#3212 = CARTESIAN_POINT('',(0.32,-9.84,-2.84));
#3213 = LINE('',#3214,#3215);
#3214 = CARTESIAN_POINT('',(0.32,-9.84,-3.));
#3215 = VECTOR('',#3216,1.);
#3216 = DIRECTION('',(0.,0.,1.));
#3217 = ORIENTED_EDGE('',*,*,#3218,.F.);
#3218 = EDGE_CURVE('',#3219,#3211,#3221,.T.);
#3219 = VERTEX_POINT('',#3220);
#3220 = CARTESIAN_POINT('',(-0.32,-9.84,-2.84));
#3221 = LINE('',#3222,#3223);
#3222 = CARTESIAN_POINT('',(-0.32,-9.84,-2.84));
#3223 = VECTOR('',#3224,1.);
#3224 = DIRECTION('',(1.,0.,0.));
#3225 = ORIENTED_EDGE('',*,*,#3226,.T.);
#3226 = EDGE_CURVE('',#3219,#1952,#3227,.T.);
#3227 = LINE('',#3228,#3229);
#3228 = CARTESIAN_POINT('',(-0.32,-9.84,-3.));
#3229 = VECTOR('',#3230,1.);
#3230 = DIRECTION('',(0.,0.,1.));
#3231 = ORIENTED_EDGE('',*,*,#1949,.F.);
#3232 = PLANE('',#3233);
#3233 = AXIS2_PLACEMENT_3D('',#3234,#3235,#3236);
#3234 = CARTESIAN_POINT('',(-0.32,-9.84,-3.));
#3235 = DIRECTION('',(0.,1.,0.));
#3236 = DIRECTION('',(0.,-0.,1.));
#3237 = ADVANCED_FACE('',(#3238),#3256,.F.);
#3238 = FACE_BOUND('',#3239,.F.);
#3239 = EDGE_LOOP('',(#3240,#3248,#3254,#3255));
#3240 = ORIENTED_EDGE('',*,*,#3241,.F.);
#3241 = EDGE_CURVE('',#3242,#1968,#3244,.T.);
#3242 = VERTEX_POINT('',#3243);
#3243 = CARTESIAN_POINT('',(-0.32,-10.48,-2.84));
#3244 = LINE('',#3245,#3246);
#3245 = CARTESIAN_POINT('',(-0.32,-10.48,-3.));
#3246 = VECTOR('',#3247,1.);
#3247 = DIRECTION('',(0.,0.,1.));
#3248 = ORIENTED_EDGE('',*,*,#3249,.T.);
#3249 = EDGE_CURVE('',#3242,#3219,#3250,.T.);
#3250 = LINE('',#3251,#3252);
#3251 = CARTESIAN_POINT('',(-0.32,-10.48,-2.84));
#3252 = VECTOR('',#3253,1.);
#3253 = DIRECTION('',(0.,1.,0.));
#3254 = ORIENTED_EDGE('',*,*,#3226,.T.);
#3255 = ORIENTED_EDGE('',*,*,#1975,.F.);
#3256 = PLANE('',#3257);
#3257 = AXIS2_PLACEMENT_3D('',#3258,#3259,#3260);
#3258 = CARTESIAN_POINT('',(-0.32,-10.48,-3.));
#3259 = DIRECTION('',(1.,0.,0.));
#3260 = DIRECTION('',(0.,0.,1.));
#3261 = ADVANCED_FACE('',(#3262),#3280,.F.);
#3262 = FACE_BOUND('',#3263,.F.);
#3263 = EDGE_LOOP('',(#3264,#3272,#3278,#3279));
#3264 = ORIENTED_EDGE('',*,*,#3265,.F.);
#3265 = EDGE_CURVE('',#3266,#1960,#3268,.T.);
#3266 = VERTEX_POINT('',#3267);
#3267 = CARTESIAN_POINT('',(0.32,-10.48,-2.84));
#3268 = LINE('',#3269,#3270);
#3269 = CARTESIAN_POINT('',(0.32,-10.48,-3.));
#3270 = VECTOR('',#3271,1.);
#3271 = DIRECTION('',(0.,0.,1.));
#3272 = ORIENTED_EDGE('',*,*,#3273,.F.);
#3273 = EDGE_CURVE('',#3242,#3266,#3274,.T.);
#3274 = LINE('',#3275,#3276);
#3275 = CARTESIAN_POINT('',(-0.32,-10.48,-2.84));
#3276 = VECTOR('',#3277,1.);
#3277 = DIRECTION('',(1.,0.,0.));
#3278 = ORIENTED_EDGE('',*,*,#3241,.T.);
#3279 = ORIENTED_EDGE('',*,*,#1967,.F.);
#3280 = PLANE('',#3281);
#3281 = AXIS2_PLACEMENT_3D('',#3282,#3283,#3284);
#3282 = CARTESIAN_POINT('',(-0.32,-10.48,-3.));
#3283 = DIRECTION('',(0.,1.,0.));
#3284 = DIRECTION('',(0.,-0.,1.));
#3285 = ADVANCED_FACE('',(#3286),#3297,.T.);
#3286 = FACE_BOUND('',#3287,.T.);
#3287 = EDGE_LOOP('',(#3288,#3289,#3295,#3296));
#3288 = ORIENTED_EDGE('',*,*,#3265,.F.);
#3289 = ORIENTED_EDGE('',*,*,#3290,.T.);
#3290 = EDGE_CURVE('',#3266,#3211,#3291,.T.);
#3291 = LINE('',#3292,#3293);
#3292 = CARTESIAN_POINT('',(0.32,-10.48,-2.84));
#3293 = VECTOR('',#3294,1.);
#3294 = DIRECTION('',(0.,1.,0.));
#3295 = ORIENTED_EDGE('',*,*,#3210,.T.);
#3296 = ORIENTED_EDGE('',*,*,#1959,.F.);
#3297 = PLANE('',#3298);
#3298 = AXIS2_PLACEMENT_3D('',#3299,#3300,#3301);
#3299 = CARTESIAN_POINT('',(0.32,-10.48,-3.));
#3300 = DIRECTION('',(1.,0.,0.));
#3301 = DIRECTION('',(0.,0.,1.));
#3302 = ADVANCED_FACE('',(#3303),#3328,.F.);
#3303 = FACE_BOUND('',#3304,.F.);
#3304 = EDGE_LOOP('',(#3305,#3313,#3321,#3327));
#3305 = ORIENTED_EDGE('',*,*,#3306,.F.);
#3306 = EDGE_CURVE('',#3307,#1984,#3309,.T.);
#3307 = VERTEX_POINT('',#3308);
#3308 = CARTESIAN_POINT('',(0.32,-7.94,-2.84));
#3309 = LINE('',#3310,#3311);
#3310 = CARTESIAN_POINT('',(0.32,-7.94,-3.));
#3311 = VECTOR('',#3312,1.);
#3312 = DIRECTION('',(0.,0.,1.));
#3313 = ORIENTED_EDGE('',*,*,#3314,.F.);
#3314 = EDGE_CURVE('',#3315,#3307,#3317,.T.);
#3315 = VERTEX_POINT('',#3316);
#3316 = CARTESIAN_POINT('',(-0.32,-7.94,-2.84));
#3317 = LINE('',#3318,#3319);
#3318 = CARTESIAN_POINT('',(-0.32,-7.94,-2.84));
#3319 = VECTOR('',#3320,1.);
#3320 = DIRECTION('',(1.,0.,0.));
#3321 = ORIENTED_EDGE('',*,*,#3322,.T.);
#3322 = EDGE_CURVE('',#3315,#1986,#3323,.T.);
#3323 = LINE('',#3324,#3325);
#3324 = CARTESIAN_POINT('',(-0.32,-7.94,-3.));
#3325 = VECTOR('',#3326,1.);
#3326 = DIRECTION('',(0.,0.,1.));
#3327 = ORIENTED_EDGE('',*,*,#1983,.F.);
#3328 = PLANE('',#3329);
#3329 = AXIS2_PLACEMENT_3D('',#3330,#3331,#3332);
#3330 = CARTESIAN_POINT('',(-0.32,-7.94,-3.));
#3331 = DIRECTION('',(0.,1.,0.));
#3332 = DIRECTION('',(0.,-0.,1.));
#3333 = ADVANCED_FACE('',(#3334),#3352,.T.);
#3334 = FACE_BOUND('',#3335,.T.);
#3335 = EDGE_LOOP('',(#3336,#3337,#3345,#3351));
#3336 = ORIENTED_EDGE('',*,*,#3306,.F.);
#3337 = ORIENTED_EDGE('',*,*,#3338,.T.);
#3338 = EDGE_CURVE('',#3307,#3339,#3341,.T.);
#3339 = VERTEX_POINT('',#3340);
#3340 = CARTESIAN_POINT('',(0.32,-7.3,-2.84));
#3341 = LINE('',#3342,#3343);
#3342 = CARTESIAN_POINT('',(0.32,-7.94,-2.84));
#3343 = VECTOR('',#3344,1.);
#3344 = DIRECTION('',(0.,1.,0.));
#3345 = ORIENTED_EDGE('',*,*,#3346,.T.);
#3346 = EDGE_CURVE('',#3339,#2002,#3347,.T.);
#3347 = LINE('',#3348,#3349);
#3348 = CARTESIAN_POINT('',(0.32,-7.3,-3.));
#3349 = VECTOR('',#3350,1.);
#3350 = DIRECTION('',(0.,0.,1.));
#3351 = ORIENTED_EDGE('',*,*,#2009,.F.);
#3352 = PLANE('',#3353);
#3353 = AXIS2_PLACEMENT_3D('',#3354,#3355,#3356);
#3354 = CARTESIAN_POINT('',(0.32,-7.94,-3.));
#3355 = DIRECTION('',(1.,0.,0.));
#3356 = DIRECTION('',(0.,0.,1.));
#3357 = ADVANCED_FACE('',(#3358),#3376,.T.);
#3358 = FACE_BOUND('',#3359,.T.);
#3359 = EDGE_LOOP('',(#3360,#3361,#3369,#3375));
#3360 = ORIENTED_EDGE('',*,*,#3346,.F.);
#3361 = ORIENTED_EDGE('',*,*,#3362,.F.);
#3362 = EDGE_CURVE('',#3363,#3339,#3365,.T.);
#3363 = VERTEX_POINT('',#3364);
#3364 = CARTESIAN_POINT('',(-0.32,-7.3,-2.84));
#3365 = LINE('',#3366,#3367);
#3366 = CARTESIAN_POINT('',(-0.32,-7.3,-2.84));
#3367 = VECTOR('',#3368,1.);
#3368 = DIRECTION('',(1.,0.,0.));
#3369 = ORIENTED_EDGE('',*,*,#3370,.T.);
#3370 = EDGE_CURVE('',#3363,#1994,#3371,.T.);
#3371 = LINE('',#3372,#3373);
#3372 = CARTESIAN_POINT('',(-0.32,-7.3,-3.));
#3373 = VECTOR('',#3374,1.);
#3374 = DIRECTION('',(0.,0.,1.));
#3375 = ORIENTED_EDGE('',*,*,#2001,.F.);
#3376 = PLANE('',#3377);
#3377 = AXIS2_PLACEMENT_3D('',#3378,#3379,#3380);
#3378 = CARTESIAN_POINT('',(-0.32,-7.3,-3.));
#3379 = DIRECTION('',(0.,1.,0.));
#3380 = DIRECTION('',(0.,-0.,1.));
#3381 = ADVANCED_FACE('',(#3382),#3393,.F.);
#3382 = FACE_BOUND('',#3383,.F.);
#3383 = EDGE_LOOP('',(#3384,#3385,#3391,#3392));
#3384 = ORIENTED_EDGE('',*,*,#3322,.F.);
#3385 = ORIENTED_EDGE('',*,*,#3386,.T.);
#3386 = EDGE_CURVE('',#3315,#3363,#3387,.T.);
#3387 = LINE('',#3388,#3389);
#3388 = CARTESIAN_POINT('',(-0.32,-7.94,-2.84));
#3389 = VECTOR('',#3390,1.);
#3390 = DIRECTION('',(0.,1.,0.));
#3391 = ORIENTED_EDGE('',*,*,#3370,.T.);
#3392 = ORIENTED_EDGE('',*,*,#1993,.F.);
#3393 = PLANE('',#3394);
#3394 = AXIS2_PLACEMENT_3D('',#3395,#3396,#3397);
#3395 = CARTESIAN_POINT('',(-0.32,-7.94,-3.));
#3396 = DIRECTION('',(1.,0.,0.));
#3397 = DIRECTION('',(0.,0.,1.));
#3398 = ADVANCED_FACE('',(#3399),#3424,.T.);
#3399 = FACE_BOUND('',#3400,.T.);
#3400 = EDGE_LOOP('',(#3401,#3409,#3410,#3418));
#3401 = ORIENTED_EDGE('',*,*,#3402,.F.);
#3402 = EDGE_CURVE('',#2259,#3403,#3405,.T.);
#3403 = VERTEX_POINT('',#3404);
#3404 = CARTESIAN_POINT('',(0.32,-0.32,8.38));
#3405 = LINE('',#3406,#3407);
#3406 = CARTESIAN_POINT('',(0.32,-0.32,-3.));
#3407 = VECTOR('',#3408,1.);
#3408 = DIRECTION('',(0.,0.,1.));
#3409 = ORIENTED_EDGE('',*,*,#2258,.T.);
#3410 = ORIENTED_EDGE('',*,*,#3411,.T.);
#3411 = EDGE_CURVE('',#2261,#3412,#3414,.T.);
#3412 = VERTEX_POINT('',#3413);
#3413 = CARTESIAN_POINT('',(0.32,0.32,8.38));
#3414 = LINE('',#3415,#3416);
#3415 = CARTESIAN_POINT('',(0.32,0.32,-3.));
#3416 = VECTOR('',#3417,1.);
#3417 = DIRECTION('',(0.,0.,1.));
#3418 = ORIENTED_EDGE('',*,*,#3419,.F.);
#3419 = EDGE_CURVE('',#3403,#3412,#3420,.T.);
#3420 = LINE('',#3421,#3422);
#3421 = CARTESIAN_POINT('',(0.32,-0.32,8.38));
#3422 = VECTOR('',#3423,1.);
#3423 = DIRECTION('',(0.,1.,0.));
#3424 = PLANE('',#3425);
#3425 = AXIS2_PLACEMENT_3D('',#3426,#3427,#3428);
#3426 = CARTESIAN_POINT('',(0.32,-0.32,-3.));
#3427 = DIRECTION('',(1.,0.,0.));
#3428 = DIRECTION('',(0.,0.,1.));
#3429 = ADVANCED_FACE('',(#3430),#3448,.T.);
#3430 = FACE_BOUND('',#3431,.T.);
#3431 = EDGE_LOOP('',(#3432,#3433,#3434,#3442));
#3432 = ORIENTED_EDGE('',*,*,#3411,.F.);
#3433 = ORIENTED_EDGE('',*,*,#2284,.T.);
#3434 = ORIENTED_EDGE('',*,*,#3435,.T.);
#3435 = EDGE_CURVE('',#2277,#3436,#3438,.T.);
#3436 = VERTEX_POINT('',#3437);
#3437 = CARTESIAN_POINT('',(-0.32,0.32,8.38));
#3438 = LINE('',#3439,#3440);
#3439 = CARTESIAN_POINT('',(-0.32,0.32,-3.));
#3440 = VECTOR('',#3441,1.);
#3441 = DIRECTION('',(0.,0.,1.));
#3442 = ORIENTED_EDGE('',*,*,#3443,.T.);
#3443 = EDGE_CURVE('',#3436,#3412,#3444,.T.);
#3444 = LINE('',#3445,#3446);
#3445 = CARTESIAN_POINT('',(-0.32,0.32,8.38));
#3446 = VECTOR('',#3447,1.);
#3447 = DIRECTION('',(1.,0.,0.));
#3448 = PLANE('',#3449);
#3449 = AXIS2_PLACEMENT_3D('',#3450,#3451,#3452);
#3450 = CARTESIAN_POINT('',(-0.32,0.32,-3.));
#3451 = DIRECTION('',(0.,1.,0.));
#3452 = DIRECTION('',(0.,-0.,1.));
#3453 = ADVANCED_FACE('',(#3454),#3472,.F.);
#3454 = FACE_BOUND('',#3455,.F.);
#3455 = EDGE_LOOP('',(#3456,#3464,#3465,#3466));
#3456 = ORIENTED_EDGE('',*,*,#3457,.F.);
#3457 = EDGE_CURVE('',#2269,#3458,#3460,.T.);
#3458 = VERTEX_POINT('',#3459);
#3459 = CARTESIAN_POINT('',(-0.32,-0.32,8.38));
#3460 = LINE('',#3461,#3462);
#3461 = CARTESIAN_POINT('',(-0.32,-0.32,-3.));
#3462 = VECTOR('',#3463,1.);
#3463 = DIRECTION('',(0.,0.,1.));
#3464 = ORIENTED_EDGE('',*,*,#2276,.T.);
#3465 = ORIENTED_EDGE('',*,*,#3435,.T.);
#3466 = ORIENTED_EDGE('',*,*,#3467,.F.);
#3467 = EDGE_CURVE('',#3458,#3436,#3468,.T.);
#3468 = LINE('',#3469,#3470);
#3469 = CARTESIAN_POINT('',(-0.32,-0.32,8.38));
#3470 = VECTOR('',#3471,1.);
#3471 = DIRECTION('',(0.,1.,0.));
#3472 = PLANE('',#3473);
#3473 = AXIS2_PLACEMENT_3D('',#3474,#3475,#3476);
#3474 = CARTESIAN_POINT('',(-0.32,-0.32,-3.));
#3475 = DIRECTION('',(1.,0.,0.));
#3476 = DIRECTION('',(0.,0.,1.));
#3477 = ADVANCED_FACE('',(#3478),#3489,.F.);
#3478 = FACE_BOUND('',#3479,.F.);
#3479 = EDGE_LOOP('',(#3480,#3481,#3482,#3483));
#3480 = ORIENTED_EDGE('',*,*,#3402,.F.);
#3481 = ORIENTED_EDGE('',*,*,#2268,.T.);
#3482 = ORIENTED_EDGE('',*,*,#3457,.T.);
#3483 = ORIENTED_EDGE('',*,*,#3484,.T.);
#3484 = EDGE_CURVE('',#3458,#3403,#3485,.T.);
#3485 = LINE('',#3486,#3487);
#3486 = CARTESIAN_POINT('',(-0.32,-0.32,8.38));
#3487 = VECTOR('',#3488,1.);
#3488 = DIRECTION('',(1.,0.,0.));
#3489 = PLANE('',#3490);
#3490 = AXIS2_PLACEMENT_3D('',#3491,#3492,#3493);
#3491 = CARTESIAN_POINT('',(-0.32,-0.32,-3.));
#3492 = DIRECTION('',(0.,1.,0.));
#3493 = DIRECTION('',(0.,-0.,1.));
#3494 = ADVANCED_FACE('',(#3495),#3520,.T.);
#3495 = FACE_BOUND('',#3496,.T.);
#3496 = EDGE_LOOP('',(#3497,#3505,#3506,#3514));
#3497 = ORIENTED_EDGE('',*,*,#3498,.F.);
#3498 = EDGE_CURVE('',#2293,#3499,#3501,.T.);
#3499 = VERTEX_POINT('',#3500);
#3500 = CARTESIAN_POINT('',(0.32,-2.22,8.38));
#3501 = LINE('',#3502,#3503);
#3502 = CARTESIAN_POINT('',(0.32,-2.22,-3.));
#3503 = VECTOR('',#3504,1.);
#3504 = DIRECTION('',(0.,0.,1.));
#3505 = ORIENTED_EDGE('',*,*,#2292,.T.);
#3506 = ORIENTED_EDGE('',*,*,#3507,.T.);
#3507 = EDGE_CURVE('',#2295,#3508,#3510,.T.);
#3508 = VERTEX_POINT('',#3509);
#3509 = CARTESIAN_POINT('',(-0.32,-2.22,8.38));
#3510 = LINE('',#3511,#3512);
#3511 = CARTESIAN_POINT('',(-0.32,-2.22,-3.));
#3512 = VECTOR('',#3513,1.);
#3513 = DIRECTION('',(0.,0.,1.));
#3514 = ORIENTED_EDGE('',*,*,#3515,.T.);
#3515 = EDGE_CURVE('',#3508,#3499,#3516,.T.);
#3516 = LINE('',#3517,#3518);
#3517 = CARTESIAN_POINT('',(-0.32,-2.22,8.38));
#3518 = VECTOR('',#3519,1.);
#3519 = DIRECTION('',(1.,0.,0.));
#3520 = PLANE('',#3521);
#3521 = AXIS2_PLACEMENT_3D('',#3522,#3523,#3524);
#3522 = CARTESIAN_POINT('',(-0.32,-2.22,-3.));
#3523 = DIRECTION('',(0.,1.,0.));
#3524 = DIRECTION('',(0.,-0.,1.));
#3525 = ADVANCED_FACE('',(#3526),#3544,.F.);
#3526 = FACE_BOUND('',#3527,.F.);
#3527 = EDGE_LOOP('',(#3528,#3536,#3537,#3538));
#3528 = ORIENTED_EDGE('',*,*,#3529,.F.);
#3529 = EDGE_CURVE('',#2311,#3530,#3532,.T.);
#3530 = VERTEX_POINT('',#3531);
#3531 = CARTESIAN_POINT('',(-0.32,-2.86,8.38));
#3532 = LINE('',#3533,#3534);
#3533 = CARTESIAN_POINT('',(-0.32,-2.86,-3.));
#3534 = VECTOR('',#3535,1.);
#3535 = DIRECTION('',(0.,0.,1.));
#3536 = ORIENTED_EDGE('',*,*,#2318,.T.);
#3537 = ORIENTED_EDGE('',*,*,#3507,.T.);
#3538 = ORIENTED_EDGE('',*,*,#3539,.F.);
#3539 = EDGE_CURVE('',#3530,#3508,#3540,.T.);
#3540 = LINE('',#3541,#3542);
#3541 = CARTESIAN_POINT('',(-0.32,-2.86,8.38));
#3542 = VECTOR('',#3543,1.);
#3543 = DIRECTION('',(0.,1.,0.));
#3544 = PLANE('',#3545);
#3545 = AXIS2_PLACEMENT_3D('',#3546,#3547,#3548);
#3546 = CARTESIAN_POINT('',(-0.32,-2.86,-3.));
#3547 = DIRECTION('',(1.,0.,0.));
#3548 = DIRECTION('',(0.,0.,1.));
#3549 = ADVANCED_FACE('',(#3550),#3568,.F.);
#3550 = FACE_BOUND('',#3551,.F.);
#3551 = EDGE_LOOP('',(#3552,#3560,#3561,#3562));
#3552 = ORIENTED_EDGE('',*,*,#3553,.F.);
#3553 = EDGE_CURVE('',#2303,#3554,#3556,.T.);
#3554 = VERTEX_POINT('',#3555);
#3555 = CARTESIAN_POINT('',(0.32,-2.86,8.38));
#3556 = LINE('',#3557,#3558);
#3557 = CARTESIAN_POINT('',(0.32,-2.86,-3.));
#3558 = VECTOR('',#3559,1.);
#3559 = DIRECTION('',(0.,0.,1.));
#3560 = ORIENTED_EDGE('',*,*,#2310,.T.);
#3561 = ORIENTED_EDGE('',*,*,#3529,.T.);
#3562 = ORIENTED_EDGE('',*,*,#3563,.T.);
#3563 = EDGE_CURVE('',#3530,#3554,#3564,.T.);
#3564 = LINE('',#3565,#3566);
#3565 = CARTESIAN_POINT('',(-0.32,-2.86,8.38));
#3566 = VECTOR('',#3567,1.);
#3567 = DIRECTION('',(1.,0.,0.));
#3568 = PLANE('',#3569);
#3569 = AXIS2_PLACEMENT_3D('',#3570,#3571,#3572);
#3570 = CARTESIAN_POINT('',(-0.32,-2.86,-3.));
#3571 = DIRECTION('',(0.,1.,0.));
#3572 = DIRECTION('',(0.,-0.,1.));
#3573 = ADVANCED_FACE('',(#3574),#3585,.T.);
#3574 = FACE_BOUND('',#3575,.T.);
#3575 = EDGE_LOOP('',(#3576,#3577,#3578,#3579));
#3576 = ORIENTED_EDGE('',*,*,#3553,.F.);
#3577 = ORIENTED_EDGE('',*,*,#2302,.T.);
#3578 = ORIENTED_EDGE('',*,*,#3498,.T.);
#3579 = ORIENTED_EDGE('',*,*,#3580,.F.);
#3580 = EDGE_CURVE('',#3554,#3499,#3581,.T.);
#3581 = LINE('',#3582,#3583);
#3582 = CARTESIAN_POINT('',(0.32,-2.86,8.38));
#3583 = VECTOR('',#3584,1.);
#3584 = DIRECTION('',(0.,1.,0.));
#3585 = PLANE('',#3586);
#3586 = AXIS2_PLACEMENT_3D('',#3587,#3588,#3589);
#3587 = CARTESIAN_POINT('',(0.32,-2.86,-3.));
#3588 = DIRECTION('',(1.,0.,0.));
#3589 = DIRECTION('',(0.,0.,1.));
#3590 = ADVANCED_FACE('',(#3591),#3616,.T.);
#3591 = FACE_BOUND('',#3592,.T.);
#3592 = EDGE_LOOP('',(#3593,#3601,#3602,#3610));
#3593 = ORIENTED_EDGE('',*,*,#3594,.F.);
#3594 = EDGE_CURVE('',#2327,#3595,#3597,.T.);
#3595 = VERTEX_POINT('',#3596);
#3596 = CARTESIAN_POINT('',(0.32,-4.76,8.38));
#3597 = LINE('',#3598,#3599);
#3598 = CARTESIAN_POINT('',(0.32,-4.76,-3.));
#3599 = VECTOR('',#3600,1.);
#3600 = DIRECTION('',(0.,0.,1.));
#3601 = ORIENTED_EDGE('',*,*,#2326,.T.);
#3602 = ORIENTED_EDGE('',*,*,#3603,.T.);
#3603 = EDGE_CURVE('',#2329,#3604,#3606,.T.);
#3604 = VERTEX_POINT('',#3605);
#3605 = CARTESIAN_POINT('',(-0.32,-4.76,8.38));
#3606 = LINE('',#3607,#3608);
#3607 = CARTESIAN_POINT('',(-0.32,-4.76,-3.));
#3608 = VECTOR('',#3609,1.);
#3609 = DIRECTION('',(0.,0.,1.));
#3610 = ORIENTED_EDGE('',*,*,#3611,.T.);
#3611 = EDGE_CURVE('',#3604,#3595,#3612,.T.);
#3612 = LINE('',#3613,#3614);
#3613 = CARTESIAN_POINT('',(-0.32,-4.76,8.38));
#3614 = VECTOR('',#3615,1.);
#3615 = DIRECTION('',(1.,0.,0.));
#3616 = PLANE('',#3617);
#3617 = AXIS2_PLACEMENT_3D('',#3618,#3619,#3620);
#3618 = CARTESIAN_POINT('',(-0.32,-4.76,-3.));
#3619 = DIRECTION('',(0.,1.,0.));
#3620 = DIRECTION('',(0.,-0.,1.));
#3621 = ADVANCED_FACE('',(#3622),#3640,.F.);
#3622 = FACE_BOUND('',#3623,.F.);
#3623 = EDGE_LOOP('',(#3624,#3632,#3633,#3634));
#3624 = ORIENTED_EDGE('',*,*,#3625,.F.);
#3625 = EDGE_CURVE('',#2345,#3626,#3628,.T.);
#3626 = VERTEX_POINT('',#3627);
#3627 = CARTESIAN_POINT('',(-0.32,-5.4,8.38));
#3628 = LINE('',#3629,#3630);
#3629 = CARTESIAN_POINT('',(-0.32,-5.4,-3.));
#3630 = VECTOR('',#3631,1.);
#3631 = DIRECTION('',(0.,0.,1.));
#3632 = ORIENTED_EDGE('',*,*,#2352,.T.);
#3633 = ORIENTED_EDGE('',*,*,#3603,.T.);
#3634 = ORIENTED_EDGE('',*,*,#3635,.F.);
#3635 = EDGE_CURVE('',#3626,#3604,#3636,.T.);
#3636 = LINE('',#3637,#3638);
#3637 = CARTESIAN_POINT('',(-0.32,-5.4,8.38));
#3638 = VECTOR('',#3639,1.);
#3639 = DIRECTION('',(0.,1.,0.));
#3640 = PLANE('',#3641);
#3641 = AXIS2_PLACEMENT_3D('',#3642,#3643,#3644);
#3642 = CARTESIAN_POINT('',(-0.32,-5.4,-3.));
#3643 = DIRECTION('',(1.,0.,0.));
#3644 = DIRECTION('',(0.,0.,1.));
#3645 = ADVANCED_FACE('',(#3646),#3664,.F.);
#3646 = FACE_BOUND('',#3647,.F.);
#3647 = EDGE_LOOP('',(#3648,#3656,#3657,#3658));
#3648 = ORIENTED_EDGE('',*,*,#3649,.F.);
#3649 = EDGE_CURVE('',#2337,#3650,#3652,.T.);
#3650 = VERTEX_POINT('',#3651);
#3651 = CARTESIAN_POINT('',(0.32,-5.4,8.38));
#3652 = LINE('',#3653,#3654);
#3653 = CARTESIAN_POINT('',(0.32,-5.4,-3.));
#3654 = VECTOR('',#3655,1.);
#3655 = DIRECTION('',(0.,0.,1.));
#3656 = ORIENTED_EDGE('',*,*,#2344,.T.);
#3657 = ORIENTED_EDGE('',*,*,#3625,.T.);
#3658 = ORIENTED_EDGE('',*,*,#3659,.T.);
#3659 = EDGE_CURVE('',#3626,#3650,#3660,.T.);
#3660 = LINE('',#3661,#3662);
#3661 = CARTESIAN_POINT('',(-0.32,-5.4,8.38));
#3662 = VECTOR('',#3663,1.);
#3663 = DIRECTION('',(1.,0.,0.));
#3664 = PLANE('',#3665);
#3665 = AXIS2_PLACEMENT_3D('',#3666,#3667,#3668);
#3666 = CARTESIAN_POINT('',(-0.32,-5.4,-3.));
#3667 = DIRECTION('',(0.,1.,0.));
#3668 = DIRECTION('',(0.,-0.,1.));
#3669 = ADVANCED_FACE('',(#3670),#3681,.T.);
#3670 = FACE_BOUND('',#3671,.T.);
#3671 = EDGE_LOOP('',(#3672,#3673,#3674,#3675));
#3672 = ORIENTED_EDGE('',*,*,#3649,.F.);
#3673 = ORIENTED_EDGE('',*,*,#2336,.T.);
#3674 = ORIENTED_EDGE('',*,*,#3594,.T.);
#3675 = ORIENTED_EDGE('',*,*,#3676,.F.);
#3676 = EDGE_CURVE('',#3650,#3595,#3677,.T.);
#3677 = LINE('',#3678,#3679);
#3678 = CARTESIAN_POINT('',(0.32,-5.4,8.38));
#3679 = VECTOR('',#3680,1.);
#3680 = DIRECTION('',(0.,1.,0.));
#3681 = PLANE('',#3682);
#3682 = AXIS2_PLACEMENT_3D('',#3683,#3684,#3685);
#3683 = CARTESIAN_POINT('',(0.32,-5.4,-3.));
#3684 = DIRECTION('',(1.,0.,0.));
#3685 = DIRECTION('',(0.,0.,1.));
#3686 = ADVANCED_FACE('',(#3687),#3712,.T.);
#3687 = FACE_BOUND('',#3688,.T.);
#3688 = EDGE_LOOP('',(#3689,#3697,#3698,#3706));
#3689 = ORIENTED_EDGE('',*,*,#3690,.F.);
#3690 = EDGE_CURVE('',#2361,#3691,#3693,.T.);
#3691 = VERTEX_POINT('',#3692);
#3692 = CARTESIAN_POINT('',(0.32,-9.84,8.38));
#3693 = LINE('',#3694,#3695);
#3694 = CARTESIAN_POINT('',(0.32,-9.84,-3.));
#3695 = VECTOR('',#3696,1.);
#3696 = DIRECTION('',(0.,0.,1.));
#3697 = ORIENTED_EDGE('',*,*,#2360,.T.);
#3698 = ORIENTED_EDGE('',*,*,#3699,.T.);
#3699 = EDGE_CURVE('',#2363,#3700,#3702,.T.);
#3700 = VERTEX_POINT('',#3701);
#3701 = CARTESIAN_POINT('',(-0.32,-9.84,8.38));
#3702 = LINE('',#3703,#3704);
#3703 = CARTESIAN_POINT('',(-0.32,-9.84,-3.));
#3704 = VECTOR('',#3705,1.);
#3705 = DIRECTION('',(0.,0.,1.));
#3706 = ORIENTED_EDGE('',*,*,#3707,.T.);
#3707 = EDGE_CURVE('',#3700,#3691,#3708,.T.);
#3708 = LINE('',#3709,#3710);
#3709 = CARTESIAN_POINT('',(-0.32,-9.84,8.38));
#3710 = VECTOR('',#3711,1.);
#3711 = DIRECTION('',(1.,0.,0.));
#3712 = PLANE('',#3713);
#3713 = AXIS2_PLACEMENT_3D('',#3714,#3715,#3716);
#3714 = CARTESIAN_POINT('',(-0.32,-9.84,-3.));
#3715 = DIRECTION('',(0.,1.,0.));
#3716 = DIRECTION('',(0.,-0.,1.));
#3717 = ADVANCED_FACE('',(#3718),#3736,.F.);
#3718 = FACE_BOUND('',#3719,.F.);
#3719 = EDGE_LOOP('',(#3720,#3728,#3729,#3730));
#3720 = ORIENTED_EDGE('',*,*,#3721,.F.);
#3721 = EDGE_CURVE('',#2379,#3722,#3724,.T.);
#3722 = VERTEX_POINT('',#3723);
#3723 = CARTESIAN_POINT('',(-0.32,-10.48,8.38));
#3724 = LINE('',#3725,#3726);
#3725 = CARTESIAN_POINT('',(-0.32,-10.48,-3.));
#3726 = VECTOR('',#3727,1.);
#3727 = DIRECTION('',(0.,0.,1.));
#3728 = ORIENTED_EDGE('',*,*,#2386,.T.);
#3729 = ORIENTED_EDGE('',*,*,#3699,.T.);
#3730 = ORIENTED_EDGE('',*,*,#3731,.F.);
#3731 = EDGE_CURVE('',#3722,#3700,#3732,.T.);
#3732 = LINE('',#3733,#3734);
#3733 = CARTESIAN_POINT('',(-0.32,-10.48,8.38));
#3734 = VECTOR('',#3735,1.);
#3735 = DIRECTION('',(0.,1.,0.));
#3736 = PLANE('',#3737);
#3737 = AXIS2_PLACEMENT_3D('',#3738,#3739,#3740);
#3738 = CARTESIAN_POINT('',(-0.32,-10.48,-3.));
#3739 = DIRECTION('',(1.,0.,0.));
#3740 = DIRECTION('',(0.,0.,1.));
#3741 = ADVANCED_FACE('',(#3742),#3760,.F.);
#3742 = FACE_BOUND('',#3743,.F.);
#3743 = EDGE_LOOP('',(#3744,#3752,#3753,#3754));
#3744 = ORIENTED_EDGE('',*,*,#3745,.F.);
#3745 = EDGE_CURVE('',#2371,#3746,#3748,.T.);
#3746 = VERTEX_POINT('',#3747);
#3747 = CARTESIAN_POINT('',(0.32,-10.48,8.38));
#3748 = LINE('',#3749,#3750);
#3749 = CARTESIAN_POINT('',(0.32,-10.48,-3.));
#3750 = VECTOR('',#3751,1.);
#3751 = DIRECTION('',(0.,0.,1.));
#3752 = ORIENTED_EDGE('',*,*,#2378,.T.);
#3753 = ORIENTED_EDGE('',*,*,#3721,.T.);
#3754 = ORIENTED_EDGE('',*,*,#3755,.T.);
#3755 = EDGE_CURVE('',#3722,#3746,#3756,.T.);
#3756 = LINE('',#3757,#3758);
#3757 = CARTESIAN_POINT('',(-0.32,-10.48,8.38));
#3758 = VECTOR('',#3759,1.);
#3759 = DIRECTION('',(1.,0.,0.));
#3760 = PLANE('',#3761);
#3761 = AXIS2_PLACEMENT_3D('',#3762,#3763,#3764);
#3762 = CARTESIAN_POINT('',(-0.32,-10.48,-3.));
#3763 = DIRECTION('',(0.,1.,0.));
#3764 = DIRECTION('',(0.,-0.,1.));
#3765 = ADVANCED_FACE('',(#3766),#3777,.T.);
#3766 = FACE_BOUND('',#3767,.T.);
#3767 = EDGE_LOOP('',(#3768,#3769,#3770,#3771));
#3768 = ORIENTED_EDGE('',*,*,#3745,.F.);
#3769 = ORIENTED_EDGE('',*,*,#2370,.T.);
#3770 = ORIENTED_EDGE('',*,*,#3690,.T.);
#3771 = ORIENTED_EDGE('',*,*,#3772,.F.);
#3772 = EDGE_CURVE('',#3746,#3691,#3773,.T.);
#3773 = LINE('',#3774,#3775);
#3774 = CARTESIAN_POINT('',(0.32,-10.48,8.38));
#3775 = VECTOR('',#3776,1.);
#3776 = DIRECTION('',(0.,1.,0.));
#3777 = PLANE('',#3778);
#3778 = AXIS2_PLACEMENT_3D('',#3779,#3780,#3781);
#3779 = CARTESIAN_POINT('',(0.32,-10.48,-3.));
#3780 = DIRECTION('',(1.,0.,0.));
#3781 = DIRECTION('',(0.,0.,1.));
#3782 = ADVANCED_FACE('',(#3783),#3808,.F.);
#3783 = FACE_BOUND('',#3784,.F.);
#3784 = EDGE_LOOP('',(#3785,#3793,#3794,#3802));
#3785 = ORIENTED_EDGE('',*,*,#3786,.F.);
#3786 = EDGE_CURVE('',#2395,#3787,#3789,.T.);
#3787 = VERTEX_POINT('',#3788);
#3788 = CARTESIAN_POINT('',(0.32,-7.94,8.38));
#3789 = LINE('',#3790,#3791);
#3790 = CARTESIAN_POINT('',(0.32,-7.94,-3.));
#3791 = VECTOR('',#3792,1.);
#3792 = DIRECTION('',(0.,0.,1.));
#3793 = ORIENTED_EDGE('',*,*,#2394,.T.);
#3794 = ORIENTED_EDGE('',*,*,#3795,.T.);
#3795 = EDGE_CURVE('',#2397,#3796,#3798,.T.);
#3796 = VERTEX_POINT('',#3797);
#3797 = CARTESIAN_POINT('',(-0.32,-7.94,8.38));
#3798 = LINE('',#3799,#3800);
#3799 = CARTESIAN_POINT('',(-0.32,-7.94,-3.));
#3800 = VECTOR('',#3801,1.);
#3801 = DIRECTION('',(0.,0.,1.));
#3802 = ORIENTED_EDGE('',*,*,#3803,.T.);
#3803 = EDGE_CURVE('',#3796,#3787,#3804,.T.);
#3804 = LINE('',#3805,#3806);
#3805 = CARTESIAN_POINT('',(-0.32,-7.94,8.38));
#3806 = VECTOR('',#3807,1.);
#3807 = DIRECTION('',(1.,0.,0.));
#3808 = PLANE('',#3809);
#3809 = AXIS2_PLACEMENT_3D('',#3810,#3811,#3812);
#3810 = CARTESIAN_POINT('',(-0.32,-7.94,-3.));
#3811 = DIRECTION('',(0.,1.,0.));
#3812 = DIRECTION('',(0.,-0.,1.));
#3813 = ADVANCED_FACE('',(#3814),#3832,.T.);
#3814 = FACE_BOUND('',#3815,.T.);
#3815 = EDGE_LOOP('',(#3816,#3817,#3818,#3826));
#3816 = ORIENTED_EDGE('',*,*,#3786,.F.);
#3817 = ORIENTED_EDGE('',*,*,#2420,.T.);
#3818 = ORIENTED_EDGE('',*,*,#3819,.T.);
#3819 = EDGE_CURVE('',#2413,#3820,#3822,.T.);
#3820 = VERTEX_POINT('',#3821);
#3821 = CARTESIAN_POINT('',(0.32,-7.3,8.38));
#3822 = LINE('',#3823,#3824);
#3823 = CARTESIAN_POINT('',(0.32,-7.3,-3.));
#3824 = VECTOR('',#3825,1.);
#3825 = DIRECTION('',(0.,0.,1.));
#3826 = ORIENTED_EDGE('',*,*,#3827,.F.);
#3827 = EDGE_CURVE('',#3787,#3820,#3828,.T.);
#3828 = LINE('',#3829,#3830);
#3829 = CARTESIAN_POINT('',(0.32,-7.94,8.38));
#3830 = VECTOR('',#3831,1.);
#3831 = DIRECTION('',(0.,1.,0.));
#3832 = PLANE('',#3833);
#3833 = AXIS2_PLACEMENT_3D('',#3834,#3835,#3836);
#3834 = CARTESIAN_POINT('',(0.32,-7.94,-3.));
#3835 = DIRECTION('',(1.,0.,0.));
#3836 = DIRECTION('',(0.,0.,1.));
#3837 = ADVANCED_FACE('',(#3838),#3856,.T.);
#3838 = FACE_BOUND('',#3839,.T.);
#3839 = EDGE_LOOP('',(#3840,#3841,#3842,#3850));
#3840 = ORIENTED_EDGE('',*,*,#3819,.F.);
#3841 = ORIENTED_EDGE('',*,*,#2412,.T.);
#3842 = ORIENTED_EDGE('',*,*,#3843,.T.);
#3843 = EDGE_CURVE('',#2405,#3844,#3846,.T.);
#3844 = VERTEX_POINT('',#3845);
#3845 = CARTESIAN_POINT('',(-0.32,-7.3,8.38));
#3846 = LINE('',#3847,#3848);
#3847 = CARTESIAN_POINT('',(-0.32,-7.3,-3.));
#3848 = VECTOR('',#3849,1.);
#3849 = DIRECTION('',(0.,0.,1.));
#3850 = ORIENTED_EDGE('',*,*,#3851,.T.);
#3851 = EDGE_CURVE('',#3844,#3820,#3852,.T.);
#3852 = LINE('',#3853,#3854);
#3853 = CARTESIAN_POINT('',(-0.32,-7.3,8.38));
#3854 = VECTOR('',#3855,1.);
#3855 = DIRECTION('',(1.,0.,0.));
#3856 = PLANE('',#3857);
#3857 = AXIS2_PLACEMENT_3D('',#3858,#3859,#3860);
#3858 = CARTESIAN_POINT('',(-0.32,-7.3,-3.));
#3859 = DIRECTION('',(0.,1.,0.));
#3860 = DIRECTION('',(0.,-0.,1.));
#3861 = ADVANCED_FACE('',(#3862),#3873,.F.);
#3862 = FACE_BOUND('',#3863,.F.);
#3863 = EDGE_LOOP('',(#3864,#3865,#3866,#3867));
#3864 = ORIENTED_EDGE('',*,*,#3795,.F.);
#3865 = ORIENTED_EDGE('',*,*,#2404,.T.);
#3866 = ORIENTED_EDGE('',*,*,#3843,.T.);
#3867 = ORIENTED_EDGE('',*,*,#3868,.F.);
#3868 = EDGE_CURVE('',#3796,#3844,#3869,.T.);
#3869 = LINE('',#3870,#3871);
#3870 = CARTESIAN_POINT('',(-0.32,-7.94,8.38));
#3871 = VECTOR('',#3872,1.);
#3872 = DIRECTION('',(0.,1.,0.));
#3873 = PLANE('',#3874);
#3874 = AXIS2_PLACEMENT_3D('',#3875,#3876,#3877);
#3875 = CARTESIAN_POINT('',(-0.32,-7.94,-3.));
#3876 = DIRECTION('',(1.,0.,0.));
#3877 = DIRECTION('',(0.,0.,1.));
#3878 = ADVANCED_FACE('',(#3879),#3904,.F.);
#3879 = FACE_BOUND('',#3880,.F.);
#3880 = EDGE_LOOP('',(#3881,#3889,#3890,#3898));
#3881 = ORIENTED_EDGE('',*,*,#3882,.F.);
#3882 = EDGE_CURVE('',#2923,#3883,#3885,.T.);
#3883 = VERTEX_POINT('',#3884);
#3884 = CARTESIAN_POINT('',(0.16,-0.16,-3.));
#3885 = LINE('',#3886,#3887);
#3886 = CARTESIAN_POINT('',(0.16,-0.16,-3.));
#3887 = VECTOR('',#3888,1.);
#3888 = DIRECTION('',(-0.57735026919,0.57735026919,-0.57735026919));
#3889 = ORIENTED_EDGE('',*,*,#2930,.T.);
#3890 = ORIENTED_EDGE('',*,*,#3891,.T.);
#3891 = EDGE_CURVE('',#2931,#3892,#3894,.T.);
#3892 = VERTEX_POINT('',#3893);
#3893 = CARTESIAN_POINT('',(0.16,0.16,-3.));
#3894 = LINE('',#3895,#3896);
#3895 = CARTESIAN_POINT('',(5.333333333333E-02,5.333333333333E-02,
    -3.106666666667));
#3896 = VECTOR('',#3897,1.);
#3897 = DIRECTION('',(-0.57735026919,-0.57735026919,-0.57735026919));
#3898 = ORIENTED_EDGE('',*,*,#3899,.F.);
#3899 = EDGE_CURVE('',#3883,#3892,#3900,.T.);
#3900 = LINE('',#3901,#3902);
#3901 = CARTESIAN_POINT('',(0.16,-0.32,-3.));
#3902 = VECTOR('',#3903,1.);
#3903 = DIRECTION('',(0.,1.,0.));
#3904 = PLANE('',#3905);
#3905 = AXIS2_PLACEMENT_3D('',#3906,#3907,#3908);
#3906 = CARTESIAN_POINT('',(0.24,-0.32,-2.92));
#3907 = DIRECTION('',(-0.707106781187,1.735167508357E-18,0.707106781187)
  );
#3908 = DIRECTION('',(1.226948711654E-18,1.,-1.226948711654E-18));
#3909 = ADVANCED_FACE('',(#3910),#3928,.F.);
#3910 = FACE_BOUND('',#3911,.T.);
#3911 = EDGE_LOOP('',(#3912,#3920,#3921,#3922));
#3912 = ORIENTED_EDGE('',*,*,#3913,.F.);
#3913 = EDGE_CURVE('',#2955,#3914,#3916,.T.);
#3914 = VERTEX_POINT('',#3915);
#3915 = CARTESIAN_POINT('',(-0.16,0.16,-3.));
#3916 = LINE('',#3917,#3918);
#3917 = CARTESIAN_POINT('',(-0.16,0.16,-3.));
#3918 = VECTOR('',#3919,1.);
#3919 = DIRECTION('',(0.57735026919,-0.57735026919,-0.57735026919));
#3920 = ORIENTED_EDGE('',*,*,#2954,.T.);
#3921 = ORIENTED_EDGE('',*,*,#3891,.T.);
#3922 = ORIENTED_EDGE('',*,*,#3923,.F.);
#3923 = EDGE_CURVE('',#3914,#3892,#3924,.T.);
#3924 = LINE('',#3925,#3926);
#3925 = CARTESIAN_POINT('',(-0.32,0.16,-3.));
#3926 = VECTOR('',#3927,1.);
#3927 = DIRECTION('',(1.,0.,0.));
#3928 = PLANE('',#3929);
#3929 = AXIS2_PLACEMENT_3D('',#3930,#3931,#3932);
#3930 = CARTESIAN_POINT('',(-0.32,0.24,-2.92));
#3931 = DIRECTION('',(-1.735167508357E-18,-0.707106781187,0.707106781187
    ));
#3932 = DIRECTION('',(-1.,1.226948711654E-18,-1.226948711654E-18));
#3933 = ADVANCED_FACE('',(#3934),#3952,.T.);
#3934 = FACE_BOUND('',#3935,.T.);
#3935 = EDGE_LOOP('',(#3936,#3944,#3945,#3946));
#3936 = ORIENTED_EDGE('',*,*,#3937,.F.);
#3937 = EDGE_CURVE('',#2978,#3938,#3940,.T.);
#3938 = VERTEX_POINT('',#3939);
#3939 = CARTESIAN_POINT('',(-0.16,-0.16,-3.));
#3940 = LINE('',#3941,#3942);
#3941 = CARTESIAN_POINT('',(-0.266666666667,-0.266666666667,
    -2.893333333333));
#3942 = VECTOR('',#3943,1.);
#3943 = DIRECTION('',(0.57735026919,0.57735026919,-0.57735026919));
#3944 = ORIENTED_EDGE('',*,*,#2985,.T.);
#3945 = ORIENTED_EDGE('',*,*,#3913,.T.);
#3946 = ORIENTED_EDGE('',*,*,#3947,.F.);
#3947 = EDGE_CURVE('',#3938,#3914,#3948,.T.);
#3948 = LINE('',#3949,#3950);
#3949 = CARTESIAN_POINT('',(-0.16,-0.32,-3.));
#3950 = VECTOR('',#3951,1.);
#3951 = DIRECTION('',(0.,1.,0.));
#3952 = PLANE('',#3953);
#3953 = AXIS2_PLACEMENT_3D('',#3954,#3955,#3956);
#3954 = CARTESIAN_POINT('',(-0.24,-0.32,-2.92));
#3955 = DIRECTION('',(-0.707106781187,-1.735167508357E-18,
    -0.707106781187));
#3956 = DIRECTION('',(-1.226948711654E-18,1.,-1.226948711654E-18));
#3957 = ADVANCED_FACE('',(#3958),#3969,.T.);
#3958 = FACE_BOUND('',#3959,.F.);
#3959 = EDGE_LOOP('',(#3960,#3961,#3962,#3963));
#3960 = ORIENTED_EDGE('',*,*,#3937,.F.);
#3961 = ORIENTED_EDGE('',*,*,#3002,.T.);
#3962 = ORIENTED_EDGE('',*,*,#3882,.T.);
#3963 = ORIENTED_EDGE('',*,*,#3964,.F.);
#3964 = EDGE_CURVE('',#3938,#3883,#3965,.T.);
#3965 = LINE('',#3966,#3967);
#3966 = CARTESIAN_POINT('',(-0.32,-0.16,-3.));
#3967 = VECTOR('',#3968,1.);
#3968 = DIRECTION('',(1.,0.,0.));
#3969 = PLANE('',#3970);
#3970 = AXIS2_PLACEMENT_3D('',#3971,#3972,#3973);
#3971 = CARTESIAN_POINT('',(-0.32,-0.24,-2.92));
#3972 = DIRECTION('',(1.735167508357E-18,-0.707106781187,-0.707106781187
    ));
#3973 = DIRECTION('',(-1.,-1.226948711654E-18,-1.226948711654E-18));
#3974 = ADVANCED_FACE('',(#3975),#4000,.F.);
#3975 = FACE_BOUND('',#3976,.T.);
#3976 = EDGE_LOOP('',(#3977,#3985,#3986,#3994));
#3977 = ORIENTED_EDGE('',*,*,#3978,.F.);
#3978 = EDGE_CURVE('',#3027,#3979,#3981,.T.);
#3979 = VERTEX_POINT('',#3980);
#3980 = CARTESIAN_POINT('',(-0.16,-2.38,-3.));
#3981 = LINE('',#3982,#3983);
#3982 = CARTESIAN_POINT('',(-0.16,-2.38,-3.));
#3983 = VECTOR('',#3984,1.);
#3984 = DIRECTION('',(0.57735026919,-0.57735026919,-0.57735026919));
#3985 = ORIENTED_EDGE('',*,*,#3026,.T.);
#3986 = ORIENTED_EDGE('',*,*,#3987,.T.);
#3987 = EDGE_CURVE('',#3019,#3988,#3990,.T.);
#3988 = VERTEX_POINT('',#3989);
#3989 = CARTESIAN_POINT('',(0.16,-2.38,-3.));
#3990 = LINE('',#3991,#3992);
#3991 = CARTESIAN_POINT('',(5.333333333333E-02,-2.486666666667,
    -3.106666666667));
#3992 = VECTOR('',#3993,1.);
#3993 = DIRECTION('',(-0.57735026919,-0.57735026919,-0.57735026919));
#3994 = ORIENTED_EDGE('',*,*,#3995,.F.);
#3995 = EDGE_CURVE('',#3979,#3988,#3996,.T.);
#3996 = LINE('',#3997,#3998);
#3997 = CARTESIAN_POINT('',(-0.32,-2.38,-3.));
#3998 = VECTOR('',#3999,1.);
#3999 = DIRECTION('',(1.,0.,0.));
#4000 = PLANE('',#4001);
#4001 = AXIS2_PLACEMENT_3D('',#4002,#4003,#4004);
#4002 = CARTESIAN_POINT('',(-0.32,-2.3,-2.92));
#4003 = DIRECTION('',(-1.735167508357E-18,-0.707106781187,0.707106781187
    ));
#4004 = DIRECTION('',(-1.,1.226948711654E-18,-1.226948711654E-18));
#4005 = ADVANCED_FACE('',(#4006),#4024,.T.);
#4006 = FACE_BOUND('',#4007,.T.);
#4007 = EDGE_LOOP('',(#4008,#4016,#4017,#4018));
#4008 = ORIENTED_EDGE('',*,*,#4009,.F.);
#4009 = EDGE_CURVE('',#3050,#4010,#4012,.T.);
#4010 = VERTEX_POINT('',#4011);
#4011 = CARTESIAN_POINT('',(-0.16,-2.7,-3.));
#4012 = LINE('',#4013,#4014);
#4013 = CARTESIAN_POINT('',(-0.266666666667,-2.806666666667,
    -2.893333333333));
#4014 = VECTOR('',#4015,1.);
#4015 = DIRECTION('',(0.57735026919,0.57735026919,-0.57735026919));
#4016 = ORIENTED_EDGE('',*,*,#3057,.T.);
#4017 = ORIENTED_EDGE('',*,*,#3978,.T.);
#4018 = ORIENTED_EDGE('',*,*,#4019,.F.);
#4019 = EDGE_CURVE('',#4010,#3979,#4020,.T.);
#4020 = LINE('',#4021,#4022);
#4021 = CARTESIAN_POINT('',(-0.16,-2.86,-3.));
#4022 = VECTOR('',#4023,1.);
#4023 = DIRECTION('',(0.,1.,0.));
#4024 = PLANE('',#4025);
#4025 = AXIS2_PLACEMENT_3D('',#4026,#4027,#4028);
#4026 = CARTESIAN_POINT('',(-0.24,-2.86,-2.92));
#4027 = DIRECTION('',(-0.707106781187,-1.735167508357E-18,
    -0.707106781187));
#4028 = DIRECTION('',(-1.226948711654E-18,1.,-1.226948711654E-18));
#4029 = ADVANCED_FACE('',(#4030),#4048,.T.);
#4030 = FACE_BOUND('',#4031,.F.);
#4031 = EDGE_LOOP('',(#4032,#4033,#4034,#4042));
#4032 = ORIENTED_EDGE('',*,*,#4009,.F.);
#4033 = ORIENTED_EDGE('',*,*,#3081,.T.);
#4034 = ORIENTED_EDGE('',*,*,#4035,.T.);
#4035 = EDGE_CURVE('',#3074,#4036,#4038,.T.);
#4036 = VERTEX_POINT('',#4037);
#4037 = CARTESIAN_POINT('',(0.16,-2.7,-3.));
#4038 = LINE('',#4039,#4040);
#4039 = CARTESIAN_POINT('',(0.16,-2.7,-3.));
#4040 = VECTOR('',#4041,1.);
#4041 = DIRECTION('',(-0.57735026919,0.57735026919,-0.57735026919));
#4042 = ORIENTED_EDGE('',*,*,#4043,.F.);
#4043 = EDGE_CURVE('',#4010,#4036,#4044,.T.);
#4044 = LINE('',#4045,#4046);
#4045 = CARTESIAN_POINT('',(-0.32,-2.7,-3.));
#4046 = VECTOR('',#4047,1.);
#4047 = DIRECTION('',(1.,0.,0.));
#4048 = PLANE('',#4049);
#4049 = AXIS2_PLACEMENT_3D('',#4050,#4051,#4052);
#4050 = CARTESIAN_POINT('',(-0.32,-2.78,-2.92));
#4051 = DIRECTION('',(1.735167508357E-18,-0.707106781187,-0.707106781187
    ));
#4052 = DIRECTION('',(-1.,-1.226948711654E-18,-1.226948711654E-18));
#4053 = ADVANCED_FACE('',(#4054),#4065,.F.);
#4054 = FACE_BOUND('',#4055,.F.);
#4055 = EDGE_LOOP('',(#4056,#4057,#4058,#4059));
#4056 = ORIENTED_EDGE('',*,*,#4035,.F.);
#4057 = ORIENTED_EDGE('',*,*,#3098,.T.);
#4058 = ORIENTED_EDGE('',*,*,#3987,.T.);
#4059 = ORIENTED_EDGE('',*,*,#4060,.F.);
#4060 = EDGE_CURVE('',#4036,#3988,#4061,.T.);
#4061 = LINE('',#4062,#4063);
#4062 = CARTESIAN_POINT('',(0.16,-2.86,-3.));
#4063 = VECTOR('',#4064,1.);
#4064 = DIRECTION('',(0.,1.,0.));
#4065 = PLANE('',#4066);
#4066 = AXIS2_PLACEMENT_3D('',#4067,#4068,#4069);
#4067 = CARTESIAN_POINT('',(0.24,-2.86,-2.92));
#4068 = DIRECTION('',(-0.707106781187,1.735167508357E-18,0.707106781187)
  );
#4069 = DIRECTION('',(1.226948711654E-18,1.,-1.226948711654E-18));
#4070 = ADVANCED_FACE('',(#4071),#4096,.F.);
#4071 = FACE_BOUND('',#4072,.T.);
#4072 = EDGE_LOOP('',(#4073,#4081,#4082,#4090));
#4073 = ORIENTED_EDGE('',*,*,#4074,.F.);
#4074 = EDGE_CURVE('',#3123,#4075,#4077,.T.);
#4075 = VERTEX_POINT('',#4076);
#4076 = CARTESIAN_POINT('',(-0.16,-4.92,-3.));
#4077 = LINE('',#4078,#4079);
#4078 = CARTESIAN_POINT('',(-0.16,-4.92,-3.));
#4079 = VECTOR('',#4080,1.);
#4080 = DIRECTION('',(0.57735026919,-0.57735026919,-0.57735026919));
#4081 = ORIENTED_EDGE('',*,*,#3122,.T.);
#4082 = ORIENTED_EDGE('',*,*,#4083,.T.);
#4083 = EDGE_CURVE('',#3115,#4084,#4086,.T.);
#4084 = VERTEX_POINT('',#4085);
#4085 = CARTESIAN_POINT('',(0.16,-4.92,-3.));
#4086 = LINE('',#4087,#4088);
#4087 = CARTESIAN_POINT('',(5.333333333333E-02,-5.026666666667,
    -3.106666666667));
#4088 = VECTOR('',#4089,1.);
#4089 = DIRECTION('',(-0.57735026919,-0.57735026919,-0.57735026919));
#4090 = ORIENTED_EDGE('',*,*,#4091,.F.);
#4091 = EDGE_CURVE('',#4075,#4084,#4092,.T.);
#4092 = LINE('',#4093,#4094);
#4093 = CARTESIAN_POINT('',(-0.32,-4.92,-3.));
#4094 = VECTOR('',#4095,1.);
#4095 = DIRECTION('',(1.,0.,0.));
#4096 = PLANE('',#4097);
#4097 = AXIS2_PLACEMENT_3D('',#4098,#4099,#4100);
#4098 = CARTESIAN_POINT('',(-0.32,-4.84,-2.92));
#4099 = DIRECTION('',(-1.735167508357E-18,-0.707106781187,0.707106781187
    ));
#4100 = DIRECTION('',(-1.,1.226948711654E-18,-1.226948711654E-18));
#4101 = ADVANCED_FACE('',(#4102),#4120,.T.);
#4102 = FACE_BOUND('',#4103,.T.);
#4103 = EDGE_LOOP('',(#4104,#4112,#4113,#4114));
#4104 = ORIENTED_EDGE('',*,*,#4105,.F.);
#4105 = EDGE_CURVE('',#3146,#4106,#4108,.T.);
#4106 = VERTEX_POINT('',#4107);
#4107 = CARTESIAN_POINT('',(-0.16,-5.24,-3.));
#4108 = LINE('',#4109,#4110);
#4109 = CARTESIAN_POINT('',(-0.266666666667,-5.346666666667,
    -2.893333333333));
#4110 = VECTOR('',#4111,1.);
#4111 = DIRECTION('',(0.57735026919,0.57735026919,-0.57735026919));
#4112 = ORIENTED_EDGE('',*,*,#3153,.T.);
#4113 = ORIENTED_EDGE('',*,*,#4074,.T.);
#4114 = ORIENTED_EDGE('',*,*,#4115,.F.);
#4115 = EDGE_CURVE('',#4106,#4075,#4116,.T.);
#4116 = LINE('',#4117,#4118);
#4117 = CARTESIAN_POINT('',(-0.16,-5.4,-3.));
#4118 = VECTOR('',#4119,1.);
#4119 = DIRECTION('',(0.,1.,0.));
#4120 = PLANE('',#4121);
#4121 = AXIS2_PLACEMENT_3D('',#4122,#4123,#4124);
#4122 = CARTESIAN_POINT('',(-0.24,-5.4,-2.92));
#4123 = DIRECTION('',(-0.707106781187,-1.735167508357E-18,
    -0.707106781187));
#4124 = DIRECTION('',(-1.226948711654E-18,1.,-1.226948711654E-18));
#4125 = ADVANCED_FACE('',(#4126),#4144,.T.);
#4126 = FACE_BOUND('',#4127,.F.);
#4127 = EDGE_LOOP('',(#4128,#4129,#4130,#4138));
#4128 = ORIENTED_EDGE('',*,*,#4105,.F.);
#4129 = ORIENTED_EDGE('',*,*,#3177,.T.);
#4130 = ORIENTED_EDGE('',*,*,#4131,.T.);
#4131 = EDGE_CURVE('',#3170,#4132,#4134,.T.);
#4132 = VERTEX_POINT('',#4133);
#4133 = CARTESIAN_POINT('',(0.16,-5.24,-3.));
#4134 = LINE('',#4135,#4136);
#4135 = CARTESIAN_POINT('',(0.16,-5.24,-3.));
#4136 = VECTOR('',#4137,1.);
#4137 = DIRECTION('',(-0.57735026919,0.57735026919,-0.57735026919));
#4138 = ORIENTED_EDGE('',*,*,#4139,.F.);
#4139 = EDGE_CURVE('',#4106,#4132,#4140,.T.);
#4140 = LINE('',#4141,#4142);
#4141 = CARTESIAN_POINT('',(-0.32,-5.24,-3.));
#4142 = VECTOR('',#4143,1.);
#4143 = DIRECTION('',(1.,0.,0.));
#4144 = PLANE('',#4145);
#4145 = AXIS2_PLACEMENT_3D('',#4146,#4147,#4148);
#4146 = CARTESIAN_POINT('',(-0.32,-5.32,-2.92));
#4147 = DIRECTION('',(1.735167508357E-18,-0.707106781187,-0.707106781187
    ));
#4148 = DIRECTION('',(-1.,-1.226948711654E-18,-1.226948711654E-18));
#4149 = ADVANCED_FACE('',(#4150),#4161,.F.);
#4150 = FACE_BOUND('',#4151,.F.);
#4151 = EDGE_LOOP('',(#4152,#4153,#4154,#4155));
#4152 = ORIENTED_EDGE('',*,*,#4131,.F.);
#4153 = ORIENTED_EDGE('',*,*,#3194,.T.);
#4154 = ORIENTED_EDGE('',*,*,#4083,.T.);
#4155 = ORIENTED_EDGE('',*,*,#4156,.F.);
#4156 = EDGE_CURVE('',#4132,#4084,#4157,.T.);
#4157 = LINE('',#4158,#4159);
#4158 = CARTESIAN_POINT('',(0.16,-5.4,-3.));
#4159 = VECTOR('',#4160,1.);
#4160 = DIRECTION('',(0.,1.,0.));
#4161 = PLANE('',#4162);
#4162 = AXIS2_PLACEMENT_3D('',#4163,#4164,#4165);
#4163 = CARTESIAN_POINT('',(0.24,-5.4,-2.92));
#4164 = DIRECTION('',(-0.707106781187,1.735167508357E-18,0.707106781187)
  );
#4165 = DIRECTION('',(1.226948711654E-18,1.,-1.226948711654E-18));
#4166 = ADVANCED_FACE('',(#4167),#4192,.F.);
#4167 = FACE_BOUND('',#4168,.T.);
#4168 = EDGE_LOOP('',(#4169,#4177,#4178,#4186));
#4169 = ORIENTED_EDGE('',*,*,#4170,.F.);
#4170 = EDGE_CURVE('',#3219,#4171,#4173,.T.);
#4171 = VERTEX_POINT('',#4172);
#4172 = CARTESIAN_POINT('',(-0.16,-10.,-3.));
#4173 = LINE('',#4174,#4175);
#4174 = CARTESIAN_POINT('',(-0.16,-10.,-3.));
#4175 = VECTOR('',#4176,1.);
#4176 = DIRECTION('',(0.57735026919,-0.57735026919,-0.57735026919));
#4177 = ORIENTED_EDGE('',*,*,#3218,.T.);
#4178 = ORIENTED_EDGE('',*,*,#4179,.T.);
#4179 = EDGE_CURVE('',#3211,#4180,#4182,.T.);
#4180 = VERTEX_POINT('',#4181);
#4181 = CARTESIAN_POINT('',(0.16,-10.,-3.));
#4182 = LINE('',#4183,#4184);
#4183 = CARTESIAN_POINT('',(5.333333333333E-02,-10.10666666666,
    -3.106666666667));
#4184 = VECTOR('',#4185,1.);
#4185 = DIRECTION('',(-0.57735026919,-0.57735026919,-0.57735026919));
#4186 = ORIENTED_EDGE('',*,*,#4187,.F.);
#4187 = EDGE_CURVE('',#4171,#4180,#4188,.T.);
#4188 = LINE('',#4189,#4190);
#4189 = CARTESIAN_POINT('',(-0.32,-10.,-3.));
#4190 = VECTOR('',#4191,1.);
#4191 = DIRECTION('',(1.,0.,0.));
#4192 = PLANE('',#4193);
#4193 = AXIS2_PLACEMENT_3D('',#4194,#4195,#4196);
#4194 = CARTESIAN_POINT('',(-0.32,-9.92,-2.92));
#4195 = DIRECTION('',(-1.735167508357E-18,-0.707106781187,0.707106781187
    ));
#4196 = DIRECTION('',(-1.,1.226948711654E-18,-1.226948711654E-18));
#4197 = ADVANCED_FACE('',(#4198),#4216,.T.);
#4198 = FACE_BOUND('',#4199,.T.);
#4199 = EDGE_LOOP('',(#4200,#4208,#4209,#4210));
#4200 = ORIENTED_EDGE('',*,*,#4201,.F.);
#4201 = EDGE_CURVE('',#3242,#4202,#4204,.T.);
#4202 = VERTEX_POINT('',#4203);
#4203 = CARTESIAN_POINT('',(-0.16,-10.32,-3.));
#4204 = LINE('',#4205,#4206);
#4205 = CARTESIAN_POINT('',(-0.266666666667,-10.42666666666,
    -2.893333333333));
#4206 = VECTOR('',#4207,1.);
#4207 = DIRECTION('',(0.57735026919,0.57735026919,-0.57735026919));
#4208 = ORIENTED_EDGE('',*,*,#3249,.T.);
#4209 = ORIENTED_EDGE('',*,*,#4170,.T.);
#4210 = ORIENTED_EDGE('',*,*,#4211,.F.);
#4211 = EDGE_CURVE('',#4202,#4171,#4212,.T.);
#4212 = LINE('',#4213,#4214);
#4213 = CARTESIAN_POINT('',(-0.16,-10.48,-3.));
#4214 = VECTOR('',#4215,1.);
#4215 = DIRECTION('',(0.,1.,0.));
#4216 = PLANE('',#4217);
#4217 = AXIS2_PLACEMENT_3D('',#4218,#4219,#4220);
#4218 = CARTESIAN_POINT('',(-0.24,-10.48,-2.92));
#4219 = DIRECTION('',(-0.707106781187,-1.735167508357E-18,
    -0.707106781187));
#4220 = DIRECTION('',(-1.226948711654E-18,1.,-1.226948711654E-18));
#4221 = ADVANCED_FACE('',(#4222),#4240,.T.);
#4222 = FACE_BOUND('',#4223,.F.);
#4223 = EDGE_LOOP('',(#4224,#4225,#4226,#4234));
#4224 = ORIENTED_EDGE('',*,*,#4201,.F.);
#4225 = ORIENTED_EDGE('',*,*,#3273,.T.);
#4226 = ORIENTED_EDGE('',*,*,#4227,.T.);
#4227 = EDGE_CURVE('',#3266,#4228,#4230,.T.);
#4228 = VERTEX_POINT('',#4229);
#4229 = CARTESIAN_POINT('',(0.16,-10.32,-3.));
#4230 = LINE('',#4231,#4232);
#4231 = CARTESIAN_POINT('',(0.16,-10.32,-3.));
#4232 = VECTOR('',#4233,1.);
#4233 = DIRECTION('',(-0.57735026919,0.57735026919,-0.57735026919));
#4234 = ORIENTED_EDGE('',*,*,#4235,.F.);
#4235 = EDGE_CURVE('',#4202,#4228,#4236,.T.);
#4236 = LINE('',#4237,#4238);
#4237 = CARTESIAN_POINT('',(-0.32,-10.32,-3.));
#4238 = VECTOR('',#4239,1.);
#4239 = DIRECTION('',(1.,0.,0.));
#4240 = PLANE('',#4241);
#4241 = AXIS2_PLACEMENT_3D('',#4242,#4243,#4244);
#4242 = CARTESIAN_POINT('',(-0.32,-10.4,-2.92));
#4243 = DIRECTION('',(1.735167508357E-18,-0.707106781187,-0.707106781187
    ));
#4244 = DIRECTION('',(-1.,-1.226948711654E-18,-1.226948711654E-18));
#4245 = ADVANCED_FACE('',(#4246),#4257,.F.);
#4246 = FACE_BOUND('',#4247,.F.);
#4247 = EDGE_LOOP('',(#4248,#4249,#4250,#4251));
#4248 = ORIENTED_EDGE('',*,*,#4227,.F.);
#4249 = ORIENTED_EDGE('',*,*,#3290,.T.);
#4250 = ORIENTED_EDGE('',*,*,#4179,.T.);
#4251 = ORIENTED_EDGE('',*,*,#4252,.F.);
#4252 = EDGE_CURVE('',#4228,#4180,#4253,.T.);
#4253 = LINE('',#4254,#4255);
#4254 = CARTESIAN_POINT('',(0.16,-10.48,-3.));
#4255 = VECTOR('',#4256,1.);
#4256 = DIRECTION('',(0.,1.,0.));
#4257 = PLANE('',#4258);
#4258 = AXIS2_PLACEMENT_3D('',#4259,#4260,#4261);
#4259 = CARTESIAN_POINT('',(0.24,-10.48,-2.92));
#4260 = DIRECTION('',(-0.707106781187,1.735167508357E-18,0.707106781187)
  );
#4261 = DIRECTION('',(1.226948711654E-18,1.,-1.226948711654E-18));
#4262 = ADVANCED_FACE('',(#4263),#4288,.T.);
#4263 = FACE_BOUND('',#4264,.F.);
#4264 = EDGE_LOOP('',(#4265,#4273,#4274,#4282));
#4265 = ORIENTED_EDGE('',*,*,#4266,.F.);
#4266 = EDGE_CURVE('',#3315,#4267,#4269,.T.);
#4267 = VERTEX_POINT('',#4268);
#4268 = CARTESIAN_POINT('',(-0.16,-7.78,-3.));
#4269 = LINE('',#4270,#4271);
#4270 = CARTESIAN_POINT('',(-0.266666666667,-7.886666666667,
    -2.893333333333));
#4271 = VECTOR('',#4272,1.);
#4272 = DIRECTION('',(0.57735026919,0.57735026919,-0.57735026919));
#4273 = ORIENTED_EDGE('',*,*,#3314,.T.);
#4274 = ORIENTED_EDGE('',*,*,#4275,.T.);
#4275 = EDGE_CURVE('',#3307,#4276,#4278,.T.);
#4276 = VERTEX_POINT('',#4277);
#4277 = CARTESIAN_POINT('',(0.16,-7.78,-3.));
#4278 = LINE('',#4279,#4280);
#4279 = CARTESIAN_POINT('',(0.16,-7.78,-3.));
#4280 = VECTOR('',#4281,1.);
#4281 = DIRECTION('',(-0.57735026919,0.57735026919,-0.57735026919));
#4282 = ORIENTED_EDGE('',*,*,#4283,.F.);
#4283 = EDGE_CURVE('',#4267,#4276,#4284,.T.);
#4284 = LINE('',#4285,#4286);
#4285 = CARTESIAN_POINT('',(-0.32,-7.78,-3.));
#4286 = VECTOR('',#4287,1.);
#4287 = DIRECTION('',(1.,0.,0.));
#4288 = PLANE('',#4289);
#4289 = AXIS2_PLACEMENT_3D('',#4290,#4291,#4292);
#4290 = CARTESIAN_POINT('',(-0.32,-7.86,-2.92));
#4291 = DIRECTION('',(1.735167508357E-18,-0.707106781187,-0.707106781187
    ));
#4292 = DIRECTION('',(-1.,-1.226948711654E-18,-1.226948711654E-18));
#4293 = ADVANCED_FACE('',(#4294),#4312,.F.);
#4294 = FACE_BOUND('',#4295,.F.);
#4295 = EDGE_LOOP('',(#4296,#4297,#4298,#4306));
#4296 = ORIENTED_EDGE('',*,*,#4275,.F.);
#4297 = ORIENTED_EDGE('',*,*,#3338,.T.);
#4298 = ORIENTED_EDGE('',*,*,#4299,.T.);
#4299 = EDGE_CURVE('',#3339,#4300,#4302,.T.);
#4300 = VERTEX_POINT('',#4301);
#4301 = CARTESIAN_POINT('',(0.16,-7.46,-3.));
#4302 = LINE('',#4303,#4304);
#4303 = CARTESIAN_POINT('',(5.333333333333E-02,-7.566666666667,
    -3.106666666667));
#4304 = VECTOR('',#4305,1.);
#4305 = DIRECTION('',(-0.57735026919,-0.57735026919,-0.57735026919));
#4306 = ORIENTED_EDGE('',*,*,#4307,.F.);
#4307 = EDGE_CURVE('',#4276,#4300,#4308,.T.);
#4308 = LINE('',#4309,#4310);
#4309 = CARTESIAN_POINT('',(0.16,-7.94,-3.));
#4310 = VECTOR('',#4311,1.);
#4311 = DIRECTION('',(0.,1.,0.));
#4312 = PLANE('',#4313);
#4313 = AXIS2_PLACEMENT_3D('',#4314,#4315,#4316);
#4314 = CARTESIAN_POINT('',(0.24,-7.94,-2.92));
#4315 = DIRECTION('',(-0.707106781187,1.735167508357E-18,0.707106781187)
  );
#4316 = DIRECTION('',(1.226948711654E-18,1.,-1.226948711654E-18));
#4317 = ADVANCED_FACE('',(#4318),#4336,.F.);
#4318 = FACE_BOUND('',#4319,.T.);
#4319 = EDGE_LOOP('',(#4320,#4328,#4329,#4330));
#4320 = ORIENTED_EDGE('',*,*,#4321,.F.);
#4321 = EDGE_CURVE('',#3363,#4322,#4324,.T.);
#4322 = VERTEX_POINT('',#4323);
#4323 = CARTESIAN_POINT('',(-0.16,-7.46,-3.));
#4324 = LINE('',#4325,#4326);
#4325 = CARTESIAN_POINT('',(-0.16,-7.46,-3.));
#4326 = VECTOR('',#4327,1.);
#4327 = DIRECTION('',(0.57735026919,-0.57735026919,-0.57735026919));
#4328 = ORIENTED_EDGE('',*,*,#3362,.T.);
#4329 = ORIENTED_EDGE('',*,*,#4299,.T.);
#4330 = ORIENTED_EDGE('',*,*,#4331,.F.);
#4331 = EDGE_CURVE('',#4322,#4300,#4332,.T.);
#4332 = LINE('',#4333,#4334);
#4333 = CARTESIAN_POINT('',(-0.32,-7.46,-3.));
#4334 = VECTOR('',#4335,1.);
#4335 = DIRECTION('',(1.,0.,0.));
#4336 = PLANE('',#4337);
#4337 = AXIS2_PLACEMENT_3D('',#4338,#4339,#4340);
#4338 = CARTESIAN_POINT('',(-0.32,-7.38,-2.92));
#4339 = DIRECTION('',(-1.735167508357E-18,-0.707106781187,0.707106781187
    ));
#4340 = DIRECTION('',(-1.,1.226948711654E-18,-1.226948711654E-18));
#4341 = ADVANCED_FACE('',(#4342),#4353,.T.);
#4342 = FACE_BOUND('',#4343,.T.);
#4343 = EDGE_LOOP('',(#4344,#4345,#4346,#4347));
#4344 = ORIENTED_EDGE('',*,*,#4266,.F.);
#4345 = ORIENTED_EDGE('',*,*,#3386,.T.);
#4346 = ORIENTED_EDGE('',*,*,#4321,.T.);
#4347 = ORIENTED_EDGE('',*,*,#4348,.F.);
#4348 = EDGE_CURVE('',#4267,#4322,#4349,.T.);
#4349 = LINE('',#4350,#4351);
#4350 = CARTESIAN_POINT('',(-0.16,-7.94,-3.));
#4351 = VECTOR('',#4352,1.);
#4352 = DIRECTION('',(0.,1.,0.));
#4353 = PLANE('',#4354);
#4354 = AXIS2_PLACEMENT_3D('',#4355,#4356,#4357);
#4355 = CARTESIAN_POINT('',(-0.24,-7.94,-2.92));
#4356 = DIRECTION('',(-0.707106781187,-1.735167508357E-18,
    -0.707106781187));
#4357 = DIRECTION('',(-1.226948711654E-18,1.,-1.226948711654E-18));
#4358 = ADVANCED_FACE('',(#4359),#4384,.T.);
#4359 = FACE_BOUND('',#4360,.T.);
#4360 = EDGE_LOOP('',(#4361,#4369,#4370,#4378));
#4361 = ORIENTED_EDGE('',*,*,#4362,.F.);
#4362 = EDGE_CURVE('',#3403,#4363,#4365,.T.);
#4363 = VERTEX_POINT('',#4364);
#4364 = CARTESIAN_POINT('',(0.16,-0.16,8.54));
#4365 = LINE('',#4366,#4367);
#4366 = CARTESIAN_POINT('',(0.16,-0.16,8.54));
#4367 = VECTOR('',#4368,1.);
#4368 = DIRECTION('',(-0.57735026919,0.57735026919,0.57735026919));
#4369 = ORIENTED_EDGE('',*,*,#3419,.T.);
#4370 = ORIENTED_EDGE('',*,*,#4371,.T.);
#4371 = EDGE_CURVE('',#3412,#4372,#4374,.T.);
#4372 = VERTEX_POINT('',#4373);
#4373 = CARTESIAN_POINT('',(0.16,0.16,8.54));
#4374 = LINE('',#4375,#4376);
#4375 = CARTESIAN_POINT('',(5.333333333333E-02,5.333333333333E-02,
    8.646666666667));
#4376 = VECTOR('',#4377,1.);
#4377 = DIRECTION('',(-0.57735026919,-0.57735026919,0.57735026919));
#4378 = ORIENTED_EDGE('',*,*,#4379,.F.);
#4379 = EDGE_CURVE('',#4363,#4372,#4380,.T.);
#4380 = LINE('',#4381,#4382);
#4381 = CARTESIAN_POINT('',(0.16,-0.32,8.54));
#4382 = VECTOR('',#4383,1.);
#4383 = DIRECTION('',(0.,1.,0.));
#4384 = PLANE('',#4385);
#4385 = AXIS2_PLACEMENT_3D('',#4386,#4387,#4388);
#4386 = CARTESIAN_POINT('',(0.24,-0.32,8.46));
#4387 = DIRECTION('',(0.707106781187,-1.735167508357E-18,0.707106781187)
  );
#4388 = DIRECTION('',(1.226948711654E-18,1.,1.226948711654E-18));
#4389 = ADVANCED_FACE('',(#4390),#4408,.T.);
#4390 = FACE_BOUND('',#4391,.F.);
#4391 = EDGE_LOOP('',(#4392,#4400,#4401,#4402));
#4392 = ORIENTED_EDGE('',*,*,#4393,.F.);
#4393 = EDGE_CURVE('',#3436,#4394,#4396,.T.);
#4394 = VERTEX_POINT('',#4395);
#4395 = CARTESIAN_POINT('',(-0.16,0.16,8.54));
#4396 = LINE('',#4397,#4398);
#4397 = CARTESIAN_POINT('',(-0.16,0.16,8.54));
#4398 = VECTOR('',#4399,1.);
#4399 = DIRECTION('',(0.57735026919,-0.57735026919,0.57735026919));
#4400 = ORIENTED_EDGE('',*,*,#3443,.T.);
#4401 = ORIENTED_EDGE('',*,*,#4371,.T.);
#4402 = ORIENTED_EDGE('',*,*,#4403,.F.);
#4403 = EDGE_CURVE('',#4394,#4372,#4404,.T.);
#4404 = LINE('',#4405,#4406);
#4405 = CARTESIAN_POINT('',(-0.32,0.16,8.54));
#4406 = VECTOR('',#4407,1.);
#4407 = DIRECTION('',(1.,0.,0.));
#4408 = PLANE('',#4409);
#4409 = AXIS2_PLACEMENT_3D('',#4410,#4411,#4412);
#4410 = CARTESIAN_POINT('',(-0.32,0.24,8.46));
#4411 = DIRECTION('',(1.735167508357E-18,0.707106781187,0.707106781187)
  );
#4412 = DIRECTION('',(-1.,1.226948711654E-18,1.226948711654E-18));
#4413 = ADVANCED_FACE('',(#4414),#4432,.F.);
#4414 = FACE_BOUND('',#4415,.F.);
#4415 = EDGE_LOOP('',(#4416,#4424,#4425,#4426));
#4416 = ORIENTED_EDGE('',*,*,#4417,.F.);
#4417 = EDGE_CURVE('',#3458,#4418,#4420,.T.);
#4418 = VERTEX_POINT('',#4419);
#4419 = CARTESIAN_POINT('',(-0.16,-0.16,8.54));
#4420 = LINE('',#4421,#4422);
#4421 = CARTESIAN_POINT('',(-0.266666666667,-0.266666666667,
    8.433333333333));
#4422 = VECTOR('',#4423,1.);
#4423 = DIRECTION('',(0.57735026919,0.57735026919,0.57735026919));
#4424 = ORIENTED_EDGE('',*,*,#3467,.T.);
#4425 = ORIENTED_EDGE('',*,*,#4393,.T.);
#4426 = ORIENTED_EDGE('',*,*,#4427,.F.);
#4427 = EDGE_CURVE('',#4418,#4394,#4428,.T.);
#4428 = LINE('',#4429,#4430);
#4429 = CARTESIAN_POINT('',(-0.16,-0.32,8.54));
#4430 = VECTOR('',#4431,1.);
#4431 = DIRECTION('',(0.,1.,0.));
#4432 = PLANE('',#4433);
#4433 = AXIS2_PLACEMENT_3D('',#4434,#4435,#4436);
#4434 = CARTESIAN_POINT('',(-0.24,-0.32,8.46));
#4435 = DIRECTION('',(0.707106781187,1.735167508357E-18,-0.707106781187)
  );
#4436 = DIRECTION('',(-1.226948711654E-18,1.,1.226948711654E-18));
#4437 = ADVANCED_FACE('',(#4438),#4449,.F.);
#4438 = FACE_BOUND('',#4439,.T.);
#4439 = EDGE_LOOP('',(#4440,#4441,#4442,#4443));
#4440 = ORIENTED_EDGE('',*,*,#4417,.F.);
#4441 = ORIENTED_EDGE('',*,*,#3484,.T.);
#4442 = ORIENTED_EDGE('',*,*,#4362,.T.);
#4443 = ORIENTED_EDGE('',*,*,#4444,.F.);
#4444 = EDGE_CURVE('',#4418,#4363,#4445,.T.);
#4445 = LINE('',#4446,#4447);
#4446 = CARTESIAN_POINT('',(-0.32,-0.16,8.54));
#4447 = VECTOR('',#4448,1.);
#4448 = DIRECTION('',(1.,0.,0.));
#4449 = PLANE('',#4450);
#4450 = AXIS2_PLACEMENT_3D('',#4451,#4452,#4453);
#4451 = CARTESIAN_POINT('',(-0.32,-0.24,8.46));
#4452 = DIRECTION('',(-1.735167508357E-18,0.707106781187,-0.707106781187
    ));
#4453 = DIRECTION('',(-1.,-1.226948711654E-18,1.226948711654E-18));
#4454 = ADVANCED_FACE('',(#4455),#4480,.T.);
#4455 = FACE_BOUND('',#4456,.F.);
#4456 = EDGE_LOOP('',(#4457,#4465,#4466,#4474));
#4457 = ORIENTED_EDGE('',*,*,#4458,.F.);
#4458 = EDGE_CURVE('',#3508,#4459,#4461,.T.);
#4459 = VERTEX_POINT('',#4460);
#4460 = CARTESIAN_POINT('',(-0.16,-2.38,8.54));
#4461 = LINE('',#4462,#4463);
#4462 = CARTESIAN_POINT('',(-0.16,-2.38,8.54));
#4463 = VECTOR('',#4464,1.);
#4464 = DIRECTION('',(0.57735026919,-0.57735026919,0.57735026919));
#4465 = ORIENTED_EDGE('',*,*,#3515,.T.);
#4466 = ORIENTED_EDGE('',*,*,#4467,.T.);
#4467 = EDGE_CURVE('',#3499,#4468,#4470,.T.);
#4468 = VERTEX_POINT('',#4469);
#4469 = CARTESIAN_POINT('',(0.16,-2.38,8.54));
#4470 = LINE('',#4471,#4472);
#4471 = CARTESIAN_POINT('',(5.333333333333E-02,-2.486666666667,
    8.646666666667));
#4472 = VECTOR('',#4473,1.);
#4473 = DIRECTION('',(-0.57735026919,-0.57735026919,0.57735026919));
#4474 = ORIENTED_EDGE('',*,*,#4475,.F.);
#4475 = EDGE_CURVE('',#4459,#4468,#4476,.T.);
#4476 = LINE('',#4477,#4478);
#4477 = CARTESIAN_POINT('',(-0.32,-2.38,8.54));
#4478 = VECTOR('',#4479,1.);
#4479 = DIRECTION('',(1.,0.,0.));
#4480 = PLANE('',#4481);
#4481 = AXIS2_PLACEMENT_3D('',#4482,#4483,#4484);
#4482 = CARTESIAN_POINT('',(-0.32,-2.3,8.46));
#4483 = DIRECTION('',(1.735167508357E-18,0.707106781187,0.707106781187)
  );
#4484 = DIRECTION('',(-1.,1.226948711654E-18,1.226948711654E-18));
#4485 = ADVANCED_FACE('',(#4486),#4504,.F.);
#4486 = FACE_BOUND('',#4487,.F.);
#4487 = EDGE_LOOP('',(#4488,#4496,#4497,#4498));
#4488 = ORIENTED_EDGE('',*,*,#4489,.F.);
#4489 = EDGE_CURVE('',#3530,#4490,#4492,.T.);
#4490 = VERTEX_POINT('',#4491);
#4491 = CARTESIAN_POINT('',(-0.16,-2.7,8.54));
#4492 = LINE('',#4493,#4494);
#4493 = CARTESIAN_POINT('',(-0.266666666667,-2.806666666667,
    8.433333333333));
#4494 = VECTOR('',#4495,1.);
#4495 = DIRECTION('',(0.57735026919,0.57735026919,0.57735026919));
#4496 = ORIENTED_EDGE('',*,*,#3539,.T.);
#4497 = ORIENTED_EDGE('',*,*,#4458,.T.);
#4498 = ORIENTED_EDGE('',*,*,#4499,.F.);
#4499 = EDGE_CURVE('',#4490,#4459,#4500,.T.);
#4500 = LINE('',#4501,#4502);
#4501 = CARTESIAN_POINT('',(-0.16,-2.86,8.54));
#4502 = VECTOR('',#4503,1.);
#4503 = DIRECTION('',(0.,1.,0.));
#4504 = PLANE('',#4505);
#4505 = AXIS2_PLACEMENT_3D('',#4506,#4507,#4508);
#4506 = CARTESIAN_POINT('',(-0.24,-2.86,8.46));
#4507 = DIRECTION('',(0.707106781187,1.735167508357E-18,-0.707106781187)
  );
#4508 = DIRECTION('',(-1.226948711654E-18,1.,1.226948711654E-18));
#4509 = ADVANCED_FACE('',(#4510),#4528,.F.);
#4510 = FACE_BOUND('',#4511,.T.);
#4511 = EDGE_LOOP('',(#4512,#4513,#4514,#4522));
#4512 = ORIENTED_EDGE('',*,*,#4489,.F.);
#4513 = ORIENTED_EDGE('',*,*,#3563,.T.);
#4514 = ORIENTED_EDGE('',*,*,#4515,.T.);
#4515 = EDGE_CURVE('',#3554,#4516,#4518,.T.);
#4516 = VERTEX_POINT('',#4517);
#4517 = CARTESIAN_POINT('',(0.16,-2.7,8.54));
#4518 = LINE('',#4519,#4520);
#4519 = CARTESIAN_POINT('',(0.16,-2.7,8.54));
#4520 = VECTOR('',#4521,1.);
#4521 = DIRECTION('',(-0.57735026919,0.57735026919,0.57735026919));
#4522 = ORIENTED_EDGE('',*,*,#4523,.F.);
#4523 = EDGE_CURVE('',#4490,#4516,#4524,.T.);
#4524 = LINE('',#4525,#4526);
#4525 = CARTESIAN_POINT('',(-0.32,-2.7,8.54));
#4526 = VECTOR('',#4527,1.);
#4527 = DIRECTION('',(1.,0.,0.));
#4528 = PLANE('',#4529);
#4529 = AXIS2_PLACEMENT_3D('',#4530,#4531,#4532);
#4530 = CARTESIAN_POINT('',(-0.32,-2.78,8.46));
#4531 = DIRECTION('',(-1.735167508357E-18,0.707106781187,-0.707106781187
    ));
#4532 = DIRECTION('',(-1.,-1.226948711654E-18,1.226948711654E-18));
#4533 = ADVANCED_FACE('',(#4534),#4545,.T.);
#4534 = FACE_BOUND('',#4535,.T.);
#4535 = EDGE_LOOP('',(#4536,#4537,#4538,#4539));
#4536 = ORIENTED_EDGE('',*,*,#4515,.F.);
#4537 = ORIENTED_EDGE('',*,*,#3580,.T.);
#4538 = ORIENTED_EDGE('',*,*,#4467,.T.);
#4539 = ORIENTED_EDGE('',*,*,#4540,.F.);
#4540 = EDGE_CURVE('',#4516,#4468,#4541,.T.);
#4541 = LINE('',#4542,#4543);
#4542 = CARTESIAN_POINT('',(0.16,-2.86,8.54));
#4543 = VECTOR('',#4544,1.);
#4544 = DIRECTION('',(0.,1.,0.));
#4545 = PLANE('',#4546);
#4546 = AXIS2_PLACEMENT_3D('',#4547,#4548,#4549);
#4547 = CARTESIAN_POINT('',(0.24,-2.86,8.46));
#4548 = DIRECTION('',(0.707106781187,-1.735167508357E-18,0.707106781187)
  );
#4549 = DIRECTION('',(1.226948711654E-18,1.,1.226948711654E-18));
#4550 = ADVANCED_FACE('',(#4551),#4576,.T.);
#4551 = FACE_BOUND('',#4552,.F.);
#4552 = EDGE_LOOP('',(#4553,#4561,#4562,#4570));
#4553 = ORIENTED_EDGE('',*,*,#4554,.F.);
#4554 = EDGE_CURVE('',#3604,#4555,#4557,.T.);
#4555 = VERTEX_POINT('',#4556);
#4556 = CARTESIAN_POINT('',(-0.16,-4.92,8.54));
#4557 = LINE('',#4558,#4559);
#4558 = CARTESIAN_POINT('',(-0.16,-4.92,8.54));
#4559 = VECTOR('',#4560,1.);
#4560 = DIRECTION('',(0.57735026919,-0.57735026919,0.57735026919));
#4561 = ORIENTED_EDGE('',*,*,#3611,.T.);
#4562 = ORIENTED_EDGE('',*,*,#4563,.T.);
#4563 = EDGE_CURVE('',#3595,#4564,#4566,.T.);
#4564 = VERTEX_POINT('',#4565);
#4565 = CARTESIAN_POINT('',(0.16,-4.92,8.54));
#4566 = LINE('',#4567,#4568);
#4567 = CARTESIAN_POINT('',(5.333333333333E-02,-5.026666666667,
    8.646666666667));
#4568 = VECTOR('',#4569,1.);
#4569 = DIRECTION('',(-0.57735026919,-0.57735026919,0.57735026919));
#4570 = ORIENTED_EDGE('',*,*,#4571,.F.);
#4571 = EDGE_CURVE('',#4555,#4564,#4572,.T.);
#4572 = LINE('',#4573,#4574);
#4573 = CARTESIAN_POINT('',(-0.32,-4.92,8.54));
#4574 = VECTOR('',#4575,1.);
#4575 = DIRECTION('',(1.,0.,0.));
#4576 = PLANE('',#4577);
#4577 = AXIS2_PLACEMENT_3D('',#4578,#4579,#4580);
#4578 = CARTESIAN_POINT('',(-0.32,-4.84,8.46));
#4579 = DIRECTION('',(1.735167508357E-18,0.707106781187,0.707106781187)
  );
#4580 = DIRECTION('',(-1.,1.226948711654E-18,1.226948711654E-18));
#4581 = ADVANCED_FACE('',(#4582),#4600,.F.);
#4582 = FACE_BOUND('',#4583,.F.);
#4583 = EDGE_LOOP('',(#4584,#4592,#4593,#4594));
#4584 = ORIENTED_EDGE('',*,*,#4585,.F.);
#4585 = EDGE_CURVE('',#3626,#4586,#4588,.T.);
#4586 = VERTEX_POINT('',#4587);
#4587 = CARTESIAN_POINT('',(-0.16,-5.24,8.54));
#4588 = LINE('',#4589,#4590);
#4589 = CARTESIAN_POINT('',(-0.266666666667,-5.346666666667,
    8.433333333333));
#4590 = VECTOR('',#4591,1.);
#4591 = DIRECTION('',(0.57735026919,0.57735026919,0.57735026919));
#4592 = ORIENTED_EDGE('',*,*,#3635,.T.);
#4593 = ORIENTED_EDGE('',*,*,#4554,.T.);
#4594 = ORIENTED_EDGE('',*,*,#4595,.F.);
#4595 = EDGE_CURVE('',#4586,#4555,#4596,.T.);
#4596 = LINE('',#4597,#4598);
#4597 = CARTESIAN_POINT('',(-0.16,-5.4,8.54));
#4598 = VECTOR('',#4599,1.);
#4599 = DIRECTION('',(0.,1.,0.));
#4600 = PLANE('',#4601);
#4601 = AXIS2_PLACEMENT_3D('',#4602,#4603,#4604);
#4602 = CARTESIAN_POINT('',(-0.24,-5.4,8.46));
#4603 = DIRECTION('',(0.707106781187,1.735167508357E-18,-0.707106781187)
  );
#4604 = DIRECTION('',(-1.226948711654E-18,1.,1.226948711654E-18));
#4605 = ADVANCED_FACE('',(#4606),#4624,.F.);
#4606 = FACE_BOUND('',#4607,.T.);
#4607 = EDGE_LOOP('',(#4608,#4609,#4610,#4618));
#4608 = ORIENTED_EDGE('',*,*,#4585,.F.);
#4609 = ORIENTED_EDGE('',*,*,#3659,.T.);
#4610 = ORIENTED_EDGE('',*,*,#4611,.T.);
#4611 = EDGE_CURVE('',#3650,#4612,#4614,.T.);
#4612 = VERTEX_POINT('',#4613);
#4613 = CARTESIAN_POINT('',(0.16,-5.24,8.54));
#4614 = LINE('',#4615,#4616);
#4615 = CARTESIAN_POINT('',(0.16,-5.24,8.54));
#4616 = VECTOR('',#4617,1.);
#4617 = DIRECTION('',(-0.57735026919,0.57735026919,0.57735026919));
#4618 = ORIENTED_EDGE('',*,*,#4619,.F.);
#4619 = EDGE_CURVE('',#4586,#4612,#4620,.T.);
#4620 = LINE('',#4621,#4622);
#4621 = CARTESIAN_POINT('',(-0.32,-5.24,8.54));
#4622 = VECTOR('',#4623,1.);
#4623 = DIRECTION('',(1.,0.,0.));
#4624 = PLANE('',#4625);
#4625 = AXIS2_PLACEMENT_3D('',#4626,#4627,#4628);
#4626 = CARTESIAN_POINT('',(-0.32,-5.32,8.46));
#4627 = DIRECTION('',(-1.735167508357E-18,0.707106781187,-0.707106781187
    ));
#4628 = DIRECTION('',(-1.,-1.226948711654E-18,1.226948711654E-18));
#4629 = ADVANCED_FACE('',(#4630),#4641,.T.);
#4630 = FACE_BOUND('',#4631,.T.);
#4631 = EDGE_LOOP('',(#4632,#4633,#4634,#4635));
#4632 = ORIENTED_EDGE('',*,*,#4611,.F.);
#4633 = ORIENTED_EDGE('',*,*,#3676,.T.);
#4634 = ORIENTED_EDGE('',*,*,#4563,.T.);
#4635 = ORIENTED_EDGE('',*,*,#4636,.F.);
#4636 = EDGE_CURVE('',#4612,#4564,#4637,.T.);
#4637 = LINE('',#4638,#4639);
#4638 = CARTESIAN_POINT('',(0.16,-5.4,8.54));
#4639 = VECTOR('',#4640,1.);
#4640 = DIRECTION('',(0.,1.,0.));
#4641 = PLANE('',#4642);
#4642 = AXIS2_PLACEMENT_3D('',#4643,#4644,#4645);
#4643 = CARTESIAN_POINT('',(0.24,-5.4,8.46));
#4644 = DIRECTION('',(0.707106781187,-1.735167508357E-18,0.707106781187)
  );
#4645 = DIRECTION('',(1.226948711654E-18,1.,1.226948711654E-18));
#4646 = ADVANCED_FACE('',(#4647),#4672,.T.);
#4647 = FACE_BOUND('',#4648,.F.);
#4648 = EDGE_LOOP('',(#4649,#4657,#4658,#4666));
#4649 = ORIENTED_EDGE('',*,*,#4650,.F.);
#4650 = EDGE_CURVE('',#3700,#4651,#4653,.T.);
#4651 = VERTEX_POINT('',#4652);
#4652 = CARTESIAN_POINT('',(-0.16,-10.,8.54));
#4653 = LINE('',#4654,#4655);
#4654 = CARTESIAN_POINT('',(-0.16,-10.,8.54));
#4655 = VECTOR('',#4656,1.);
#4656 = DIRECTION('',(0.57735026919,-0.57735026919,0.57735026919));
#4657 = ORIENTED_EDGE('',*,*,#3707,.T.);
#4658 = ORIENTED_EDGE('',*,*,#4659,.T.);
#4659 = EDGE_CURVE('',#3691,#4660,#4662,.T.);
#4660 = VERTEX_POINT('',#4661);
#4661 = CARTESIAN_POINT('',(0.16,-10.,8.54));
#4662 = LINE('',#4663,#4664);
#4663 = CARTESIAN_POINT('',(5.333333333333E-02,-10.10666666666,
    8.646666666667));
#4664 = VECTOR('',#4665,1.);
#4665 = DIRECTION('',(-0.57735026919,-0.57735026919,0.57735026919));
#4666 = ORIENTED_EDGE('',*,*,#4667,.F.);
#4667 = EDGE_CURVE('',#4651,#4660,#4668,.T.);
#4668 = LINE('',#4669,#4670);
#4669 = CARTESIAN_POINT('',(-0.32,-10.,8.54));
#4670 = VECTOR('',#4671,1.);
#4671 = DIRECTION('',(1.,0.,0.));
#4672 = PLANE('',#4673);
#4673 = AXIS2_PLACEMENT_3D('',#4674,#4675,#4676);
#4674 = CARTESIAN_POINT('',(-0.32,-9.92,8.46));
#4675 = DIRECTION('',(1.735167508357E-18,0.707106781187,0.707106781187)
  );
#4676 = DIRECTION('',(-1.,1.226948711654E-18,1.226948711654E-18));
#4677 = ADVANCED_FACE('',(#4678),#4696,.F.);
#4678 = FACE_BOUND('',#4679,.F.);
#4679 = EDGE_LOOP('',(#4680,#4688,#4689,#4690));
#4680 = ORIENTED_EDGE('',*,*,#4681,.F.);
#4681 = EDGE_CURVE('',#3722,#4682,#4684,.T.);
#4682 = VERTEX_POINT('',#4683);
#4683 = CARTESIAN_POINT('',(-0.16,-10.32,8.54));
#4684 = LINE('',#4685,#4686);
#4685 = CARTESIAN_POINT('',(-0.266666666667,-10.42666666666,
    8.433333333333));
#4686 = VECTOR('',#4687,1.);
#4687 = DIRECTION('',(0.57735026919,0.57735026919,0.57735026919));
#4688 = ORIENTED_EDGE('',*,*,#3731,.T.);
#4689 = ORIENTED_EDGE('',*,*,#4650,.T.);
#4690 = ORIENTED_EDGE('',*,*,#4691,.F.);
#4691 = EDGE_CURVE('',#4682,#4651,#4692,.T.);
#4692 = LINE('',#4693,#4694);
#4693 = CARTESIAN_POINT('',(-0.16,-10.48,8.54));
#4694 = VECTOR('',#4695,1.);
#4695 = DIRECTION('',(0.,1.,0.));
#4696 = PLANE('',#4697);
#4697 = AXIS2_PLACEMENT_3D('',#4698,#4699,#4700);
#4698 = CARTESIAN_POINT('',(-0.24,-10.48,8.46));
#4699 = DIRECTION('',(0.707106781187,1.735167508357E-18,-0.707106781187)
  );
#4700 = DIRECTION('',(-1.226948711654E-18,1.,1.226948711654E-18));
#4701 = ADVANCED_FACE('',(#4702),#4720,.F.);
#4702 = FACE_BOUND('',#4703,.T.);
#4703 = EDGE_LOOP('',(#4704,#4705,#4706,#4714));
#4704 = ORIENTED_EDGE('',*,*,#4681,.F.);
#4705 = ORIENTED_EDGE('',*,*,#3755,.T.);
#4706 = ORIENTED_EDGE('',*,*,#4707,.T.);
#4707 = EDGE_CURVE('',#3746,#4708,#4710,.T.);
#4708 = VERTEX_POINT('',#4709);
#4709 = CARTESIAN_POINT('',(0.16,-10.32,8.54));
#4710 = LINE('',#4711,#4712);
#4711 = CARTESIAN_POINT('',(0.16,-10.32,8.54));
#4712 = VECTOR('',#4713,1.);
#4713 = DIRECTION('',(-0.57735026919,0.57735026919,0.57735026919));
#4714 = ORIENTED_EDGE('',*,*,#4715,.F.);
#4715 = EDGE_CURVE('',#4682,#4708,#4716,.T.);
#4716 = LINE('',#4717,#4718);
#4717 = CARTESIAN_POINT('',(-0.32,-10.32,8.54));
#4718 = VECTOR('',#4719,1.);
#4719 = DIRECTION('',(1.,0.,0.));
#4720 = PLANE('',#4721);
#4721 = AXIS2_PLACEMENT_3D('',#4722,#4723,#4724);
#4722 = CARTESIAN_POINT('',(-0.32,-10.4,8.46));
#4723 = DIRECTION('',(-1.735167508357E-18,0.707106781187,-0.707106781187
    ));
#4724 = DIRECTION('',(-1.,-1.226948711654E-18,1.226948711654E-18));
#4725 = ADVANCED_FACE('',(#4726),#4737,.T.);
#4726 = FACE_BOUND('',#4727,.T.);
#4727 = EDGE_LOOP('',(#4728,#4729,#4730,#4731));
#4728 = ORIENTED_EDGE('',*,*,#4707,.F.);
#4729 = ORIENTED_EDGE('',*,*,#3772,.T.);
#4730 = ORIENTED_EDGE('',*,*,#4659,.T.);
#4731 = ORIENTED_EDGE('',*,*,#4732,.F.);
#4732 = EDGE_CURVE('',#4708,#4660,#4733,.T.);
#4733 = LINE('',#4734,#4735);
#4734 = CARTESIAN_POINT('',(0.16,-10.48,8.54));
#4735 = VECTOR('',#4736,1.);
#4736 = DIRECTION('',(0.,1.,0.));
#4737 = PLANE('',#4738);
#4738 = AXIS2_PLACEMENT_3D('',#4739,#4740,#4741);
#4739 = CARTESIAN_POINT('',(0.24,-10.48,8.46));
#4740 = DIRECTION('',(0.707106781187,-1.735167508357E-18,0.707106781187)
  );
#4741 = DIRECTION('',(1.226948711654E-18,1.,1.226948711654E-18));
#4742 = ADVANCED_FACE('',(#4743),#4768,.F.);
#4743 = FACE_BOUND('',#4744,.T.);
#4744 = EDGE_LOOP('',(#4745,#4753,#4754,#4762));
#4745 = ORIENTED_EDGE('',*,*,#4746,.F.);
#4746 = EDGE_CURVE('',#3796,#4747,#4749,.T.);
#4747 = VERTEX_POINT('',#4748);
#4748 = CARTESIAN_POINT('',(-0.16,-7.78,8.54));
#4749 = LINE('',#4750,#4751);
#4750 = CARTESIAN_POINT('',(-0.266666666667,-7.886666666667,
    8.433333333333));
#4751 = VECTOR('',#4752,1.);
#4752 = DIRECTION('',(0.57735026919,0.57735026919,0.57735026919));
#4753 = ORIENTED_EDGE('',*,*,#3803,.T.);
#4754 = ORIENTED_EDGE('',*,*,#4755,.T.);
#4755 = EDGE_CURVE('',#3787,#4756,#4758,.T.);
#4756 = VERTEX_POINT('',#4757);
#4757 = CARTESIAN_POINT('',(0.16,-7.78,8.54));
#4758 = LINE('',#4759,#4760);
#4759 = CARTESIAN_POINT('',(0.16,-7.78,8.54));
#4760 = VECTOR('',#4761,1.);
#4761 = DIRECTION('',(-0.57735026919,0.57735026919,0.57735026919));
#4762 = ORIENTED_EDGE('',*,*,#4763,.F.);
#4763 = EDGE_CURVE('',#4747,#4756,#4764,.T.);
#4764 = LINE('',#4765,#4766);
#4765 = CARTESIAN_POINT('',(-0.32,-7.78,8.54));
#4766 = VECTOR('',#4767,1.);
#4767 = DIRECTION('',(1.,0.,0.));
#4768 = PLANE('',#4769);
#4769 = AXIS2_PLACEMENT_3D('',#4770,#4771,#4772);
#4770 = CARTESIAN_POINT('',(-0.32,-7.86,8.46));
#4771 = DIRECTION('',(-1.735167508357E-18,0.707106781187,-0.707106781187
    ));
#4772 = DIRECTION('',(-1.,-1.226948711654E-18,1.226948711654E-18));
#4773 = ADVANCED_FACE('',(#4774),#4792,.T.);
#4774 = FACE_BOUND('',#4775,.T.);
#4775 = EDGE_LOOP('',(#4776,#4777,#4778,#4786));
#4776 = ORIENTED_EDGE('',*,*,#4755,.F.);
#4777 = ORIENTED_EDGE('',*,*,#3827,.T.);
#4778 = ORIENTED_EDGE('',*,*,#4779,.T.);
#4779 = EDGE_CURVE('',#3820,#4780,#4782,.T.);
#4780 = VERTEX_POINT('',#4781);
#4781 = CARTESIAN_POINT('',(0.16,-7.46,8.54));
#4782 = LINE('',#4783,#4784);
#4783 = CARTESIAN_POINT('',(5.333333333333E-02,-7.566666666667,
    8.646666666667));
#4784 = VECTOR('',#4785,1.);
#4785 = DIRECTION('',(-0.57735026919,-0.57735026919,0.57735026919));
#4786 = ORIENTED_EDGE('',*,*,#4787,.F.);
#4787 = EDGE_CURVE('',#4756,#4780,#4788,.T.);
#4788 = LINE('',#4789,#4790);
#4789 = CARTESIAN_POINT('',(0.16,-7.94,8.54));
#4790 = VECTOR('',#4791,1.);
#4791 = DIRECTION('',(0.,1.,0.));
#4792 = PLANE('',#4793);
#4793 = AXIS2_PLACEMENT_3D('',#4794,#4795,#4796);
#4794 = CARTESIAN_POINT('',(0.24,-7.94,8.46));
#4795 = DIRECTION('',(0.707106781187,-1.735167508357E-18,0.707106781187)
  );
#4796 = DIRECTION('',(1.226948711654E-18,1.,1.226948711654E-18));
#4797 = ADVANCED_FACE('',(#4798),#4816,.T.);
#4798 = FACE_BOUND('',#4799,.F.);
#4799 = EDGE_LOOP('',(#4800,#4808,#4809,#4810));
#4800 = ORIENTED_EDGE('',*,*,#4801,.F.);
#4801 = EDGE_CURVE('',#3844,#4802,#4804,.T.);
#4802 = VERTEX_POINT('',#4803);
#4803 = CARTESIAN_POINT('',(-0.16,-7.46,8.54));
#4804 = LINE('',#4805,#4806);
#4805 = CARTESIAN_POINT('',(-0.16,-7.46,8.54));
#4806 = VECTOR('',#4807,1.);
#4807 = DIRECTION('',(0.57735026919,-0.57735026919,0.57735026919));
#4808 = ORIENTED_EDGE('',*,*,#3851,.T.);
#4809 = ORIENTED_EDGE('',*,*,#4779,.T.);
#4810 = ORIENTED_EDGE('',*,*,#4811,.F.);
#4811 = EDGE_CURVE('',#4802,#4780,#4812,.T.);
#4812 = LINE('',#4813,#4814);
#4813 = CARTESIAN_POINT('',(-0.32,-7.46,8.54));
#4814 = VECTOR('',#4815,1.);
#4815 = DIRECTION('',(1.,0.,0.));
#4816 = PLANE('',#4817);
#4817 = AXIS2_PLACEMENT_3D('',#4818,#4819,#4820);
#4818 = CARTESIAN_POINT('',(-0.32,-7.38,8.46));
#4819 = DIRECTION('',(1.735167508357E-18,0.707106781187,0.707106781187)
  );
#4820 = DIRECTION('',(-1.,1.226948711654E-18,1.226948711654E-18));
#4821 = ADVANCED_FACE('',(#4822),#4833,.F.);
#4822 = FACE_BOUND('',#4823,.F.);
#4823 = EDGE_LOOP('',(#4824,#4825,#4826,#4827));
#4824 = ORIENTED_EDGE('',*,*,#4746,.F.);
#4825 = ORIENTED_EDGE('',*,*,#3868,.T.);
#4826 = ORIENTED_EDGE('',*,*,#4801,.T.);
#4827 = ORIENTED_EDGE('',*,*,#4828,.F.);
#4828 = EDGE_CURVE('',#4747,#4802,#4829,.T.);
#4829 = LINE('',#4830,#4831);
#4830 = CARTESIAN_POINT('',(-0.16,-7.94,8.54));
#4831 = VECTOR('',#4832,1.);
#4832 = DIRECTION('',(0.,1.,0.));
#4833 = PLANE('',#4834);
#4834 = AXIS2_PLACEMENT_3D('',#4835,#4836,#4837);
#4835 = CARTESIAN_POINT('',(-0.24,-7.94,8.46));
#4836 = DIRECTION('',(0.707106781187,1.735167508357E-18,-0.707106781187)
  );
#4837 = DIRECTION('',(-1.226948711654E-18,1.,1.226948711654E-18));
#4838 = ADVANCED_FACE('',(#4839),#4845,.F.);
#4839 = FACE_BOUND('',#4840,.F.);
#4840 = EDGE_LOOP('',(#4841,#4842,#4843,#4844));
#4841 = ORIENTED_EDGE('',*,*,#3964,.T.);
#4842 = ORIENTED_EDGE('',*,*,#3899,.T.);
#4843 = ORIENTED_EDGE('',*,*,#3923,.F.);
#4844 = ORIENTED_EDGE('',*,*,#3947,.F.);
#4845 = PLANE('',#4846);
#4846 = AXIS2_PLACEMENT_3D('',#4847,#4848,#4849);
#4847 = CARTESIAN_POINT('',(-0.32,-0.32,-3.));
#4848 = DIRECTION('',(0.,0.,1.));
#4849 = DIRECTION('',(1.,0.,-0.));
#4850 = ADVANCED_FACE('',(#4851),#4857,.F.);
#4851 = FACE_BOUND('',#4852,.F.);
#4852 = EDGE_LOOP('',(#4853,#4854,#4855,#4856));
#4853 = ORIENTED_EDGE('',*,*,#4043,.T.);
#4854 = ORIENTED_EDGE('',*,*,#4060,.T.);
#4855 = ORIENTED_EDGE('',*,*,#3995,.F.);
#4856 = ORIENTED_EDGE('',*,*,#4019,.F.);
#4857 = PLANE('',#4858);
#4858 = AXIS2_PLACEMENT_3D('',#4859,#4860,#4861);
#4859 = CARTESIAN_POINT('',(-0.32,-2.86,-3.));
#4860 = DIRECTION('',(0.,0.,1.));
#4861 = DIRECTION('',(1.,0.,-0.));
#4862 = ADVANCED_FACE('',(#4863),#4869,.F.);
#4863 = FACE_BOUND('',#4864,.F.);
#4864 = EDGE_LOOP('',(#4865,#4866,#4867,#4868));
#4865 = ORIENTED_EDGE('',*,*,#4139,.T.);
#4866 = ORIENTED_EDGE('',*,*,#4156,.T.);
#4867 = ORIENTED_EDGE('',*,*,#4091,.F.);
#4868 = ORIENTED_EDGE('',*,*,#4115,.F.);
#4869 = PLANE('',#4870);
#4870 = AXIS2_PLACEMENT_3D('',#4871,#4872,#4873);
#4871 = CARTESIAN_POINT('',(-0.32,-5.4,-3.));
#4872 = DIRECTION('',(0.,0.,1.));
#4873 = DIRECTION('',(1.,0.,-0.));
#4874 = ADVANCED_FACE('',(#4875),#4881,.F.);
#4875 = FACE_BOUND('',#4876,.F.);
#4876 = EDGE_LOOP('',(#4877,#4878,#4879,#4880));
#4877 = ORIENTED_EDGE('',*,*,#4235,.T.);
#4878 = ORIENTED_EDGE('',*,*,#4252,.T.);
#4879 = ORIENTED_EDGE('',*,*,#4187,.F.);
#4880 = ORIENTED_EDGE('',*,*,#4211,.F.);
#4881 = PLANE('',#4882);
#4882 = AXIS2_PLACEMENT_3D('',#4883,#4884,#4885);
#4883 = CARTESIAN_POINT('',(-0.32,-10.48,-3.));
#4884 = DIRECTION('',(0.,0.,1.));
#4885 = DIRECTION('',(1.,0.,-0.));
#4886 = ADVANCED_FACE('',(#4887),#4893,.F.);
#4887 = FACE_BOUND('',#4888,.F.);
#4888 = EDGE_LOOP('',(#4889,#4890,#4891,#4892));
#4889 = ORIENTED_EDGE('',*,*,#4283,.T.);
#4890 = ORIENTED_EDGE('',*,*,#4307,.T.);
#4891 = ORIENTED_EDGE('',*,*,#4331,.F.);
#4892 = ORIENTED_EDGE('',*,*,#4348,.F.);
#4893 = PLANE('',#4894);
#4894 = AXIS2_PLACEMENT_3D('',#4895,#4896,#4897);
#4895 = CARTESIAN_POINT('',(-0.32,-7.94,-3.));
#4896 = DIRECTION('',(0.,0.,1.));
#4897 = DIRECTION('',(1.,0.,-0.));
#4898 = ADVANCED_FACE('',(#4899),#4905,.T.);
#4899 = FACE_BOUND('',#4900,.T.);
#4900 = EDGE_LOOP('',(#4901,#4902,#4903,#4904));
#4901 = ORIENTED_EDGE('',*,*,#4379,.T.);
#4902 = ORIENTED_EDGE('',*,*,#4403,.F.);
#4903 = ORIENTED_EDGE('',*,*,#4427,.F.);
#4904 = ORIENTED_EDGE('',*,*,#4444,.T.);
#4905 = PLANE('',#4906);
#4906 = AXIS2_PLACEMENT_3D('',#4907,#4908,#4909);
#4907 = CARTESIAN_POINT('',(-0.32,-0.32,8.54));
#4908 = DIRECTION('',(0.,0.,1.));
#4909 = DIRECTION('',(1.,0.,-0.));
#4910 = ADVANCED_FACE('',(#4911),#4917,.T.);
#4911 = FACE_BOUND('',#4912,.T.);
#4912 = EDGE_LOOP('',(#4913,#4914,#4915,#4916));
#4913 = ORIENTED_EDGE('',*,*,#4540,.T.);
#4914 = ORIENTED_EDGE('',*,*,#4475,.F.);
#4915 = ORIENTED_EDGE('',*,*,#4499,.F.);
#4916 = ORIENTED_EDGE('',*,*,#4523,.T.);
#4917 = PLANE('',#4918);
#4918 = AXIS2_PLACEMENT_3D('',#4919,#4920,#4921);
#4919 = CARTESIAN_POINT('',(-0.32,-2.86,8.54));
#4920 = DIRECTION('',(0.,0.,1.));
#4921 = DIRECTION('',(1.,0.,-0.));
#4922 = ADVANCED_FACE('',(#4923),#4929,.T.);
#4923 = FACE_BOUND('',#4924,.T.);
#4924 = EDGE_LOOP('',(#4925,#4926,#4927,#4928));
#4925 = ORIENTED_EDGE('',*,*,#4636,.T.);
#4926 = ORIENTED_EDGE('',*,*,#4571,.F.);
#4927 = ORIENTED_EDGE('',*,*,#4595,.F.);
#4928 = ORIENTED_EDGE('',*,*,#4619,.T.);
#4929 = PLANE('',#4930);
#4930 = AXIS2_PLACEMENT_3D('',#4931,#4932,#4933);
#4931 = CARTESIAN_POINT('',(-0.32,-5.4,8.54));
#4932 = DIRECTION('',(0.,0.,1.));
#4933 = DIRECTION('',(1.,0.,-0.));
#4934 = ADVANCED_FACE('',(#4935),#4941,.T.);
#4935 = FACE_BOUND('',#4936,.T.);
#4936 = EDGE_LOOP('',(#4937,#4938,#4939,#4940));
#4937 = ORIENTED_EDGE('',*,*,#4732,.T.);
#4938 = ORIENTED_EDGE('',*,*,#4667,.F.);
#4939 = ORIENTED_EDGE('',*,*,#4691,.F.);
#4940 = ORIENTED_EDGE('',*,*,#4715,.T.);
#4941 = PLANE('',#4942);
#4942 = AXIS2_PLACEMENT_3D('',#4943,#4944,#4945);
#4943 = CARTESIAN_POINT('',(-0.32,-10.48,8.54));
#4944 = DIRECTION('',(0.,0.,1.));
#4945 = DIRECTION('',(1.,0.,-0.));
#4946 = ADVANCED_FACE('',(#4947),#4953,.T.);
#4947 = FACE_BOUND('',#4948,.T.);
#4948 = EDGE_LOOP('',(#4949,#4950,#4951,#4952));
#4949 = ORIENTED_EDGE('',*,*,#4787,.T.);
#4950 = ORIENTED_EDGE('',*,*,#4811,.F.);
#4951 = ORIENTED_EDGE('',*,*,#4828,.F.);
#4952 = ORIENTED_EDGE('',*,*,#4763,.T.);
#4953 = PLANE('',#4954);
#4954 = AXIS2_PLACEMENT_3D('',#4955,#4956,#4957);
#4955 = CARTESIAN_POINT('',(-0.32,-7.94,8.54));
#4956 = DIRECTION('',(0.,0.,1.));
#4957 = DIRECTION('',(1.,0.,-0.));
#4958 = ( GEOMETRIC_REPRESENTATION_CONTEXT(3) 
GLOBAL_UNCERTAINTY_ASSIGNED_CONTEXT((#4962)) 
GLOBAL_UNIT_ASSIGNED_CONTEXT((#4959,#4960,#4961)) REPRESENTATION_CONTEXT
('Context #1','3D Context with UNIT and UNCERTAINTY') );
#4959 = ( LENGTH_UNIT() NAMED_UNIT(*) SI_UNIT(.MILLI.,.METRE.) );
#4960 = ( NAMED_UNIT(*) PLANE_ANGLE_UNIT() SI_UNIT($,.RADIAN.) );
#4961 = ( NAMED_UNIT(*) SI_UNIT($,.STERADIAN.) SOLID_ANGLE_UNIT() );
#4962 = UNCERTAINTY_MEASURE_WITH_UNIT(LENGTH_MEASURE(1.E-07),#4959,
  'distance_accuracy_value','confusion accuracy');
#4963 = CONTEXT_DEPENDENT_SHAPE_REPRESENTATION(#4964,#4966);
#4964 = ( REPRESENTATION_RELATIONSHIP('','',#1503,#10) 
REPRESENTATION_RELATIONSHIP_WITH_TRANSFORMATION(#4965) 
SHAPE_REPRESENTATION_RELATIONSHIP() );
#4965 = ITEM_DEFINED_TRANSFORMATION('','',#11,#19);
#4966 = PRODUCT_DEFINITION_SHAPE('Placement','Placement of an item',
  #4967);
#4967 = NEXT_ASSEMBLY_USAGE_OCCURRENCE('2','J9','',#5,#1498,$);
#4968 = PRODUCT_RELATED_PRODUCT_CATEGORY('part',$,(#1500));
#4969 = CONTEXT_DEPENDENT_SHAPE_REPRESENTATION(#4970,#4972);
#4970 = ( REPRESENTATION_RELATIONSHIP('','',#1503,#10) 
REPRESENTATION_RELATIONSHIP_WITH_TRANSFORMATION(#4971) 
SHAPE_REPRESENTATION_RELATIONSHIP() );
#4971 = ITEM_DEFINED_TRANSFORMATION('','',#11,#23);
#4972 = PRODUCT_DEFINITION_SHAPE('Placement','Placement of an item',
  #4973);
#4973 = NEXT_ASSEMBLY_USAGE_OCCURRENCE('3','J8','',#5,#1498,$);
#4974 = SHAPE_DEFINITION_REPRESENTATION(#4975,#4981);
#4975 = PRODUCT_DEFINITION_SHAPE('','',#4976);
#4976 = PRODUCT_DEFINITION('design','',#4977,#4980);
#4977 = PRODUCT_DEFINITION_FORMATION('','',#4978);
#4978 = PRODUCT('PinHeader_1x04_P2.54mm_Vertical',
  'PinHeader_1x04_P2.54mm_Vertical','',(#4979));
#4979 = PRODUCT_CONTEXT('',#2,'mechanical');
#4980 = PRODUCT_DEFINITION_CONTEXT('part definition',#2,'design');
#4981 = ADVANCED_BREP_SHAPE_REPRESENTATION('',(#11,#4982),#7762);
#4982 = MANIFOLD_SOLID_BREP('',#4983);
#4983 = CLOSED_SHELL('',(#4984,#5024,#5055,#5086,#5415,#5744,#5761,#5778
    ,#5795,#5812,#5829,#5846,#5863,#5880,#5897,#5914,#5931,#5948,#5965,
    #5982,#5999,#6016,#6033,#6050,#6067,#6084,#6101,#6118,#6130,#6161,
    #6185,#6209,#6226,#6257,#6281,#6305,#6322,#6353,#6377,#6401,#6418,
    #6449,#6473,#6497,#6514,#6545,#6569,#6593,#6610,#6641,#6665,#6689,
    #6706,#6737,#6761,#6785,#6802,#6833,#6857,#6881,#6898,#6929,#6953,
    #6977,#6994,#7025,#7049,#7073,#7090,#7121,#7145,#7169,#7186,#7217,
    #7241,#7265,#7282,#7313,#7337,#7361,#7378,#7409,#7433,#7457,#7474,
    #7505,#7529,#7553,#7570,#7601,#7625,#7649,#7666,#7678,#7690,#7702,
    #7714,#7726,#7738,#7750));
#4984 = ADVANCED_FACE('',(#4985),#5019,.F.);
#4985 = FACE_BOUND('',#4986,.F.);
#4986 = EDGE_LOOP('',(#4987,#4997,#5005,#5013));
#4987 = ORIENTED_EDGE('',*,*,#4988,.T.);
#4988 = EDGE_CURVE('',#4989,#4991,#4993,.T.);
#4989 = VERTEX_POINT('',#4990);
#4990 = CARTESIAN_POINT('',(-1.016,1.27,0.));
#4991 = VERTEX_POINT('',#4992);
#4992 = CARTESIAN_POINT('',(-1.016,1.27,2.54));
#4993 = LINE('',#4994,#4995);
#4994 = CARTESIAN_POINT('',(-1.016,1.27,0.));
#4995 = VECTOR('',#4996,1.);
#4996 = DIRECTION('',(0.,0.,1.));
#4997 = ORIENTED_EDGE('',*,*,#4998,.T.);
#4998 = EDGE_CURVE('',#4991,#4999,#5001,.T.);
#4999 = VERTEX_POINT('',#5000);
#5000 = CARTESIAN_POINT('',(-1.27,1.016,2.54));
#5001 = LINE('',#5002,#5003);
#5002 = CARTESIAN_POINT('',(-1.016,1.27,2.54));
#5003 = VECTOR('',#5004,1.);
#5004 = DIRECTION('',(-0.707106781187,-0.707106781187,0.));
#5005 = ORIENTED_EDGE('',*,*,#5006,.F.);
#5006 = EDGE_CURVE('',#5007,#4999,#5009,.T.);
#5007 = VERTEX_POINT('',#5008);
#5008 = CARTESIAN_POINT('',(-1.27,1.016,0.));
#5009 = LINE('',#5010,#5011);
#5010 = CARTESIAN_POINT('',(-1.27,1.016,0.));
#5011 = VECTOR('',#5012,1.);
#5012 = DIRECTION('',(0.,0.,1.));
#5013 = ORIENTED_EDGE('',*,*,#5014,.F.);
#5014 = EDGE_CURVE('',#4989,#5007,#5015,.T.);
#5015 = LINE('',#5016,#5017);
#5016 = CARTESIAN_POINT('',(-1.016,1.27,0.));
#5017 = VECTOR('',#5018,1.);
#5018 = DIRECTION('',(-0.707106781187,-0.707106781187,0.));
#5019 = PLANE('',#5020);
#5020 = AXIS2_PLACEMENT_3D('',#5021,#5022,#5023);
#5021 = CARTESIAN_POINT('',(-1.016,1.27,0.));
#5022 = DIRECTION('',(0.707106781187,-0.707106781187,0.));
#5023 = DIRECTION('',(-0.707106781187,-0.707106781187,0.));
#5024 = ADVANCED_FACE('',(#5025),#5050,.F.);
#5025 = FACE_BOUND('',#5026,.F.);
#5026 = EDGE_LOOP('',(#5027,#5037,#5043,#5044));
#5027 = ORIENTED_EDGE('',*,*,#5028,.T.);
#5028 = EDGE_CURVE('',#5029,#5031,#5033,.T.);
#5029 = VERTEX_POINT('',#5030);
#5030 = CARTESIAN_POINT('',(1.016,1.27,0.));
#5031 = VERTEX_POINT('',#5032);
#5032 = CARTESIAN_POINT('',(1.016,1.27,2.54));
#5033 = LINE('',#5034,#5035);
#5034 = CARTESIAN_POINT('',(1.016,1.27,0.));
#5035 = VECTOR('',#5036,1.);
#5036 = DIRECTION('',(0.,0.,1.));
#5037 = ORIENTED_EDGE('',*,*,#5038,.T.);
#5038 = EDGE_CURVE('',#5031,#4991,#5039,.T.);
#5039 = LINE('',#5040,#5041);
#5040 = CARTESIAN_POINT('',(1.016,1.27,2.54));
#5041 = VECTOR('',#5042,1.);
#5042 = DIRECTION('',(-1.,0.,0.));
#5043 = ORIENTED_EDGE('',*,*,#4988,.F.);
#5044 = ORIENTED_EDGE('',*,*,#5045,.F.);
#5045 = EDGE_CURVE('',#5029,#4989,#5046,.T.);
#5046 = LINE('',#5047,#5048);
#5047 = CARTESIAN_POINT('',(1.016,1.27,0.));
#5048 = VECTOR('',#5049,1.);
#5049 = DIRECTION('',(-1.,0.,0.));
#5050 = PLANE('',#5051);
#5051 = AXIS2_PLACEMENT_3D('',#5052,#5053,#5054);
#5052 = CARTESIAN_POINT('',(1.016,1.27,0.));
#5053 = DIRECTION('',(0.,-1.,0.));
#5054 = DIRECTION('',(-1.,0.,0.));
#5055 = ADVANCED_FACE('',(#5056),#5081,.F.);
#5056 = FACE_BOUND('',#5057,.F.);
#5057 = EDGE_LOOP('',(#5058,#5059,#5067,#5075));
#5058 = ORIENTED_EDGE('',*,*,#5006,.T.);
#5059 = ORIENTED_EDGE('',*,*,#5060,.T.);
#5060 = EDGE_CURVE('',#4999,#5061,#5063,.T.);
#5061 = VERTEX_POINT('',#5062);
#5062 = CARTESIAN_POINT('',(-1.27,-1.016,2.54));
#5063 = LINE('',#5064,#5065);
#5064 = CARTESIAN_POINT('',(-1.27,1.016,2.54));
#5065 = VECTOR('',#5066,1.);
#5066 = DIRECTION('',(0.,-1.,0.));
#5067 = ORIENTED_EDGE('',*,*,#5068,.F.);
#5068 = EDGE_CURVE('',#5069,#5061,#5071,.T.);
#5069 = VERTEX_POINT('',#5070);
#5070 = CARTESIAN_POINT('',(-1.27,-1.016,0.));
#5071 = LINE('',#5072,#5073);
#5072 = CARTESIAN_POINT('',(-1.27,-1.016,0.));
#5073 = VECTOR('',#5074,1.);
#5074 = DIRECTION('',(0.,0.,1.));
#5075 = ORIENTED_EDGE('',*,*,#5076,.F.);
#5076 = EDGE_CURVE('',#5007,#5069,#5077,.T.);
#5077 = LINE('',#5078,#5079);
#5078 = CARTESIAN_POINT('',(-1.27,1.016,0.));
#5079 = VECTOR('',#5080,1.);
#5080 = DIRECTION('',(0.,-1.,0.));
#5081 = PLANE('',#5082);
#5082 = AXIS2_PLACEMENT_3D('',#5083,#5084,#5085);
#5083 = CARTESIAN_POINT('',(-1.27,1.016,0.));
#5084 = DIRECTION('',(1.,0.,0.));
#5085 = DIRECTION('',(0.,-1.,0.));
#5086 = ADVANCED_FACE('',(#5087,#5274,#5308,#5342,#5376),#5410,.F.);
#5087 = FACE_BOUND('',#5088,.F.);
#5088 = EDGE_LOOP('',(#5089,#5090,#5091,#5099,#5107,#5115,#5123,#5131,
    #5139,#5147,#5155,#5163,#5171,#5179,#5187,#5195,#5203,#5211,#5219,
    #5227,#5235,#5243,#5251,#5259,#5267,#5273));
#5089 = ORIENTED_EDGE('',*,*,#5014,.T.);
#5090 = ORIENTED_EDGE('',*,*,#5076,.T.);
#5091 = ORIENTED_EDGE('',*,*,#5092,.T.);
#5092 = EDGE_CURVE('',#5069,#5093,#5095,.T.);
#5093 = VERTEX_POINT('',#5094);
#5094 = CARTESIAN_POINT('',(-1.016,-1.27,0.));
#5095 = LINE('',#5096,#5097);
#5096 = CARTESIAN_POINT('',(-1.27,-1.016,0.));
#5097 = VECTOR('',#5098,1.);
#5098 = DIRECTION('',(0.707106781187,-0.707106781187,0.));
#5099 = ORIENTED_EDGE('',*,*,#5100,.T.);
#5100 = EDGE_CURVE('',#5093,#5101,#5103,.T.);
#5101 = VERTEX_POINT('',#5102);
#5102 = CARTESIAN_POINT('',(-1.27,-1.524,0.));
#5103 = LINE('',#5104,#5105);
#5104 = CARTESIAN_POINT('',(-1.016,-1.27,0.));
#5105 = VECTOR('',#5106,1.);
#5106 = DIRECTION('',(-0.707106781187,-0.707106781187,0.));
#5107 = ORIENTED_EDGE('',*,*,#5108,.T.);
#5108 = EDGE_CURVE('',#5101,#5109,#5111,.T.);
#5109 = VERTEX_POINT('',#5110);
#5110 = CARTESIAN_POINT('',(-1.27,-3.556,0.));
#5111 = LINE('',#5112,#5113);
#5112 = CARTESIAN_POINT('',(-1.27,-1.524,0.));
#5113 = VECTOR('',#5114,1.);
#5114 = DIRECTION('',(0.,-1.,0.));
#5115 = ORIENTED_EDGE('',*,*,#5116,.T.);
#5116 = EDGE_CURVE('',#5109,#5117,#5119,.T.);
#5117 = VERTEX_POINT('',#5118);
#5118 = CARTESIAN_POINT('',(-1.016,-3.81,0.));
#5119 = LINE('',#5120,#5121);
#5120 = CARTESIAN_POINT('',(-1.27,-3.556,0.));
#5121 = VECTOR('',#5122,1.);
#5122 = DIRECTION('',(0.707106781187,-0.707106781187,0.));
#5123 = ORIENTED_EDGE('',*,*,#5124,.T.);
#5124 = EDGE_CURVE('',#5117,#5125,#5127,.T.);
#5125 = VERTEX_POINT('',#5126);
#5126 = CARTESIAN_POINT('',(-1.27,-4.064,0.));
#5127 = LINE('',#5128,#5129);
#5128 = CARTESIAN_POINT('',(-1.016,-3.81,0.));
#5129 = VECTOR('',#5130,1.);
#5130 = DIRECTION('',(-0.707106781187,-0.707106781187,0.));
#5131 = ORIENTED_EDGE('',*,*,#5132,.T.);
#5132 = EDGE_CURVE('',#5125,#5133,#5135,.T.);
#5133 = VERTEX_POINT('',#5134);
#5134 = CARTESIAN_POINT('',(-1.27,-6.096,0.));
#5135 = LINE('',#5136,#5137);
#5136 = CARTESIAN_POINT('',(-1.27,-4.064,0.));
#5137 = VECTOR('',#5138,1.);
#5138 = DIRECTION('',(0.,-1.,0.));
#5139 = ORIENTED_EDGE('',*,*,#5140,.T.);
#5140 = EDGE_CURVE('',#5133,#5141,#5143,.T.);
#5141 = VERTEX_POINT('',#5142);
#5142 = CARTESIAN_POINT('',(-1.016,-6.35,0.));
#5143 = LINE('',#5144,#5145);
#5144 = CARTESIAN_POINT('',(-1.27,-6.096,0.));
#5145 = VECTOR('',#5146,1.);
#5146 = DIRECTION('',(0.707106781187,-0.707106781187,0.));
#5147 = ORIENTED_EDGE('',*,*,#5148,.T.);
#5148 = EDGE_CURVE('',#5141,#5149,#5151,.T.);
#5149 = VERTEX_POINT('',#5150);
#5150 = CARTESIAN_POINT('',(-1.27,-6.604,0.));
#5151 = LINE('',#5152,#5153);
#5152 = CARTESIAN_POINT('',(-1.016,-6.35,0.));
#5153 = VECTOR('',#5154,1.);
#5154 = DIRECTION('',(-0.707106781187,-0.707106781187,0.));
#5155 = ORIENTED_EDGE('',*,*,#5156,.T.);
#5156 = EDGE_CURVE('',#5149,#5157,#5159,.T.);
#5157 = VERTEX_POINT('',#5158);
#5158 = CARTESIAN_POINT('',(-1.27,-8.636,0.));
#5159 = LINE('',#5160,#5161);
#5160 = CARTESIAN_POINT('',(-1.27,-6.604,0.));
#5161 = VECTOR('',#5162,1.);
#5162 = DIRECTION('',(0.,-1.,0.));
#5163 = ORIENTED_EDGE('',*,*,#5164,.T.);
#5164 = EDGE_CURVE('',#5157,#5165,#5167,.T.);
#5165 = VERTEX_POINT('',#5166);
#5166 = CARTESIAN_POINT('',(-1.016,-8.89,0.));
#5167 = LINE('',#5168,#5169);
#5168 = CARTESIAN_POINT('',(-1.27,-8.636,0.));
#5169 = VECTOR('',#5170,1.);
#5170 = DIRECTION('',(0.707106781187,-0.707106781187,0.));
#5171 = ORIENTED_EDGE('',*,*,#5172,.T.);
#5172 = EDGE_CURVE('',#5165,#5173,#5175,.T.);
#5173 = VERTEX_POINT('',#5174);
#5174 = CARTESIAN_POINT('',(1.016,-8.89,0.));
#5175 = LINE('',#5176,#5177);
#5176 = CARTESIAN_POINT('',(-1.016,-8.89,0.));
#5177 = VECTOR('',#5178,1.);
#5178 = DIRECTION('',(1.,0.,0.));
#5179 = ORIENTED_EDGE('',*,*,#5180,.T.);
#5180 = EDGE_CURVE('',#5173,#5181,#5183,.T.);
#5181 = VERTEX_POINT('',#5182);
#5182 = CARTESIAN_POINT('',(1.27,-8.636,0.));
#5183 = LINE('',#5184,#5185);
#5184 = CARTESIAN_POINT('',(1.016,-8.89,0.));
#5185 = VECTOR('',#5186,1.);
#5186 = DIRECTION('',(0.707106781187,0.707106781187,0.));
#5187 = ORIENTED_EDGE('',*,*,#5188,.T.);
#5188 = EDGE_CURVE('',#5181,#5189,#5191,.T.);
#5189 = VERTEX_POINT('',#5190);
#5190 = CARTESIAN_POINT('',(1.27,-6.604,0.));
#5191 = LINE('',#5192,#5193);
#5192 = CARTESIAN_POINT('',(1.27,-8.636,0.));
#5193 = VECTOR('',#5194,1.);
#5194 = DIRECTION('',(0.,1.,0.));
#5195 = ORIENTED_EDGE('',*,*,#5196,.T.);
#5196 = EDGE_CURVE('',#5189,#5197,#5199,.T.);
#5197 = VERTEX_POINT('',#5198);
#5198 = CARTESIAN_POINT('',(1.016,-6.35,0.));
#5199 = LINE('',#5200,#5201);
#5200 = CARTESIAN_POINT('',(1.27,-6.604,0.));
#5201 = VECTOR('',#5202,1.);
#5202 = DIRECTION('',(-0.707106781187,0.707106781187,0.));
#5203 = ORIENTED_EDGE('',*,*,#5204,.T.);
#5204 = EDGE_CURVE('',#5197,#5205,#5207,.T.);
#5205 = VERTEX_POINT('',#5206);
#5206 = CARTESIAN_POINT('',(1.27,-6.096,0.));
#5207 = LINE('',#5208,#5209);
#5208 = CARTESIAN_POINT('',(1.016,-6.35,0.));
#5209 = VECTOR('',#5210,1.);
#5210 = DIRECTION('',(0.707106781187,0.707106781187,0.));
#5211 = ORIENTED_EDGE('',*,*,#5212,.T.);
#5212 = EDGE_CURVE('',#5205,#5213,#5215,.T.);
#5213 = VERTEX_POINT('',#5214);
#5214 = CARTESIAN_POINT('',(1.27,-4.064,0.));
#5215 = LINE('',#5216,#5217);
#5216 = CARTESIAN_POINT('',(1.27,-6.096,0.));
#5217 = VECTOR('',#5218,1.);
#5218 = DIRECTION('',(0.,1.,0.));
#5219 = ORIENTED_EDGE('',*,*,#5220,.T.);
#5220 = EDGE_CURVE('',#5213,#5221,#5223,.T.);
#5221 = VERTEX_POINT('',#5222);
#5222 = CARTESIAN_POINT('',(1.016,-3.81,0.));
#5223 = LINE('',#5224,#5225);
#5224 = CARTESIAN_POINT('',(1.27,-4.064,0.));
#5225 = VECTOR('',#5226,1.);
#5226 = DIRECTION('',(-0.707106781187,0.707106781187,0.));
#5227 = ORIENTED_EDGE('',*,*,#5228,.T.);
#5228 = EDGE_CURVE('',#5221,#5229,#5231,.T.);
#5229 = VERTEX_POINT('',#5230);
#5230 = CARTESIAN_POINT('',(1.27,-3.556,0.));
#5231 = LINE('',#5232,#5233);
#5232 = CARTESIAN_POINT('',(1.016,-3.81,0.));
#5233 = VECTOR('',#5234,1.);
#5234 = DIRECTION('',(0.707106781187,0.707106781187,0.));
#5235 = ORIENTED_EDGE('',*,*,#5236,.T.);
#5236 = EDGE_CURVE('',#5229,#5237,#5239,.T.);
#5237 = VERTEX_POINT('',#5238);
#5238 = CARTESIAN_POINT('',(1.27,-1.524,0.));
#5239 = LINE('',#5240,#5241);
#5240 = CARTESIAN_POINT('',(1.27,-3.556,0.));
#5241 = VECTOR('',#5242,1.);
#5242 = DIRECTION('',(0.,1.,0.));
#5243 = ORIENTED_EDGE('',*,*,#5244,.T.);
#5244 = EDGE_CURVE('',#5237,#5245,#5247,.T.);
#5245 = VERTEX_POINT('',#5246);
#5246 = CARTESIAN_POINT('',(1.016,-1.27,0.));
#5247 = LINE('',#5248,#5249);
#5248 = CARTESIAN_POINT('',(1.27,-1.524,0.));
#5249 = VECTOR('',#5250,1.);
#5250 = DIRECTION('',(-0.707106781187,0.707106781187,0.));
#5251 = ORIENTED_EDGE('',*,*,#5252,.T.);
#5252 = EDGE_CURVE('',#5245,#5253,#5255,.T.);
#5253 = VERTEX_POINT('',#5254);
#5254 = CARTESIAN_POINT('',(1.27,-1.016,0.));
#5255 = LINE('',#5256,#5257);
#5256 = CARTESIAN_POINT('',(1.016,-1.27,0.));
#5257 = VECTOR('',#5258,1.);
#5258 = DIRECTION('',(0.707106781187,0.707106781187,0.));
#5259 = ORIENTED_EDGE('',*,*,#5260,.T.);
#5260 = EDGE_CURVE('',#5253,#5261,#5263,.T.);
#5261 = VERTEX_POINT('',#5262);
#5262 = CARTESIAN_POINT('',(1.27,1.016,0.));
#5263 = LINE('',#5264,#5265);
#5264 = CARTESIAN_POINT('',(1.27,-1.016,0.));
#5265 = VECTOR('',#5266,1.);
#5266 = DIRECTION('',(0.,1.,0.));
#5267 = ORIENTED_EDGE('',*,*,#5268,.T.);
#5268 = EDGE_CURVE('',#5261,#5029,#5269,.T.);
#5269 = LINE('',#5270,#5271);
#5270 = CARTESIAN_POINT('',(1.27,1.016,0.));
#5271 = VECTOR('',#5272,1.);
#5272 = DIRECTION('',(-0.707106781187,0.707106781187,0.));
#5273 = ORIENTED_EDGE('',*,*,#5045,.T.);
#5274 = FACE_BOUND('',#5275,.F.);
#5275 = EDGE_LOOP('',(#5276,#5286,#5294,#5302));
#5276 = ORIENTED_EDGE('',*,*,#5277,.F.);
#5277 = EDGE_CURVE('',#5278,#5280,#5282,.T.);
#5278 = VERTEX_POINT('',#5279);
#5279 = CARTESIAN_POINT('',(0.32,-4.76,0.));
#5280 = VERTEX_POINT('',#5281);
#5281 = CARTESIAN_POINT('',(-0.32,-4.76,0.));
#5282 = LINE('',#5283,#5284);
#5283 = CARTESIAN_POINT('',(-0.16,-4.76,0.));
#5284 = VECTOR('',#5285,1.);
#5285 = DIRECTION('',(-1.,0.,0.));
#5286 = ORIENTED_EDGE('',*,*,#5287,.F.);
#5287 = EDGE_CURVE('',#5288,#5278,#5290,.T.);
#5288 = VERTEX_POINT('',#5289);
#5289 = CARTESIAN_POINT('',(0.32,-5.4,0.));
#5290 = LINE('',#5291,#5292);
#5291 = CARTESIAN_POINT('',(0.32,-4.605,0.));
#5292 = VECTOR('',#5293,1.);
#5293 = DIRECTION('',(0.,1.,0.));
#5294 = ORIENTED_EDGE('',*,*,#5295,.T.);
#5295 = EDGE_CURVE('',#5288,#5296,#5298,.T.);
#5296 = VERTEX_POINT('',#5297);
#5297 = CARTESIAN_POINT('',(-0.32,-5.4,0.));
#5298 = LINE('',#5299,#5300);
#5299 = CARTESIAN_POINT('',(-0.16,-5.4,0.));
#5300 = VECTOR('',#5301,1.);
#5301 = DIRECTION('',(-1.,0.,0.));
#5302 = ORIENTED_EDGE('',*,*,#5303,.T.);
#5303 = EDGE_CURVE('',#5296,#5280,#5304,.T.);
#5304 = LINE('',#5305,#5306);
#5305 = CARTESIAN_POINT('',(-0.32,-4.605,0.));
#5306 = VECTOR('',#5307,1.);
#5307 = DIRECTION('',(0.,1.,0.));
#5308 = FACE_BOUND('',#5309,.F.);
#5309 = EDGE_LOOP('',(#5310,#5320,#5328,#5336));
#5310 = ORIENTED_EDGE('',*,*,#5311,.F.);
#5311 = EDGE_CURVE('',#5312,#5314,#5316,.T.);
#5312 = VERTEX_POINT('',#5313);
#5313 = CARTESIAN_POINT('',(0.32,-7.94,0.));
#5314 = VERTEX_POINT('',#5315);
#5315 = CARTESIAN_POINT('',(0.32,-7.3,0.));
#5316 = LINE('',#5317,#5318);
#5317 = CARTESIAN_POINT('',(0.32,-5.875,0.));
#5318 = VECTOR('',#5319,1.);
#5319 = DIRECTION('',(0.,1.,0.));
#5320 = ORIENTED_EDGE('',*,*,#5321,.T.);
#5321 = EDGE_CURVE('',#5312,#5322,#5324,.T.);
#5322 = VERTEX_POINT('',#5323);
#5323 = CARTESIAN_POINT('',(-0.32,-7.94,0.));
#5324 = LINE('',#5325,#5326);
#5325 = CARTESIAN_POINT('',(-0.16,-7.94,0.));
#5326 = VECTOR('',#5327,1.);
#5327 = DIRECTION('',(-1.,0.,0.));
#5328 = ORIENTED_EDGE('',*,*,#5329,.T.);
#5329 = EDGE_CURVE('',#5322,#5330,#5332,.T.);
#5330 = VERTEX_POINT('',#5331);
#5331 = CARTESIAN_POINT('',(-0.32,-7.3,0.));
#5332 = LINE('',#5333,#5334);
#5333 = CARTESIAN_POINT('',(-0.32,-5.875,0.));
#5334 = VECTOR('',#5335,1.);
#5335 = DIRECTION('',(0.,1.,0.));
#5336 = ORIENTED_EDGE('',*,*,#5337,.F.);
#5337 = EDGE_CURVE('',#5314,#5330,#5338,.T.);
#5338 = LINE('',#5339,#5340);
#5339 = CARTESIAN_POINT('',(-0.16,-7.3,0.));
#5340 = VECTOR('',#5341,1.);
#5341 = DIRECTION('',(-1.,0.,0.));
#5342 = FACE_BOUND('',#5343,.F.);
#5343 = EDGE_LOOP('',(#5344,#5354,#5362,#5370));
#5344 = ORIENTED_EDGE('',*,*,#5345,.F.);
#5345 = EDGE_CURVE('',#5346,#5348,#5350,.T.);
#5346 = VERTEX_POINT('',#5347);
#5347 = CARTESIAN_POINT('',(0.32,-0.32,0.));
#5348 = VERTEX_POINT('',#5349);
#5349 = CARTESIAN_POINT('',(0.32,0.32,0.));
#5350 = LINE('',#5351,#5352);
#5351 = CARTESIAN_POINT('',(0.32,-2.065,0.));
#5352 = VECTOR('',#5353,1.);
#5353 = DIRECTION('',(0.,1.,0.));
#5354 = ORIENTED_EDGE('',*,*,#5355,.T.);
#5355 = EDGE_CURVE('',#5346,#5356,#5358,.T.);
#5356 = VERTEX_POINT('',#5357);
#5357 = CARTESIAN_POINT('',(-0.32,-0.32,0.));
#5358 = LINE('',#5359,#5360);
#5359 = CARTESIAN_POINT('',(-0.16,-0.32,0.));
#5360 = VECTOR('',#5361,1.);
#5361 = DIRECTION('',(-1.,0.,0.));
#5362 = ORIENTED_EDGE('',*,*,#5363,.T.);
#5363 = EDGE_CURVE('',#5356,#5364,#5366,.T.);
#5364 = VERTEX_POINT('',#5365);
#5365 = CARTESIAN_POINT('',(-0.32,0.32,0.));
#5366 = LINE('',#5367,#5368);
#5367 = CARTESIAN_POINT('',(-0.32,-2.065,0.));
#5368 = VECTOR('',#5369,1.);
#5369 = DIRECTION('',(0.,1.,0.));
#5370 = ORIENTED_EDGE('',*,*,#5371,.F.);
#5371 = EDGE_CURVE('',#5348,#5364,#5372,.T.);
#5372 = LINE('',#5373,#5374);
#5373 = CARTESIAN_POINT('',(-0.16,0.32,0.));
#5374 = VECTOR('',#5375,1.);
#5375 = DIRECTION('',(-1.,0.,0.));
#5376 = FACE_BOUND('',#5377,.F.);
#5377 = EDGE_LOOP('',(#5378,#5388,#5396,#5404));
#5378 = ORIENTED_EDGE('',*,*,#5379,.F.);
#5379 = EDGE_CURVE('',#5380,#5382,#5384,.T.);
#5380 = VERTEX_POINT('',#5381);
#5381 = CARTESIAN_POINT('',(0.32,-2.22,0.));
#5382 = VERTEX_POINT('',#5383);
#5383 = CARTESIAN_POINT('',(-0.32,-2.22,0.));
#5384 = LINE('',#5385,#5386);
#5385 = CARTESIAN_POINT('',(-0.16,-2.22,0.));
#5386 = VECTOR('',#5387,1.);
#5387 = DIRECTION('',(-1.,0.,0.));
#5388 = ORIENTED_EDGE('',*,*,#5389,.F.);
#5389 = EDGE_CURVE('',#5390,#5380,#5392,.T.);
#5390 = VERTEX_POINT('',#5391);
#5391 = CARTESIAN_POINT('',(0.32,-2.86,0.));
#5392 = LINE('',#5393,#5394);
#5393 = CARTESIAN_POINT('',(0.32,-3.335,0.));
#5394 = VECTOR('',#5395,1.);
#5395 = DIRECTION('',(0.,1.,0.));
#5396 = ORIENTED_EDGE('',*,*,#5397,.T.);
#5397 = EDGE_CURVE('',#5390,#5398,#5400,.T.);
#5398 = VERTEX_POINT('',#5399);
#5399 = CARTESIAN_POINT('',(-0.32,-2.86,0.));
#5400 = LINE('',#5401,#5402);
#5401 = CARTESIAN_POINT('',(-0.16,-2.86,0.));
#5402 = VECTOR('',#5403,1.);
#5403 = DIRECTION('',(-1.,0.,0.));
#5404 = ORIENTED_EDGE('',*,*,#5405,.T.);
#5405 = EDGE_CURVE('',#5398,#5382,#5406,.T.);
#5406 = LINE('',#5407,#5408);
#5407 = CARTESIAN_POINT('',(-0.32,-3.335,0.));
#5408 = VECTOR('',#5409,1.);
#5409 = DIRECTION('',(0.,1.,0.));
#5410 = PLANE('',#5411);
#5411 = AXIS2_PLACEMENT_3D('',#5412,#5413,#5414);
#5412 = CARTESIAN_POINT('',(4.259053689278E-17,-3.81,0.));
#5413 = DIRECTION('',(0.,0.,1.));
#5414 = DIRECTION('',(1.,0.,-0.));
#5415 = ADVANCED_FACE('',(#5416,#5603,#5637,#5671,#5705),#5739,.T.);
#5416 = FACE_BOUND('',#5417,.T.);
#5417 = EDGE_LOOP('',(#5418,#5419,#5420,#5428,#5436,#5444,#5452,#5460,
    #5468,#5476,#5484,#5492,#5500,#5508,#5516,#5524,#5532,#5540,#5548,
    #5556,#5564,#5572,#5580,#5588,#5596,#5602));
#5418 = ORIENTED_EDGE('',*,*,#4998,.T.);
#5419 = ORIENTED_EDGE('',*,*,#5060,.T.);
#5420 = ORIENTED_EDGE('',*,*,#5421,.T.);
#5421 = EDGE_CURVE('',#5061,#5422,#5424,.T.);
#5422 = VERTEX_POINT('',#5423);
#5423 = CARTESIAN_POINT('',(-1.016,-1.27,2.54));
#5424 = LINE('',#5425,#5426);
#5425 = CARTESIAN_POINT('',(-1.27,-1.016,2.54));
#5426 = VECTOR('',#5427,1.);
#5427 = DIRECTION('',(0.707106781187,-0.707106781187,0.));
#5428 = ORIENTED_EDGE('',*,*,#5429,.T.);
#5429 = EDGE_CURVE('',#5422,#5430,#5432,.T.);
#5430 = VERTEX_POINT('',#5431);
#5431 = CARTESIAN_POINT('',(-1.27,-1.524,2.54));
#5432 = LINE('',#5433,#5434);
#5433 = CARTESIAN_POINT('',(-1.016,-1.27,2.54));
#5434 = VECTOR('',#5435,1.);
#5435 = DIRECTION('',(-0.707106781187,-0.707106781187,0.));
#5436 = ORIENTED_EDGE('',*,*,#5437,.T.);
#5437 = EDGE_CURVE('',#5430,#5438,#5440,.T.);
#5438 = VERTEX_POINT('',#5439);
#5439 = CARTESIAN_POINT('',(-1.27,-3.556,2.54));
#5440 = LINE('',#5441,#5442);
#5441 = CARTESIAN_POINT('',(-1.27,-1.524,2.54));
#5442 = VECTOR('',#5443,1.);
#5443 = DIRECTION('',(0.,-1.,0.));
#5444 = ORIENTED_EDGE('',*,*,#5445,.T.);
#5445 = EDGE_CURVE('',#5438,#5446,#5448,.T.);
#5446 = VERTEX_POINT('',#5447);
#5447 = CARTESIAN_POINT('',(-1.016,-3.81,2.54));
#5448 = LINE('',#5449,#5450);
#5449 = CARTESIAN_POINT('',(-1.27,-3.556,2.54));
#5450 = VECTOR('',#5451,1.);
#5451 = DIRECTION('',(0.707106781187,-0.707106781187,0.));
#5452 = ORIENTED_EDGE('',*,*,#5453,.T.);
#5453 = EDGE_CURVE('',#5446,#5454,#5456,.T.);
#5454 = VERTEX_POINT('',#5455);
#5455 = CARTESIAN_POINT('',(-1.27,-4.064,2.54));
#5456 = LINE('',#5457,#5458);
#5457 = CARTESIAN_POINT('',(-1.016,-3.81,2.54));
#5458 = VECTOR('',#5459,1.);
#5459 = DIRECTION('',(-0.707106781187,-0.707106781187,0.));
#5460 = ORIENTED_EDGE('',*,*,#5461,.T.);
#5461 = EDGE_CURVE('',#5454,#5462,#5464,.T.);
#5462 = VERTEX_POINT('',#5463);
#5463 = CARTESIAN_POINT('',(-1.27,-6.096,2.54));
#5464 = LINE('',#5465,#5466);
#5465 = CARTESIAN_POINT('',(-1.27,-4.064,2.54));
#5466 = VECTOR('',#5467,1.);
#5467 = DIRECTION('',(0.,-1.,0.));
#5468 = ORIENTED_EDGE('',*,*,#5469,.T.);
#5469 = EDGE_CURVE('',#5462,#5470,#5472,.T.);
#5470 = VERTEX_POINT('',#5471);
#5471 = CARTESIAN_POINT('',(-1.016,-6.35,2.54));
#5472 = LINE('',#5473,#5474);
#5473 = CARTESIAN_POINT('',(-1.27,-6.096,2.54));
#5474 = VECTOR('',#5475,1.);
#5475 = DIRECTION('',(0.707106781187,-0.707106781187,0.));
#5476 = ORIENTED_EDGE('',*,*,#5477,.T.);
#5477 = EDGE_CURVE('',#5470,#5478,#5480,.T.);
#5478 = VERTEX_POINT('',#5479);
#5479 = CARTESIAN_POINT('',(-1.27,-6.604,2.54));
#5480 = LINE('',#5481,#5482);
#5481 = CARTESIAN_POINT('',(-1.016,-6.35,2.54));
#5482 = VECTOR('',#5483,1.);
#5483 = DIRECTION('',(-0.707106781187,-0.707106781187,0.));
#5484 = ORIENTED_EDGE('',*,*,#5485,.T.);
#5485 = EDGE_CURVE('',#5478,#5486,#5488,.T.);
#5486 = VERTEX_POINT('',#5487);
#5487 = CARTESIAN_POINT('',(-1.27,-8.636,2.54));
#5488 = LINE('',#5489,#5490);
#5489 = CARTESIAN_POINT('',(-1.27,-6.604,2.54));
#5490 = VECTOR('',#5491,1.);
#5491 = DIRECTION('',(0.,-1.,0.));
#5492 = ORIENTED_EDGE('',*,*,#5493,.T.);
#5493 = EDGE_CURVE('',#5486,#5494,#5496,.T.);
#5494 = VERTEX_POINT('',#5495);
#5495 = CARTESIAN_POINT('',(-1.016,-8.89,2.54));
#5496 = LINE('',#5497,#5498);
#5497 = CARTESIAN_POINT('',(-1.27,-8.636,2.54));
#5498 = VECTOR('',#5499,1.);
#5499 = DIRECTION('',(0.707106781187,-0.707106781187,0.));
#5500 = ORIENTED_EDGE('',*,*,#5501,.T.);
#5501 = EDGE_CURVE('',#5494,#5502,#5504,.T.);
#5502 = VERTEX_POINT('',#5503);
#5503 = CARTESIAN_POINT('',(1.016,-8.89,2.54));
#5504 = LINE('',#5505,#5506);
#5505 = CARTESIAN_POINT('',(-1.016,-8.89,2.54));
#5506 = VECTOR('',#5507,1.);
#5507 = DIRECTION('',(1.,0.,0.));
#5508 = ORIENTED_EDGE('',*,*,#5509,.T.);
#5509 = EDGE_CURVE('',#5502,#5510,#5512,.T.);
#5510 = VERTEX_POINT('',#5511);
#5511 = CARTESIAN_POINT('',(1.27,-8.636,2.54));
#5512 = LINE('',#5513,#5514);
#5513 = CARTESIAN_POINT('',(1.016,-8.89,2.54));
#5514 = VECTOR('',#5515,1.);
#5515 = DIRECTION('',(0.707106781187,0.707106781187,0.));
#5516 = ORIENTED_EDGE('',*,*,#5517,.T.);
#5517 = EDGE_CURVE('',#5510,#5518,#5520,.T.);
#5518 = VERTEX_POINT('',#5519);
#5519 = CARTESIAN_POINT('',(1.27,-6.604,2.54));
#5520 = LINE('',#5521,#5522);
#5521 = CARTESIAN_POINT('',(1.27,-8.636,2.54));
#5522 = VECTOR('',#5523,1.);
#5523 = DIRECTION('',(0.,1.,0.));
#5524 = ORIENTED_EDGE('',*,*,#5525,.T.);
#5525 = EDGE_CURVE('',#5518,#5526,#5528,.T.);
#5526 = VERTEX_POINT('',#5527);
#5527 = CARTESIAN_POINT('',(1.016,-6.35,2.54));
#5528 = LINE('',#5529,#5530);
#5529 = CARTESIAN_POINT('',(1.27,-6.604,2.54));
#5530 = VECTOR('',#5531,1.);
#5531 = DIRECTION('',(-0.707106781187,0.707106781187,0.));
#5532 = ORIENTED_EDGE('',*,*,#5533,.T.);
#5533 = EDGE_CURVE('',#5526,#5534,#5536,.T.);
#5534 = VERTEX_POINT('',#5535);
#5535 = CARTESIAN_POINT('',(1.27,-6.096,2.54));
#5536 = LINE('',#5537,#5538);
#5537 = CARTESIAN_POINT('',(1.016,-6.35,2.54));
#5538 = VECTOR('',#5539,1.);
#5539 = DIRECTION('',(0.707106781187,0.707106781187,0.));
#5540 = ORIENTED_EDGE('',*,*,#5541,.T.);
#5541 = EDGE_CURVE('',#5534,#5542,#5544,.T.);
#5542 = VERTEX_POINT('',#5543);
#5543 = CARTESIAN_POINT('',(1.27,-4.064,2.54));
#5544 = LINE('',#5545,#5546);
#5545 = CARTESIAN_POINT('',(1.27,-6.096,2.54));
#5546 = VECTOR('',#5547,1.);
#5547 = DIRECTION('',(0.,1.,0.));
#5548 = ORIENTED_EDGE('',*,*,#5549,.T.);
#5549 = EDGE_CURVE('',#5542,#5550,#5552,.T.);
#5550 = VERTEX_POINT('',#5551);
#5551 = CARTESIAN_POINT('',(1.016,-3.81,2.54));
#5552 = LINE('',#5553,#5554);
#5553 = CARTESIAN_POINT('',(1.27,-4.064,2.54));
#5554 = VECTOR('',#5555,1.);
#5555 = DIRECTION('',(-0.707106781187,0.707106781187,0.));
#5556 = ORIENTED_EDGE('',*,*,#5557,.T.);
#5557 = EDGE_CURVE('',#5550,#5558,#5560,.T.);
#5558 = VERTEX_POINT('',#5559);
#5559 = CARTESIAN_POINT('',(1.27,-3.556,2.54));
#5560 = LINE('',#5561,#5562);
#5561 = CARTESIAN_POINT('',(1.016,-3.81,2.54));
#5562 = VECTOR('',#5563,1.);
#5563 = DIRECTION('',(0.707106781187,0.707106781187,0.));
#5564 = ORIENTED_EDGE('',*,*,#5565,.T.);
#5565 = EDGE_CURVE('',#5558,#5566,#5568,.T.);
#5566 = VERTEX_POINT('',#5567);
#5567 = CARTESIAN_POINT('',(1.27,-1.524,2.54));
#5568 = LINE('',#5569,#5570);
#5569 = CARTESIAN_POINT('',(1.27,-3.556,2.54));
#5570 = VECTOR('',#5571,1.);
#5571 = DIRECTION('',(0.,1.,0.));
#5572 = ORIENTED_EDGE('',*,*,#5573,.T.);
#5573 = EDGE_CURVE('',#5566,#5574,#5576,.T.);
#5574 = VERTEX_POINT('',#5575);
#5575 = CARTESIAN_POINT('',(1.016,-1.27,2.54));
#5576 = LINE('',#5577,#5578);
#5577 = CARTESIAN_POINT('',(1.27,-1.524,2.54));
#5578 = VECTOR('',#5579,1.);
#5579 = DIRECTION('',(-0.707106781187,0.707106781187,0.));
#5580 = ORIENTED_EDGE('',*,*,#5581,.T.);
#5581 = EDGE_CURVE('',#5574,#5582,#5584,.T.);
#5582 = VERTEX_POINT('',#5583);
#5583 = CARTESIAN_POINT('',(1.27,-1.016,2.54));
#5584 = LINE('',#5585,#5586);
#5585 = CARTESIAN_POINT('',(1.016,-1.27,2.54));
#5586 = VECTOR('',#5587,1.);
#5587 = DIRECTION('',(0.707106781187,0.707106781187,0.));
#5588 = ORIENTED_EDGE('',*,*,#5589,.T.);
#5589 = EDGE_CURVE('',#5582,#5590,#5592,.T.);
#5590 = VERTEX_POINT('',#5591);
#5591 = CARTESIAN_POINT('',(1.27,1.016,2.54));
#5592 = LINE('',#5593,#5594);
#5593 = CARTESIAN_POINT('',(1.27,-1.016,2.54));
#5594 = VECTOR('',#5595,1.);
#5595 = DIRECTION('',(0.,1.,0.));
#5596 = ORIENTED_EDGE('',*,*,#5597,.T.);
#5597 = EDGE_CURVE('',#5590,#5031,#5598,.T.);
#5598 = LINE('',#5599,#5600);
#5599 = CARTESIAN_POINT('',(1.27,1.016,2.54));
#5600 = VECTOR('',#5601,1.);
#5601 = DIRECTION('',(-0.707106781187,0.707106781187,0.));
#5602 = ORIENTED_EDGE('',*,*,#5038,.T.);
#5603 = FACE_BOUND('',#5604,.T.);
#5604 = EDGE_LOOP('',(#5605,#5615,#5623,#5631));
#5605 = ORIENTED_EDGE('',*,*,#5606,.F.);
#5606 = EDGE_CURVE('',#5607,#5609,#5611,.T.);
#5607 = VERTEX_POINT('',#5608);
#5608 = CARTESIAN_POINT('',(0.32,-4.76,2.54));
#5609 = VERTEX_POINT('',#5610);
#5610 = CARTESIAN_POINT('',(-0.32,-4.76,2.54));
#5611 = LINE('',#5612,#5613);
#5612 = CARTESIAN_POINT('',(-0.16,-4.76,2.54));
#5613 = VECTOR('',#5614,1.);
#5614 = DIRECTION('',(-1.,0.,0.));
#5615 = ORIENTED_EDGE('',*,*,#5616,.F.);
#5616 = EDGE_CURVE('',#5617,#5607,#5619,.T.);
#5617 = VERTEX_POINT('',#5618);
#5618 = CARTESIAN_POINT('',(0.32,-5.4,2.54));
#5619 = LINE('',#5620,#5621);
#5620 = CARTESIAN_POINT('',(0.32,-4.605,2.54));
#5621 = VECTOR('',#5622,1.);
#5622 = DIRECTION('',(0.,1.,0.));
#5623 = ORIENTED_EDGE('',*,*,#5624,.T.);
#5624 = EDGE_CURVE('',#5617,#5625,#5627,.T.);
#5625 = VERTEX_POINT('',#5626);
#5626 = CARTESIAN_POINT('',(-0.32,-5.4,2.54));
#5627 = LINE('',#5628,#5629);
#5628 = CARTESIAN_POINT('',(-0.16,-5.4,2.54));
#5629 = VECTOR('',#5630,1.);
#5630 = DIRECTION('',(-1.,0.,0.));
#5631 = ORIENTED_EDGE('',*,*,#5632,.T.);
#5632 = EDGE_CURVE('',#5625,#5609,#5633,.T.);
#5633 = LINE('',#5634,#5635);
#5634 = CARTESIAN_POINT('',(-0.32,-4.605,2.54));
#5635 = VECTOR('',#5636,1.);
#5636 = DIRECTION('',(0.,1.,0.));
#5637 = FACE_BOUND('',#5638,.T.);
#5638 = EDGE_LOOP('',(#5639,#5649,#5657,#5665));
#5639 = ORIENTED_EDGE('',*,*,#5640,.F.);
#5640 = EDGE_CURVE('',#5641,#5643,#5645,.T.);
#5641 = VERTEX_POINT('',#5642);
#5642 = CARTESIAN_POINT('',(0.32,-7.94,2.54));
#5643 = VERTEX_POINT('',#5644);
#5644 = CARTESIAN_POINT('',(0.32,-7.3,2.54));
#5645 = LINE('',#5646,#5647);
#5646 = CARTESIAN_POINT('',(0.32,-5.875,2.54));
#5647 = VECTOR('',#5648,1.);
#5648 = DIRECTION('',(0.,1.,0.));
#5649 = ORIENTED_EDGE('',*,*,#5650,.T.);
#5650 = EDGE_CURVE('',#5641,#5651,#5653,.T.);
#5651 = VERTEX_POINT('',#5652);
#5652 = CARTESIAN_POINT('',(-0.32,-7.94,2.54));
#5653 = LINE('',#5654,#5655);
#5654 = CARTESIAN_POINT('',(-0.16,-7.94,2.54));
#5655 = VECTOR('',#5656,1.);
#5656 = DIRECTION('',(-1.,0.,0.));
#5657 = ORIENTED_EDGE('',*,*,#5658,.T.);
#5658 = EDGE_CURVE('',#5651,#5659,#5661,.T.);
#5659 = VERTEX_POINT('',#5660);
#5660 = CARTESIAN_POINT('',(-0.32,-7.3,2.54));
#5661 = LINE('',#5662,#5663);
#5662 = CARTESIAN_POINT('',(-0.32,-5.875,2.54));
#5663 = VECTOR('',#5664,1.);
#5664 = DIRECTION('',(0.,1.,0.));
#5665 = ORIENTED_EDGE('',*,*,#5666,.F.);
#5666 = EDGE_CURVE('',#5643,#5659,#5667,.T.);
#5667 = LINE('',#5668,#5669);
#5668 = CARTESIAN_POINT('',(-0.16,-7.3,2.54));
#5669 = VECTOR('',#5670,1.);
#5670 = DIRECTION('',(-1.,0.,0.));
#5671 = FACE_BOUND('',#5672,.T.);
#5672 = EDGE_LOOP('',(#5673,#5683,#5691,#5699));
#5673 = ORIENTED_EDGE('',*,*,#5674,.F.);
#5674 = EDGE_CURVE('',#5675,#5677,#5679,.T.);
#5675 = VERTEX_POINT('',#5676);
#5676 = CARTESIAN_POINT('',(0.32,-0.32,2.54));
#5677 = VERTEX_POINT('',#5678);
#5678 = CARTESIAN_POINT('',(0.32,0.32,2.54));
#5679 = LINE('',#5680,#5681);
#5680 = CARTESIAN_POINT('',(0.32,-2.065,2.54));
#5681 = VECTOR('',#5682,1.);
#5682 = DIRECTION('',(0.,1.,0.));
#5683 = ORIENTED_EDGE('',*,*,#5684,.T.);
#5684 = EDGE_CURVE('',#5675,#5685,#5687,.T.);
#5685 = VERTEX_POINT('',#5686);
#5686 = CARTESIAN_POINT('',(-0.32,-0.32,2.54));
#5687 = LINE('',#5688,#5689);
#5688 = CARTESIAN_POINT('',(-0.16,-0.32,2.54));
#5689 = VECTOR('',#5690,1.);
#5690 = DIRECTION('',(-1.,0.,0.));
#5691 = ORIENTED_EDGE('',*,*,#5692,.T.);
#5692 = EDGE_CURVE('',#5685,#5693,#5695,.T.);
#5693 = VERTEX_POINT('',#5694);
#5694 = CARTESIAN_POINT('',(-0.32,0.32,2.54));
#5695 = LINE('',#5696,#5697);
#5696 = CARTESIAN_POINT('',(-0.32,-2.065,2.54));
#5697 = VECTOR('',#5698,1.);
#5698 = DIRECTION('',(0.,1.,0.));
#5699 = ORIENTED_EDGE('',*,*,#5700,.F.);
#5700 = EDGE_CURVE('',#5677,#5693,#5701,.T.);
#5701 = LINE('',#5702,#5703);
#5702 = CARTESIAN_POINT('',(-0.16,0.32,2.54));
#5703 = VECTOR('',#5704,1.);
#5704 = DIRECTION('',(-1.,0.,0.));
#5705 = FACE_BOUND('',#5706,.T.);
#5706 = EDGE_LOOP('',(#5707,#5717,#5725,#5733));
#5707 = ORIENTED_EDGE('',*,*,#5708,.F.);
#5708 = EDGE_CURVE('',#5709,#5711,#5713,.T.);
#5709 = VERTEX_POINT('',#5710);
#5710 = CARTESIAN_POINT('',(0.32,-2.22,2.54));
#5711 = VERTEX_POINT('',#5712);
#5712 = CARTESIAN_POINT('',(-0.32,-2.22,2.54));
#5713 = LINE('',#5714,#5715);
#5714 = CARTESIAN_POINT('',(-0.16,-2.22,2.54));
#5715 = VECTOR('',#5716,1.);
#5716 = DIRECTION('',(-1.,0.,0.));
#5717 = ORIENTED_EDGE('',*,*,#5718,.F.);
#5718 = EDGE_CURVE('',#5719,#5709,#5721,.T.);
#5719 = VERTEX_POINT('',#5720);
#5720 = CARTESIAN_POINT('',(0.32,-2.86,2.54));
#5721 = LINE('',#5722,#5723);
#5722 = CARTESIAN_POINT('',(0.32,-3.335,2.54));
#5723 = VECTOR('',#5724,1.);
#5724 = DIRECTION('',(0.,1.,0.));
#5725 = ORIENTED_EDGE('',*,*,#5726,.T.);
#5726 = EDGE_CURVE('',#5719,#5727,#5729,.T.);
#5727 = VERTEX_POINT('',#5728);
#5728 = CARTESIAN_POINT('',(-0.32,-2.86,2.54));
#5729 = LINE('',#5730,#5731);
#5730 = CARTESIAN_POINT('',(-0.16,-2.86,2.54));
#5731 = VECTOR('',#5732,1.);
#5732 = DIRECTION('',(-1.,0.,0.));
#5733 = ORIENTED_EDGE('',*,*,#5734,.T.);
#5734 = EDGE_CURVE('',#5727,#5711,#5735,.T.);
#5735 = LINE('',#5736,#5737);
#5736 = CARTESIAN_POINT('',(-0.32,-3.335,2.54));
#5737 = VECTOR('',#5738,1.);
#5738 = DIRECTION('',(0.,1.,0.));
#5739 = PLANE('',#5740);
#5740 = AXIS2_PLACEMENT_3D('',#5741,#5742,#5743);
#5741 = CARTESIAN_POINT('',(4.259053689278E-17,-3.81,2.54));
#5742 = DIRECTION('',(0.,0.,1.));
#5743 = DIRECTION('',(1.,0.,-0.));
#5744 = ADVANCED_FACE('',(#5745),#5756,.F.);
#5745 = FACE_BOUND('',#5746,.F.);
#5746 = EDGE_LOOP('',(#5747,#5753,#5754,#5755));
#5747 = ORIENTED_EDGE('',*,*,#5748,.T.);
#5748 = EDGE_CURVE('',#5261,#5590,#5749,.T.);
#5749 = LINE('',#5750,#5751);
#5750 = CARTESIAN_POINT('',(1.27,1.016,0.));
#5751 = VECTOR('',#5752,1.);
#5752 = DIRECTION('',(0.,0.,1.));
#5753 = ORIENTED_EDGE('',*,*,#5597,.T.);
#5754 = ORIENTED_EDGE('',*,*,#5028,.F.);
#5755 = ORIENTED_EDGE('',*,*,#5268,.F.);
#5756 = PLANE('',#5757);
#5757 = AXIS2_PLACEMENT_3D('',#5758,#5759,#5760);
#5758 = CARTESIAN_POINT('',(1.27,1.016,0.));
#5759 = DIRECTION('',(-0.707106781187,-0.707106781187,0.));
#5760 = DIRECTION('',(-0.707106781187,0.707106781187,0.));
#5761 = ADVANCED_FACE('',(#5762),#5773,.F.);
#5762 = FACE_BOUND('',#5763,.F.);
#5763 = EDGE_LOOP('',(#5764,#5765,#5766,#5772));
#5764 = ORIENTED_EDGE('',*,*,#5068,.T.);
#5765 = ORIENTED_EDGE('',*,*,#5421,.T.);
#5766 = ORIENTED_EDGE('',*,*,#5767,.F.);
#5767 = EDGE_CURVE('',#5093,#5422,#5768,.T.);
#5768 = LINE('',#5769,#5770);
#5769 = CARTESIAN_POINT('',(-1.016,-1.27,0.));
#5770 = VECTOR('',#5771,1.);
#5771 = DIRECTION('',(0.,0.,1.));
#5772 = ORIENTED_EDGE('',*,*,#5092,.F.);
#5773 = PLANE('',#5774);
#5774 = AXIS2_PLACEMENT_3D('',#5775,#5776,#5777);
#5775 = CARTESIAN_POINT('',(-1.27,-1.016,0.));
#5776 = DIRECTION('',(0.707106781187,0.707106781187,0.));
#5777 = DIRECTION('',(0.707106781187,-0.707106781187,0.));
#5778 = ADVANCED_FACE('',(#5779),#5790,.F.);
#5779 = FACE_BOUND('',#5780,.F.);
#5780 = EDGE_LOOP('',(#5781,#5787,#5788,#5789));
#5781 = ORIENTED_EDGE('',*,*,#5782,.T.);
#5782 = EDGE_CURVE('',#5253,#5582,#5783,.T.);
#5783 = LINE('',#5784,#5785);
#5784 = CARTESIAN_POINT('',(1.27,-1.016,0.));
#5785 = VECTOR('',#5786,1.);
#5786 = DIRECTION('',(0.,0.,1.));
#5787 = ORIENTED_EDGE('',*,*,#5589,.T.);
#5788 = ORIENTED_EDGE('',*,*,#5748,.F.);
#5789 = ORIENTED_EDGE('',*,*,#5260,.F.);
#5790 = PLANE('',#5791);
#5791 = AXIS2_PLACEMENT_3D('',#5792,#5793,#5794);
#5792 = CARTESIAN_POINT('',(1.27,-1.016,0.));
#5793 = DIRECTION('',(-1.,0.,0.));
#5794 = DIRECTION('',(0.,1.,0.));
#5795 = ADVANCED_FACE('',(#5796),#5807,.F.);
#5796 = FACE_BOUND('',#5797,.F.);
#5797 = EDGE_LOOP('',(#5798,#5799,#5800,#5806));
#5798 = ORIENTED_EDGE('',*,*,#5767,.T.);
#5799 = ORIENTED_EDGE('',*,*,#5429,.T.);
#5800 = ORIENTED_EDGE('',*,*,#5801,.F.);
#5801 = EDGE_CURVE('',#5101,#5430,#5802,.T.);
#5802 = LINE('',#5803,#5804);
#5803 = CARTESIAN_POINT('',(-1.27,-1.524,0.));
#5804 = VECTOR('',#5805,1.);
#5805 = DIRECTION('',(0.,0.,1.));
#5806 = ORIENTED_EDGE('',*,*,#5100,.F.);
#5807 = PLANE('',#5808);
#5808 = AXIS2_PLACEMENT_3D('',#5809,#5810,#5811);
#5809 = CARTESIAN_POINT('',(-1.016,-1.27,0.));
#5810 = DIRECTION('',(0.707106781187,-0.707106781187,0.));
#5811 = DIRECTION('',(-0.707106781187,-0.707106781187,0.));
#5812 = ADVANCED_FACE('',(#5813),#5824,.F.);
#5813 = FACE_BOUND('',#5814,.F.);
#5814 = EDGE_LOOP('',(#5815,#5821,#5822,#5823));
#5815 = ORIENTED_EDGE('',*,*,#5816,.T.);
#5816 = EDGE_CURVE('',#5245,#5574,#5817,.T.);
#5817 = LINE('',#5818,#5819);
#5818 = CARTESIAN_POINT('',(1.016,-1.27,0.));
#5819 = VECTOR('',#5820,1.);
#5820 = DIRECTION('',(0.,0.,1.));
#5821 = ORIENTED_EDGE('',*,*,#5581,.T.);
#5822 = ORIENTED_EDGE('',*,*,#5782,.F.);
#5823 = ORIENTED_EDGE('',*,*,#5252,.F.);
#5824 = PLANE('',#5825);
#5825 = AXIS2_PLACEMENT_3D('',#5826,#5827,#5828);
#5826 = CARTESIAN_POINT('',(1.016,-1.27,0.));
#5827 = DIRECTION('',(-0.707106781187,0.707106781187,0.));
#5828 = DIRECTION('',(0.707106781187,0.707106781187,0.));
#5829 = ADVANCED_FACE('',(#5830),#5841,.F.);
#5830 = FACE_BOUND('',#5831,.F.);
#5831 = EDGE_LOOP('',(#5832,#5833,#5834,#5840));
#5832 = ORIENTED_EDGE('',*,*,#5801,.T.);
#5833 = ORIENTED_EDGE('',*,*,#5437,.T.);
#5834 = ORIENTED_EDGE('',*,*,#5835,.F.);
#5835 = EDGE_CURVE('',#5109,#5438,#5836,.T.);
#5836 = LINE('',#5837,#5838);
#5837 = CARTESIAN_POINT('',(-1.27,-3.556,0.));
#5838 = VECTOR('',#5839,1.);
#5839 = DIRECTION('',(0.,0.,1.));
#5840 = ORIENTED_EDGE('',*,*,#5108,.F.);
#5841 = PLANE('',#5842);
#5842 = AXIS2_PLACEMENT_3D('',#5843,#5844,#5845);
#5843 = CARTESIAN_POINT('',(-1.27,-1.524,0.));
#5844 = DIRECTION('',(1.,0.,0.));
#5845 = DIRECTION('',(0.,-1.,0.));
#5846 = ADVANCED_FACE('',(#5847),#5858,.F.);
#5847 = FACE_BOUND('',#5848,.F.);
#5848 = EDGE_LOOP('',(#5849,#5855,#5856,#5857));
#5849 = ORIENTED_EDGE('',*,*,#5850,.T.);
#5850 = EDGE_CURVE('',#5237,#5566,#5851,.T.);
#5851 = LINE('',#5852,#5853);
#5852 = CARTESIAN_POINT('',(1.27,-1.524,0.));
#5853 = VECTOR('',#5854,1.);
#5854 = DIRECTION('',(0.,0.,1.));
#5855 = ORIENTED_EDGE('',*,*,#5573,.T.);
#5856 = ORIENTED_EDGE('',*,*,#5816,.F.);
#5857 = ORIENTED_EDGE('',*,*,#5244,.F.);
#5858 = PLANE('',#5859);
#5859 = AXIS2_PLACEMENT_3D('',#5860,#5861,#5862);
#5860 = CARTESIAN_POINT('',(1.27,-1.524,0.));
#5861 = DIRECTION('',(-0.707106781187,-0.707106781187,0.));
#5862 = DIRECTION('',(-0.707106781187,0.707106781187,0.));
#5863 = ADVANCED_FACE('',(#5864),#5875,.F.);
#5864 = FACE_BOUND('',#5865,.F.);
#5865 = EDGE_LOOP('',(#5866,#5867,#5868,#5874));
#5866 = ORIENTED_EDGE('',*,*,#5835,.T.);
#5867 = ORIENTED_EDGE('',*,*,#5445,.T.);
#5868 = ORIENTED_EDGE('',*,*,#5869,.F.);
#5869 = EDGE_CURVE('',#5117,#5446,#5870,.T.);
#5870 = LINE('',#5871,#5872);
#5871 = CARTESIAN_POINT('',(-1.016,-3.81,0.));
#5872 = VECTOR('',#5873,1.);
#5873 = DIRECTION('',(0.,0.,1.));
#5874 = ORIENTED_EDGE('',*,*,#5116,.F.);
#5875 = PLANE('',#5876);
#5876 = AXIS2_PLACEMENT_3D('',#5877,#5878,#5879);
#5877 = CARTESIAN_POINT('',(-1.27,-3.556,0.));
#5878 = DIRECTION('',(0.707106781187,0.707106781187,0.));
#5879 = DIRECTION('',(0.707106781187,-0.707106781187,0.));
#5880 = ADVANCED_FACE('',(#5881),#5892,.F.);
#5881 = FACE_BOUND('',#5882,.F.);
#5882 = EDGE_LOOP('',(#5883,#5889,#5890,#5891));
#5883 = ORIENTED_EDGE('',*,*,#5884,.T.);
#5884 = EDGE_CURVE('',#5229,#5558,#5885,.T.);
#5885 = LINE('',#5886,#5887);
#5886 = CARTESIAN_POINT('',(1.27,-3.556,0.));
#5887 = VECTOR('',#5888,1.);
#5888 = DIRECTION('',(0.,0.,1.));
#5889 = ORIENTED_EDGE('',*,*,#5565,.T.);
#5890 = ORIENTED_EDGE('',*,*,#5850,.F.);
#5891 = ORIENTED_EDGE('',*,*,#5236,.F.);
#5892 = PLANE('',#5893);
#5893 = AXIS2_PLACEMENT_3D('',#5894,#5895,#5896);
#5894 = CARTESIAN_POINT('',(1.27,-3.556,0.));
#5895 = DIRECTION('',(-1.,0.,0.));
#5896 = DIRECTION('',(0.,1.,0.));
#5897 = ADVANCED_FACE('',(#5898),#5909,.F.);
#5898 = FACE_BOUND('',#5899,.F.);
#5899 = EDGE_LOOP('',(#5900,#5901,#5902,#5908));
#5900 = ORIENTED_EDGE('',*,*,#5869,.T.);
#5901 = ORIENTED_EDGE('',*,*,#5453,.T.);
#5902 = ORIENTED_EDGE('',*,*,#5903,.F.);
#5903 = EDGE_CURVE('',#5125,#5454,#5904,.T.);
#5904 = LINE('',#5905,#5906);
#5905 = CARTESIAN_POINT('',(-1.27,-4.064,0.));
#5906 = VECTOR('',#5907,1.);
#5907 = DIRECTION('',(0.,0.,1.));
#5908 = ORIENTED_EDGE('',*,*,#5124,.F.);
#5909 = PLANE('',#5910);
#5910 = AXIS2_PLACEMENT_3D('',#5911,#5912,#5913);
#5911 = CARTESIAN_POINT('',(-1.016,-3.81,0.));
#5912 = DIRECTION('',(0.707106781187,-0.707106781187,0.));
#5913 = DIRECTION('',(-0.707106781187,-0.707106781187,0.));
#5914 = ADVANCED_FACE('',(#5915),#5926,.F.);
#5915 = FACE_BOUND('',#5916,.F.);
#5916 = EDGE_LOOP('',(#5917,#5923,#5924,#5925));
#5917 = ORIENTED_EDGE('',*,*,#5918,.T.);
#5918 = EDGE_CURVE('',#5221,#5550,#5919,.T.);
#5919 = LINE('',#5920,#5921);
#5920 = CARTESIAN_POINT('',(1.016,-3.81,0.));
#5921 = VECTOR('',#5922,1.);
#5922 = DIRECTION('',(0.,0.,1.));
#5923 = ORIENTED_EDGE('',*,*,#5557,.T.);
#5924 = ORIENTED_EDGE('',*,*,#5884,.F.);
#5925 = ORIENTED_EDGE('',*,*,#5228,.F.);
#5926 = PLANE('',#5927);
#5927 = AXIS2_PLACEMENT_3D('',#5928,#5929,#5930);
#5928 = CARTESIAN_POINT('',(1.016,-3.81,0.));
#5929 = DIRECTION('',(-0.707106781187,0.707106781187,0.));
#5930 = DIRECTION('',(0.707106781187,0.707106781187,0.));
#5931 = ADVANCED_FACE('',(#5932),#5943,.F.);
#5932 = FACE_BOUND('',#5933,.F.);
#5933 = EDGE_LOOP('',(#5934,#5935,#5936,#5942));
#5934 = ORIENTED_EDGE('',*,*,#5903,.T.);
#5935 = ORIENTED_EDGE('',*,*,#5461,.T.);
#5936 = ORIENTED_EDGE('',*,*,#5937,.F.);
#5937 = EDGE_CURVE('',#5133,#5462,#5938,.T.);
#5938 = LINE('',#5939,#5940);
#5939 = CARTESIAN_POINT('',(-1.27,-6.096,0.));
#5940 = VECTOR('',#5941,1.);
#5941 = DIRECTION('',(0.,0.,1.));
#5942 = ORIENTED_EDGE('',*,*,#5132,.F.);
#5943 = PLANE('',#5944);
#5944 = AXIS2_PLACEMENT_3D('',#5945,#5946,#5947);
#5945 = CARTESIAN_POINT('',(-1.27,-4.064,0.));
#5946 = DIRECTION('',(1.,0.,0.));
#5947 = DIRECTION('',(0.,-1.,0.));
#5948 = ADVANCED_FACE('',(#5949),#5960,.F.);
#5949 = FACE_BOUND('',#5950,.F.);
#5950 = EDGE_LOOP('',(#5951,#5957,#5958,#5959));
#5951 = ORIENTED_EDGE('',*,*,#5952,.T.);
#5952 = EDGE_CURVE('',#5213,#5542,#5953,.T.);
#5953 = LINE('',#5954,#5955);
#5954 = CARTESIAN_POINT('',(1.27,-4.064,0.));
#5955 = VECTOR('',#5956,1.);
#5956 = DIRECTION('',(0.,0.,1.));
#5957 = ORIENTED_EDGE('',*,*,#5549,.T.);
#5958 = ORIENTED_EDGE('',*,*,#5918,.F.);
#5959 = ORIENTED_EDGE('',*,*,#5220,.F.);
#5960 = PLANE('',#5961);
#5961 = AXIS2_PLACEMENT_3D('',#5962,#5963,#5964);
#5962 = CARTESIAN_POINT('',(1.27,-4.064,0.));
#5963 = DIRECTION('',(-0.707106781187,-0.707106781187,0.));
#5964 = DIRECTION('',(-0.707106781187,0.707106781187,0.));
#5965 = ADVANCED_FACE('',(#5966),#5977,.F.);
#5966 = FACE_BOUND('',#5967,.F.);
#5967 = EDGE_LOOP('',(#5968,#5969,#5970,#5976));
#5968 = ORIENTED_EDGE('',*,*,#5937,.T.);
#5969 = ORIENTED_EDGE('',*,*,#5469,.T.);
#5970 = ORIENTED_EDGE('',*,*,#5971,.F.);
#5971 = EDGE_CURVE('',#5141,#5470,#5972,.T.);
#5972 = LINE('',#5973,#5974);
#5973 = CARTESIAN_POINT('',(-1.016,-6.35,0.));
#5974 = VECTOR('',#5975,1.);
#5975 = DIRECTION('',(0.,0.,1.));
#5976 = ORIENTED_EDGE('',*,*,#5140,.F.);
#5977 = PLANE('',#5978);
#5978 = AXIS2_PLACEMENT_3D('',#5979,#5980,#5981);
#5979 = CARTESIAN_POINT('',(-1.27,-6.096,0.));
#5980 = DIRECTION('',(0.707106781187,0.707106781187,0.));
#5981 = DIRECTION('',(0.707106781187,-0.707106781187,0.));
#5982 = ADVANCED_FACE('',(#5983),#5994,.F.);
#5983 = FACE_BOUND('',#5984,.F.);
#5984 = EDGE_LOOP('',(#5985,#5991,#5992,#5993));
#5985 = ORIENTED_EDGE('',*,*,#5986,.T.);
#5986 = EDGE_CURVE('',#5205,#5534,#5987,.T.);
#5987 = LINE('',#5988,#5989);
#5988 = CARTESIAN_POINT('',(1.27,-6.096,0.));
#5989 = VECTOR('',#5990,1.);
#5990 = DIRECTION('',(0.,0.,1.));
#5991 = ORIENTED_EDGE('',*,*,#5541,.T.);
#5992 = ORIENTED_EDGE('',*,*,#5952,.F.);
#5993 = ORIENTED_EDGE('',*,*,#5212,.F.);
#5994 = PLANE('',#5995);
#5995 = AXIS2_PLACEMENT_3D('',#5996,#5997,#5998);
#5996 = CARTESIAN_POINT('',(1.27,-6.096,0.));
#5997 = DIRECTION('',(-1.,0.,0.));
#5998 = DIRECTION('',(0.,1.,0.));
#5999 = ADVANCED_FACE('',(#6000),#6011,.F.);
#6000 = FACE_BOUND('',#6001,.F.);
#6001 = EDGE_LOOP('',(#6002,#6003,#6004,#6010));
#6002 = ORIENTED_EDGE('',*,*,#5971,.T.);
#6003 = ORIENTED_EDGE('',*,*,#5477,.T.);
#6004 = ORIENTED_EDGE('',*,*,#6005,.F.);
#6005 = EDGE_CURVE('',#5149,#5478,#6006,.T.);
#6006 = LINE('',#6007,#6008);
#6007 = CARTESIAN_POINT('',(-1.27,-6.604,0.));
#6008 = VECTOR('',#6009,1.);
#6009 = DIRECTION('',(0.,0.,1.));
#6010 = ORIENTED_EDGE('',*,*,#5148,.F.);
#6011 = PLANE('',#6012);
#6012 = AXIS2_PLACEMENT_3D('',#6013,#6014,#6015);
#6013 = CARTESIAN_POINT('',(-1.016,-6.35,0.));
#6014 = DIRECTION('',(0.707106781187,-0.707106781187,0.));
#6015 = DIRECTION('',(-0.707106781187,-0.707106781187,0.));
#6016 = ADVANCED_FACE('',(#6017),#6028,.F.);
#6017 = FACE_BOUND('',#6018,.F.);
#6018 = EDGE_LOOP('',(#6019,#6025,#6026,#6027));
#6019 = ORIENTED_EDGE('',*,*,#6020,.T.);
#6020 = EDGE_CURVE('',#5197,#5526,#6021,.T.);
#6021 = LINE('',#6022,#6023);
#6022 = CARTESIAN_POINT('',(1.016,-6.35,0.));
#6023 = VECTOR('',#6024,1.);
#6024 = DIRECTION('',(0.,0.,1.));
#6025 = ORIENTED_EDGE('',*,*,#5533,.T.);
#6026 = ORIENTED_EDGE('',*,*,#5986,.F.);
#6027 = ORIENTED_EDGE('',*,*,#5204,.F.);
#6028 = PLANE('',#6029);
#6029 = AXIS2_PLACEMENT_3D('',#6030,#6031,#6032);
#6030 = CARTESIAN_POINT('',(1.016,-6.35,0.));
#6031 = DIRECTION('',(-0.707106781187,0.707106781187,0.));
#6032 = DIRECTION('',(0.707106781187,0.707106781187,0.));
#6033 = ADVANCED_FACE('',(#6034),#6045,.F.);
#6034 = FACE_BOUND('',#6035,.F.);
#6035 = EDGE_LOOP('',(#6036,#6037,#6038,#6044));
#6036 = ORIENTED_EDGE('',*,*,#6005,.T.);
#6037 = ORIENTED_EDGE('',*,*,#5485,.T.);
#6038 = ORIENTED_EDGE('',*,*,#6039,.F.);
#6039 = EDGE_CURVE('',#5157,#5486,#6040,.T.);
#6040 = LINE('',#6041,#6042);
#6041 = CARTESIAN_POINT('',(-1.27,-8.636,0.));
#6042 = VECTOR('',#6043,1.);
#6043 = DIRECTION('',(0.,0.,1.));
#6044 = ORIENTED_EDGE('',*,*,#5156,.F.);
#6045 = PLANE('',#6046);
#6046 = AXIS2_PLACEMENT_3D('',#6047,#6048,#6049);
#6047 = CARTESIAN_POINT('',(-1.27,-6.604,0.));
#6048 = DIRECTION('',(1.,0.,0.));
#6049 = DIRECTION('',(0.,-1.,0.));
#6050 = ADVANCED_FACE('',(#6051),#6062,.F.);
#6051 = FACE_BOUND('',#6052,.F.);
#6052 = EDGE_LOOP('',(#6053,#6059,#6060,#6061));
#6053 = ORIENTED_EDGE('',*,*,#6054,.T.);
#6054 = EDGE_CURVE('',#5189,#5518,#6055,.T.);
#6055 = LINE('',#6056,#6057);
#6056 = CARTESIAN_POINT('',(1.27,-6.604,0.));
#6057 = VECTOR('',#6058,1.);
#6058 = DIRECTION('',(0.,0.,1.));
#6059 = ORIENTED_EDGE('',*,*,#5525,.T.);
#6060 = ORIENTED_EDGE('',*,*,#6020,.F.);
#6061 = ORIENTED_EDGE('',*,*,#5196,.F.);
#6062 = PLANE('',#6063);
#6063 = AXIS2_PLACEMENT_3D('',#6064,#6065,#6066);
#6064 = CARTESIAN_POINT('',(1.27,-6.604,0.));
#6065 = DIRECTION('',(-0.707106781187,-0.707106781187,0.));
#6066 = DIRECTION('',(-0.707106781187,0.707106781187,0.));
#6067 = ADVANCED_FACE('',(#6068),#6079,.F.);
#6068 = FACE_BOUND('',#6069,.F.);
#6069 = EDGE_LOOP('',(#6070,#6071,#6072,#6078));
#6070 = ORIENTED_EDGE('',*,*,#6039,.T.);
#6071 = ORIENTED_EDGE('',*,*,#5493,.T.);
#6072 = ORIENTED_EDGE('',*,*,#6073,.F.);
#6073 = EDGE_CURVE('',#5165,#5494,#6074,.T.);
#6074 = LINE('',#6075,#6076);
#6075 = CARTESIAN_POINT('',(-1.016,-8.89,0.));
#6076 = VECTOR('',#6077,1.);
#6077 = DIRECTION('',(0.,0.,1.));
#6078 = ORIENTED_EDGE('',*,*,#5164,.F.);
#6079 = PLANE('',#6080);
#6080 = AXIS2_PLACEMENT_3D('',#6081,#6082,#6083);
#6081 = CARTESIAN_POINT('',(-1.27,-8.636,0.));
#6082 = DIRECTION('',(0.707106781187,0.707106781187,0.));
#6083 = DIRECTION('',(0.707106781187,-0.707106781187,0.));
#6084 = ADVANCED_FACE('',(#6085),#6096,.F.);
#6085 = FACE_BOUND('',#6086,.F.);
#6086 = EDGE_LOOP('',(#6087,#6093,#6094,#6095));
#6087 = ORIENTED_EDGE('',*,*,#6088,.T.);
#6088 = EDGE_CURVE('',#5181,#5510,#6089,.T.);
#6089 = LINE('',#6090,#6091);
#6090 = CARTESIAN_POINT('',(1.27,-8.636,0.));
#6091 = VECTOR('',#6092,1.);
#6092 = DIRECTION('',(0.,0.,1.));
#6093 = ORIENTED_EDGE('',*,*,#5517,.T.);
#6094 = ORIENTED_EDGE('',*,*,#6054,.F.);
#6095 = ORIENTED_EDGE('',*,*,#5188,.F.);
#6096 = PLANE('',#6097);
#6097 = AXIS2_PLACEMENT_3D('',#6098,#6099,#6100);
#6098 = CARTESIAN_POINT('',(1.27,-8.636,0.));
#6099 = DIRECTION('',(-1.,0.,0.));
#6100 = DIRECTION('',(0.,1.,0.));
#6101 = ADVANCED_FACE('',(#6102),#6113,.F.);
#6102 = FACE_BOUND('',#6103,.F.);
#6103 = EDGE_LOOP('',(#6104,#6105,#6106,#6112));
#6104 = ORIENTED_EDGE('',*,*,#6073,.T.);
#6105 = ORIENTED_EDGE('',*,*,#5501,.T.);
#6106 = ORIENTED_EDGE('',*,*,#6107,.F.);
#6107 = EDGE_CURVE('',#5173,#5502,#6108,.T.);
#6108 = LINE('',#6109,#6110);
#6109 = CARTESIAN_POINT('',(1.016,-8.89,0.));
#6110 = VECTOR('',#6111,1.);
#6111 = DIRECTION('',(0.,0.,1.));
#6112 = ORIENTED_EDGE('',*,*,#5172,.F.);
#6113 = PLANE('',#6114);
#6114 = AXIS2_PLACEMENT_3D('',#6115,#6116,#6117);
#6115 = CARTESIAN_POINT('',(-1.016,-8.89,0.));
#6116 = DIRECTION('',(0.,1.,0.));
#6117 = DIRECTION('',(1.,0.,0.));
#6118 = ADVANCED_FACE('',(#6119),#6125,.F.);
#6119 = FACE_BOUND('',#6120,.F.);
#6120 = EDGE_LOOP('',(#6121,#6122,#6123,#6124));
#6121 = ORIENTED_EDGE('',*,*,#6107,.T.);
#6122 = ORIENTED_EDGE('',*,*,#5509,.T.);
#6123 = ORIENTED_EDGE('',*,*,#6088,.F.);
#6124 = ORIENTED_EDGE('',*,*,#5180,.F.);
#6125 = PLANE('',#6126);
#6126 = AXIS2_PLACEMENT_3D('',#6127,#6128,#6129);
#6127 = CARTESIAN_POINT('',(1.016,-8.89,0.));
#6128 = DIRECTION('',(-0.707106781187,0.707106781187,0.));
#6129 = DIRECTION('',(0.707106781187,0.707106781187,0.));
#6130 = ADVANCED_FACE('',(#6131),#6156,.T.);
#6131 = FACE_BOUND('',#6132,.T.);
#6132 = EDGE_LOOP('',(#6133,#6141,#6149,#6155));
#6133 = ORIENTED_EDGE('',*,*,#6134,.F.);
#6134 = EDGE_CURVE('',#6135,#5278,#6137,.T.);
#6135 = VERTEX_POINT('',#6136);
#6136 = CARTESIAN_POINT('',(0.32,-4.76,-2.84));
#6137 = LINE('',#6138,#6139);
#6138 = CARTESIAN_POINT('',(0.32,-4.76,-3.));
#6139 = VECTOR('',#6140,1.);
#6140 = DIRECTION('',(0.,0.,1.));
#6141 = ORIENTED_EDGE('',*,*,#6142,.F.);
#6142 = EDGE_CURVE('',#6143,#6135,#6145,.T.);
#6143 = VERTEX_POINT('',#6144);
#6144 = CARTESIAN_POINT('',(-0.32,-4.76,-2.84));
#6145 = LINE('',#6146,#6147);
#6146 = CARTESIAN_POINT('',(-0.32,-4.76,-2.84));
#6147 = VECTOR('',#6148,1.);
#6148 = DIRECTION('',(1.,0.,0.));
#6149 = ORIENTED_EDGE('',*,*,#6150,.T.);
#6150 = EDGE_CURVE('',#6143,#5280,#6151,.T.);
#6151 = LINE('',#6152,#6153);
#6152 = CARTESIAN_POINT('',(-0.32,-4.76,-3.));
#6153 = VECTOR('',#6154,1.);
#6154 = DIRECTION('',(0.,0.,1.));
#6155 = ORIENTED_EDGE('',*,*,#5277,.F.);
#6156 = PLANE('',#6157);
#6157 = AXIS2_PLACEMENT_3D('',#6158,#6159,#6160);
#6158 = CARTESIAN_POINT('',(-0.32,-4.76,-3.));
#6159 = DIRECTION('',(0.,1.,0.));
#6160 = DIRECTION('',(0.,-0.,1.));
#6161 = ADVANCED_FACE('',(#6162),#6180,.F.);
#6162 = FACE_BOUND('',#6163,.F.);
#6163 = EDGE_LOOP('',(#6164,#6172,#6178,#6179));
#6164 = ORIENTED_EDGE('',*,*,#6165,.F.);
#6165 = EDGE_CURVE('',#6166,#5296,#6168,.T.);
#6166 = VERTEX_POINT('',#6167);
#6167 = CARTESIAN_POINT('',(-0.32,-5.4,-2.84));
#6168 = LINE('',#6169,#6170);
#6169 = CARTESIAN_POINT('',(-0.32,-5.4,-3.));
#6170 = VECTOR('',#6171,1.);
#6171 = DIRECTION('',(0.,0.,1.));
#6172 = ORIENTED_EDGE('',*,*,#6173,.T.);
#6173 = EDGE_CURVE('',#6166,#6143,#6174,.T.);
#6174 = LINE('',#6175,#6176);
#6175 = CARTESIAN_POINT('',(-0.32,-5.4,-2.84));
#6176 = VECTOR('',#6177,1.);
#6177 = DIRECTION('',(0.,1.,0.));
#6178 = ORIENTED_EDGE('',*,*,#6150,.T.);
#6179 = ORIENTED_EDGE('',*,*,#5303,.F.);
#6180 = PLANE('',#6181);
#6181 = AXIS2_PLACEMENT_3D('',#6182,#6183,#6184);
#6182 = CARTESIAN_POINT('',(-0.32,-5.4,-3.));
#6183 = DIRECTION('',(1.,0.,0.));
#6184 = DIRECTION('',(0.,0.,1.));
#6185 = ADVANCED_FACE('',(#6186),#6204,.F.);
#6186 = FACE_BOUND('',#6187,.F.);
#6187 = EDGE_LOOP('',(#6188,#6196,#6202,#6203));
#6188 = ORIENTED_EDGE('',*,*,#6189,.F.);
#6189 = EDGE_CURVE('',#6190,#5288,#6192,.T.);
#6190 = VERTEX_POINT('',#6191);
#6191 = CARTESIAN_POINT('',(0.32,-5.4,-2.84));
#6192 = LINE('',#6193,#6194);
#6193 = CARTESIAN_POINT('',(0.32,-5.4,-3.));
#6194 = VECTOR('',#6195,1.);
#6195 = DIRECTION('',(0.,0.,1.));
#6196 = ORIENTED_EDGE('',*,*,#6197,.F.);
#6197 = EDGE_CURVE('',#6166,#6190,#6198,.T.);
#6198 = LINE('',#6199,#6200);
#6199 = CARTESIAN_POINT('',(-0.32,-5.4,-2.84));
#6200 = VECTOR('',#6201,1.);
#6201 = DIRECTION('',(1.,0.,0.));
#6202 = ORIENTED_EDGE('',*,*,#6165,.T.);
#6203 = ORIENTED_EDGE('',*,*,#5295,.F.);
#6204 = PLANE('',#6205);
#6205 = AXIS2_PLACEMENT_3D('',#6206,#6207,#6208);
#6206 = CARTESIAN_POINT('',(-0.32,-5.4,-3.));
#6207 = DIRECTION('',(0.,1.,0.));
#6208 = DIRECTION('',(0.,-0.,1.));
#6209 = ADVANCED_FACE('',(#6210),#6221,.T.);
#6210 = FACE_BOUND('',#6211,.T.);
#6211 = EDGE_LOOP('',(#6212,#6213,#6219,#6220));
#6212 = ORIENTED_EDGE('',*,*,#6189,.F.);
#6213 = ORIENTED_EDGE('',*,*,#6214,.T.);
#6214 = EDGE_CURVE('',#6190,#6135,#6215,.T.);
#6215 = LINE('',#6216,#6217);
#6216 = CARTESIAN_POINT('',(0.32,-5.4,-2.84));
#6217 = VECTOR('',#6218,1.);
#6218 = DIRECTION('',(0.,1.,0.));
#6219 = ORIENTED_EDGE('',*,*,#6134,.T.);
#6220 = ORIENTED_EDGE('',*,*,#5287,.F.);
#6221 = PLANE('',#6222);
#6222 = AXIS2_PLACEMENT_3D('',#6223,#6224,#6225);
#6223 = CARTESIAN_POINT('',(0.32,-5.4,-3.));
#6224 = DIRECTION('',(1.,0.,0.));
#6225 = DIRECTION('',(0.,0.,1.));
#6226 = ADVANCED_FACE('',(#6227),#6252,.T.);
#6227 = FACE_BOUND('',#6228,.T.);
#6228 = EDGE_LOOP('',(#6229,#6237,#6245,#6251));
#6229 = ORIENTED_EDGE('',*,*,#6230,.F.);
#6230 = EDGE_CURVE('',#6231,#5312,#6233,.T.);
#6231 = VERTEX_POINT('',#6232);
#6232 = CARTESIAN_POINT('',(0.32,-7.94,-2.84));
#6233 = LINE('',#6234,#6235);
#6234 = CARTESIAN_POINT('',(0.32,-7.94,-3.));
#6235 = VECTOR('',#6236,1.);
#6236 = DIRECTION('',(0.,0.,1.));
#6237 = ORIENTED_EDGE('',*,*,#6238,.T.);
#6238 = EDGE_CURVE('',#6231,#6239,#6241,.T.);
#6239 = VERTEX_POINT('',#6240);
#6240 = CARTESIAN_POINT('',(0.32,-7.3,-2.84));
#6241 = LINE('',#6242,#6243);
#6242 = CARTESIAN_POINT('',(0.32,-7.94,-2.84));
#6243 = VECTOR('',#6244,1.);
#6244 = DIRECTION('',(0.,1.,0.));
#6245 = ORIENTED_EDGE('',*,*,#6246,.T.);
#6246 = EDGE_CURVE('',#6239,#5314,#6247,.T.);
#6247 = LINE('',#6248,#6249);
#6248 = CARTESIAN_POINT('',(0.32,-7.3,-3.));
#6249 = VECTOR('',#6250,1.);
#6250 = DIRECTION('',(0.,0.,1.));
#6251 = ORIENTED_EDGE('',*,*,#5311,.F.);
#6252 = PLANE('',#6253);
#6253 = AXIS2_PLACEMENT_3D('',#6254,#6255,#6256);
#6254 = CARTESIAN_POINT('',(0.32,-7.94,-3.));
#6255 = DIRECTION('',(1.,0.,0.));
#6256 = DIRECTION('',(0.,0.,1.));
#6257 = ADVANCED_FACE('',(#6258),#6276,.T.);
#6258 = FACE_BOUND('',#6259,.T.);
#6259 = EDGE_LOOP('',(#6260,#6261,#6269,#6275));
#6260 = ORIENTED_EDGE('',*,*,#6246,.F.);
#6261 = ORIENTED_EDGE('',*,*,#6262,.F.);
#6262 = EDGE_CURVE('',#6263,#6239,#6265,.T.);
#6263 = VERTEX_POINT('',#6264);
#6264 = CARTESIAN_POINT('',(-0.32,-7.3,-2.84));
#6265 = LINE('',#6266,#6267);
#6266 = CARTESIAN_POINT('',(-0.32,-7.3,-2.84));
#6267 = VECTOR('',#6268,1.);
#6268 = DIRECTION('',(1.,0.,0.));
#6269 = ORIENTED_EDGE('',*,*,#6270,.T.);
#6270 = EDGE_CURVE('',#6263,#5330,#6271,.T.);
#6271 = LINE('',#6272,#6273);
#6272 = CARTESIAN_POINT('',(-0.32,-7.3,-3.));
#6273 = VECTOR('',#6274,1.);
#6274 = DIRECTION('',(0.,0.,1.));
#6275 = ORIENTED_EDGE('',*,*,#5337,.F.);
#6276 = PLANE('',#6277);
#6277 = AXIS2_PLACEMENT_3D('',#6278,#6279,#6280);
#6278 = CARTESIAN_POINT('',(-0.32,-7.3,-3.));
#6279 = DIRECTION('',(0.,1.,0.));
#6280 = DIRECTION('',(0.,-0.,1.));
#6281 = ADVANCED_FACE('',(#6282),#6300,.F.);
#6282 = FACE_BOUND('',#6283,.F.);
#6283 = EDGE_LOOP('',(#6284,#6292,#6298,#6299));
#6284 = ORIENTED_EDGE('',*,*,#6285,.F.);
#6285 = EDGE_CURVE('',#6286,#5322,#6288,.T.);
#6286 = VERTEX_POINT('',#6287);
#6287 = CARTESIAN_POINT('',(-0.32,-7.94,-2.84));
#6288 = LINE('',#6289,#6290);
#6289 = CARTESIAN_POINT('',(-0.32,-7.94,-3.));
#6290 = VECTOR('',#6291,1.);
#6291 = DIRECTION('',(0.,0.,1.));
#6292 = ORIENTED_EDGE('',*,*,#6293,.T.);
#6293 = EDGE_CURVE('',#6286,#6263,#6294,.T.);
#6294 = LINE('',#6295,#6296);
#6295 = CARTESIAN_POINT('',(-0.32,-7.94,-2.84));
#6296 = VECTOR('',#6297,1.);
#6297 = DIRECTION('',(0.,1.,0.));
#6298 = ORIENTED_EDGE('',*,*,#6270,.T.);
#6299 = ORIENTED_EDGE('',*,*,#5329,.F.);
#6300 = PLANE('',#6301);
#6301 = AXIS2_PLACEMENT_3D('',#6302,#6303,#6304);
#6302 = CARTESIAN_POINT('',(-0.32,-7.94,-3.));
#6303 = DIRECTION('',(1.,0.,0.));
#6304 = DIRECTION('',(0.,0.,1.));
#6305 = ADVANCED_FACE('',(#6306),#6317,.F.);
#6306 = FACE_BOUND('',#6307,.F.);
#6307 = EDGE_LOOP('',(#6308,#6309,#6315,#6316));
#6308 = ORIENTED_EDGE('',*,*,#6230,.F.);
#6309 = ORIENTED_EDGE('',*,*,#6310,.F.);
#6310 = EDGE_CURVE('',#6286,#6231,#6311,.T.);
#6311 = LINE('',#6312,#6313);
#6312 = CARTESIAN_POINT('',(-0.32,-7.94,-2.84));
#6313 = VECTOR('',#6314,1.);
#6314 = DIRECTION('',(1.,0.,0.));
#6315 = ORIENTED_EDGE('',*,*,#6285,.T.);
#6316 = ORIENTED_EDGE('',*,*,#5321,.F.);
#6317 = PLANE('',#6318);
#6318 = AXIS2_PLACEMENT_3D('',#6319,#6320,#6321);
#6319 = CARTESIAN_POINT('',(-0.32,-7.94,-3.));
#6320 = DIRECTION('',(0.,1.,0.));
#6321 = DIRECTION('',(0.,-0.,1.));
#6322 = ADVANCED_FACE('',(#6323),#6348,.T.);
#6323 = FACE_BOUND('',#6324,.T.);
#6324 = EDGE_LOOP('',(#6325,#6333,#6341,#6347));
#6325 = ORIENTED_EDGE('',*,*,#6326,.F.);
#6326 = EDGE_CURVE('',#6327,#5346,#6329,.T.);
#6327 = VERTEX_POINT('',#6328);
#6328 = CARTESIAN_POINT('',(0.32,-0.32,-2.84));
#6329 = LINE('',#6330,#6331);
#6330 = CARTESIAN_POINT('',(0.32,-0.32,-3.));
#6331 = VECTOR('',#6332,1.);
#6332 = DIRECTION('',(0.,0.,1.));
#6333 = ORIENTED_EDGE('',*,*,#6334,.T.);
#6334 = EDGE_CURVE('',#6327,#6335,#6337,.T.);
#6335 = VERTEX_POINT('',#6336);
#6336 = CARTESIAN_POINT('',(0.32,0.32,-2.84));
#6337 = LINE('',#6338,#6339);
#6338 = CARTESIAN_POINT('',(0.32,-0.32,-2.84));
#6339 = VECTOR('',#6340,1.);
#6340 = DIRECTION('',(0.,1.,0.));
#6341 = ORIENTED_EDGE('',*,*,#6342,.T.);
#6342 = EDGE_CURVE('',#6335,#5348,#6343,.T.);
#6343 = LINE('',#6344,#6345);
#6344 = CARTESIAN_POINT('',(0.32,0.32,-3.));
#6345 = VECTOR('',#6346,1.);
#6346 = DIRECTION('',(0.,0.,1.));
#6347 = ORIENTED_EDGE('',*,*,#5345,.F.);
#6348 = PLANE('',#6349);
#6349 = AXIS2_PLACEMENT_3D('',#6350,#6351,#6352);
#6350 = CARTESIAN_POINT('',(0.32,-0.32,-3.));
#6351 = DIRECTION('',(1.,0.,0.));
#6352 = DIRECTION('',(0.,0.,1.));
#6353 = ADVANCED_FACE('',(#6354),#6372,.T.);
#6354 = FACE_BOUND('',#6355,.T.);
#6355 = EDGE_LOOP('',(#6356,#6357,#6365,#6371));
#6356 = ORIENTED_EDGE('',*,*,#6342,.F.);
#6357 = ORIENTED_EDGE('',*,*,#6358,.F.);
#6358 = EDGE_CURVE('',#6359,#6335,#6361,.T.);
#6359 = VERTEX_POINT('',#6360);
#6360 = CARTESIAN_POINT('',(-0.32,0.32,-2.84));
#6361 = LINE('',#6362,#6363);
#6362 = CARTESIAN_POINT('',(-0.32,0.32,-2.84));
#6363 = VECTOR('',#6364,1.);
#6364 = DIRECTION('',(1.,0.,0.));
#6365 = ORIENTED_EDGE('',*,*,#6366,.T.);
#6366 = EDGE_CURVE('',#6359,#5364,#6367,.T.);
#6367 = LINE('',#6368,#6369);
#6368 = CARTESIAN_POINT('',(-0.32,0.32,-3.));
#6369 = VECTOR('',#6370,1.);
#6370 = DIRECTION('',(0.,0.,1.));
#6371 = ORIENTED_EDGE('',*,*,#5371,.F.);
#6372 = PLANE('',#6373);
#6373 = AXIS2_PLACEMENT_3D('',#6374,#6375,#6376);
#6374 = CARTESIAN_POINT('',(-0.32,0.32,-3.));
#6375 = DIRECTION('',(0.,1.,0.));
#6376 = DIRECTION('',(0.,-0.,1.));
#6377 = ADVANCED_FACE('',(#6378),#6396,.F.);
#6378 = FACE_BOUND('',#6379,.F.);
#6379 = EDGE_LOOP('',(#6380,#6388,#6394,#6395));
#6380 = ORIENTED_EDGE('',*,*,#6381,.F.);
#6381 = EDGE_CURVE('',#6382,#5356,#6384,.T.);
#6382 = VERTEX_POINT('',#6383);
#6383 = CARTESIAN_POINT('',(-0.32,-0.32,-2.84));
#6384 = LINE('',#6385,#6386);
#6385 = CARTESIAN_POINT('',(-0.32,-0.32,-3.));
#6386 = VECTOR('',#6387,1.);
#6387 = DIRECTION('',(0.,0.,1.));
#6388 = ORIENTED_EDGE('',*,*,#6389,.T.);
#6389 = EDGE_CURVE('',#6382,#6359,#6390,.T.);
#6390 = LINE('',#6391,#6392);
#6391 = CARTESIAN_POINT('',(-0.32,-0.32,-2.84));
#6392 = VECTOR('',#6393,1.);
#6393 = DIRECTION('',(0.,1.,0.));
#6394 = ORIENTED_EDGE('',*,*,#6366,.T.);
#6395 = ORIENTED_EDGE('',*,*,#5363,.F.);
#6396 = PLANE('',#6397);
#6397 = AXIS2_PLACEMENT_3D('',#6398,#6399,#6400);
#6398 = CARTESIAN_POINT('',(-0.32,-0.32,-3.));
#6399 = DIRECTION('',(1.,0.,0.));
#6400 = DIRECTION('',(0.,0.,1.));
#6401 = ADVANCED_FACE('',(#6402),#6413,.F.);
#6402 = FACE_BOUND('',#6403,.F.);
#6403 = EDGE_LOOP('',(#6404,#6405,#6411,#6412));
#6404 = ORIENTED_EDGE('',*,*,#6326,.F.);
#6405 = ORIENTED_EDGE('',*,*,#6406,.F.);
#6406 = EDGE_CURVE('',#6382,#6327,#6407,.T.);
#6407 = LINE('',#6408,#6409);
#6408 = CARTESIAN_POINT('',(-0.32,-0.32,-2.84));
#6409 = VECTOR('',#6410,1.);
#6410 = DIRECTION('',(1.,0.,0.));
#6411 = ORIENTED_EDGE('',*,*,#6381,.T.);
#6412 = ORIENTED_EDGE('',*,*,#5355,.F.);
#6413 = PLANE('',#6414);
#6414 = AXIS2_PLACEMENT_3D('',#6415,#6416,#6417);
#6415 = CARTESIAN_POINT('',(-0.32,-0.32,-3.));
#6416 = DIRECTION('',(0.,1.,0.));
#6417 = DIRECTION('',(0.,-0.,1.));
#6418 = ADVANCED_FACE('',(#6419),#6444,.T.);
#6419 = FACE_BOUND('',#6420,.T.);
#6420 = EDGE_LOOP('',(#6421,#6429,#6437,#6443));
#6421 = ORIENTED_EDGE('',*,*,#6422,.F.);
#6422 = EDGE_CURVE('',#6423,#5380,#6425,.T.);
#6423 = VERTEX_POINT('',#6424);
#6424 = CARTESIAN_POINT('',(0.32,-2.22,-2.84));
#6425 = LINE('',#6426,#6427);
#6426 = CARTESIAN_POINT('',(0.32,-2.22,-3.));
#6427 = VECTOR('',#6428,1.);
#6428 = DIRECTION('',(0.,0.,1.));
#6429 = ORIENTED_EDGE('',*,*,#6430,.F.);
#6430 = EDGE_CURVE('',#6431,#6423,#6433,.T.);
#6431 = VERTEX_POINT('',#6432);
#6432 = CARTESIAN_POINT('',(-0.32,-2.22,-2.84));
#6433 = LINE('',#6434,#6435);
#6434 = CARTESIAN_POINT('',(-0.32,-2.22,-2.84));
#6435 = VECTOR('',#6436,1.);
#6436 = DIRECTION('',(1.,0.,0.));
#6437 = ORIENTED_EDGE('',*,*,#6438,.T.);
#6438 = EDGE_CURVE('',#6431,#5382,#6439,.T.);
#6439 = LINE('',#6440,#6441);
#6440 = CARTESIAN_POINT('',(-0.32,-2.22,-3.));
#6441 = VECTOR('',#6442,1.);
#6442 = DIRECTION('',(0.,0.,1.));
#6443 = ORIENTED_EDGE('',*,*,#5379,.F.);
#6444 = PLANE('',#6445);
#6445 = AXIS2_PLACEMENT_3D('',#6446,#6447,#6448);
#6446 = CARTESIAN_POINT('',(-0.32,-2.22,-3.));
#6447 = DIRECTION('',(0.,1.,0.));
#6448 = DIRECTION('',(0.,-0.,1.));
#6449 = ADVANCED_FACE('',(#6450),#6468,.F.);
#6450 = FACE_BOUND('',#6451,.F.);
#6451 = EDGE_LOOP('',(#6452,#6460,#6466,#6467));
#6452 = ORIENTED_EDGE('',*,*,#6453,.F.);
#6453 = EDGE_CURVE('',#6454,#5398,#6456,.T.);
#6454 = VERTEX_POINT('',#6455);
#6455 = CARTESIAN_POINT('',(-0.32,-2.86,-2.84));
#6456 = LINE('',#6457,#6458);
#6457 = CARTESIAN_POINT('',(-0.32,-2.86,-3.));
#6458 = VECTOR('',#6459,1.);
#6459 = DIRECTION('',(0.,0.,1.));
#6460 = ORIENTED_EDGE('',*,*,#6461,.T.);
#6461 = EDGE_CURVE('',#6454,#6431,#6462,.T.);
#6462 = LINE('',#6463,#6464);
#6463 = CARTESIAN_POINT('',(-0.32,-2.86,-2.84));
#6464 = VECTOR('',#6465,1.);
#6465 = DIRECTION('',(0.,1.,0.));
#6466 = ORIENTED_EDGE('',*,*,#6438,.T.);
#6467 = ORIENTED_EDGE('',*,*,#5405,.F.);
#6468 = PLANE('',#6469);
#6469 = AXIS2_PLACEMENT_3D('',#6470,#6471,#6472);
#6470 = CARTESIAN_POINT('',(-0.32,-2.86,-3.));
#6471 = DIRECTION('',(1.,0.,0.));
#6472 = DIRECTION('',(0.,0.,1.));
#6473 = ADVANCED_FACE('',(#6474),#6492,.F.);
#6474 = FACE_BOUND('',#6475,.F.);
#6475 = EDGE_LOOP('',(#6476,#6484,#6490,#6491));
#6476 = ORIENTED_EDGE('',*,*,#6477,.F.);
#6477 = EDGE_CURVE('',#6478,#5390,#6480,.T.);
#6478 = VERTEX_POINT('',#6479);
#6479 = CARTESIAN_POINT('',(0.32,-2.86,-2.84));
#6480 = LINE('',#6481,#6482);
#6481 = CARTESIAN_POINT('',(0.32,-2.86,-3.));
#6482 = VECTOR('',#6483,1.);
#6483 = DIRECTION('',(0.,0.,1.));
#6484 = ORIENTED_EDGE('',*,*,#6485,.F.);
#6485 = EDGE_CURVE('',#6454,#6478,#6486,.T.);
#6486 = LINE('',#6487,#6488);
#6487 = CARTESIAN_POINT('',(-0.32,-2.86,-2.84));
#6488 = VECTOR('',#6489,1.);
#6489 = DIRECTION('',(1.,0.,0.));
#6490 = ORIENTED_EDGE('',*,*,#6453,.T.);
#6491 = ORIENTED_EDGE('',*,*,#5397,.F.);
#6492 = PLANE('',#6493);
#6493 = AXIS2_PLACEMENT_3D('',#6494,#6495,#6496);
#6494 = CARTESIAN_POINT('',(-0.32,-2.86,-3.));
#6495 = DIRECTION('',(0.,1.,0.));
#6496 = DIRECTION('',(0.,-0.,1.));
#6497 = ADVANCED_FACE('',(#6498),#6509,.T.);
#6498 = FACE_BOUND('',#6499,.T.);
#6499 = EDGE_LOOP('',(#6500,#6501,#6507,#6508));
#6500 = ORIENTED_EDGE('',*,*,#6477,.F.);
#6501 = ORIENTED_EDGE('',*,*,#6502,.T.);
#6502 = EDGE_CURVE('',#6478,#6423,#6503,.T.);
#6503 = LINE('',#6504,#6505);
#6504 = CARTESIAN_POINT('',(0.32,-2.86,-2.84));
#6505 = VECTOR('',#6506,1.);
#6506 = DIRECTION('',(0.,1.,0.));
#6507 = ORIENTED_EDGE('',*,*,#6422,.T.);
#6508 = ORIENTED_EDGE('',*,*,#5389,.F.);
#6509 = PLANE('',#6510);
#6510 = AXIS2_PLACEMENT_3D('',#6511,#6512,#6513);
#6511 = CARTESIAN_POINT('',(0.32,-2.86,-3.));
#6512 = DIRECTION('',(1.,0.,0.));
#6513 = DIRECTION('',(0.,0.,1.));
#6514 = ADVANCED_FACE('',(#6515),#6540,.T.);
#6515 = FACE_BOUND('',#6516,.T.);
#6516 = EDGE_LOOP('',(#6517,#6525,#6526,#6534));
#6517 = ORIENTED_EDGE('',*,*,#6518,.F.);
#6518 = EDGE_CURVE('',#5607,#6519,#6521,.T.);
#6519 = VERTEX_POINT('',#6520);
#6520 = CARTESIAN_POINT('',(0.32,-4.76,8.38));
#6521 = LINE('',#6522,#6523);
#6522 = CARTESIAN_POINT('',(0.32,-4.76,-3.));
#6523 = VECTOR('',#6524,1.);
#6524 = DIRECTION('',(0.,0.,1.));
#6525 = ORIENTED_EDGE('',*,*,#5606,.T.);
#6526 = ORIENTED_EDGE('',*,*,#6527,.T.);
#6527 = EDGE_CURVE('',#5609,#6528,#6530,.T.);
#6528 = VERTEX_POINT('',#6529);
#6529 = CARTESIAN_POINT('',(-0.32,-4.76,8.38));
#6530 = LINE('',#6531,#6532);
#6531 = CARTESIAN_POINT('',(-0.32,-4.76,-3.));
#6532 = VECTOR('',#6533,1.);
#6533 = DIRECTION('',(0.,0.,1.));
#6534 = ORIENTED_EDGE('',*,*,#6535,.T.);
#6535 = EDGE_CURVE('',#6528,#6519,#6536,.T.);
#6536 = LINE('',#6537,#6538);
#6537 = CARTESIAN_POINT('',(-0.32,-4.76,8.38));
#6538 = VECTOR('',#6539,1.);
#6539 = DIRECTION('',(1.,0.,0.));
#6540 = PLANE('',#6541);
#6541 = AXIS2_PLACEMENT_3D('',#6542,#6543,#6544);
#6542 = CARTESIAN_POINT('',(-0.32,-4.76,-3.));
#6543 = DIRECTION('',(0.,1.,0.));
#6544 = DIRECTION('',(0.,-0.,1.));
#6545 = ADVANCED_FACE('',(#6546),#6564,.F.);
#6546 = FACE_BOUND('',#6547,.F.);
#6547 = EDGE_LOOP('',(#6548,#6556,#6557,#6558));
#6548 = ORIENTED_EDGE('',*,*,#6549,.F.);
#6549 = EDGE_CURVE('',#5625,#6550,#6552,.T.);
#6550 = VERTEX_POINT('',#6551);
#6551 = CARTESIAN_POINT('',(-0.32,-5.4,8.38));
#6552 = LINE('',#6553,#6554);
#6553 = CARTESIAN_POINT('',(-0.32,-5.4,-3.));
#6554 = VECTOR('',#6555,1.);
#6555 = DIRECTION('',(0.,0.,1.));
#6556 = ORIENTED_EDGE('',*,*,#5632,.T.);
#6557 = ORIENTED_EDGE('',*,*,#6527,.T.);
#6558 = ORIENTED_EDGE('',*,*,#6559,.F.);
#6559 = EDGE_CURVE('',#6550,#6528,#6560,.T.);
#6560 = LINE('',#6561,#6562);
#6561 = CARTESIAN_POINT('',(-0.32,-5.4,8.38));
#6562 = VECTOR('',#6563,1.);
#6563 = DIRECTION('',(0.,1.,0.));
#6564 = PLANE('',#6565);
#6565 = AXIS2_PLACEMENT_3D('',#6566,#6567,#6568);
#6566 = CARTESIAN_POINT('',(-0.32,-5.4,-3.));
#6567 = DIRECTION('',(1.,0.,0.));
#6568 = DIRECTION('',(0.,0.,1.));
#6569 = ADVANCED_FACE('',(#6570),#6588,.F.);
#6570 = FACE_BOUND('',#6571,.F.);
#6571 = EDGE_LOOP('',(#6572,#6580,#6581,#6582));
#6572 = ORIENTED_EDGE('',*,*,#6573,.F.);
#6573 = EDGE_CURVE('',#5617,#6574,#6576,.T.);
#6574 = VERTEX_POINT('',#6575);
#6575 = CARTESIAN_POINT('',(0.32,-5.4,8.38));
#6576 = LINE('',#6577,#6578);
#6577 = CARTESIAN_POINT('',(0.32,-5.4,-3.));
#6578 = VECTOR('',#6579,1.);
#6579 = DIRECTION('',(0.,0.,1.));
#6580 = ORIENTED_EDGE('',*,*,#5624,.T.);
#6581 = ORIENTED_EDGE('',*,*,#6549,.T.);
#6582 = ORIENTED_EDGE('',*,*,#6583,.T.);
#6583 = EDGE_CURVE('',#6550,#6574,#6584,.T.);
#6584 = LINE('',#6585,#6586);
#6585 = CARTESIAN_POINT('',(-0.32,-5.4,8.38));
#6586 = VECTOR('',#6587,1.);
#6587 = DIRECTION('',(1.,0.,0.));
#6588 = PLANE('',#6589);
#6589 = AXIS2_PLACEMENT_3D('',#6590,#6591,#6592);
#6590 = CARTESIAN_POINT('',(-0.32,-5.4,-3.));
#6591 = DIRECTION('',(0.,1.,0.));
#6592 = DIRECTION('',(0.,-0.,1.));
#6593 = ADVANCED_FACE('',(#6594),#6605,.T.);
#6594 = FACE_BOUND('',#6595,.T.);
#6595 = EDGE_LOOP('',(#6596,#6597,#6598,#6599));
#6596 = ORIENTED_EDGE('',*,*,#6573,.F.);
#6597 = ORIENTED_EDGE('',*,*,#5616,.T.);
#6598 = ORIENTED_EDGE('',*,*,#6518,.T.);
#6599 = ORIENTED_EDGE('',*,*,#6600,.F.);
#6600 = EDGE_CURVE('',#6574,#6519,#6601,.T.);
#6601 = LINE('',#6602,#6603);
#6602 = CARTESIAN_POINT('',(0.32,-5.4,8.38));
#6603 = VECTOR('',#6604,1.);
#6604 = DIRECTION('',(0.,1.,0.));
#6605 = PLANE('',#6606);
#6606 = AXIS2_PLACEMENT_3D('',#6607,#6608,#6609);
#6607 = CARTESIAN_POINT('',(0.32,-5.4,-3.));
#6608 = DIRECTION('',(1.,0.,0.));
#6609 = DIRECTION('',(0.,0.,1.));
#6610 = ADVANCED_FACE('',(#6611),#6636,.T.);
#6611 = FACE_BOUND('',#6612,.T.);
#6612 = EDGE_LOOP('',(#6613,#6621,#6622,#6630));
#6613 = ORIENTED_EDGE('',*,*,#6614,.F.);
#6614 = EDGE_CURVE('',#5641,#6615,#6617,.T.);
#6615 = VERTEX_POINT('',#6616);
#6616 = CARTESIAN_POINT('',(0.32,-7.94,8.38));
#6617 = LINE('',#6618,#6619);
#6618 = CARTESIAN_POINT('',(0.32,-7.94,-3.));
#6619 = VECTOR('',#6620,1.);
#6620 = DIRECTION('',(0.,0.,1.));
#6621 = ORIENTED_EDGE('',*,*,#5640,.T.);
#6622 = ORIENTED_EDGE('',*,*,#6623,.T.);
#6623 = EDGE_CURVE('',#5643,#6624,#6626,.T.);
#6624 = VERTEX_POINT('',#6625);
#6625 = CARTESIAN_POINT('',(0.32,-7.3,8.38));
#6626 = LINE('',#6627,#6628);
#6627 = CARTESIAN_POINT('',(0.32,-7.3,-3.));
#6628 = VECTOR('',#6629,1.);
#6629 = DIRECTION('',(0.,0.,1.));
#6630 = ORIENTED_EDGE('',*,*,#6631,.F.);
#6631 = EDGE_CURVE('',#6615,#6624,#6632,.T.);
#6632 = LINE('',#6633,#6634);
#6633 = CARTESIAN_POINT('',(0.32,-7.94,8.38));
#6634 = VECTOR('',#6635,1.);
#6635 = DIRECTION('',(0.,1.,0.));
#6636 = PLANE('',#6637);
#6637 = AXIS2_PLACEMENT_3D('',#6638,#6639,#6640);
#6638 = CARTESIAN_POINT('',(0.32,-7.94,-3.));
#6639 = DIRECTION('',(1.,0.,0.));
#6640 = DIRECTION('',(0.,0.,1.));
#6641 = ADVANCED_FACE('',(#6642),#6660,.T.);
#6642 = FACE_BOUND('',#6643,.T.);
#6643 = EDGE_LOOP('',(#6644,#6645,#6646,#6654));
#6644 = ORIENTED_EDGE('',*,*,#6623,.F.);
#6645 = ORIENTED_EDGE('',*,*,#5666,.T.);
#6646 = ORIENTED_EDGE('',*,*,#6647,.T.);
#6647 = EDGE_CURVE('',#5659,#6648,#6650,.T.);
#6648 = VERTEX_POINT('',#6649);
#6649 = CARTESIAN_POINT('',(-0.32,-7.3,8.38));
#6650 = LINE('',#6651,#6652);
#6651 = CARTESIAN_POINT('',(-0.32,-7.3,-3.));
#6652 = VECTOR('',#6653,1.);
#6653 = DIRECTION('',(0.,0.,1.));
#6654 = ORIENTED_EDGE('',*,*,#6655,.T.);
#6655 = EDGE_CURVE('',#6648,#6624,#6656,.T.);
#6656 = LINE('',#6657,#6658);
#6657 = CARTESIAN_POINT('',(-0.32,-7.3,8.38));
#6658 = VECTOR('',#6659,1.);
#6659 = DIRECTION('',(1.,0.,0.));
#6660 = PLANE('',#6661);
#6661 = AXIS2_PLACEMENT_3D('',#6662,#6663,#6664);
#6662 = CARTESIAN_POINT('',(-0.32,-7.3,-3.));
#6663 = DIRECTION('',(0.,1.,0.));
#6664 = DIRECTION('',(0.,-0.,1.));
#6665 = ADVANCED_FACE('',(#6666),#6684,.F.);
#6666 = FACE_BOUND('',#6667,.F.);
#6667 = EDGE_LOOP('',(#6668,#6676,#6677,#6678));
#6668 = ORIENTED_EDGE('',*,*,#6669,.F.);
#6669 = EDGE_CURVE('',#5651,#6670,#6672,.T.);
#6670 = VERTEX_POINT('',#6671);
#6671 = CARTESIAN_POINT('',(-0.32,-7.94,8.38));
#6672 = LINE('',#6673,#6674);
#6673 = CARTESIAN_POINT('',(-0.32,-7.94,-3.));
#6674 = VECTOR('',#6675,1.);
#6675 = DIRECTION('',(0.,0.,1.));
#6676 = ORIENTED_EDGE('',*,*,#5658,.T.);
#6677 = ORIENTED_EDGE('',*,*,#6647,.T.);
#6678 = ORIENTED_EDGE('',*,*,#6679,.F.);
#6679 = EDGE_CURVE('',#6670,#6648,#6680,.T.);
#6680 = LINE('',#6681,#6682);
#6681 = CARTESIAN_POINT('',(-0.32,-7.94,8.38));
#6682 = VECTOR('',#6683,1.);
#6683 = DIRECTION('',(0.,1.,0.));
#6684 = PLANE('',#6685);
#6685 = AXIS2_PLACEMENT_3D('',#6686,#6687,#6688);
#6686 = CARTESIAN_POINT('',(-0.32,-7.94,-3.));
#6687 = DIRECTION('',(1.,0.,0.));
#6688 = DIRECTION('',(0.,0.,1.));
#6689 = ADVANCED_FACE('',(#6690),#6701,.F.);
#6690 = FACE_BOUND('',#6691,.F.);
#6691 = EDGE_LOOP('',(#6692,#6693,#6694,#6695));
#6692 = ORIENTED_EDGE('',*,*,#6614,.F.);
#6693 = ORIENTED_EDGE('',*,*,#5650,.T.);
#6694 = ORIENTED_EDGE('',*,*,#6669,.T.);
#6695 = ORIENTED_EDGE('',*,*,#6696,.T.);
#6696 = EDGE_CURVE('',#6670,#6615,#6697,.T.);
#6697 = LINE('',#6698,#6699);
#6698 = CARTESIAN_POINT('',(-0.32,-7.94,8.38));
#6699 = VECTOR('',#6700,1.);
#6700 = DIRECTION('',(1.,0.,0.));
#6701 = PLANE('',#6702);
#6702 = AXIS2_PLACEMENT_3D('',#6703,#6704,#6705);
#6703 = CARTESIAN_POINT('',(-0.32,-7.94,-3.));
#6704 = DIRECTION('',(0.,1.,0.));
#6705 = DIRECTION('',(0.,-0.,1.));
#6706 = ADVANCED_FACE('',(#6707),#6732,.T.);
#6707 = FACE_BOUND('',#6708,.T.);
#6708 = EDGE_LOOP('',(#6709,#6717,#6718,#6726));
#6709 = ORIENTED_EDGE('',*,*,#6710,.F.);
#6710 = EDGE_CURVE('',#5675,#6711,#6713,.T.);
#6711 = VERTEX_POINT('',#6712);
#6712 = CARTESIAN_POINT('',(0.32,-0.32,8.38));
#6713 = LINE('',#6714,#6715);
#6714 = CARTESIAN_POINT('',(0.32,-0.32,-3.));
#6715 = VECTOR('',#6716,1.);
#6716 = DIRECTION('',(0.,0.,1.));
#6717 = ORIENTED_EDGE('',*,*,#5674,.T.);
#6718 = ORIENTED_EDGE('',*,*,#6719,.T.);
#6719 = EDGE_CURVE('',#5677,#6720,#6722,.T.);
#6720 = VERTEX_POINT('',#6721);
#6721 = CARTESIAN_POINT('',(0.32,0.32,8.38));
#6722 = LINE('',#6723,#6724);
#6723 = CARTESIAN_POINT('',(0.32,0.32,-3.));
#6724 = VECTOR('',#6725,1.);
#6725 = DIRECTION('',(0.,0.,1.));
#6726 = ORIENTED_EDGE('',*,*,#6727,.F.);
#6727 = EDGE_CURVE('',#6711,#6720,#6728,.T.);
#6728 = LINE('',#6729,#6730);
#6729 = CARTESIAN_POINT('',(0.32,-0.32,8.38));
#6730 = VECTOR('',#6731,1.);
#6731 = DIRECTION('',(0.,1.,0.));
#6732 = PLANE('',#6733);
#6733 = AXIS2_PLACEMENT_3D('',#6734,#6735,#6736);
#6734 = CARTESIAN_POINT('',(0.32,-0.32,-3.));
#6735 = DIRECTION('',(1.,0.,0.));
#6736 = DIRECTION('',(0.,0.,1.));
#6737 = ADVANCED_FACE('',(#6738),#6756,.T.);
#6738 = FACE_BOUND('',#6739,.T.);
#6739 = EDGE_LOOP('',(#6740,#6741,#6742,#6750));
#6740 = ORIENTED_EDGE('',*,*,#6719,.F.);
#6741 = ORIENTED_EDGE('',*,*,#5700,.T.);
#6742 = ORIENTED_EDGE('',*,*,#6743,.T.);
#6743 = EDGE_CURVE('',#5693,#6744,#6746,.T.);
#6744 = VERTEX_POINT('',#6745);
#6745 = CARTESIAN_POINT('',(-0.32,0.32,8.38));
#6746 = LINE('',#6747,#6748);
#6747 = CARTESIAN_POINT('',(-0.32,0.32,-3.));
#6748 = VECTOR('',#6749,1.);
#6749 = DIRECTION('',(0.,0.,1.));
#6750 = ORIENTED_EDGE('',*,*,#6751,.T.);
#6751 = EDGE_CURVE('',#6744,#6720,#6752,.T.);
#6752 = LINE('',#6753,#6754);
#6753 = CARTESIAN_POINT('',(-0.32,0.32,8.38));
#6754 = VECTOR('',#6755,1.);
#6755 = DIRECTION('',(1.,0.,0.));
#6756 = PLANE('',#6757);
#6757 = AXIS2_PLACEMENT_3D('',#6758,#6759,#6760);
#6758 = CARTESIAN_POINT('',(-0.32,0.32,-3.));
#6759 = DIRECTION('',(0.,1.,0.));
#6760 = DIRECTION('',(0.,-0.,1.));
#6761 = ADVANCED_FACE('',(#6762),#6780,.F.);
#6762 = FACE_BOUND('',#6763,.F.);
#6763 = EDGE_LOOP('',(#6764,#6772,#6773,#6774));
#6764 = ORIENTED_EDGE('',*,*,#6765,.F.);
#6765 = EDGE_CURVE('',#5685,#6766,#6768,.T.);
#6766 = VERTEX_POINT('',#6767);
#6767 = CARTESIAN_POINT('',(-0.32,-0.32,8.38));
#6768 = LINE('',#6769,#6770);
#6769 = CARTESIAN_POINT('',(-0.32,-0.32,-3.));
#6770 = VECTOR('',#6771,1.);
#6771 = DIRECTION('',(0.,0.,1.));
#6772 = ORIENTED_EDGE('',*,*,#5692,.T.);
#6773 = ORIENTED_EDGE('',*,*,#6743,.T.);
#6774 = ORIENTED_EDGE('',*,*,#6775,.F.);
#6775 = EDGE_CURVE('',#6766,#6744,#6776,.T.);
#6776 = LINE('',#6777,#6778);
#6777 = CARTESIAN_POINT('',(-0.32,-0.32,8.38));
#6778 = VECTOR('',#6779,1.);
#6779 = DIRECTION('',(0.,1.,0.));
#6780 = PLANE('',#6781);
#6781 = AXIS2_PLACEMENT_3D('',#6782,#6783,#6784);
#6782 = CARTESIAN_POINT('',(-0.32,-0.32,-3.));
#6783 = DIRECTION('',(1.,0.,0.));
#6784 = DIRECTION('',(0.,0.,1.));
#6785 = ADVANCED_FACE('',(#6786),#6797,.F.);
#6786 = FACE_BOUND('',#6787,.F.);
#6787 = EDGE_LOOP('',(#6788,#6789,#6790,#6791));
#6788 = ORIENTED_EDGE('',*,*,#6710,.F.);
#6789 = ORIENTED_EDGE('',*,*,#5684,.T.);
#6790 = ORIENTED_EDGE('',*,*,#6765,.T.);
#6791 = ORIENTED_EDGE('',*,*,#6792,.T.);
#6792 = EDGE_CURVE('',#6766,#6711,#6793,.T.);
#6793 = LINE('',#6794,#6795);
#6794 = CARTESIAN_POINT('',(-0.32,-0.32,8.38));
#6795 = VECTOR('',#6796,1.);
#6796 = DIRECTION('',(1.,0.,0.));
#6797 = PLANE('',#6798);
#6798 = AXIS2_PLACEMENT_3D('',#6799,#6800,#6801);
#6799 = CARTESIAN_POINT('',(-0.32,-0.32,-3.));
#6800 = DIRECTION('',(0.,1.,0.));
#6801 = DIRECTION('',(0.,-0.,1.));
#6802 = ADVANCED_FACE('',(#6803),#6828,.T.);
#6803 = FACE_BOUND('',#6804,.T.);
#6804 = EDGE_LOOP('',(#6805,#6813,#6814,#6822));
#6805 = ORIENTED_EDGE('',*,*,#6806,.F.);
#6806 = EDGE_CURVE('',#5709,#6807,#6809,.T.);
#6807 = VERTEX_POINT('',#6808);
#6808 = CARTESIAN_POINT('',(0.32,-2.22,8.38));
#6809 = LINE('',#6810,#6811);
#6810 = CARTESIAN_POINT('',(0.32,-2.22,-3.));
#6811 = VECTOR('',#6812,1.);
#6812 = DIRECTION('',(0.,0.,1.));
#6813 = ORIENTED_EDGE('',*,*,#5708,.T.);
#6814 = ORIENTED_EDGE('',*,*,#6815,.T.);
#6815 = EDGE_CURVE('',#5711,#6816,#6818,.T.);
#6816 = VERTEX_POINT('',#6817);
#6817 = CARTESIAN_POINT('',(-0.32,-2.22,8.38));
#6818 = LINE('',#6819,#6820);
#6819 = CARTESIAN_POINT('',(-0.32,-2.22,-3.));
#6820 = VECTOR('',#6821,1.);
#6821 = DIRECTION('',(0.,0.,1.));
#6822 = ORIENTED_EDGE('',*,*,#6823,.T.);
#6823 = EDGE_CURVE('',#6816,#6807,#6824,.T.);
#6824 = LINE('',#6825,#6826);
#6825 = CARTESIAN_POINT('',(-0.32,-2.22,8.38));
#6826 = VECTOR('',#6827,1.);
#6827 = DIRECTION('',(1.,0.,0.));
#6828 = PLANE('',#6829);
#6829 = AXIS2_PLACEMENT_3D('',#6830,#6831,#6832);
#6830 = CARTESIAN_POINT('',(-0.32,-2.22,-3.));
#6831 = DIRECTION('',(0.,1.,0.));
#6832 = DIRECTION('',(0.,-0.,1.));
#6833 = ADVANCED_FACE('',(#6834),#6852,.F.);
#6834 = FACE_BOUND('',#6835,.F.);
#6835 = EDGE_LOOP('',(#6836,#6844,#6845,#6846));
#6836 = ORIENTED_EDGE('',*,*,#6837,.F.);
#6837 = EDGE_CURVE('',#5727,#6838,#6840,.T.);
#6838 = VERTEX_POINT('',#6839);
#6839 = CARTESIAN_POINT('',(-0.32,-2.86,8.38));
#6840 = LINE('',#6841,#6842);
#6841 = CARTESIAN_POINT('',(-0.32,-2.86,-3.));
#6842 = VECTOR('',#6843,1.);
#6843 = DIRECTION('',(0.,0.,1.));
#6844 = ORIENTED_EDGE('',*,*,#5734,.T.);
#6845 = ORIENTED_EDGE('',*,*,#6815,.T.);
#6846 = ORIENTED_EDGE('',*,*,#6847,.F.);
#6847 = EDGE_CURVE('',#6838,#6816,#6848,.T.);
#6848 = LINE('',#6849,#6850);
#6849 = CARTESIAN_POINT('',(-0.32,-2.86,8.38));
#6850 = VECTOR('',#6851,1.);
#6851 = DIRECTION('',(0.,1.,0.));
#6852 = PLANE('',#6853);
#6853 = AXIS2_PLACEMENT_3D('',#6854,#6855,#6856);
#6854 = CARTESIAN_POINT('',(-0.32,-2.86,-3.));
#6855 = DIRECTION('',(1.,0.,0.));
#6856 = DIRECTION('',(0.,0.,1.));
#6857 = ADVANCED_FACE('',(#6858),#6876,.F.);
#6858 = FACE_BOUND('',#6859,.F.);
#6859 = EDGE_LOOP('',(#6860,#6868,#6869,#6870));
#6860 = ORIENTED_EDGE('',*,*,#6861,.F.);
#6861 = EDGE_CURVE('',#5719,#6862,#6864,.T.);
#6862 = VERTEX_POINT('',#6863);
#6863 = CARTESIAN_POINT('',(0.32,-2.86,8.38));
#6864 = LINE('',#6865,#6866);
#6865 = CARTESIAN_POINT('',(0.32,-2.86,-3.));
#6866 = VECTOR('',#6867,1.);
#6867 = DIRECTION('',(0.,0.,1.));
#6868 = ORIENTED_EDGE('',*,*,#5726,.T.);
#6869 = ORIENTED_EDGE('',*,*,#6837,.T.);
#6870 = ORIENTED_EDGE('',*,*,#6871,.T.);
#6871 = EDGE_CURVE('',#6838,#6862,#6872,.T.);
#6872 = LINE('',#6873,#6874);
#6873 = CARTESIAN_POINT('',(-0.32,-2.86,8.38));
#6874 = VECTOR('',#6875,1.);
#6875 = DIRECTION('',(1.,0.,0.));
#6876 = PLANE('',#6877);
#6877 = AXIS2_PLACEMENT_3D('',#6878,#6879,#6880);
#6878 = CARTESIAN_POINT('',(-0.32,-2.86,-3.));
#6879 = DIRECTION('',(0.,1.,0.));
#6880 = DIRECTION('',(0.,-0.,1.));
#6881 = ADVANCED_FACE('',(#6882),#6893,.T.);
#6882 = FACE_BOUND('',#6883,.T.);
#6883 = EDGE_LOOP('',(#6884,#6885,#6886,#6887));
#6884 = ORIENTED_EDGE('',*,*,#6861,.F.);
#6885 = ORIENTED_EDGE('',*,*,#5718,.T.);
#6886 = ORIENTED_EDGE('',*,*,#6806,.T.);
#6887 = ORIENTED_EDGE('',*,*,#6888,.F.);
#6888 = EDGE_CURVE('',#6862,#6807,#6889,.T.);
#6889 = LINE('',#6890,#6891);
#6890 = CARTESIAN_POINT('',(0.32,-2.86,8.38));
#6891 = VECTOR('',#6892,1.);
#6892 = DIRECTION('',(0.,1.,0.));
#6893 = PLANE('',#6894);
#6894 = AXIS2_PLACEMENT_3D('',#6895,#6896,#6897);
#6895 = CARTESIAN_POINT('',(0.32,-2.86,-3.));
#6896 = DIRECTION('',(1.,0.,0.));
#6897 = DIRECTION('',(0.,0.,1.));
#6898 = ADVANCED_FACE('',(#6899),#6924,.F.);
#6899 = FACE_BOUND('',#6900,.T.);
#6900 = EDGE_LOOP('',(#6901,#6909,#6910,#6918));
#6901 = ORIENTED_EDGE('',*,*,#6902,.F.);
#6902 = EDGE_CURVE('',#6143,#6903,#6905,.T.);
#6903 = VERTEX_POINT('',#6904);
#6904 = CARTESIAN_POINT('',(-0.16,-4.92,-3.));
#6905 = LINE('',#6906,#6907);
#6906 = CARTESIAN_POINT('',(-0.16,-4.92,-3.));
#6907 = VECTOR('',#6908,1.);
#6908 = DIRECTION('',(0.57735026919,-0.57735026919,-0.57735026919));
#6909 = ORIENTED_EDGE('',*,*,#6142,.T.);
#6910 = ORIENTED_EDGE('',*,*,#6911,.T.);
#6911 = EDGE_CURVE('',#6135,#6912,#6914,.T.);
#6912 = VERTEX_POINT('',#6913);
#6913 = CARTESIAN_POINT('',(0.16,-4.92,-3.));
#6914 = LINE('',#6915,#6916);
#6915 = CARTESIAN_POINT('',(5.333333333333E-02,-5.026666666667,
    -3.106666666667));
#6916 = VECTOR('',#6917,1.);
#6917 = DIRECTION('',(-0.57735026919,-0.57735026919,-0.57735026919));
#6918 = ORIENTED_EDGE('',*,*,#6919,.F.);
#6919 = EDGE_CURVE('',#6903,#6912,#6920,.T.);
#6920 = LINE('',#6921,#6922);
#6921 = CARTESIAN_POINT('',(-0.32,-4.92,-3.));
#6922 = VECTOR('',#6923,1.);
#6923 = DIRECTION('',(1.,0.,0.));
#6924 = PLANE('',#6925);
#6925 = AXIS2_PLACEMENT_3D('',#6926,#6927,#6928);
#6926 = CARTESIAN_POINT('',(-0.32,-4.84,-2.92));
#6927 = DIRECTION('',(-1.735167508357E-18,-0.707106781187,0.707106781187
    ));
#6928 = DIRECTION('',(-1.,1.226948711654E-18,-1.226948711654E-18));
#6929 = ADVANCED_FACE('',(#6930),#6948,.T.);
#6930 = FACE_BOUND('',#6931,.T.);
#6931 = EDGE_LOOP('',(#6932,#6940,#6941,#6942));
#6932 = ORIENTED_EDGE('',*,*,#6933,.F.);
#6933 = EDGE_CURVE('',#6166,#6934,#6936,.T.);
#6934 = VERTEX_POINT('',#6935);
#6935 = CARTESIAN_POINT('',(-0.16,-5.24,-3.));
#6936 = LINE('',#6937,#6938);
#6937 = CARTESIAN_POINT('',(-0.266666666667,-5.346666666667,
    -2.893333333333));
#6938 = VECTOR('',#6939,1.);
#6939 = DIRECTION('',(0.57735026919,0.57735026919,-0.57735026919));
#6940 = ORIENTED_EDGE('',*,*,#6173,.T.);
#6941 = ORIENTED_EDGE('',*,*,#6902,.T.);
#6942 = ORIENTED_EDGE('',*,*,#6943,.F.);
#6943 = EDGE_CURVE('',#6934,#6903,#6944,.T.);
#6944 = LINE('',#6945,#6946);
#6945 = CARTESIAN_POINT('',(-0.16,-5.4,-3.));
#6946 = VECTOR('',#6947,1.);
#6947 = DIRECTION('',(0.,1.,0.));
#6948 = PLANE('',#6949);
#6949 = AXIS2_PLACEMENT_3D('',#6950,#6951,#6952);
#6950 = CARTESIAN_POINT('',(-0.24,-5.4,-2.92));
#6951 = DIRECTION('',(-0.707106781187,-1.735167508357E-18,
    -0.707106781187));
#6952 = DIRECTION('',(-1.226948711654E-18,1.,-1.226948711654E-18));
#6953 = ADVANCED_FACE('',(#6954),#6972,.T.);
#6954 = FACE_BOUND('',#6955,.F.);
#6955 = EDGE_LOOP('',(#6956,#6957,#6958,#6966));
#6956 = ORIENTED_EDGE('',*,*,#6933,.F.);
#6957 = ORIENTED_EDGE('',*,*,#6197,.T.);
#6958 = ORIENTED_EDGE('',*,*,#6959,.T.);
#6959 = EDGE_CURVE('',#6190,#6960,#6962,.T.);
#6960 = VERTEX_POINT('',#6961);
#6961 = CARTESIAN_POINT('',(0.16,-5.24,-3.));
#6962 = LINE('',#6963,#6964);
#6963 = CARTESIAN_POINT('',(0.16,-5.24,-3.));
#6964 = VECTOR('',#6965,1.);
#6965 = DIRECTION('',(-0.57735026919,0.57735026919,-0.57735026919));
#6966 = ORIENTED_EDGE('',*,*,#6967,.F.);
#6967 = EDGE_CURVE('',#6934,#6960,#6968,.T.);
#6968 = LINE('',#6969,#6970);
#6969 = CARTESIAN_POINT('',(-0.32,-5.24,-3.));
#6970 = VECTOR('',#6971,1.);
#6971 = DIRECTION('',(1.,0.,0.));
#6972 = PLANE('',#6973);
#6973 = AXIS2_PLACEMENT_3D('',#6974,#6975,#6976);
#6974 = CARTESIAN_POINT('',(-0.32,-5.32,-2.92));
#6975 = DIRECTION('',(1.735167508357E-18,-0.707106781187,-0.707106781187
    ));
#6976 = DIRECTION('',(-1.,-1.226948711654E-18,-1.226948711654E-18));
#6977 = ADVANCED_FACE('',(#6978),#6989,.F.);
#6978 = FACE_BOUND('',#6979,.F.);
#6979 = EDGE_LOOP('',(#6980,#6981,#6982,#6983));
#6980 = ORIENTED_EDGE('',*,*,#6959,.F.);
#6981 = ORIENTED_EDGE('',*,*,#6214,.T.);
#6982 = ORIENTED_EDGE('',*,*,#6911,.T.);
#6983 = ORIENTED_EDGE('',*,*,#6984,.F.);
#6984 = EDGE_CURVE('',#6960,#6912,#6985,.T.);
#6985 = LINE('',#6986,#6987);
#6986 = CARTESIAN_POINT('',(0.16,-5.4,-3.));
#6987 = VECTOR('',#6988,1.);
#6988 = DIRECTION('',(0.,1.,0.));
#6989 = PLANE('',#6990);
#6990 = AXIS2_PLACEMENT_3D('',#6991,#6992,#6993);
#6991 = CARTESIAN_POINT('',(0.24,-5.4,-2.92));
#6992 = DIRECTION('',(-0.707106781187,1.735167508357E-18,0.707106781187)
  );
#6993 = DIRECTION('',(1.226948711654E-18,1.,-1.226948711654E-18));
#6994 = ADVANCED_FACE('',(#6995),#7020,.F.);
#6995 = FACE_BOUND('',#6996,.F.);
#6996 = EDGE_LOOP('',(#6997,#7005,#7006,#7014));
#6997 = ORIENTED_EDGE('',*,*,#6998,.F.);
#6998 = EDGE_CURVE('',#6231,#6999,#7001,.T.);
#6999 = VERTEX_POINT('',#7000);
#7000 = CARTESIAN_POINT('',(0.16,-7.78,-3.));
#7001 = LINE('',#7002,#7003);
#7002 = CARTESIAN_POINT('',(0.16,-7.78,-3.));
#7003 = VECTOR('',#7004,1.);
#7004 = DIRECTION('',(-0.57735026919,0.57735026919,-0.57735026919));
#7005 = ORIENTED_EDGE('',*,*,#6238,.T.);
#7006 = ORIENTED_EDGE('',*,*,#7007,.T.);
#7007 = EDGE_CURVE('',#6239,#7008,#7010,.T.);
#7008 = VERTEX_POINT('',#7009);
#7009 = CARTESIAN_POINT('',(0.16,-7.46,-3.));
#7010 = LINE('',#7011,#7012);
#7011 = CARTESIAN_POINT('',(5.333333333333E-02,-7.566666666667,
    -3.106666666667));
#7012 = VECTOR('',#7013,1.);
#7013 = DIRECTION('',(-0.57735026919,-0.57735026919,-0.57735026919));
#7014 = ORIENTED_EDGE('',*,*,#7015,.F.);
#7015 = EDGE_CURVE('',#6999,#7008,#7016,.T.);
#7016 = LINE('',#7017,#7018);
#7017 = CARTESIAN_POINT('',(0.16,-7.94,-3.));
#7018 = VECTOR('',#7019,1.);
#7019 = DIRECTION('',(0.,1.,0.));
#7020 = PLANE('',#7021);
#7021 = AXIS2_PLACEMENT_3D('',#7022,#7023,#7024);
#7022 = CARTESIAN_POINT('',(0.24,-7.94,-2.92));
#7023 = DIRECTION('',(-0.707106781187,1.735167508357E-18,0.707106781187)
  );
#7024 = DIRECTION('',(1.226948711654E-18,1.,-1.226948711654E-18));
#7025 = ADVANCED_FACE('',(#7026),#7044,.F.);
#7026 = FACE_BOUND('',#7027,.T.);
#7027 = EDGE_LOOP('',(#7028,#7036,#7037,#7038));
#7028 = ORIENTED_EDGE('',*,*,#7029,.F.);
#7029 = EDGE_CURVE('',#6263,#7030,#7032,.T.);
#7030 = VERTEX_POINT('',#7031);
#7031 = CARTESIAN_POINT('',(-0.16,-7.46,-3.));
#7032 = LINE('',#7033,#7034);
#7033 = CARTESIAN_POINT('',(-0.16,-7.46,-3.));
#7034 = VECTOR('',#7035,1.);
#7035 = DIRECTION('',(0.57735026919,-0.57735026919,-0.57735026919));
#7036 = ORIENTED_EDGE('',*,*,#6262,.T.);
#7037 = ORIENTED_EDGE('',*,*,#7007,.T.);
#7038 = ORIENTED_EDGE('',*,*,#7039,.F.);
#7039 = EDGE_CURVE('',#7030,#7008,#7040,.T.);
#7040 = LINE('',#7041,#7042);
#7041 = CARTESIAN_POINT('',(-0.32,-7.46,-3.));
#7042 = VECTOR('',#7043,1.);
#7043 = DIRECTION('',(1.,0.,0.));
#7044 = PLANE('',#7045);
#7045 = AXIS2_PLACEMENT_3D('',#7046,#7047,#7048);
#7046 = CARTESIAN_POINT('',(-0.32,-7.38,-2.92));
#7047 = DIRECTION('',(-1.735167508357E-18,-0.707106781187,0.707106781187
    ));
#7048 = DIRECTION('',(-1.,1.226948711654E-18,-1.226948711654E-18));
#7049 = ADVANCED_FACE('',(#7050),#7068,.T.);
#7050 = FACE_BOUND('',#7051,.T.);
#7051 = EDGE_LOOP('',(#7052,#7060,#7061,#7062));
#7052 = ORIENTED_EDGE('',*,*,#7053,.F.);
#7053 = EDGE_CURVE('',#6286,#7054,#7056,.T.);
#7054 = VERTEX_POINT('',#7055);
#7055 = CARTESIAN_POINT('',(-0.16,-7.78,-3.));
#7056 = LINE('',#7057,#7058);
#7057 = CARTESIAN_POINT('',(-0.266666666667,-7.886666666667,
    -2.893333333333));
#7058 = VECTOR('',#7059,1.);
#7059 = DIRECTION('',(0.57735026919,0.57735026919,-0.57735026919));
#7060 = ORIENTED_EDGE('',*,*,#6293,.T.);
#7061 = ORIENTED_EDGE('',*,*,#7029,.T.);
#7062 = ORIENTED_EDGE('',*,*,#7063,.F.);
#7063 = EDGE_CURVE('',#7054,#7030,#7064,.T.);
#7064 = LINE('',#7065,#7066);
#7065 = CARTESIAN_POINT('',(-0.16,-7.94,-3.));
#7066 = VECTOR('',#7067,1.);
#7067 = DIRECTION('',(0.,1.,0.));
#7068 = PLANE('',#7069);
#7069 = AXIS2_PLACEMENT_3D('',#7070,#7071,#7072);
#7070 = CARTESIAN_POINT('',(-0.24,-7.94,-2.92));
#7071 = DIRECTION('',(-0.707106781187,-1.735167508357E-18,
    -0.707106781187));
#7072 = DIRECTION('',(-1.226948711654E-18,1.,-1.226948711654E-18));
#7073 = ADVANCED_FACE('',(#7074),#7085,.T.);
#7074 = FACE_BOUND('',#7075,.F.);
#7075 = EDGE_LOOP('',(#7076,#7077,#7078,#7079));
#7076 = ORIENTED_EDGE('',*,*,#7053,.F.);
#7077 = ORIENTED_EDGE('',*,*,#6310,.T.);
#7078 = ORIENTED_EDGE('',*,*,#6998,.T.);
#7079 = ORIENTED_EDGE('',*,*,#7080,.F.);
#7080 = EDGE_CURVE('',#7054,#6999,#7081,.T.);
#7081 = LINE('',#7082,#7083);
#7082 = CARTESIAN_POINT('',(-0.32,-7.78,-3.));
#7083 = VECTOR('',#7084,1.);
#7084 = DIRECTION('',(1.,0.,0.));
#7085 = PLANE('',#7086);
#7086 = AXIS2_PLACEMENT_3D('',#7087,#7088,#7089);
#7087 = CARTESIAN_POINT('',(-0.32,-7.86,-2.92));
#7088 = DIRECTION('',(1.735167508357E-18,-0.707106781187,-0.707106781187
    ));
#7089 = DIRECTION('',(-1.,-1.226948711654E-18,-1.226948711654E-18));
#7090 = ADVANCED_FACE('',(#7091),#7116,.F.);
#7091 = FACE_BOUND('',#7092,.F.);
#7092 = EDGE_LOOP('',(#7093,#7101,#7102,#7110));
#7093 = ORIENTED_EDGE('',*,*,#7094,.F.);
#7094 = EDGE_CURVE('',#6327,#7095,#7097,.T.);
#7095 = VERTEX_POINT('',#7096);
#7096 = CARTESIAN_POINT('',(0.16,-0.16,-3.));
#7097 = LINE('',#7098,#7099);
#7098 = CARTESIAN_POINT('',(0.16,-0.16,-3.));
#7099 = VECTOR('',#7100,1.);
#7100 = DIRECTION('',(-0.57735026919,0.57735026919,-0.57735026919));
#7101 = ORIENTED_EDGE('',*,*,#6334,.T.);
#7102 = ORIENTED_EDGE('',*,*,#7103,.T.);
#7103 = EDGE_CURVE('',#6335,#7104,#7106,.T.);
#7104 = VERTEX_POINT('',#7105);
#7105 = CARTESIAN_POINT('',(0.16,0.16,-3.));
#7106 = LINE('',#7107,#7108);
#7107 = CARTESIAN_POINT('',(5.333333333333E-02,5.333333333333E-02,
    -3.106666666667));
#7108 = VECTOR('',#7109,1.);
#7109 = DIRECTION('',(-0.57735026919,-0.57735026919,-0.57735026919));
#7110 = ORIENTED_EDGE('',*,*,#7111,.F.);
#7111 = EDGE_CURVE('',#7095,#7104,#7112,.T.);
#7112 = LINE('',#7113,#7114);
#7113 = CARTESIAN_POINT('',(0.16,-0.32,-3.));
#7114 = VECTOR('',#7115,1.);
#7115 = DIRECTION('',(0.,1.,0.));
#7116 = PLANE('',#7117);
#7117 = AXIS2_PLACEMENT_3D('',#7118,#7119,#7120);
#7118 = CARTESIAN_POINT('',(0.24,-0.32,-2.92));
#7119 = DIRECTION('',(-0.707106781187,1.735167508357E-18,0.707106781187)
  );
#7120 = DIRECTION('',(1.226948711654E-18,1.,-1.226948711654E-18));
#7121 = ADVANCED_FACE('',(#7122),#7140,.F.);
#7122 = FACE_BOUND('',#7123,.T.);
#7123 = EDGE_LOOP('',(#7124,#7132,#7133,#7134));
#7124 = ORIENTED_EDGE('',*,*,#7125,.F.);
#7125 = EDGE_CURVE('',#6359,#7126,#7128,.T.);
#7126 = VERTEX_POINT('',#7127);
#7127 = CARTESIAN_POINT('',(-0.16,0.16,-3.));
#7128 = LINE('',#7129,#7130);
#7129 = CARTESIAN_POINT('',(-0.16,0.16,-3.));
#7130 = VECTOR('',#7131,1.);
#7131 = DIRECTION('',(0.57735026919,-0.57735026919,-0.57735026919));
#7132 = ORIENTED_EDGE('',*,*,#6358,.T.);
#7133 = ORIENTED_EDGE('',*,*,#7103,.T.);
#7134 = ORIENTED_EDGE('',*,*,#7135,.F.);
#7135 = EDGE_CURVE('',#7126,#7104,#7136,.T.);
#7136 = LINE('',#7137,#7138);
#7137 = CARTESIAN_POINT('',(-0.32,0.16,-3.));
#7138 = VECTOR('',#7139,1.);
#7139 = DIRECTION('',(1.,0.,0.));
#7140 = PLANE('',#7141);
#7141 = AXIS2_PLACEMENT_3D('',#7142,#7143,#7144);
#7142 = CARTESIAN_POINT('',(-0.32,0.24,-2.92));
#7143 = DIRECTION('',(-1.735167508357E-18,-0.707106781187,0.707106781187
    ));
#7144 = DIRECTION('',(-1.,1.226948711654E-18,-1.226948711654E-18));
#7145 = ADVANCED_FACE('',(#7146),#7164,.T.);
#7146 = FACE_BOUND('',#7147,.T.);
#7147 = EDGE_LOOP('',(#7148,#7156,#7157,#7158));
#7148 = ORIENTED_EDGE('',*,*,#7149,.F.);
#7149 = EDGE_CURVE('',#6382,#7150,#7152,.T.);
#7150 = VERTEX_POINT('',#7151);
#7151 = CARTESIAN_POINT('',(-0.16,-0.16,-3.));
#7152 = LINE('',#7153,#7154);
#7153 = CARTESIAN_POINT('',(-0.266666666667,-0.266666666667,
    -2.893333333333));
#7154 = VECTOR('',#7155,1.);
#7155 = DIRECTION('',(0.57735026919,0.57735026919,-0.57735026919));
#7156 = ORIENTED_EDGE('',*,*,#6389,.T.);
#7157 = ORIENTED_EDGE('',*,*,#7125,.T.);
#7158 = ORIENTED_EDGE('',*,*,#7159,.F.);
#7159 = EDGE_CURVE('',#7150,#7126,#7160,.T.);
#7160 = LINE('',#7161,#7162);
#7161 = CARTESIAN_POINT('',(-0.16,-0.32,-3.));
#7162 = VECTOR('',#7163,1.);
#7163 = DIRECTION('',(0.,1.,0.));
#7164 = PLANE('',#7165);
#7165 = AXIS2_PLACEMENT_3D('',#7166,#7167,#7168);
#7166 = CARTESIAN_POINT('',(-0.24,-0.32,-2.92));
#7167 = DIRECTION('',(-0.707106781187,-1.735167508357E-18,
    -0.707106781187));
#7168 = DIRECTION('',(-1.226948711654E-18,1.,-1.226948711654E-18));
#7169 = ADVANCED_FACE('',(#7170),#7181,.T.);
#7170 = FACE_BOUND('',#7171,.F.);
#7171 = EDGE_LOOP('',(#7172,#7173,#7174,#7175));
#7172 = ORIENTED_EDGE('',*,*,#7149,.F.);
#7173 = ORIENTED_EDGE('',*,*,#6406,.T.);
#7174 = ORIENTED_EDGE('',*,*,#7094,.T.);
#7175 = ORIENTED_EDGE('',*,*,#7176,.F.);
#7176 = EDGE_CURVE('',#7150,#7095,#7177,.T.);
#7177 = LINE('',#7178,#7179);
#7178 = CARTESIAN_POINT('',(-0.32,-0.16,-3.));
#7179 = VECTOR('',#7180,1.);
#7180 = DIRECTION('',(1.,0.,0.));
#7181 = PLANE('',#7182);
#7182 = AXIS2_PLACEMENT_3D('',#7183,#7184,#7185);
#7183 = CARTESIAN_POINT('',(-0.32,-0.24,-2.92));
#7184 = DIRECTION('',(1.735167508357E-18,-0.707106781187,-0.707106781187
    ));
#7185 = DIRECTION('',(-1.,-1.226948711654E-18,-1.226948711654E-18));
#7186 = ADVANCED_FACE('',(#7187),#7212,.F.);
#7187 = FACE_BOUND('',#7188,.T.);
#7188 = EDGE_LOOP('',(#7189,#7197,#7198,#7206));
#7189 = ORIENTED_EDGE('',*,*,#7190,.F.);
#7190 = EDGE_CURVE('',#6431,#7191,#7193,.T.);
#7191 = VERTEX_POINT('',#7192);
#7192 = CARTESIAN_POINT('',(-0.16,-2.38,-3.));
#7193 = LINE('',#7194,#7195);
#7194 = CARTESIAN_POINT('',(-0.16,-2.38,-3.));
#7195 = VECTOR('',#7196,1.);
#7196 = DIRECTION('',(0.57735026919,-0.57735026919,-0.57735026919));
#7197 = ORIENTED_EDGE('',*,*,#6430,.T.);
#7198 = ORIENTED_EDGE('',*,*,#7199,.T.);
#7199 = EDGE_CURVE('',#6423,#7200,#7202,.T.);
#7200 = VERTEX_POINT('',#7201);
#7201 = CARTESIAN_POINT('',(0.16,-2.38,-3.));
#7202 = LINE('',#7203,#7204);
#7203 = CARTESIAN_POINT('',(5.333333333333E-02,-2.486666666667,
    -3.106666666667));
#7204 = VECTOR('',#7205,1.);
#7205 = DIRECTION('',(-0.57735026919,-0.57735026919,-0.57735026919));
#7206 = ORIENTED_EDGE('',*,*,#7207,.F.);
#7207 = EDGE_CURVE('',#7191,#7200,#7208,.T.);
#7208 = LINE('',#7209,#7210);
#7209 = CARTESIAN_POINT('',(-0.32,-2.38,-3.));
#7210 = VECTOR('',#7211,1.);
#7211 = DIRECTION('',(1.,0.,0.));
#7212 = PLANE('',#7213);
#7213 = AXIS2_PLACEMENT_3D('',#7214,#7215,#7216);
#7214 = CARTESIAN_POINT('',(-0.32,-2.3,-2.92));
#7215 = DIRECTION('',(-1.735167508357E-18,-0.707106781187,0.707106781187
    ));
#7216 = DIRECTION('',(-1.,1.226948711654E-18,-1.226948711654E-18));
#7217 = ADVANCED_FACE('',(#7218),#7236,.T.);
#7218 = FACE_BOUND('',#7219,.T.);
#7219 = EDGE_LOOP('',(#7220,#7228,#7229,#7230));
#7220 = ORIENTED_EDGE('',*,*,#7221,.F.);
#7221 = EDGE_CURVE('',#6454,#7222,#7224,.T.);
#7222 = VERTEX_POINT('',#7223);
#7223 = CARTESIAN_POINT('',(-0.16,-2.7,-3.));
#7224 = LINE('',#7225,#7226);
#7225 = CARTESIAN_POINT('',(-0.266666666667,-2.806666666667,
    -2.893333333333));
#7226 = VECTOR('',#7227,1.);
#7227 = DIRECTION('',(0.57735026919,0.57735026919,-0.57735026919));
#7228 = ORIENTED_EDGE('',*,*,#6461,.T.);
#7229 = ORIENTED_EDGE('',*,*,#7190,.T.);
#7230 = ORIENTED_EDGE('',*,*,#7231,.F.);
#7231 = EDGE_CURVE('',#7222,#7191,#7232,.T.);
#7232 = LINE('',#7233,#7234);
#7233 = CARTESIAN_POINT('',(-0.16,-2.86,-3.));
#7234 = VECTOR('',#7235,1.);
#7235 = DIRECTION('',(0.,1.,0.));
#7236 = PLANE('',#7237);
#7237 = AXIS2_PLACEMENT_3D('',#7238,#7239,#7240);
#7238 = CARTESIAN_POINT('',(-0.24,-2.86,-2.92));
#7239 = DIRECTION('',(-0.707106781187,-1.735167508357E-18,
    -0.707106781187));
#7240 = DIRECTION('',(-1.226948711654E-18,1.,-1.226948711654E-18));
#7241 = ADVANCED_FACE('',(#7242),#7260,.T.);
#7242 = FACE_BOUND('',#7243,.F.);
#7243 = EDGE_LOOP('',(#7244,#7245,#7246,#7254));
#7244 = ORIENTED_EDGE('',*,*,#7221,.F.);
#7245 = ORIENTED_EDGE('',*,*,#6485,.T.);
#7246 = ORIENTED_EDGE('',*,*,#7247,.T.);
#7247 = EDGE_CURVE('',#6478,#7248,#7250,.T.);
#7248 = VERTEX_POINT('',#7249);
#7249 = CARTESIAN_POINT('',(0.16,-2.7,-3.));
#7250 = LINE('',#7251,#7252);
#7251 = CARTESIAN_POINT('',(0.16,-2.7,-3.));
#7252 = VECTOR('',#7253,1.);
#7253 = DIRECTION('',(-0.57735026919,0.57735026919,-0.57735026919));
#7254 = ORIENTED_EDGE('',*,*,#7255,.F.);
#7255 = EDGE_CURVE('',#7222,#7248,#7256,.T.);
#7256 = LINE('',#7257,#7258);
#7257 = CARTESIAN_POINT('',(-0.32,-2.7,-3.));
#7258 = VECTOR('',#7259,1.);
#7259 = DIRECTION('',(1.,0.,0.));
#7260 = PLANE('',#7261);
#7261 = AXIS2_PLACEMENT_3D('',#7262,#7263,#7264);
#7262 = CARTESIAN_POINT('',(-0.32,-2.78,-2.92));
#7263 = DIRECTION('',(1.735167508357E-18,-0.707106781187,-0.707106781187
    ));
#7264 = DIRECTION('',(-1.,-1.226948711654E-18,-1.226948711654E-18));
#7265 = ADVANCED_FACE('',(#7266),#7277,.F.);
#7266 = FACE_BOUND('',#7267,.F.);
#7267 = EDGE_LOOP('',(#7268,#7269,#7270,#7271));
#7268 = ORIENTED_EDGE('',*,*,#7247,.F.);
#7269 = ORIENTED_EDGE('',*,*,#6502,.T.);
#7270 = ORIENTED_EDGE('',*,*,#7199,.T.);
#7271 = ORIENTED_EDGE('',*,*,#7272,.F.);
#7272 = EDGE_CURVE('',#7248,#7200,#7273,.T.);
#7273 = LINE('',#7274,#7275);
#7274 = CARTESIAN_POINT('',(0.16,-2.86,-3.));
#7275 = VECTOR('',#7276,1.);
#7276 = DIRECTION('',(0.,1.,0.));
#7277 = PLANE('',#7278);
#7278 = AXIS2_PLACEMENT_3D('',#7279,#7280,#7281);
#7279 = CARTESIAN_POINT('',(0.24,-2.86,-2.92));
#7280 = DIRECTION('',(-0.707106781187,1.735167508357E-18,0.707106781187)
  );
#7281 = DIRECTION('',(1.226948711654E-18,1.,-1.226948711654E-18));
#7282 = ADVANCED_FACE('',(#7283),#7308,.T.);
#7283 = FACE_BOUND('',#7284,.F.);
#7284 = EDGE_LOOP('',(#7285,#7293,#7294,#7302));
#7285 = ORIENTED_EDGE('',*,*,#7286,.F.);
#7286 = EDGE_CURVE('',#6528,#7287,#7289,.T.);
#7287 = VERTEX_POINT('',#7288);
#7288 = CARTESIAN_POINT('',(-0.16,-4.92,8.54));
#7289 = LINE('',#7290,#7291);
#7290 = CARTESIAN_POINT('',(-0.16,-4.92,8.54));
#7291 = VECTOR('',#7292,1.);
#7292 = DIRECTION('',(0.57735026919,-0.57735026919,0.57735026919));
#7293 = ORIENTED_EDGE('',*,*,#6535,.T.);
#7294 = ORIENTED_EDGE('',*,*,#7295,.T.);
#7295 = EDGE_CURVE('',#6519,#7296,#7298,.T.);
#7296 = VERTEX_POINT('',#7297);
#7297 = CARTESIAN_POINT('',(0.16,-4.92,8.54));
#7298 = LINE('',#7299,#7300);
#7299 = CARTESIAN_POINT('',(5.333333333333E-02,-5.026666666667,
    8.646666666667));
#7300 = VECTOR('',#7301,1.);
#7301 = DIRECTION('',(-0.57735026919,-0.57735026919,0.57735026919));
#7302 = ORIENTED_EDGE('',*,*,#7303,.F.);
#7303 = EDGE_CURVE('',#7287,#7296,#7304,.T.);
#7304 = LINE('',#7305,#7306);
#7305 = CARTESIAN_POINT('',(-0.32,-4.92,8.54));
#7306 = VECTOR('',#7307,1.);
#7307 = DIRECTION('',(1.,0.,0.));
#7308 = PLANE('',#7309);
#7309 = AXIS2_PLACEMENT_3D('',#7310,#7311,#7312);
#7310 = CARTESIAN_POINT('',(-0.32,-4.84,8.46));
#7311 = DIRECTION('',(1.735167508357E-18,0.707106781187,0.707106781187)
  );
#7312 = DIRECTION('',(-1.,1.226948711654E-18,1.226948711654E-18));
#7313 = ADVANCED_FACE('',(#7314),#7332,.F.);
#7314 = FACE_BOUND('',#7315,.F.);
#7315 = EDGE_LOOP('',(#7316,#7324,#7325,#7326));
#7316 = ORIENTED_EDGE('',*,*,#7317,.F.);
#7317 = EDGE_CURVE('',#6550,#7318,#7320,.T.);
#7318 = VERTEX_POINT('',#7319);
#7319 = CARTESIAN_POINT('',(-0.16,-5.24,8.54));
#7320 = LINE('',#7321,#7322);
#7321 = CARTESIAN_POINT('',(-0.266666666667,-5.346666666667,
    8.433333333333));
#7322 = VECTOR('',#7323,1.);
#7323 = DIRECTION('',(0.57735026919,0.57735026919,0.57735026919));
#7324 = ORIENTED_EDGE('',*,*,#6559,.T.);
#7325 = ORIENTED_EDGE('',*,*,#7286,.T.);
#7326 = ORIENTED_EDGE('',*,*,#7327,.F.);
#7327 = EDGE_CURVE('',#7318,#7287,#7328,.T.);
#7328 = LINE('',#7329,#7330);
#7329 = CARTESIAN_POINT('',(-0.16,-5.4,8.54));
#7330 = VECTOR('',#7331,1.);
#7331 = DIRECTION('',(0.,1.,0.));
#7332 = PLANE('',#7333);
#7333 = AXIS2_PLACEMENT_3D('',#7334,#7335,#7336);
#7334 = CARTESIAN_POINT('',(-0.24,-5.4,8.46));
#7335 = DIRECTION('',(0.707106781187,1.735167508357E-18,-0.707106781187)
  );
#7336 = DIRECTION('',(-1.226948711654E-18,1.,1.226948711654E-18));
#7337 = ADVANCED_FACE('',(#7338),#7356,.F.);
#7338 = FACE_BOUND('',#7339,.T.);
#7339 = EDGE_LOOP('',(#7340,#7341,#7342,#7350));
#7340 = ORIENTED_EDGE('',*,*,#7317,.F.);
#7341 = ORIENTED_EDGE('',*,*,#6583,.T.);
#7342 = ORIENTED_EDGE('',*,*,#7343,.T.);
#7343 = EDGE_CURVE('',#6574,#7344,#7346,.T.);
#7344 = VERTEX_POINT('',#7345);
#7345 = CARTESIAN_POINT('',(0.16,-5.24,8.54));
#7346 = LINE('',#7347,#7348);
#7347 = CARTESIAN_POINT('',(0.16,-5.24,8.54));
#7348 = VECTOR('',#7349,1.);
#7349 = DIRECTION('',(-0.57735026919,0.57735026919,0.57735026919));
#7350 = ORIENTED_EDGE('',*,*,#7351,.F.);
#7351 = EDGE_CURVE('',#7318,#7344,#7352,.T.);
#7352 = LINE('',#7353,#7354);
#7353 = CARTESIAN_POINT('',(-0.32,-5.24,8.54));
#7354 = VECTOR('',#7355,1.);
#7355 = DIRECTION('',(1.,0.,0.));
#7356 = PLANE('',#7357);
#7357 = AXIS2_PLACEMENT_3D('',#7358,#7359,#7360);
#7358 = CARTESIAN_POINT('',(-0.32,-5.32,8.46));
#7359 = DIRECTION('',(-1.735167508357E-18,0.707106781187,-0.707106781187
    ));
#7360 = DIRECTION('',(-1.,-1.226948711654E-18,1.226948711654E-18));
#7361 = ADVANCED_FACE('',(#7362),#7373,.T.);
#7362 = FACE_BOUND('',#7363,.T.);
#7363 = EDGE_LOOP('',(#7364,#7365,#7366,#7367));
#7364 = ORIENTED_EDGE('',*,*,#7343,.F.);
#7365 = ORIENTED_EDGE('',*,*,#6600,.T.);
#7366 = ORIENTED_EDGE('',*,*,#7295,.T.);
#7367 = ORIENTED_EDGE('',*,*,#7368,.F.);
#7368 = EDGE_CURVE('',#7344,#7296,#7369,.T.);
#7369 = LINE('',#7370,#7371);
#7370 = CARTESIAN_POINT('',(0.16,-5.4,8.54));
#7371 = VECTOR('',#7372,1.);
#7372 = DIRECTION('',(0.,1.,0.));
#7373 = PLANE('',#7374);
#7374 = AXIS2_PLACEMENT_3D('',#7375,#7376,#7377);
#7375 = CARTESIAN_POINT('',(0.24,-5.4,8.46));
#7376 = DIRECTION('',(0.707106781187,-1.735167508357E-18,0.707106781187)
  );
#7377 = DIRECTION('',(1.226948711654E-18,1.,1.226948711654E-18));
#7378 = ADVANCED_FACE('',(#7379),#7404,.T.);
#7379 = FACE_BOUND('',#7380,.T.);
#7380 = EDGE_LOOP('',(#7381,#7389,#7390,#7398));
#7381 = ORIENTED_EDGE('',*,*,#7382,.F.);
#7382 = EDGE_CURVE('',#6615,#7383,#7385,.T.);
#7383 = VERTEX_POINT('',#7384);
#7384 = CARTESIAN_POINT('',(0.16,-7.78,8.54));
#7385 = LINE('',#7386,#7387);
#7386 = CARTESIAN_POINT('',(0.16,-7.78,8.54));
#7387 = VECTOR('',#7388,1.);
#7388 = DIRECTION('',(-0.57735026919,0.57735026919,0.57735026919));
#7389 = ORIENTED_EDGE('',*,*,#6631,.T.);
#7390 = ORIENTED_EDGE('',*,*,#7391,.T.);
#7391 = EDGE_CURVE('',#6624,#7392,#7394,.T.);
#7392 = VERTEX_POINT('',#7393);
#7393 = CARTESIAN_POINT('',(0.16,-7.46,8.54));
#7394 = LINE('',#7395,#7396);
#7395 = CARTESIAN_POINT('',(5.333333333333E-02,-7.566666666667,
    8.646666666667));
#7396 = VECTOR('',#7397,1.);
#7397 = DIRECTION('',(-0.57735026919,-0.57735026919,0.57735026919));
#7398 = ORIENTED_EDGE('',*,*,#7399,.F.);
#7399 = EDGE_CURVE('',#7383,#7392,#7400,.T.);
#7400 = LINE('',#7401,#7402);
#7401 = CARTESIAN_POINT('',(0.16,-7.94,8.54));
#7402 = VECTOR('',#7403,1.);
#7403 = DIRECTION('',(0.,1.,0.));
#7404 = PLANE('',#7405);
#7405 = AXIS2_PLACEMENT_3D('',#7406,#7407,#7408);
#7406 = CARTESIAN_POINT('',(0.24,-7.94,8.46));
#7407 = DIRECTION('',(0.707106781187,-1.735167508357E-18,0.707106781187)
  );
#7408 = DIRECTION('',(1.226948711654E-18,1.,1.226948711654E-18));
#7409 = ADVANCED_FACE('',(#7410),#7428,.T.);
#7410 = FACE_BOUND('',#7411,.F.);
#7411 = EDGE_LOOP('',(#7412,#7420,#7421,#7422));
#7412 = ORIENTED_EDGE('',*,*,#7413,.F.);
#7413 = EDGE_CURVE('',#6648,#7414,#7416,.T.);
#7414 = VERTEX_POINT('',#7415);
#7415 = CARTESIAN_POINT('',(-0.16,-7.46,8.54));
#7416 = LINE('',#7417,#7418);
#7417 = CARTESIAN_POINT('',(-0.16,-7.46,8.54));
#7418 = VECTOR('',#7419,1.);
#7419 = DIRECTION('',(0.57735026919,-0.57735026919,0.57735026919));
#7420 = ORIENTED_EDGE('',*,*,#6655,.T.);
#7421 = ORIENTED_EDGE('',*,*,#7391,.T.);
#7422 = ORIENTED_EDGE('',*,*,#7423,.F.);
#7423 = EDGE_CURVE('',#7414,#7392,#7424,.T.);
#7424 = LINE('',#7425,#7426);
#7425 = CARTESIAN_POINT('',(-0.32,-7.46,8.54));
#7426 = VECTOR('',#7427,1.);
#7427 = DIRECTION('',(1.,0.,0.));
#7428 = PLANE('',#7429);
#7429 = AXIS2_PLACEMENT_3D('',#7430,#7431,#7432);
#7430 = CARTESIAN_POINT('',(-0.32,-7.38,8.46));
#7431 = DIRECTION('',(1.735167508357E-18,0.707106781187,0.707106781187)
  );
#7432 = DIRECTION('',(-1.,1.226948711654E-18,1.226948711654E-18));
#7433 = ADVANCED_FACE('',(#7434),#7452,.F.);
#7434 = FACE_BOUND('',#7435,.F.);
#7435 = EDGE_LOOP('',(#7436,#7444,#7445,#7446));
#7436 = ORIENTED_EDGE('',*,*,#7437,.F.);
#7437 = EDGE_CURVE('',#6670,#7438,#7440,.T.);
#7438 = VERTEX_POINT('',#7439);
#7439 = CARTESIAN_POINT('',(-0.16,-7.78,8.54));
#7440 = LINE('',#7441,#7442);
#7441 = CARTESIAN_POINT('',(-0.266666666667,-7.886666666667,
    8.433333333333));
#7442 = VECTOR('',#7443,1.);
#7443 = DIRECTION('',(0.57735026919,0.57735026919,0.57735026919));
#7444 = ORIENTED_EDGE('',*,*,#6679,.T.);
#7445 = ORIENTED_EDGE('',*,*,#7413,.T.);
#7446 = ORIENTED_EDGE('',*,*,#7447,.F.);
#7447 = EDGE_CURVE('',#7438,#7414,#7448,.T.);
#7448 = LINE('',#7449,#7450);
#7449 = CARTESIAN_POINT('',(-0.16,-7.94,8.54));
#7450 = VECTOR('',#7451,1.);
#7451 = DIRECTION('',(0.,1.,0.));
#7452 = PLANE('',#7453);
#7453 = AXIS2_PLACEMENT_3D('',#7454,#7455,#7456);
#7454 = CARTESIAN_POINT('',(-0.24,-7.94,8.46));
#7455 = DIRECTION('',(0.707106781187,1.735167508357E-18,-0.707106781187)
  );
#7456 = DIRECTION('',(-1.226948711654E-18,1.,1.226948711654E-18));
#7457 = ADVANCED_FACE('',(#7458),#7469,.F.);
#7458 = FACE_BOUND('',#7459,.T.);
#7459 = EDGE_LOOP('',(#7460,#7461,#7462,#7463));
#7460 = ORIENTED_EDGE('',*,*,#7437,.F.);
#7461 = ORIENTED_EDGE('',*,*,#6696,.T.);
#7462 = ORIENTED_EDGE('',*,*,#7382,.T.);
#7463 = ORIENTED_EDGE('',*,*,#7464,.F.);
#7464 = EDGE_CURVE('',#7438,#7383,#7465,.T.);
#7465 = LINE('',#7466,#7467);
#7466 = CARTESIAN_POINT('',(-0.32,-7.78,8.54));
#7467 = VECTOR('',#7468,1.);
#7468 = DIRECTION('',(1.,0.,0.));
#7469 = PLANE('',#7470);
#7470 = AXIS2_PLACEMENT_3D('',#7471,#7472,#7473);
#7471 = CARTESIAN_POINT('',(-0.32,-7.86,8.46));
#7472 = DIRECTION('',(-1.735167508357E-18,0.707106781187,-0.707106781187
    ));
#7473 = DIRECTION('',(-1.,-1.226948711654E-18,1.226948711654E-18));
#7474 = ADVANCED_FACE('',(#7475),#7500,.T.);
#7475 = FACE_BOUND('',#7476,.T.);
#7476 = EDGE_LOOP('',(#7477,#7485,#7486,#7494));
#7477 = ORIENTED_EDGE('',*,*,#7478,.F.);
#7478 = EDGE_CURVE('',#6711,#7479,#7481,.T.);
#7479 = VERTEX_POINT('',#7480);
#7480 = CARTESIAN_POINT('',(0.16,-0.16,8.54));
#7481 = LINE('',#7482,#7483);
#7482 = CARTESIAN_POINT('',(0.16,-0.16,8.54));
#7483 = VECTOR('',#7484,1.);
#7484 = DIRECTION('',(-0.57735026919,0.57735026919,0.57735026919));
#7485 = ORIENTED_EDGE('',*,*,#6727,.T.);
#7486 = ORIENTED_EDGE('',*,*,#7487,.T.);
#7487 = EDGE_CURVE('',#6720,#7488,#7490,.T.);
#7488 = VERTEX_POINT('',#7489);
#7489 = CARTESIAN_POINT('',(0.16,0.16,8.54));
#7490 = LINE('',#7491,#7492);
#7491 = CARTESIAN_POINT('',(5.333333333333E-02,5.333333333333E-02,
    8.646666666667));
#7492 = VECTOR('',#7493,1.);
#7493 = DIRECTION('',(-0.57735026919,-0.57735026919,0.57735026919));
#7494 = ORIENTED_EDGE('',*,*,#7495,.F.);
#7495 = EDGE_CURVE('',#7479,#7488,#7496,.T.);
#7496 = LINE('',#7497,#7498);
#7497 = CARTESIAN_POINT('',(0.16,-0.32,8.54));
#7498 = VECTOR('',#7499,1.);
#7499 = DIRECTION('',(0.,1.,0.));
#7500 = PLANE('',#7501);
#7501 = AXIS2_PLACEMENT_3D('',#7502,#7503,#7504);
#7502 = CARTESIAN_POINT('',(0.24,-0.32,8.46));
#7503 = DIRECTION('',(0.707106781187,-1.735167508357E-18,0.707106781187)
  );
#7504 = DIRECTION('',(1.226948711654E-18,1.,1.226948711654E-18));
#7505 = ADVANCED_FACE('',(#7506),#7524,.T.);
#7506 = FACE_BOUND('',#7507,.F.);
#7507 = EDGE_LOOP('',(#7508,#7516,#7517,#7518));
#7508 = ORIENTED_EDGE('',*,*,#7509,.F.);
#7509 = EDGE_CURVE('',#6744,#7510,#7512,.T.);
#7510 = VERTEX_POINT('',#7511);
#7511 = CARTESIAN_POINT('',(-0.16,0.16,8.54));
#7512 = LINE('',#7513,#7514);
#7513 = CARTESIAN_POINT('',(-0.16,0.16,8.54));
#7514 = VECTOR('',#7515,1.);
#7515 = DIRECTION('',(0.57735026919,-0.57735026919,0.57735026919));
#7516 = ORIENTED_EDGE('',*,*,#6751,.T.);
#7517 = ORIENTED_EDGE('',*,*,#7487,.T.);
#7518 = ORIENTED_EDGE('',*,*,#7519,.F.);
#7519 = EDGE_CURVE('',#7510,#7488,#7520,.T.);
#7520 = LINE('',#7521,#7522);
#7521 = CARTESIAN_POINT('',(-0.32,0.16,8.54));
#7522 = VECTOR('',#7523,1.);
#7523 = DIRECTION('',(1.,0.,0.));
#7524 = PLANE('',#7525);
#7525 = AXIS2_PLACEMENT_3D('',#7526,#7527,#7528);
#7526 = CARTESIAN_POINT('',(-0.32,0.24,8.46));
#7527 = DIRECTION('',(1.735167508357E-18,0.707106781187,0.707106781187)
  );
#7528 = DIRECTION('',(-1.,1.226948711654E-18,1.226948711654E-18));
#7529 = ADVANCED_FACE('',(#7530),#7548,.F.);
#7530 = FACE_BOUND('',#7531,.F.);
#7531 = EDGE_LOOP('',(#7532,#7540,#7541,#7542));
#7532 = ORIENTED_EDGE('',*,*,#7533,.F.);
#7533 = EDGE_CURVE('',#6766,#7534,#7536,.T.);
#7534 = VERTEX_POINT('',#7535);
#7535 = CARTESIAN_POINT('',(-0.16,-0.16,8.54));
#7536 = LINE('',#7537,#7538);
#7537 = CARTESIAN_POINT('',(-0.266666666667,-0.266666666667,
    8.433333333333));
#7538 = VECTOR('',#7539,1.);
#7539 = DIRECTION('',(0.57735026919,0.57735026919,0.57735026919));
#7540 = ORIENTED_EDGE('',*,*,#6775,.T.);
#7541 = ORIENTED_EDGE('',*,*,#7509,.T.);
#7542 = ORIENTED_EDGE('',*,*,#7543,.F.);
#7543 = EDGE_CURVE('',#7534,#7510,#7544,.T.);
#7544 = LINE('',#7545,#7546);
#7545 = CARTESIAN_POINT('',(-0.16,-0.32,8.54));
#7546 = VECTOR('',#7547,1.);
#7547 = DIRECTION('',(0.,1.,0.));
#7548 = PLANE('',#7549);
#7549 = AXIS2_PLACEMENT_3D('',#7550,#7551,#7552);
#7550 = CARTESIAN_POINT('',(-0.24,-0.32,8.46));
#7551 = DIRECTION('',(0.707106781187,1.735167508357E-18,-0.707106781187)
  );
#7552 = DIRECTION('',(-1.226948711654E-18,1.,1.226948711654E-18));
#7553 = ADVANCED_FACE('',(#7554),#7565,.F.);
#7554 = FACE_BOUND('',#7555,.T.);
#7555 = EDGE_LOOP('',(#7556,#7557,#7558,#7559));
#7556 = ORIENTED_EDGE('',*,*,#7533,.F.);
#7557 = ORIENTED_EDGE('',*,*,#6792,.T.);
#7558 = ORIENTED_EDGE('',*,*,#7478,.T.);
#7559 = ORIENTED_EDGE('',*,*,#7560,.F.);
#7560 = EDGE_CURVE('',#7534,#7479,#7561,.T.);
#7561 = LINE('',#7562,#7563);
#7562 = CARTESIAN_POINT('',(-0.32,-0.16,8.54));
#7563 = VECTOR('',#7564,1.);
#7564 = DIRECTION('',(1.,0.,0.));
#7565 = PLANE('',#7566);
#7566 = AXIS2_PLACEMENT_3D('',#7567,#7568,#7569);
#7567 = CARTESIAN_POINT('',(-0.32,-0.24,8.46));
#7568 = DIRECTION('',(-1.735167508357E-18,0.707106781187,-0.707106781187
    ));
#7569 = DIRECTION('',(-1.,-1.226948711654E-18,1.226948711654E-18));
#7570 = ADVANCED_FACE('',(#7571),#7596,.T.);
#7571 = FACE_BOUND('',#7572,.F.);
#7572 = EDGE_LOOP('',(#7573,#7581,#7582,#7590));
#7573 = ORIENTED_EDGE('',*,*,#7574,.F.);
#7574 = EDGE_CURVE('',#6816,#7575,#7577,.T.);
#7575 = VERTEX_POINT('',#7576);
#7576 = CARTESIAN_POINT('',(-0.16,-2.38,8.54));
#7577 = LINE('',#7578,#7579);
#7578 = CARTESIAN_POINT('',(-0.16,-2.38,8.54));
#7579 = VECTOR('',#7580,1.);
#7580 = DIRECTION('',(0.57735026919,-0.57735026919,0.57735026919));
#7581 = ORIENTED_EDGE('',*,*,#6823,.T.);
#7582 = ORIENTED_EDGE('',*,*,#7583,.T.);
#7583 = EDGE_CURVE('',#6807,#7584,#7586,.T.);
#7584 = VERTEX_POINT('',#7585);
#7585 = CARTESIAN_POINT('',(0.16,-2.38,8.54));
#7586 = LINE('',#7587,#7588);
#7587 = CARTESIAN_POINT('',(5.333333333333E-02,-2.486666666667,
    8.646666666667));
#7588 = VECTOR('',#7589,1.);
#7589 = DIRECTION('',(-0.57735026919,-0.57735026919,0.57735026919));
#7590 = ORIENTED_EDGE('',*,*,#7591,.F.);
#7591 = EDGE_CURVE('',#7575,#7584,#7592,.T.);
#7592 = LINE('',#7593,#7594);
#7593 = CARTESIAN_POINT('',(-0.32,-2.38,8.54));
#7594 = VECTOR('',#7595,1.);
#7595 = DIRECTION('',(1.,0.,0.));
#7596 = PLANE('',#7597);
#7597 = AXIS2_PLACEMENT_3D('',#7598,#7599,#7600);
#7598 = CARTESIAN_POINT('',(-0.32,-2.3,8.46));
#7599 = DIRECTION('',(1.735167508357E-18,0.707106781187,0.707106781187)
  );
#7600 = DIRECTION('',(-1.,1.226948711654E-18,1.226948711654E-18));
#7601 = ADVANCED_FACE('',(#7602),#7620,.F.);
#7602 = FACE_BOUND('',#7603,.F.);
#7603 = EDGE_LOOP('',(#7604,#7612,#7613,#7614));
#7604 = ORIENTED_EDGE('',*,*,#7605,.F.);
#7605 = EDGE_CURVE('',#6838,#7606,#7608,.T.);
#7606 = VERTEX_POINT('',#7607);
#7607 = CARTESIAN_POINT('',(-0.16,-2.7,8.54));
#7608 = LINE('',#7609,#7610);
#7609 = CARTESIAN_POINT('',(-0.266666666667,-2.806666666667,
    8.433333333333));
#7610 = VECTOR('',#7611,1.);
#7611 = DIRECTION('',(0.57735026919,0.57735026919,0.57735026919));
#7612 = ORIENTED_EDGE('',*,*,#6847,.T.);
#7613 = ORIENTED_EDGE('',*,*,#7574,.T.);
#7614 = ORIENTED_EDGE('',*,*,#7615,.F.);
#7615 = EDGE_CURVE('',#7606,#7575,#7616,.T.);
#7616 = LINE('',#7617,#7618);
#7617 = CARTESIAN_POINT('',(-0.16,-2.86,8.54));
#7618 = VECTOR('',#7619,1.);
#7619 = DIRECTION('',(0.,1.,0.));
#7620 = PLANE('',#7621);
#7621 = AXIS2_PLACEMENT_3D('',#7622,#7623,#7624);
#7622 = CARTESIAN_POINT('',(-0.24,-2.86,8.46));
#7623 = DIRECTION('',(0.707106781187,1.735167508357E-18,-0.707106781187)
  );
#7624 = DIRECTION('',(-1.226948711654E-18,1.,1.226948711654E-18));
#7625 = ADVANCED_FACE('',(#7626),#7644,.F.);
#7626 = FACE_BOUND('',#7627,.T.);
#7627 = EDGE_LOOP('',(#7628,#7629,#7630,#7638));
#7628 = ORIENTED_EDGE('',*,*,#7605,.F.);
#7629 = ORIENTED_EDGE('',*,*,#6871,.T.);
#7630 = ORIENTED_EDGE('',*,*,#7631,.T.);
#7631 = EDGE_CURVE('',#6862,#7632,#7634,.T.);
#7632 = VERTEX_POINT('',#7633);
#7633 = CARTESIAN_POINT('',(0.16,-2.7,8.54));
#7634 = LINE('',#7635,#7636);
#7635 = CARTESIAN_POINT('',(0.16,-2.7,8.54));
#7636 = VECTOR('',#7637,1.);
#7637 = DIRECTION('',(-0.57735026919,0.57735026919,0.57735026919));
#7638 = ORIENTED_EDGE('',*,*,#7639,.F.);
#7639 = EDGE_CURVE('',#7606,#7632,#7640,.T.);
#7640 = LINE('',#7641,#7642);
#7641 = CARTESIAN_POINT('',(-0.32,-2.7,8.54));
#7642 = VECTOR('',#7643,1.);
#7643 = DIRECTION('',(1.,0.,0.));
#7644 = PLANE('',#7645);
#7645 = AXIS2_PLACEMENT_3D('',#7646,#7647,#7648);
#7646 = CARTESIAN_POINT('',(-0.32,-2.78,8.46));
#7647 = DIRECTION('',(-1.735167508357E-18,0.707106781187,-0.707106781187
    ));
#7648 = DIRECTION('',(-1.,-1.226948711654E-18,1.226948711654E-18));
#7649 = ADVANCED_FACE('',(#7650),#7661,.T.);
#7650 = FACE_BOUND('',#7651,.T.);
#7651 = EDGE_LOOP('',(#7652,#7653,#7654,#7655));
#7652 = ORIENTED_EDGE('',*,*,#7631,.F.);
#7653 = ORIENTED_EDGE('',*,*,#6888,.T.);
#7654 = ORIENTED_EDGE('',*,*,#7583,.T.);
#7655 = ORIENTED_EDGE('',*,*,#7656,.F.);
#7656 = EDGE_CURVE('',#7632,#7584,#7657,.T.);
#7657 = LINE('',#7658,#7659);
#7658 = CARTESIAN_POINT('',(0.16,-2.86,8.54));
#7659 = VECTOR('',#7660,1.);
#7660 = DIRECTION('',(0.,1.,0.));
#7661 = PLANE('',#7662);
#7662 = AXIS2_PLACEMENT_3D('',#7663,#7664,#7665);
#7663 = CARTESIAN_POINT('',(0.24,-2.86,8.46));
#7664 = DIRECTION('',(0.707106781187,-1.735167508357E-18,0.707106781187)
  );
#7665 = DIRECTION('',(1.226948711654E-18,1.,1.226948711654E-18));
#7666 = ADVANCED_FACE('',(#7667),#7673,.F.);
#7667 = FACE_BOUND('',#7668,.F.);
#7668 = EDGE_LOOP('',(#7669,#7670,#7671,#7672));
#7669 = ORIENTED_EDGE('',*,*,#6984,.T.);
#7670 = ORIENTED_EDGE('',*,*,#6919,.F.);
#7671 = ORIENTED_EDGE('',*,*,#6943,.F.);
#7672 = ORIENTED_EDGE('',*,*,#6967,.T.);
#7673 = PLANE('',#7674);
#7674 = AXIS2_PLACEMENT_3D('',#7675,#7676,#7677);
#7675 = CARTESIAN_POINT('',(-0.32,-5.4,-3.));
#7676 = DIRECTION('',(0.,0.,1.));
#7677 = DIRECTION('',(1.,0.,-0.));
#7678 = ADVANCED_FACE('',(#7679),#7685,.F.);
#7679 = FACE_BOUND('',#7680,.F.);
#7680 = EDGE_LOOP('',(#7681,#7682,#7683,#7684));
#7681 = ORIENTED_EDGE('',*,*,#7015,.T.);
#7682 = ORIENTED_EDGE('',*,*,#7039,.F.);
#7683 = ORIENTED_EDGE('',*,*,#7063,.F.);
#7684 = ORIENTED_EDGE('',*,*,#7080,.T.);
#7685 = PLANE('',#7686);
#7686 = AXIS2_PLACEMENT_3D('',#7687,#7688,#7689);
#7687 = CARTESIAN_POINT('',(-0.32,-7.94,-3.));
#7688 = DIRECTION('',(0.,0.,1.));
#7689 = DIRECTION('',(1.,0.,-0.));
#7690 = ADVANCED_FACE('',(#7691),#7697,.F.);
#7691 = FACE_BOUND('',#7692,.F.);
#7692 = EDGE_LOOP('',(#7693,#7694,#7695,#7696));
#7693 = ORIENTED_EDGE('',*,*,#7111,.T.);
#7694 = ORIENTED_EDGE('',*,*,#7135,.F.);
#7695 = ORIENTED_EDGE('',*,*,#7159,.F.);
#7696 = ORIENTED_EDGE('',*,*,#7176,.T.);
#7697 = PLANE('',#7698);
#7698 = AXIS2_PLACEMENT_3D('',#7699,#7700,#7701);
#7699 = CARTESIAN_POINT('',(-0.32,-0.32,-3.));
#7700 = DIRECTION('',(0.,0.,1.));
#7701 = DIRECTION('',(1.,0.,-0.));
#7702 = ADVANCED_FACE('',(#7703),#7709,.F.);
#7703 = FACE_BOUND('',#7704,.F.);
#7704 = EDGE_LOOP('',(#7705,#7706,#7707,#7708));
#7705 = ORIENTED_EDGE('',*,*,#7272,.T.);
#7706 = ORIENTED_EDGE('',*,*,#7207,.F.);
#7707 = ORIENTED_EDGE('',*,*,#7231,.F.);
#7708 = ORIENTED_EDGE('',*,*,#7255,.T.);
#7709 = PLANE('',#7710);
#7710 = AXIS2_PLACEMENT_3D('',#7711,#7712,#7713);
#7711 = CARTESIAN_POINT('',(-0.32,-2.86,-3.));
#7712 = DIRECTION('',(0.,0.,1.));
#7713 = DIRECTION('',(1.,0.,-0.));
#7714 = ADVANCED_FACE('',(#7715),#7721,.T.);
#7715 = FACE_BOUND('',#7716,.T.);
#7716 = EDGE_LOOP('',(#7717,#7718,#7719,#7720));
#7717 = ORIENTED_EDGE('',*,*,#7368,.T.);
#7718 = ORIENTED_EDGE('',*,*,#7303,.F.);
#7719 = ORIENTED_EDGE('',*,*,#7327,.F.);
#7720 = ORIENTED_EDGE('',*,*,#7351,.T.);
#7721 = PLANE('',#7722);
#7722 = AXIS2_PLACEMENT_3D('',#7723,#7724,#7725);
#7723 = CARTESIAN_POINT('',(-0.32,-5.4,8.54));
#7724 = DIRECTION('',(0.,0.,1.));
#7725 = DIRECTION('',(1.,0.,-0.));
#7726 = ADVANCED_FACE('',(#7727),#7733,.T.);
#7727 = FACE_BOUND('',#7728,.T.);
#7728 = EDGE_LOOP('',(#7729,#7730,#7731,#7732));
#7729 = ORIENTED_EDGE('',*,*,#7399,.T.);
#7730 = ORIENTED_EDGE('',*,*,#7423,.F.);
#7731 = ORIENTED_EDGE('',*,*,#7447,.F.);
#7732 = ORIENTED_EDGE('',*,*,#7464,.T.);
#7733 = PLANE('',#7734);
#7734 = AXIS2_PLACEMENT_3D('',#7735,#7736,#7737);
#7735 = CARTESIAN_POINT('',(-0.32,-7.94,8.54));
#7736 = DIRECTION('',(0.,0.,1.));
#7737 = DIRECTION('',(1.,0.,-0.));
#7738 = ADVANCED_FACE('',(#7739),#7745,.T.);
#7739 = FACE_BOUND('',#7740,.T.);
#7740 = EDGE_LOOP('',(#7741,#7742,#7743,#7744));
#7741 = ORIENTED_EDGE('',*,*,#7495,.T.);
#7742 = ORIENTED_EDGE('',*,*,#7519,.F.);
#7743 = ORIENTED_EDGE('',*,*,#7543,.F.);
#7744 = ORIENTED_EDGE('',*,*,#7560,.T.);
#7745 = PLANE('',#7746);
#7746 = AXIS2_PLACEMENT_3D('',#7747,#7748,#7749);
#7747 = CARTESIAN_POINT('',(-0.32,-0.32,8.54));
#7748 = DIRECTION('',(0.,0.,1.));
#7749 = DIRECTION('',(1.,0.,-0.));
#7750 = ADVANCED_FACE('',(#7751),#7757,.T.);
#7751 = FACE_BOUND('',#7752,.T.);
#7752 = EDGE_LOOP('',(#7753,#7754,#7755,#7756));
#7753 = ORIENTED_EDGE('',*,*,#7656,.T.);
#7754 = ORIENTED_EDGE('',*,*,#7591,.F.);
#7755 = ORIENTED_EDGE('',*,*,#7615,.F.);
#7756 = ORIENTED_EDGE('',*,*,#7639,.T.);
#7757 = PLANE('',#7758);
#7758 = AXIS2_PLACEMENT_3D('',#7759,#7760,#7761);
#7759 = CARTESIAN_POINT('',(-0.32,-2.86,8.54));
#7760 = DIRECTION('',(0.,0.,1.));
#7761 = DIRECTION('',(1.,0.,-0.));
#7762 = ( GEOMETRIC_REPRESENTATION_CONTEXT(3) 
GLOBAL_UNCERTAINTY_ASSIGNED_CONTEXT((#7766)) 
GLOBAL_UNIT_ASSIGNED_CONTEXT((#7763,#7764,#7765)) REPRESENTATION_CONTEXT
('Context #1','3D Context with UNIT and UNCERTAINTY') );
#7763 = ( LENGTH_UNIT() NAMED_UNIT(*) SI_UNIT(.MILLI.,.METRE.) );
#7764 = ( NAMED_UNIT(*) PLANE_ANGLE_UNIT() SI_UNIT($,.RADIAN.) );
#7765 = ( NAMED_UNIT(*) SI_UNIT($,.STERADIAN.) SOLID_ANGLE_UNIT() );
#7766 = UNCERTAINTY_MEASURE_WITH_UNIT(LENGTH_MEASURE(1.E-07),#7763,
  'distance_accuracy_value','confusion accuracy');
#7767 = CONTEXT_DEPENDENT_SHAPE_REPRESENTATION(#7768,#7770);
#7768 = ( REPRESENTATION_RELATIONSHIP('','',#4981,#10) 
REPRESENTATION_RELATIONSHIP_WITH_TRANSFORMATION(#7769) 
SHAPE_REPRESENTATION_RELATIONSHIP() );
#7769 = ITEM_DEFINED_TRANSFORMATION('','',#11,#27);
#7770 = PRODUCT_DEFINITION_SHAPE('Placement','Placement of an item',
  #7771);
#7771 = NEXT_ASSEMBLY_USAGE_OCCURRENCE('4','J10','',#5,#4976,$);
#7772 = PRODUCT_RELATED_PRODUCT_CATEGORY('part',$,(#4978));
#7773 = SHAPE_DEFINITION_REPRESENTATION(#7774,#7780);
#7774 = PRODUCT_DEFINITION_SHAPE('','',#7775);
#7775 = PRODUCT_DEFINITION('design','',#7776,#7779);
#7776 = PRODUCT_DEFINITION_FORMATION('','',#7777);
#7777 = PRODUCT('TO-220-3_Vertical','TO-220-3_Vertical','',(#7778));
#7778 = PRODUCT_CONTEXT('',#2,'mechanical');
#7779 = PRODUCT_DEFINITION_CONTEXT('part definition',#2,'design');
#7780 = ADVANCED_BREP_SHAPE_REPRESENTATION('',(#11,#7781),#9323);
#7781 = MANIFOLD_SOLID_BREP('',#7782);
#7782 = CLOSED_SHELL('',(#7783,#7839,#7966,#7990,#8014,#8070,#8117,#8203
    ,#8217,#8257,#8281,#8314,#8354,#8378,#8411,#8451,#8475,#8508,#8548,
    #8583,#8616,#8633,#8690,#8747,#8804,#8861,#8878,#8895,#8952,#8969,
    #8986,#9043,#9060,#9077,#9105,#9117,#9134,#9151,#9168,#9185,#9197,
    #9214,#9231,#9248,#9260,#9277,#9294,#9311));
#7783 = ADVANCED_FACE('',(#7784),#7834,.F.);
#7784 = FACE_BOUND('',#7785,.T.);
#7785 = EDGE_LOOP('',(#7786,#7796,#7804,#7812,#7820,#7828));
#7786 = ORIENTED_EDGE('',*,*,#7787,.T.);
#7787 = EDGE_CURVE('',#7788,#7790,#7792,.T.);
#7788 = VERTEX_POINT('',#7789);
#7789 = CARTESIAN_POINT('',(-2.585,2.045585922872E-16,3.685));
#7790 = VERTEX_POINT('',#7791);
#7791 = CARTESIAN_POINT('',(-2.585,-1.295,4.185));
#7792 = LINE('',#7793,#7794);
#7793 = CARTESIAN_POINT('',(-2.585,2.045585922872E-16,3.685));
#7794 = VECTOR('',#7795,1.);
#7795 = DIRECTION('',(-5.178527991556E-17,-0.932880669324,0.360185586611
    ));
#7796 = ORIENTED_EDGE('',*,*,#7797,.T.);
#7797 = EDGE_CURVE('',#7790,#7798,#7800,.T.);
#7798 = VERTEX_POINT('',#7799);
#7799 = CARTESIAN_POINT('',(-2.585,-1.295,11.875000000001));
#7800 = LINE('',#7801,#7802);
#7801 = CARTESIAN_POINT('',(-2.585,-1.295,4.185));
#7802 = VECTOR('',#7803,1.);
#7803 = DIRECTION('',(0.,5.551115123126E-17,1.));
#7804 = ORIENTED_EDGE('',*,*,#7805,.T.);
#7805 = EDGE_CURVE('',#7798,#7806,#7808,.T.);
#7806 = VERTEX_POINT('',#7807);
#7807 = CARTESIAN_POINT('',(-2.585,-0.295,12.875));
#7808 = LINE('',#7809,#7810);
#7809 = CARTESIAN_POINT('',(-2.585,-1.295,11.875000000001));
#7810 = VECTOR('',#7811,1.);
#7811 = DIRECTION('',(3.925231146711E-17,0.707106781187,0.707106781186)
  );
#7812 = ORIENTED_EDGE('',*,*,#7813,.T.);
#7813 = EDGE_CURVE('',#7806,#7814,#7816,.T.);
#7814 = VERTEX_POINT('',#7815);
#7815 = CARTESIAN_POINT('',(-2.585,3.15,12.875));
#7816 = LINE('',#7817,#7818);
#7817 = CARTESIAN_POINT('',(-2.585,-0.295,12.875));
#7818 = VECTOR('',#7819,1.);
#7819 = DIRECTION('',(5.551115123126E-17,1.,0.));
#7820 = ORIENTED_EDGE('',*,*,#7821,.T.);
#7821 = EDGE_CURVE('',#7814,#7822,#7824,.T.);
#7822 = VERTEX_POINT('',#7823);
#7823 = CARTESIAN_POINT('',(-2.585,3.15,4.185));
#7824 = LINE('',#7825,#7826);
#7825 = CARTESIAN_POINT('',(-2.585,3.15,12.875));
#7826 = VECTOR('',#7827,1.);
#7827 = DIRECTION('',(0.,-5.551115123126E-17,-1.));
#7828 = ORIENTED_EDGE('',*,*,#7829,.T.);
#7829 = EDGE_CURVE('',#7822,#7788,#7830,.T.);
#7830 = LINE('',#7831,#7832);
#7831 = CARTESIAN_POINT('',(-2.585,3.15,4.185));
#7832 = VECTOR('',#7833,1.);
#7833 = DIRECTION('',(-5.482478518197E-17,-0.987635528464,
    -0.156767544201));
#7834 = PLANE('',#7835);
#7835 = AXIS2_PLACEMENT_3D('',#7836,#7837,#7838);
#7836 = CARTESIAN_POINT('',(-2.585,2.045585922872E-16,3.685));
#7837 = DIRECTION('',(1.,0.,5.551115123126E-17));
#7838 = DIRECTION('',(-5.551115123126E-17,5.551115123126E-17,1.));
#7839 = ADVANCED_FACE('',(#7840),#7961,.T.);
#7840 = FACE_BOUND('',#7841,.T.);
#7841 = EDGE_LOOP('',(#7842,#7843,#7851,#7859,#7867,#7875,#7883,#7891,
    #7899,#7907,#7915,#7923,#7931,#7939,#7947,#7955));
#7842 = ORIENTED_EDGE('',*,*,#7787,.F.);
#7843 = ORIENTED_EDGE('',*,*,#7844,.T.);
#7844 = EDGE_CURVE('',#7788,#7845,#7847,.T.);
#7845 = VERTEX_POINT('',#7846);
#7846 = CARTESIAN_POINT('',(-0.73,2.045585922872E-16,3.685));
#7847 = LINE('',#7848,#7849);
#7848 = CARTESIAN_POINT('',(-2.585,2.045585922872E-16,3.685));
#7849 = VECTOR('',#7850,1.);
#7850 = DIRECTION('',(1.,0.,5.551115123126E-17));
#7851 = ORIENTED_EDGE('',*,*,#7852,.T.);
#7852 = EDGE_CURVE('',#7845,#7853,#7855,.T.);
#7853 = VERTEX_POINT('',#7854);
#7854 = CARTESIAN_POINT('',(-0.73,-0.11655,3.73));
#7855 = LINE('',#7856,#7857);
#7856 = CARTESIAN_POINT('',(-0.73,0.106662228694,3.643817672319));
#7857 = VECTOR('',#7858,1.);
#7858 = DIRECTION('',(0.,-0.932880669324,0.360185586611));
#7859 = ORIENTED_EDGE('',*,*,#7860,.T.);
#7860 = EDGE_CURVE('',#7853,#7861,#7863,.T.);
#7861 = VERTEX_POINT('',#7862);
#7862 = CARTESIAN_POINT('',(0.73,-0.11655,3.73));
#7863 = LINE('',#7864,#7865);
#7864 = CARTESIAN_POINT('',(-0.9275,-0.11655,3.73));
#7865 = VECTOR('',#7866,1.);
#7866 = DIRECTION('',(1.,1.43773881689E-16,-4.788632213724E-32));
#7867 = ORIENTED_EDGE('',*,*,#7868,.T.);
#7868 = EDGE_CURVE('',#7861,#7869,#7871,.T.);
#7869 = VERTEX_POINT('',#7870);
#7870 = CARTESIAN_POINT('',(0.73,2.045585922872E-16,3.685));
#7871 = LINE('',#7872,#7873);
#7872 = CARTESIAN_POINT('',(0.73,0.682499659449,3.421486617973));
#7873 = VECTOR('',#7874,1.);
#7874 = DIRECTION('',(0.,0.932880669324,-0.360185586611));
#7875 = ORIENTED_EDGE('',*,*,#7876,.T.);
#7876 = EDGE_CURVE('',#7869,#7877,#7879,.T.);
#7877 = VERTEX_POINT('',#7878);
#7878 = CARTESIAN_POINT('',(1.81,2.045585922872E-16,3.685));
#7879 = LINE('',#7880,#7881);
#7880 = CARTESIAN_POINT('',(-2.585,2.045585922872E-16,3.685));
#7881 = VECTOR('',#7882,1.);
#7882 = DIRECTION('',(1.,0.,5.551115123126E-17));
#7883 = ORIENTED_EDGE('',*,*,#7884,.T.);
#7884 = EDGE_CURVE('',#7877,#7885,#7887,.T.);
#7885 = VERTEX_POINT('',#7886);
#7886 = CARTESIAN_POINT('',(1.81,-0.11655,3.73));
#7887 = LINE('',#7888,#7889);
#7888 = CARTESIAN_POINT('',(1.81,0.106662228694,3.643817672319));
#7889 = VECTOR('',#7890,1.);
#7890 = DIRECTION('',(0.,-0.932880669324,0.360185586611));
#7891 = ORIENTED_EDGE('',*,*,#7892,.T.);
#7892 = EDGE_CURVE('',#7885,#7893,#7895,.T.);
#7893 = VERTEX_POINT('',#7894);
#7894 = CARTESIAN_POINT('',(3.27,-0.11655,3.73));
#7895 = LINE('',#7896,#7897);
#7896 = CARTESIAN_POINT('',(0.3425,-0.11655,3.73));
#7897 = VECTOR('',#7898,1.);
#7898 = DIRECTION('',(1.,1.43773881689E-16,-4.788632213724E-32));
#7899 = ORIENTED_EDGE('',*,*,#7900,.T.);
#7900 = EDGE_CURVE('',#7893,#7901,#7903,.T.);
#7901 = VERTEX_POINT('',#7902);
#7902 = CARTESIAN_POINT('',(3.27,2.045585922872E-16,3.685));
#7903 = LINE('',#7904,#7905);
#7904 = CARTESIAN_POINT('',(3.27,0.682499659449,3.421486617973));
#7905 = VECTOR('',#7906,1.);
#7906 = DIRECTION('',(0.,0.932880669324,-0.360185586611));
#7907 = ORIENTED_EDGE('',*,*,#7908,.T.);
#7908 = EDGE_CURVE('',#7901,#7909,#7911,.T.);
#7909 = VERTEX_POINT('',#7910);
#7910 = CARTESIAN_POINT('',(4.35,2.045585922872E-16,3.685));
#7911 = LINE('',#7912,#7913);
#7912 = CARTESIAN_POINT('',(-2.585,2.045585922872E-16,3.685));
#7913 = VECTOR('',#7914,1.);
#7914 = DIRECTION('',(1.,0.,5.551115123126E-17));
#7915 = ORIENTED_EDGE('',*,*,#7916,.T.);
#7916 = EDGE_CURVE('',#7909,#7917,#7919,.T.);
#7917 = VERTEX_POINT('',#7918);
#7918 = CARTESIAN_POINT('',(4.35,-0.11655,3.73));
#7919 = LINE('',#7920,#7921);
#7920 = CARTESIAN_POINT('',(4.35,0.106662228694,3.643817672319));
#7921 = VECTOR('',#7922,1.);
#7922 = DIRECTION('',(0.,-0.932880669324,0.360185586611));
#7923 = ORIENTED_EDGE('',*,*,#7924,.T.);
#7924 = EDGE_CURVE('',#7917,#7925,#7927,.T.);
#7925 = VERTEX_POINT('',#7926);
#7926 = CARTESIAN_POINT('',(5.81,-0.11655,3.73));
#7927 = LINE('',#7928,#7929);
#7928 = CARTESIAN_POINT('',(1.6125,-0.11655,3.73));
#7929 = VECTOR('',#7930,1.);
#7930 = DIRECTION('',(1.,1.43773881689E-16,-4.788632213724E-32));
#7931 = ORIENTED_EDGE('',*,*,#7932,.T.);
#7932 = EDGE_CURVE('',#7925,#7933,#7935,.T.);
#7933 = VERTEX_POINT('',#7934);
#7934 = CARTESIAN_POINT('',(5.81,2.045585922872E-16,3.685));
#7935 = LINE('',#7936,#7937);
#7936 = CARTESIAN_POINT('',(5.81,0.682499659449,3.421486617973));
#7937 = VECTOR('',#7938,1.);
#7938 = DIRECTION('',(0.,0.932880669324,-0.360185586611));
#7939 = ORIENTED_EDGE('',*,*,#7940,.T.);
#7940 = EDGE_CURVE('',#7933,#7941,#7943,.T.);
#7941 = VERTEX_POINT('',#7942);
#7942 = CARTESIAN_POINT('',(7.665,2.045585922872E-16,3.685));
#7943 = LINE('',#7944,#7945);
#7944 = CARTESIAN_POINT('',(-2.585,2.045585922872E-16,3.685));
#7945 = VECTOR('',#7946,1.);
#7946 = DIRECTION('',(1.,0.,5.551115123126E-17));
#7947 = ORIENTED_EDGE('',*,*,#7948,.T.);
#7948 = EDGE_CURVE('',#7941,#7949,#7951,.T.);
#7949 = VERTEX_POINT('',#7950);
#7950 = CARTESIAN_POINT('',(7.665,-1.295,4.185));
#7951 = LINE('',#7952,#7953);
#7952 = CARTESIAN_POINT('',(7.665,2.045585922872E-16,3.685));
#7953 = VECTOR('',#7954,1.);
#7954 = DIRECTION('',(-5.178527991556E-17,-0.932880669324,0.360185586611
    ));
#7955 = ORIENTED_EDGE('',*,*,#7956,.F.);
#7956 = EDGE_CURVE('',#7790,#7949,#7957,.T.);
#7957 = LINE('',#7958,#7959);
#7958 = CARTESIAN_POINT('',(-2.585,-1.295,4.185));
#7959 = VECTOR('',#7960,1.);
#7960 = DIRECTION('',(1.,0.,5.551115123126E-17));
#7961 = PLANE('',#7962);
#7962 = AXIS2_PLACEMENT_3D('',#7963,#7964,#7965);
#7963 = CARTESIAN_POINT('',(-2.585,2.045585922872E-16,3.685));
#7964 = DIRECTION('',(5.178527991556E-17,-0.360185586611,-0.932880669324
    ));
#7965 = DIRECTION('',(-5.178527991556E-17,-0.932880669324,0.360185586611
    ));
#7966 = ADVANCED_FACE('',(#7967),#7985,.T.);
#7967 = FACE_BOUND('',#7968,.T.);
#7968 = EDGE_LOOP('',(#7969,#7970,#7978,#7984));
#7969 = ORIENTED_EDGE('',*,*,#7956,.T.);
#7970 = ORIENTED_EDGE('',*,*,#7971,.T.);
#7971 = EDGE_CURVE('',#7949,#7972,#7974,.T.);
#7972 = VERTEX_POINT('',#7973);
#7973 = CARTESIAN_POINT('',(7.665,-1.295,11.875000000001));
#7974 = LINE('',#7975,#7976);
#7975 = CARTESIAN_POINT('',(7.665,-1.295,4.185));
#7976 = VECTOR('',#7977,1.);
#7977 = DIRECTION('',(0.,5.551115123126E-17,1.));
#7978 = ORIENTED_EDGE('',*,*,#7979,.F.);
#7979 = EDGE_CURVE('',#7798,#7972,#7980,.T.);
#7980 = LINE('',#7981,#7982);
#7981 = CARTESIAN_POINT('',(-2.585,-1.295,11.875000000001));
#7982 = VECTOR('',#7983,1.);
#7983 = DIRECTION('',(1.,0.,5.551115123126E-17));
#7984 = ORIENTED_EDGE('',*,*,#7797,.F.);
#7985 = PLANE('',#7986);
#7986 = AXIS2_PLACEMENT_3D('',#7987,#7988,#7989);
#7987 = CARTESIAN_POINT('',(-2.585,-1.295,4.185));
#7988 = DIRECTION('',(-3.08148791102E-33,-1.,5.551115123126E-17));
#7989 = DIRECTION('',(0.,5.551115123126E-17,1.));
#7990 = ADVANCED_FACE('',(#7991),#8009,.T.);
#7991 = FACE_BOUND('',#7992,.T.);
#7992 = EDGE_LOOP('',(#7993,#7994,#8002,#8008));
#7993 = ORIENTED_EDGE('',*,*,#7979,.T.);
#7994 = ORIENTED_EDGE('',*,*,#7995,.T.);
#7995 = EDGE_CURVE('',#7972,#7996,#7998,.T.);
#7996 = VERTEX_POINT('',#7997);
#7997 = CARTESIAN_POINT('',(7.665,-0.295,12.875));
#7998 = LINE('',#7999,#8000);
#7999 = CARTESIAN_POINT('',(7.665,-1.295,11.875000000001));
#8000 = VECTOR('',#8001,1.);
#8001 = DIRECTION('',(3.925231146711E-17,0.707106781187,0.707106781186)
  );
#8002 = ORIENTED_EDGE('',*,*,#8003,.F.);
#8003 = EDGE_CURVE('',#7806,#7996,#8004,.T.);
#8004 = LINE('',#8005,#8006);
#8005 = CARTESIAN_POINT('',(-2.585,-0.295,12.875));
#8006 = VECTOR('',#8007,1.);
#8007 = DIRECTION('',(1.,0.,5.551115123126E-17));
#8008 = ORIENTED_EDGE('',*,*,#7805,.F.);
#8009 = PLANE('',#8010);
#8010 = AXIS2_PLACEMENT_3D('',#8011,#8012,#8013);
#8011 = CARTESIAN_POINT('',(-2.585,-1.295,11.875000000001));
#8012 = DIRECTION('',(-3.925231146711E-17,-0.707106781186,0.707106781187
    ));
#8013 = DIRECTION('',(3.925231146711E-17,0.707106781187,0.707106781186)
  );
#8014 = ADVANCED_FACE('',(#8015),#8065,.T.);
#8015 = FACE_BOUND('',#8016,.T.);
#8016 = EDGE_LOOP('',(#8017,#8018,#8019,#8027,#8035,#8043,#8051,#8059));
#8017 = ORIENTED_EDGE('',*,*,#7813,.F.);
#8018 = ORIENTED_EDGE('',*,*,#8003,.T.);
#8019 = ORIENTED_EDGE('',*,*,#8020,.T.);
#8020 = EDGE_CURVE('',#7996,#8021,#8023,.T.);
#8021 = VERTEX_POINT('',#8022);
#8022 = CARTESIAN_POINT('',(7.665,3.15,12.875));
#8023 = LINE('',#8024,#8025);
#8024 = CARTESIAN_POINT('',(7.665,-0.295,12.875));
#8025 = VECTOR('',#8026,1.);
#8026 = DIRECTION('',(5.551115123126E-17,1.,0.));
#8027 = ORIENTED_EDGE('',*,*,#8028,.F.);
#8028 = EDGE_CURVE('',#8029,#8021,#8031,.T.);
#8029 = VERTEX_POINT('',#8030);
#8030 = CARTESIAN_POINT('',(7.655,3.15,12.875));
#8031 = LINE('',#8032,#8033);
#8032 = CARTESIAN_POINT('',(-2.585,3.15,12.875));
#8033 = VECTOR('',#8034,1.);
#8034 = DIRECTION('',(1.,0.,5.551115123126E-17));
#8035 = ORIENTED_EDGE('',*,*,#8036,.F.);
#8036 = EDGE_CURVE('',#8037,#8029,#8039,.T.);
#8037 = VERTEX_POINT('',#8038);
#8038 = CARTESIAN_POINT('',(7.655,1.89,12.875));
#8039 = LINE('',#8040,#8041);
#8040 = CARTESIAN_POINT('',(7.655,1.4325,12.875));
#8041 = VECTOR('',#8042,1.);
#8042 = DIRECTION('',(0.,1.,-3.08148791102E-33));
#8043 = ORIENTED_EDGE('',*,*,#8044,.F.);
#8044 = EDGE_CURVE('',#8045,#8037,#8047,.T.);
#8045 = VERTEX_POINT('',#8046);
#8046 = CARTESIAN_POINT('',(-2.575,1.89,12.875));
#8047 = LINE('',#8048,#8049);
#8048 = CARTESIAN_POINT('',(2.535,1.89,12.875));
#8049 = VECTOR('',#8050,1.);
#8050 = DIRECTION('',(1.,0.,5.551115123126E-17));
#8051 = ORIENTED_EDGE('',*,*,#8052,.F.);
#8052 = EDGE_CURVE('',#8053,#8045,#8055,.T.);
#8053 = VERTEX_POINT('',#8054);
#8054 = CARTESIAN_POINT('',(-2.575,3.15,12.875));
#8055 = LINE('',#8056,#8057);
#8056 = CARTESIAN_POINT('',(-2.575,0.7975,12.875));
#8057 = VECTOR('',#8058,1.);
#8058 = DIRECTION('',(0.,-1.,3.08148791102E-33));
#8059 = ORIENTED_EDGE('',*,*,#8060,.F.);
#8060 = EDGE_CURVE('',#7814,#8053,#8061,.T.);
#8061 = LINE('',#8062,#8063);
#8062 = CARTESIAN_POINT('',(-2.585,3.15,12.875));
#8063 = VECTOR('',#8064,1.);
#8064 = DIRECTION('',(1.,0.,5.551115123126E-17));
#8065 = PLANE('',#8066);
#8066 = AXIS2_PLACEMENT_3D('',#8067,#8068,#8069);
#8067 = CARTESIAN_POINT('',(-2.585,-0.295,12.875));
#8068 = DIRECTION('',(-5.551115123126E-17,3.08148791102E-33,1.));
#8069 = DIRECTION('',(5.551115123126E-17,1.,-1.820045856984E-46));
#8070 = ADVANCED_FACE('',(#8071),#8112,.T.);
#8071 = FACE_BOUND('',#8072,.T.);
#8072 = EDGE_LOOP('',(#8073,#8074,#8075,#8083,#8091,#8097,#8098,#8106));
#8073 = ORIENTED_EDGE('',*,*,#7821,.F.);
#8074 = ORIENTED_EDGE('',*,*,#8060,.T.);
#8075 = ORIENTED_EDGE('',*,*,#8076,.F.);
#8076 = EDGE_CURVE('',#8077,#8053,#8079,.T.);
#8077 = VERTEX_POINT('',#8078);
#8078 = CARTESIAN_POINT('',(-2.575,3.15,5.));
#8079 = LINE('',#8080,#8081);
#8080 = CARTESIAN_POINT('',(-2.575,3.15,8.9375));
#8081 = VECTOR('',#8082,1.);
#8082 = DIRECTION('',(0.,5.551115123126E-17,1.));
#8083 = ORIENTED_EDGE('',*,*,#8084,.T.);
#8084 = EDGE_CURVE('',#8077,#8085,#8087,.T.);
#8085 = VERTEX_POINT('',#8086);
#8086 = CARTESIAN_POINT('',(7.655,3.15,5.));
#8087 = LINE('',#8088,#8089);
#8088 = CARTESIAN_POINT('',(-2.58,3.15,5.));
#8089 = VECTOR('',#8090,1.);
#8090 = DIRECTION('',(1.,-3.08148791102E-33,0.));
#8091 = ORIENTED_EDGE('',*,*,#8092,.F.);
#8092 = EDGE_CURVE('',#8029,#8085,#8093,.T.);
#8093 = LINE('',#8094,#8095);
#8094 = CARTESIAN_POINT('',(7.655,3.15,8.9375));
#8095 = VECTOR('',#8096,1.);
#8096 = DIRECTION('',(0.,-5.551115123126E-17,-1.));
#8097 = ORIENTED_EDGE('',*,*,#8028,.T.);
#8098 = ORIENTED_EDGE('',*,*,#8099,.T.);
#8099 = EDGE_CURVE('',#8021,#8100,#8102,.T.);
#8100 = VERTEX_POINT('',#8101);
#8101 = CARTESIAN_POINT('',(7.665,3.15,4.185));
#8102 = LINE('',#8103,#8104);
#8103 = CARTESIAN_POINT('',(7.665,3.15,12.875));
#8104 = VECTOR('',#8105,1.);
#8105 = DIRECTION('',(0.,-5.551115123126E-17,-1.));
#8106 = ORIENTED_EDGE('',*,*,#8107,.F.);
#8107 = EDGE_CURVE('',#7822,#8100,#8108,.T.);
#8108 = LINE('',#8109,#8110);
#8109 = CARTESIAN_POINT('',(-2.585,3.15,4.185));
#8110 = VECTOR('',#8111,1.);
#8111 = DIRECTION('',(1.,0.,5.551115123126E-17));
#8112 = PLANE('',#8113);
#8113 = AXIS2_PLACEMENT_3D('',#8114,#8115,#8116);
#8114 = CARTESIAN_POINT('',(-2.585,3.15,12.875));
#8115 = DIRECTION('',(3.08148791102E-33,1.,-5.551115123126E-17));
#8116 = DIRECTION('',(0.,-5.551115123126E-17,-1.));
#8117 = ADVANCED_FACE('',(#8118),#8198,.T.);
#8118 = FACE_BOUND('',#8119,.T.);
#8119 = EDGE_LOOP('',(#8120,#8121,#8122,#8128,#8129,#8137,#8145,#8151,
    #8152,#8160,#8168,#8174,#8175,#8183,#8191,#8197));
#8120 = ORIENTED_EDGE('',*,*,#7829,.F.);
#8121 = ORIENTED_EDGE('',*,*,#8107,.T.);
#8122 = ORIENTED_EDGE('',*,*,#8123,.T.);
#8123 = EDGE_CURVE('',#8100,#7941,#8124,.T.);
#8124 = LINE('',#8125,#8126);
#8125 = CARTESIAN_POINT('',(7.665,3.15,4.185));
#8126 = VECTOR('',#8127,1.);
#8127 = DIRECTION('',(-5.482478518197E-17,-0.987635528464,
    -0.156767544201));
#8128 = ORIENTED_EDGE('',*,*,#7940,.F.);
#8129 = ORIENTED_EDGE('',*,*,#8130,.T.);
#8130 = EDGE_CURVE('',#7933,#8131,#8133,.T.);
#8131 = VERTEX_POINT('',#8132);
#8132 = CARTESIAN_POINT('',(5.81,0.2625,3.726666666667));
#8133 = LINE('',#8134,#8135);
#8134 = CARTESIAN_POINT('',(5.81,1.441169513394,3.913757065618));
#8135 = VECTOR('',#8136,1.);
#8136 = DIRECTION('',(0.,0.987635528464,0.156767544201));
#8137 = ORIENTED_EDGE('',*,*,#8138,.T.);
#8138 = EDGE_CURVE('',#8131,#8139,#8141,.T.);
#8139 = VERTEX_POINT('',#8140);
#8140 = CARTESIAN_POINT('',(4.35,0.2625,3.726666666667));
#8141 = LINE('',#8142,#8143);
#8142 = CARTESIAN_POINT('',(0.8825,0.2625,3.726666666667));
#8143 = VECTOR('',#8144,1.);
#8144 = DIRECTION('',(-1.,-1.848892746612E-32,-5.551115123126E-17));
#8145 = ORIENTED_EDGE('',*,*,#8146,.T.);
#8146 = EDGE_CURVE('',#8139,#7909,#8147,.T.);
#8147 = LINE('',#8148,#8149);
#8148 = CARTESIAN_POINT('',(4.35,1.706508048661,3.955874293438));
#8149 = VECTOR('',#8150,1.);
#8150 = DIRECTION('',(0.,-0.987635528464,-0.156767544201));
#8151 = ORIENTED_EDGE('',*,*,#7908,.F.);
#8152 = ORIENTED_EDGE('',*,*,#8153,.T.);
#8153 = EDGE_CURVE('',#7901,#8154,#8156,.T.);
#8154 = VERTEX_POINT('',#8155);
#8155 = CARTESIAN_POINT('',(3.27,0.2625,3.726666666667));
#8156 = LINE('',#8157,#8158);
#8157 = CARTESIAN_POINT('',(3.27,1.441169513394,3.913757065618));
#8158 = VECTOR('',#8159,1.);
#8159 = DIRECTION('',(0.,0.987635528464,0.156767544201));
#8160 = ORIENTED_EDGE('',*,*,#8161,.T.);
#8161 = EDGE_CURVE('',#8154,#8162,#8164,.T.);
#8162 = VERTEX_POINT('',#8163);
#8163 = CARTESIAN_POINT('',(1.81,0.2625,3.726666666667));
#8164 = LINE('',#8165,#8166);
#8165 = CARTESIAN_POINT('',(-0.3875,0.2625,3.726666666667));
#8166 = VECTOR('',#8167,1.);
#8167 = DIRECTION('',(-1.,-1.848892746612E-32,-5.551115123126E-17));
#8168 = ORIENTED_EDGE('',*,*,#8169,.T.);
#8169 = EDGE_CURVE('',#8162,#7877,#8170,.T.);
#8170 = LINE('',#8171,#8172);
#8171 = CARTESIAN_POINT('',(1.81,1.706508048661,3.955874293438));
#8172 = VECTOR('',#8173,1.);
#8173 = DIRECTION('',(0.,-0.987635528464,-0.156767544201));
#8174 = ORIENTED_EDGE('',*,*,#7876,.F.);
#8175 = ORIENTED_EDGE('',*,*,#8176,.T.);
#8176 = EDGE_CURVE('',#7869,#8177,#8179,.T.);
#8177 = VERTEX_POINT('',#8178);
#8178 = CARTESIAN_POINT('',(0.73,0.2625,3.726666666667));
#8179 = LINE('',#8180,#8181);
#8180 = CARTESIAN_POINT('',(0.73,1.441169513394,3.913757065618));
#8181 = VECTOR('',#8182,1.);
#8182 = DIRECTION('',(0.,0.987635528464,0.156767544201));
#8183 = ORIENTED_EDGE('',*,*,#8184,.T.);
#8184 = EDGE_CURVE('',#8177,#8185,#8187,.T.);
#8185 = VERTEX_POINT('',#8186);
#8186 = CARTESIAN_POINT('',(-0.73,0.2625,3.726666666667));
#8187 = LINE('',#8188,#8189);
#8188 = CARTESIAN_POINT('',(-1.6575,0.2625,3.726666666667));
#8189 = VECTOR('',#8190,1.);
#8190 = DIRECTION('',(-1.,-1.848892746612E-32,-5.551115123126E-17));
#8191 = ORIENTED_EDGE('',*,*,#8192,.T.);
#8192 = EDGE_CURVE('',#8185,#7845,#8193,.T.);
#8193 = LINE('',#8194,#8195);
#8194 = CARTESIAN_POINT('',(-0.73,1.706508048661,3.955874293438));
#8195 = VECTOR('',#8196,1.);
#8196 = DIRECTION('',(0.,-0.987635528464,-0.156767544201));
#8197 = ORIENTED_EDGE('',*,*,#7844,.F.);
#8198 = PLANE('',#8199);
#8199 = AXIS2_PLACEMENT_3D('',#8200,#8201,#8202);
#8200 = CARTESIAN_POINT('',(-2.585,3.15,4.185));
#8201 = DIRECTION('',(5.482478518197E-17,0.156767544201,-0.987635528464)
  );
#8202 = DIRECTION('',(-5.482478518197E-17,-0.987635528464,
    -0.156767544201));
#8203 = ADVANCED_FACE('',(#8204),#8212,.T.);
#8204 = FACE_BOUND('',#8205,.F.);
#8205 = EDGE_LOOP('',(#8206,#8207,#8208,#8209,#8210,#8211));
#8206 = ORIENTED_EDGE('',*,*,#7948,.T.);
#8207 = ORIENTED_EDGE('',*,*,#7971,.T.);
#8208 = ORIENTED_EDGE('',*,*,#7995,.T.);
#8209 = ORIENTED_EDGE('',*,*,#8020,.T.);
#8210 = ORIENTED_EDGE('',*,*,#8099,.T.);
#8211 = ORIENTED_EDGE('',*,*,#8123,.T.);
#8212 = PLANE('',#8213);
#8213 = AXIS2_PLACEMENT_3D('',#8214,#8215,#8216);
#8214 = CARTESIAN_POINT('',(7.665,2.045585922872E-16,3.685));
#8215 = DIRECTION('',(1.,0.,5.551115123126E-17));
#8216 = DIRECTION('',(-5.551115123126E-17,5.551115123126E-17,1.));
#8217 = ADVANCED_FACE('',(#8218),#8252,.F.);
#8218 = FACE_BOUND('',#8219,.F.);
#8219 = EDGE_LOOP('',(#8220,#8228,#8236,#8244,#8250,#8251));
#8220 = ORIENTED_EDGE('',*,*,#8221,.F.);
#8221 = EDGE_CURVE('',#8222,#8131,#8224,.T.);
#8222 = VERTEX_POINT('',#8223);
#8223 = CARTESIAN_POINT('',(5.81,0.2625,0.3025));
#8224 = LINE('',#8225,#8226);
#8225 = CARTESIAN_POINT('',(5.81,0.2625,0.3025));
#8226 = VECTOR('',#8227,1.);
#8227 = DIRECTION('',(0.,3.330669073875E-16,1.));
#8228 = ORIENTED_EDGE('',*,*,#8229,.T.);
#8229 = EDGE_CURVE('',#8222,#8230,#8232,.T.);
#8230 = VERTEX_POINT('',#8231);
#8231 = CARTESIAN_POINT('',(5.81,-0.2625,0.3025));
#8232 = LINE('',#8233,#8234);
#8233 = CARTESIAN_POINT('',(5.81,0.2625,0.3025));
#8234 = VECTOR('',#8235,1.);
#8235 = DIRECTION('',(0.,-1.,3.330669073875E-16));
#8236 = ORIENTED_EDGE('',*,*,#8237,.T.);
#8237 = EDGE_CURVE('',#8230,#8238,#8240,.T.);
#8238 = VERTEX_POINT('',#8239);
#8239 = CARTESIAN_POINT('',(5.81,-0.2625,3.73));
#8240 = LINE('',#8241,#8242);
#8241 = CARTESIAN_POINT('',(5.81,-0.2625,0.3025));
#8242 = VECTOR('',#8243,1.);
#8243 = DIRECTION('',(0.,3.330669073875E-16,1.));
#8244 = ORIENTED_EDGE('',*,*,#8245,.F.);
#8245 = EDGE_CURVE('',#7925,#8238,#8246,.T.);
#8246 = LINE('',#8247,#8248);
#8247 = CARTESIAN_POINT('',(5.81,0.2625,3.73));
#8248 = VECTOR('',#8249,1.);
#8249 = DIRECTION('',(0.,-1.,3.330669073875E-16));
#8250 = ORIENTED_EDGE('',*,*,#7932,.T.);
#8251 = ORIENTED_EDGE('',*,*,#8130,.T.);
#8252 = PLANE('',#8253);
#8253 = AXIS2_PLACEMENT_3D('',#8254,#8255,#8256);
#8254 = CARTESIAN_POINT('',(5.81,0.2625,0.3025));
#8255 = DIRECTION('',(-1.,0.,0.));
#8256 = DIRECTION('',(0.,3.330669073875E-16,1.));
#8257 = ADVANCED_FACE('',(#8258),#8276,.F.);
#8258 = FACE_BOUND('',#8259,.F.);
#8259 = EDGE_LOOP('',(#8260,#8261,#8262,#8270));
#8260 = ORIENTED_EDGE('',*,*,#7924,.T.);
#8261 = ORIENTED_EDGE('',*,*,#8245,.T.);
#8262 = ORIENTED_EDGE('',*,*,#8263,.T.);
#8263 = EDGE_CURVE('',#8238,#8264,#8266,.T.);
#8264 = VERTEX_POINT('',#8265);
#8265 = CARTESIAN_POINT('',(4.35,-0.2625,3.73));
#8266 = LINE('',#8267,#8268);
#8267 = CARTESIAN_POINT('',(5.81,-0.2625,3.73));
#8268 = VECTOR('',#8269,1.);
#8269 = DIRECTION('',(-1.,0.,0.));
#8270 = ORIENTED_EDGE('',*,*,#8271,.F.);
#8271 = EDGE_CURVE('',#7917,#8264,#8272,.T.);
#8272 = LINE('',#8273,#8274);
#8273 = CARTESIAN_POINT('',(4.35,0.2625,3.73));
#8274 = VECTOR('',#8275,1.);
#8275 = DIRECTION('',(0.,-1.,3.330669073875E-16));
#8276 = PLANE('',#8277);
#8277 = AXIS2_PLACEMENT_3D('',#8278,#8279,#8280);
#8278 = CARTESIAN_POINT('',(5.81,0.2625,3.73));
#8279 = DIRECTION('',(0.,-3.330669073875E-16,-1.));
#8280 = DIRECTION('',(-1.,-0.,0.));
#8281 = ADVANCED_FACE('',(#8282),#8309,.F.);
#8282 = FACE_BOUND('',#8283,.F.);
#8283 = EDGE_LOOP('',(#8284,#8285,#8286,#8294,#8302,#8308));
#8284 = ORIENTED_EDGE('',*,*,#7916,.T.);
#8285 = ORIENTED_EDGE('',*,*,#8271,.T.);
#8286 = ORIENTED_EDGE('',*,*,#8287,.T.);
#8287 = EDGE_CURVE('',#8264,#8288,#8290,.T.);
#8288 = VERTEX_POINT('',#8289);
#8289 = CARTESIAN_POINT('',(4.35,-0.2625,0.3025));
#8290 = LINE('',#8291,#8292);
#8291 = CARTESIAN_POINT('',(4.35,-0.2625,3.73));
#8292 = VECTOR('',#8293,1.);
#8293 = DIRECTION('',(0.,-3.330669073875E-16,-1.));
#8294 = ORIENTED_EDGE('',*,*,#8295,.F.);
#8295 = EDGE_CURVE('',#8296,#8288,#8298,.T.);
#8296 = VERTEX_POINT('',#8297);
#8297 = CARTESIAN_POINT('',(4.35,0.2625,0.3025));
#8298 = LINE('',#8299,#8300);
#8299 = CARTESIAN_POINT('',(4.35,0.2625,0.3025));
#8300 = VECTOR('',#8301,1.);
#8301 = DIRECTION('',(0.,-1.,3.330669073875E-16));
#8302 = ORIENTED_EDGE('',*,*,#8303,.F.);
#8303 = EDGE_CURVE('',#8139,#8296,#8304,.T.);
#8304 = LINE('',#8305,#8306);
#8305 = CARTESIAN_POINT('',(4.35,0.2625,3.73));
#8306 = VECTOR('',#8307,1.);
#8307 = DIRECTION('',(0.,-3.330669073875E-16,-1.));
#8308 = ORIENTED_EDGE('',*,*,#8146,.T.);
#8309 = PLANE('',#8310);
#8310 = AXIS2_PLACEMENT_3D('',#8311,#8312,#8313);
#8311 = CARTESIAN_POINT('',(4.35,0.2625,3.73));
#8312 = DIRECTION('',(1.,0.,0.));
#8313 = DIRECTION('',(0.,-3.330669073875E-16,-1.));
#8314 = ADVANCED_FACE('',(#8315),#8349,.F.);
#8315 = FACE_BOUND('',#8316,.F.);
#8316 = EDGE_LOOP('',(#8317,#8325,#8333,#8341,#8347,#8348));
#8317 = ORIENTED_EDGE('',*,*,#8318,.F.);
#8318 = EDGE_CURVE('',#8319,#8154,#8321,.T.);
#8319 = VERTEX_POINT('',#8320);
#8320 = CARTESIAN_POINT('',(3.27,0.2625,0.3025));
#8321 = LINE('',#8322,#8323);
#8322 = CARTESIAN_POINT('',(3.27,0.2625,0.3025));
#8323 = VECTOR('',#8324,1.);
#8324 = DIRECTION('',(0.,3.330669073875E-16,1.));
#8325 = ORIENTED_EDGE('',*,*,#8326,.T.);
#8326 = EDGE_CURVE('',#8319,#8327,#8329,.T.);
#8327 = VERTEX_POINT('',#8328);
#8328 = CARTESIAN_POINT('',(3.27,-0.2625,0.3025));
#8329 = LINE('',#8330,#8331);
#8330 = CARTESIAN_POINT('',(3.27,0.2625,0.3025));
#8331 = VECTOR('',#8332,1.);
#8332 = DIRECTION('',(0.,-1.,3.330669073875E-16));
#8333 = ORIENTED_EDGE('',*,*,#8334,.T.);
#8334 = EDGE_CURVE('',#8327,#8335,#8337,.T.);
#8335 = VERTEX_POINT('',#8336);
#8336 = CARTESIAN_POINT('',(3.27,-0.2625,3.73));
#8337 = LINE('',#8338,#8339);
#8338 = CARTESIAN_POINT('',(3.27,-0.2625,0.3025));
#8339 = VECTOR('',#8340,1.);
#8340 = DIRECTION('',(0.,3.330669073875E-16,1.));
#8341 = ORIENTED_EDGE('',*,*,#8342,.F.);
#8342 = EDGE_CURVE('',#7893,#8335,#8343,.T.);
#8343 = LINE('',#8344,#8345);
#8344 = CARTESIAN_POINT('',(3.27,0.2625,3.73));
#8345 = VECTOR('',#8346,1.);
#8346 = DIRECTION('',(0.,-1.,3.330669073875E-16));
#8347 = ORIENTED_EDGE('',*,*,#7900,.T.);
#8348 = ORIENTED_EDGE('',*,*,#8153,.T.);
#8349 = PLANE('',#8350);
#8350 = AXIS2_PLACEMENT_3D('',#8351,#8352,#8353);
#8351 = CARTESIAN_POINT('',(3.27,0.2625,0.3025));
#8352 = DIRECTION('',(-1.,0.,0.));
#8353 = DIRECTION('',(0.,3.330669073875E-16,1.));
#8354 = ADVANCED_FACE('',(#8355),#8373,.F.);
#8355 = FACE_BOUND('',#8356,.F.);
#8356 = EDGE_LOOP('',(#8357,#8358,#8359,#8367));
#8357 = ORIENTED_EDGE('',*,*,#7892,.T.);
#8358 = ORIENTED_EDGE('',*,*,#8342,.T.);
#8359 = ORIENTED_EDGE('',*,*,#8360,.T.);
#8360 = EDGE_CURVE('',#8335,#8361,#8363,.T.);
#8361 = VERTEX_POINT('',#8362);
#8362 = CARTESIAN_POINT('',(1.81,-0.2625,3.73));
#8363 = LINE('',#8364,#8365);
#8364 = CARTESIAN_POINT('',(3.27,-0.2625,3.73));
#8365 = VECTOR('',#8366,1.);
#8366 = DIRECTION('',(-1.,0.,0.));
#8367 = ORIENTED_EDGE('',*,*,#8368,.F.);
#8368 = EDGE_CURVE('',#7885,#8361,#8369,.T.);
#8369 = LINE('',#8370,#8371);
#8370 = CARTESIAN_POINT('',(1.81,0.2625,3.73));
#8371 = VECTOR('',#8372,1.);
#8372 = DIRECTION('',(0.,-1.,3.330669073875E-16));
#8373 = PLANE('',#8374);
#8374 = AXIS2_PLACEMENT_3D('',#8375,#8376,#8377);
#8375 = CARTESIAN_POINT('',(3.27,0.2625,3.73));
#8376 = DIRECTION('',(0.,-3.330669073875E-16,-1.));
#8377 = DIRECTION('',(-1.,-0.,0.));
#8378 = ADVANCED_FACE('',(#8379),#8406,.F.);
#8379 = FACE_BOUND('',#8380,.F.);
#8380 = EDGE_LOOP('',(#8381,#8382,#8383,#8391,#8399,#8405));
#8381 = ORIENTED_EDGE('',*,*,#7884,.T.);
#8382 = ORIENTED_EDGE('',*,*,#8368,.T.);
#8383 = ORIENTED_EDGE('',*,*,#8384,.T.);
#8384 = EDGE_CURVE('',#8361,#8385,#8387,.T.);
#8385 = VERTEX_POINT('',#8386);
#8386 = CARTESIAN_POINT('',(1.81,-0.2625,0.3025));
#8387 = LINE('',#8388,#8389);
#8388 = CARTESIAN_POINT('',(1.81,-0.2625,3.73));
#8389 = VECTOR('',#8390,1.);
#8390 = DIRECTION('',(0.,-3.330669073875E-16,-1.));
#8391 = ORIENTED_EDGE('',*,*,#8392,.F.);
#8392 = EDGE_CURVE('',#8393,#8385,#8395,.T.);
#8393 = VERTEX_POINT('',#8394);
#8394 = CARTESIAN_POINT('',(1.81,0.2625,0.3025));
#8395 = LINE('',#8396,#8397);
#8396 = CARTESIAN_POINT('',(1.81,0.2625,0.3025));
#8397 = VECTOR('',#8398,1.);
#8398 = DIRECTION('',(0.,-1.,3.330669073875E-16));
#8399 = ORIENTED_EDGE('',*,*,#8400,.F.);
#8400 = EDGE_CURVE('',#8162,#8393,#8401,.T.);
#8401 = LINE('',#8402,#8403);
#8402 = CARTESIAN_POINT('',(1.81,0.2625,3.73));
#8403 = VECTOR('',#8404,1.);
#8404 = DIRECTION('',(0.,-3.330669073875E-16,-1.));
#8405 = ORIENTED_EDGE('',*,*,#8169,.T.);
#8406 = PLANE('',#8407);
#8407 = AXIS2_PLACEMENT_3D('',#8408,#8409,#8410);
#8408 = CARTESIAN_POINT('',(1.81,0.2625,3.73));
#8409 = DIRECTION('',(1.,0.,0.));
#8410 = DIRECTION('',(0.,-3.330669073875E-16,-1.));
#8411 = ADVANCED_FACE('',(#8412),#8446,.F.);
#8412 = FACE_BOUND('',#8413,.F.);
#8413 = EDGE_LOOP('',(#8414,#8422,#8430,#8438,#8444,#8445));
#8414 = ORIENTED_EDGE('',*,*,#8415,.F.);
#8415 = EDGE_CURVE('',#8416,#8177,#8418,.T.);
#8416 = VERTEX_POINT('',#8417);
#8417 = CARTESIAN_POINT('',(0.73,0.2625,0.302499999998));
#8418 = LINE('',#8419,#8420);
#8419 = CARTESIAN_POINT('',(0.73,0.2625,0.302499999998));
#8420 = VECTOR('',#8421,1.);
#8421 = DIRECTION('',(0.,3.330669073875E-16,1.));
#8422 = ORIENTED_EDGE('',*,*,#8423,.T.);
#8423 = EDGE_CURVE('',#8416,#8424,#8426,.T.);
#8424 = VERTEX_POINT('',#8425);
#8425 = CARTESIAN_POINT('',(0.73,-0.2625,0.302499999998));
#8426 = LINE('',#8427,#8428);
#8427 = CARTESIAN_POINT('',(0.73,0.2625,0.302499999998));
#8428 = VECTOR('',#8429,1.);
#8429 = DIRECTION('',(0.,-1.,3.330669073875E-16));
#8430 = ORIENTED_EDGE('',*,*,#8431,.T.);
#8431 = EDGE_CURVE('',#8424,#8432,#8434,.T.);
#8432 = VERTEX_POINT('',#8433);
#8433 = CARTESIAN_POINT('',(0.73,-0.2625,3.73));
#8434 = LINE('',#8435,#8436);
#8435 = CARTESIAN_POINT('',(0.73,-0.2625,0.302499999998));
#8436 = VECTOR('',#8437,1.);
#8437 = DIRECTION('',(0.,3.330669073875E-16,1.));
#8438 = ORIENTED_EDGE('',*,*,#8439,.F.);
#8439 = EDGE_CURVE('',#7861,#8432,#8440,.T.);
#8440 = LINE('',#8441,#8442);
#8441 = CARTESIAN_POINT('',(0.73,0.2625,3.73));
#8442 = VECTOR('',#8443,1.);
#8443 = DIRECTION('',(0.,-1.,3.330669073875E-16));
#8444 = ORIENTED_EDGE('',*,*,#7868,.T.);
#8445 = ORIENTED_EDGE('',*,*,#8176,.T.);
#8446 = PLANE('',#8447);
#8447 = AXIS2_PLACEMENT_3D('',#8448,#8449,#8450);
#8448 = CARTESIAN_POINT('',(0.73,0.2625,0.302499999998));
#8449 = DIRECTION('',(-1.,0.,0.));
#8450 = DIRECTION('',(0.,3.330669073875E-16,1.));
#8451 = ADVANCED_FACE('',(#8452),#8470,.F.);
#8452 = FACE_BOUND('',#8453,.F.);
#8453 = EDGE_LOOP('',(#8454,#8455,#8456,#8464));
#8454 = ORIENTED_EDGE('',*,*,#7860,.T.);
#8455 = ORIENTED_EDGE('',*,*,#8439,.T.);
#8456 = ORIENTED_EDGE('',*,*,#8457,.T.);
#8457 = EDGE_CURVE('',#8432,#8458,#8460,.T.);
#8458 = VERTEX_POINT('',#8459);
#8459 = CARTESIAN_POINT('',(-0.73,-0.2625,3.73));
#8460 = LINE('',#8461,#8462);
#8461 = CARTESIAN_POINT('',(0.73,-0.2625,3.73));
#8462 = VECTOR('',#8463,1.);
#8463 = DIRECTION('',(-1.,0.,0.));
#8464 = ORIENTED_EDGE('',*,*,#8465,.F.);
#8465 = EDGE_CURVE('',#7853,#8458,#8466,.T.);
#8466 = LINE('',#8467,#8468);
#8467 = CARTESIAN_POINT('',(-0.73,0.2625,3.73));
#8468 = VECTOR('',#8469,1.);
#8469 = DIRECTION('',(0.,-1.,3.330669073875E-16));
#8470 = PLANE('',#8471);
#8471 = AXIS2_PLACEMENT_3D('',#8472,#8473,#8474);
#8472 = CARTESIAN_POINT('',(0.73,0.2625,3.73));
#8473 = DIRECTION('',(0.,-3.330669073875E-16,-1.));
#8474 = DIRECTION('',(-1.,-0.,0.));
#8475 = ADVANCED_FACE('',(#8476),#8503,.F.);
#8476 = FACE_BOUND('',#8477,.F.);
#8477 = EDGE_LOOP('',(#8478,#8479,#8480,#8488,#8496,#8502));
#8478 = ORIENTED_EDGE('',*,*,#7852,.T.);
#8479 = ORIENTED_EDGE('',*,*,#8465,.T.);
#8480 = ORIENTED_EDGE('',*,*,#8481,.T.);
#8481 = EDGE_CURVE('',#8458,#8482,#8484,.T.);
#8482 = VERTEX_POINT('',#8483);
#8483 = CARTESIAN_POINT('',(-0.73,-0.2625,0.302499999998));
#8484 = LINE('',#8485,#8486);
#8485 = CARTESIAN_POINT('',(-0.73,-0.2625,3.73));
#8486 = VECTOR('',#8487,1.);
#8487 = DIRECTION('',(0.,-3.330669073875E-16,-1.));
#8488 = ORIENTED_EDGE('',*,*,#8489,.F.);
#8489 = EDGE_CURVE('',#8490,#8482,#8492,.T.);
#8490 = VERTEX_POINT('',#8491);
#8491 = CARTESIAN_POINT('',(-0.73,0.2625,0.302499999998));
#8492 = LINE('',#8493,#8494);
#8493 = CARTESIAN_POINT('',(-0.73,0.2625,0.302499999998));
#8494 = VECTOR('',#8495,1.);
#8495 = DIRECTION('',(0.,-1.,3.330669073875E-16));
#8496 = ORIENTED_EDGE('',*,*,#8497,.F.);
#8497 = EDGE_CURVE('',#8185,#8490,#8498,.T.);
#8498 = LINE('',#8499,#8500);
#8499 = CARTESIAN_POINT('',(-0.73,0.2625,3.73));
#8500 = VECTOR('',#8501,1.);
#8501 = DIRECTION('',(0.,-3.330669073875E-16,-1.));
#8502 = ORIENTED_EDGE('',*,*,#8192,.T.);
#8503 = PLANE('',#8504);
#8504 = AXIS2_PLACEMENT_3D('',#8505,#8506,#8507);
#8505 = CARTESIAN_POINT('',(-0.73,0.2625,3.73));
#8506 = DIRECTION('',(1.,0.,0.));
#8507 = DIRECTION('',(0.,-3.330669073875E-16,-1.));
#8508 = ADVANCED_FACE('',(#8509),#8543,.T.);
#8509 = FACE_BOUND('',#8510,.T.);
#8510 = EDGE_LOOP('',(#8511,#8512,#8520,#8528,#8536,#8542));
#8511 = ORIENTED_EDGE('',*,*,#8052,.T.);
#8512 = ORIENTED_EDGE('',*,*,#8513,.T.);
#8513 = EDGE_CURVE('',#8045,#8514,#8516,.T.);
#8514 = VERTEX_POINT('',#8515);
#8515 = CARTESIAN_POINT('',(-2.575,1.89,18.775));
#8516 = LINE('',#8517,#8518);
#8517 = CARTESIAN_POINT('',(-2.575,1.89,5.));
#8518 = VECTOR('',#8519,1.);
#8519 = DIRECTION('',(0.,0.,1.));
#8520 = ORIENTED_EDGE('',*,*,#8521,.T.);
#8521 = EDGE_CURVE('',#8514,#8522,#8524,.T.);
#8522 = VERTEX_POINT('',#8523);
#8523 = CARTESIAN_POINT('',(-2.575,3.16,18.775));
#8524 = LINE('',#8525,#8526);
#8525 = CARTESIAN_POINT('',(-2.575,1.89,18.775));
#8526 = VECTOR('',#8527,1.);
#8527 = DIRECTION('',(0.,1.,0.));
#8528 = ORIENTED_EDGE('',*,*,#8529,.F.);
#8529 = EDGE_CURVE('',#8530,#8522,#8532,.T.);
#8530 = VERTEX_POINT('',#8531);
#8531 = CARTESIAN_POINT('',(-2.575,3.16,5.));
#8532 = LINE('',#8533,#8534);
#8533 = CARTESIAN_POINT('',(-2.575,3.16,5.));
#8534 = VECTOR('',#8535,1.);
#8535 = DIRECTION('',(0.,0.,1.));
#8536 = ORIENTED_EDGE('',*,*,#8537,.F.);
#8537 = EDGE_CURVE('',#8077,#8530,#8538,.T.);
#8538 = LINE('',#8539,#8540);
#8539 = CARTESIAN_POINT('',(-2.575,1.89,5.));
#8540 = VECTOR('',#8541,1.);
#8541 = DIRECTION('',(0.,1.,0.));
#8542 = ORIENTED_EDGE('',*,*,#8076,.T.);
#8543 = PLANE('',#8544);
#8544 = AXIS2_PLACEMENT_3D('',#8545,#8546,#8547);
#8545 = CARTESIAN_POINT('',(-2.575,1.89,5.));
#8546 = DIRECTION('',(-1.,0.,0.));
#8547 = DIRECTION('',(0.,1.,0.));
#8548 = ADVANCED_FACE('',(#8549,#8567),#8578,.T.);
#8549 = FACE_BOUND('',#8550,.T.);
#8550 = EDGE_LOOP('',(#8551,#8552,#8560,#8566));
#8551 = ORIENTED_EDGE('',*,*,#8044,.T.);
#8552 = ORIENTED_EDGE('',*,*,#8553,.T.);
#8553 = EDGE_CURVE('',#8037,#8554,#8556,.T.);
#8554 = VERTEX_POINT('',#8555);
#8555 = CARTESIAN_POINT('',(7.655,1.89,18.775));
#8556 = LINE('',#8557,#8558);
#8557 = CARTESIAN_POINT('',(7.655,1.89,5.));
#8558 = VECTOR('',#8559,1.);
#8559 = DIRECTION('',(0.,0.,1.));
#8560 = ORIENTED_EDGE('',*,*,#8561,.T.);
#8561 = EDGE_CURVE('',#8554,#8514,#8562,.T.);
#8562 = LINE('',#8563,#8564);
#8563 = CARTESIAN_POINT('',(7.655,1.89,18.775));
#8564 = VECTOR('',#8565,1.);
#8565 = DIRECTION('',(-1.,0.,0.));
#8566 = ORIENTED_EDGE('',*,*,#8513,.F.);
#8567 = FACE_BOUND('',#8568,.T.);
#8568 = EDGE_LOOP('',(#8569));
#8569 = ORIENTED_EDGE('',*,*,#8570,.F.);
#8570 = EDGE_CURVE('',#8571,#8571,#8573,.T.);
#8571 = VERTEX_POINT('',#8572);
#8572 = CARTESIAN_POINT('',(4.4075,1.89,16.005));
#8573 = CIRCLE('',#8574,1.8675);
#8574 = AXIS2_PLACEMENT_3D('',#8575,#8576,#8577);
#8575 = CARTESIAN_POINT('',(2.54,1.89,16.005));
#8576 = DIRECTION('',(0.,-1.,2.22044604925E-16));
#8577 = DIRECTION('',(1.,0.,0.));
#8578 = PLANE('',#8579);
#8579 = AXIS2_PLACEMENT_3D('',#8580,#8581,#8582);
#8580 = CARTESIAN_POINT('',(7.655,1.89,5.));
#8581 = DIRECTION('',(0.,-1.,0.));
#8582 = DIRECTION('',(-1.,0.,0.));
#8583 = ADVANCED_FACE('',(#8584),#8611,.T.);
#8584 = FACE_BOUND('',#8585,.T.);
#8585 = EDGE_LOOP('',(#8586,#8594,#8602,#8608,#8609,#8610));
#8586 = ORIENTED_EDGE('',*,*,#8587,.F.);
#8587 = EDGE_CURVE('',#8588,#8085,#8590,.T.);
#8588 = VERTEX_POINT('',#8589);
#8589 = CARTESIAN_POINT('',(7.655,3.16,5.));
#8590 = LINE('',#8591,#8592);
#8591 = CARTESIAN_POINT('',(7.655,3.16,5.));
#8592 = VECTOR('',#8593,1.);
#8593 = DIRECTION('',(0.,-1.,0.));
#8594 = ORIENTED_EDGE('',*,*,#8595,.T.);
#8595 = EDGE_CURVE('',#8588,#8596,#8598,.T.);
#8596 = VERTEX_POINT('',#8597);
#8597 = CARTESIAN_POINT('',(7.655,3.16,18.775));
#8598 = LINE('',#8599,#8600);
#8599 = CARTESIAN_POINT('',(7.655,3.16,5.));
#8600 = VECTOR('',#8601,1.);
#8601 = DIRECTION('',(0.,0.,1.));
#8602 = ORIENTED_EDGE('',*,*,#8603,.T.);
#8603 = EDGE_CURVE('',#8596,#8554,#8604,.T.);
#8604 = LINE('',#8605,#8606);
#8605 = CARTESIAN_POINT('',(7.655,3.16,18.775));
#8606 = VECTOR('',#8607,1.);
#8607 = DIRECTION('',(0.,-1.,0.));
#8608 = ORIENTED_EDGE('',*,*,#8553,.F.);
#8609 = ORIENTED_EDGE('',*,*,#8036,.T.);
#8610 = ORIENTED_EDGE('',*,*,#8092,.T.);
#8611 = PLANE('',#8612);
#8612 = AXIS2_PLACEMENT_3D('',#8613,#8614,#8615);
#8613 = CARTESIAN_POINT('',(7.655,3.16,5.));
#8614 = DIRECTION('',(1.,0.,0.));
#8615 = DIRECTION('',(0.,-1.,0.));
#8616 = ADVANCED_FACE('',(#8617),#8628,.F.);
#8617 = FACE_BOUND('',#8618,.F.);
#8618 = EDGE_LOOP('',(#8619,#8625,#8626,#8627));
#8619 = ORIENTED_EDGE('',*,*,#8620,.F.);
#8620 = EDGE_CURVE('',#8530,#8588,#8621,.T.);
#8621 = LINE('',#8622,#8623);
#8622 = CARTESIAN_POINT('',(-2.575,3.16,5.));
#8623 = VECTOR('',#8624,1.);
#8624 = DIRECTION('',(1.,0.,0.));
#8625 = ORIENTED_EDGE('',*,*,#8537,.F.);
#8626 = ORIENTED_EDGE('',*,*,#8084,.T.);
#8627 = ORIENTED_EDGE('',*,*,#8587,.F.);
#8628 = PLANE('',#8629);
#8629 = AXIS2_PLACEMENT_3D('',#8630,#8631,#8632);
#8630 = CARTESIAN_POINT('',(-2.575,3.16,5.));
#8631 = DIRECTION('',(0.,0.,1.));
#8632 = DIRECTION('',(1.,0.,-0.));
#8633 = ADVANCED_FACE('',(#8634),#8685,.F.);
#8634 = FACE_BOUND('',#8635,.F.);
#8635 = EDGE_LOOP('',(#8636,#8637,#8645,#8653,#8661,#8669,#8677,#8683,
    #8684));
#8636 = ORIENTED_EDGE('',*,*,#8497,.T.);
#8637 = ORIENTED_EDGE('',*,*,#8638,.T.);
#8638 = EDGE_CURVE('',#8490,#8639,#8641,.T.);
#8639 = VERTEX_POINT('',#8640);
#8640 = CARTESIAN_POINT('',(-0.4275,0.2625,-8.743006318923E-17));
#8641 = LINE('',#8642,#8643);
#8642 = CARTESIAN_POINT('',(-0.73,0.2625,0.302499999998));
#8643 = VECTOR('',#8644,1.);
#8644 = DIRECTION('',(0.707106781188,-2.355138688019E-16,-0.707106781185
    ));
#8645 = ORIENTED_EDGE('',*,*,#8646,.T.);
#8646 = EDGE_CURVE('',#8639,#8647,#8649,.T.);
#8647 = VERTEX_POINT('',#8648);
#8648 = CARTESIAN_POINT('',(-0.4275,0.2625,-9.009548279765));
#8649 = LINE('',#8650,#8651);
#8650 = CARTESIAN_POINT('',(-0.4275,0.2625,-8.743006318923E-17));
#8651 = VECTOR('',#8652,1.);
#8652 = DIRECTION('',(-6.161368972952E-18,-3.330669073875E-16,-1.));
#8653 = ORIENTED_EDGE('',*,*,#8654,.T.);
#8654 = EDGE_CURVE('',#8647,#8655,#8657,.T.);
#8655 = VERTEX_POINT('',#8656);
#8656 = CARTESIAN_POINT('',(0.,0.2625,-9.75));
#8657 = LINE('',#8658,#8659);
#8658 = CARTESIAN_POINT('',(-0.4275,0.2625,-9.009548279765));
#8659 = VECTOR('',#8660,1.);
#8660 = DIRECTION('',(0.5,-2.884444029576E-16,-0.866025403784));
#8661 = ORIENTED_EDGE('',*,*,#8662,.T.);
#8662 = EDGE_CURVE('',#8655,#8663,#8665,.T.);
#8663 = VERTEX_POINT('',#8664);
#8664 = CARTESIAN_POINT('',(0.4275,0.2625,-9.009548279765));
#8665 = LINE('',#8666,#8667);
#8666 = CARTESIAN_POINT('',(0.,0.2625,-9.75));
#8667 = VECTOR('',#8668,1.);
#8668 = DIRECTION('',(0.5,2.884444029576E-16,0.866025403784));
#8669 = ORIENTED_EDGE('',*,*,#8670,.T.);
#8670 = EDGE_CURVE('',#8663,#8671,#8673,.T.);
#8671 = VERTEX_POINT('',#8672);
#8672 = CARTESIAN_POINT('',(0.4275,0.2625,-8.743006318923E-17));
#8673 = LINE('',#8674,#8675);
#8674 = CARTESIAN_POINT('',(0.4275,0.2625,-9.009548279765));
#8675 = VECTOR('',#8676,1.);
#8676 = DIRECTION('',(0.,3.330669073875E-16,1.));
#8677 = ORIENTED_EDGE('',*,*,#8678,.T.);
#8678 = EDGE_CURVE('',#8671,#8416,#8679,.T.);
#8679 = LINE('',#8680,#8681);
#8680 = CARTESIAN_POINT('',(0.4275,0.2625,-8.743006318923E-17));
#8681 = VECTOR('',#8682,1.);
#8682 = DIRECTION('',(0.707106781188,2.355138688019E-16,0.707106781185)
  );
#8683 = ORIENTED_EDGE('',*,*,#8415,.T.);
#8684 = ORIENTED_EDGE('',*,*,#8184,.T.);
#8685 = PLANE('',#8686);
#8686 = AXIS2_PLACEMENT_3D('',#8687,#8688,#8689);
#8687 = CARTESIAN_POINT('',(-0.73,0.2625,0.302499999998));
#8688 = DIRECTION('',(0.,-1.,3.330669073875E-16));
#8689 = DIRECTION('',(0.,-3.330669073875E-16,-1.));
#8690 = ADVANCED_FACE('',(#8691),#8742,.F.);
#8691 = FACE_BOUND('',#8692,.F.);
#8692 = EDGE_LOOP('',(#8693,#8694,#8702,#8710,#8718,#8726,#8734,#8740,
    #8741));
#8693 = ORIENTED_EDGE('',*,*,#8400,.T.);
#8694 = ORIENTED_EDGE('',*,*,#8695,.T.);
#8695 = EDGE_CURVE('',#8393,#8696,#8698,.T.);
#8696 = VERTEX_POINT('',#8697);
#8697 = CARTESIAN_POINT('',(2.1125,0.2625,-8.743006318923E-17));
#8698 = LINE('',#8699,#8700);
#8699 = CARTESIAN_POINT('',(1.81,0.2625,0.3025));
#8700 = VECTOR('',#8701,1.);
#8701 = DIRECTION('',(0.707106781187,-2.355138688025E-16,-0.707106781186
    ));
#8702 = ORIENTED_EDGE('',*,*,#8703,.T.);
#8703 = EDGE_CURVE('',#8696,#8704,#8706,.T.);
#8704 = VERTEX_POINT('',#8705);
#8705 = CARTESIAN_POINT('',(2.1125,0.2625,-9.009548279765));
#8706 = LINE('',#8707,#8708);
#8707 = CARTESIAN_POINT('',(2.1125,0.2625,-8.743006318923E-17));
#8708 = VECTOR('',#8709,1.);
#8709 = DIRECTION('',(0.,-3.330669073875E-16,-1.));
#8710 = ORIENTED_EDGE('',*,*,#8711,.T.);
#8711 = EDGE_CURVE('',#8704,#8712,#8714,.T.);
#8712 = VERTEX_POINT('',#8713);
#8713 = CARTESIAN_POINT('',(2.54,0.2625,-9.75));
#8714 = LINE('',#8715,#8716);
#8715 = CARTESIAN_POINT('',(2.1125,0.2625,-9.009548279765));
#8716 = VECTOR('',#8717,1.);
#8717 = DIRECTION('',(0.5,-2.884444029576E-16,-0.866025403784));
#8718 = ORIENTED_EDGE('',*,*,#8719,.T.);
#8719 = EDGE_CURVE('',#8712,#8720,#8722,.T.);
#8720 = VERTEX_POINT('',#8721);
#8721 = CARTESIAN_POINT('',(2.9675,0.2625,-9.009548279765));
#8722 = LINE('',#8723,#8724);
#8723 = CARTESIAN_POINT('',(2.54,0.2625,-9.75));
#8724 = VECTOR('',#8725,1.);
#8725 = DIRECTION('',(0.5,2.884444029576E-16,0.866025403784));
#8726 = ORIENTED_EDGE('',*,*,#8727,.T.);
#8727 = EDGE_CURVE('',#8720,#8728,#8730,.T.);
#8728 = VERTEX_POINT('',#8729);
#8729 = CARTESIAN_POINT('',(2.9675,0.2625,-8.743006318923E-17));
#8730 = LINE('',#8731,#8732);
#8731 = CARTESIAN_POINT('',(2.9675,0.2625,-9.009548279765));
#8732 = VECTOR('',#8733,1.);
#8733 = DIRECTION('',(0.,3.330669073875E-16,1.));
#8734 = ORIENTED_EDGE('',*,*,#8735,.T.);
#8735 = EDGE_CURVE('',#8728,#8319,#8736,.T.);
#8736 = LINE('',#8737,#8738);
#8737 = CARTESIAN_POINT('',(2.9675,0.2625,-8.743006318923E-17));
#8738 = VECTOR('',#8739,1.);
#8739 = DIRECTION('',(0.707106781187,2.355138688025E-16,0.707106781186)
  );
#8740 = ORIENTED_EDGE('',*,*,#8318,.T.);
#8741 = ORIENTED_EDGE('',*,*,#8161,.T.);
#8742 = PLANE('',#8743);
#8743 = AXIS2_PLACEMENT_3D('',#8744,#8745,#8746);
#8744 = CARTESIAN_POINT('',(1.81,0.2625,0.3025));
#8745 = DIRECTION('',(0.,-1.,3.330669073875E-16));
#8746 = DIRECTION('',(0.,-3.330669073875E-16,-1.));
#8747 = ADVANCED_FACE('',(#8748),#8799,.F.);
#8748 = FACE_BOUND('',#8749,.F.);
#8749 = EDGE_LOOP('',(#8750,#8751,#8759,#8767,#8775,#8783,#8791,#8797,
    #8798));
#8750 = ORIENTED_EDGE('',*,*,#8303,.T.);
#8751 = ORIENTED_EDGE('',*,*,#8752,.T.);
#8752 = EDGE_CURVE('',#8296,#8753,#8755,.T.);
#8753 = VERTEX_POINT('',#8754);
#8754 = CARTESIAN_POINT('',(4.6525,0.2625,-8.743006318923E-17));
#8755 = LINE('',#8756,#8757);
#8756 = CARTESIAN_POINT('',(4.35,0.2625,0.3025));
#8757 = VECTOR('',#8758,1.);
#8758 = DIRECTION('',(0.707106781187,-2.355138688025E-16,-0.707106781186
    ));
#8759 = ORIENTED_EDGE('',*,*,#8760,.T.);
#8760 = EDGE_CURVE('',#8753,#8761,#8763,.T.);
#8761 = VERTEX_POINT('',#8762);
#8762 = CARTESIAN_POINT('',(4.6525,0.2625,-9.009548279765));
#8763 = LINE('',#8764,#8765);
#8764 = CARTESIAN_POINT('',(4.6525,0.2625,-8.743006318923E-17));
#8765 = VECTOR('',#8766,1.);
#8766 = DIRECTION('',(0.,-3.330669073875E-16,-1.));
#8767 = ORIENTED_EDGE('',*,*,#8768,.T.);
#8768 = EDGE_CURVE('',#8761,#8769,#8771,.T.);
#8769 = VERTEX_POINT('',#8770);
#8770 = CARTESIAN_POINT('',(5.08,0.2625,-9.75));
#8771 = LINE('',#8772,#8773);
#8772 = CARTESIAN_POINT('',(4.6525,0.2625,-9.009548279765));
#8773 = VECTOR('',#8774,1.);
#8774 = DIRECTION('',(0.5,-2.884444029576E-16,-0.866025403784));
#8775 = ORIENTED_EDGE('',*,*,#8776,.T.);
#8776 = EDGE_CURVE('',#8769,#8777,#8779,.T.);
#8777 = VERTEX_POINT('',#8778);
#8778 = CARTESIAN_POINT('',(5.5075,0.2625,-9.009548279765));
#8779 = LINE('',#8780,#8781);
#8780 = CARTESIAN_POINT('',(5.08,0.2625,-9.75));
#8781 = VECTOR('',#8782,1.);
#8782 = DIRECTION('',(0.5,2.884444029576E-16,0.866025403784));
#8783 = ORIENTED_EDGE('',*,*,#8784,.T.);
#8784 = EDGE_CURVE('',#8777,#8785,#8787,.T.);
#8785 = VERTEX_POINT('',#8786);
#8786 = CARTESIAN_POINT('',(5.5075,0.2625,-8.743006318923E-17));
#8787 = LINE('',#8788,#8789);
#8788 = CARTESIAN_POINT('',(5.5075,0.2625,-9.009548279765));
#8789 = VECTOR('',#8790,1.);
#8790 = DIRECTION('',(0.,3.330669073875E-16,1.));
#8791 = ORIENTED_EDGE('',*,*,#8792,.T.);
#8792 = EDGE_CURVE('',#8785,#8222,#8793,.T.);
#8793 = LINE('',#8794,#8795);
#8794 = CARTESIAN_POINT('',(5.5075,0.2625,-8.743006318923E-17));
#8795 = VECTOR('',#8796,1.);
#8796 = DIRECTION('',(0.707106781187,2.355138688025E-16,0.707106781186)
  );
#8797 = ORIENTED_EDGE('',*,*,#8221,.T.);
#8798 = ORIENTED_EDGE('',*,*,#8138,.T.);
#8799 = PLANE('',#8800);
#8800 = AXIS2_PLACEMENT_3D('',#8801,#8802,#8803);
#8801 = CARTESIAN_POINT('',(4.35,0.2625,0.3025));
#8802 = DIRECTION('',(0.,-1.,3.330669073875E-16));
#8803 = DIRECTION('',(0.,-3.330669073875E-16,-1.));
#8804 = ADVANCED_FACE('',(#8805),#8856,.T.);
#8805 = FACE_BOUND('',#8806,.T.);
#8806 = EDGE_LOOP('',(#8807,#8815,#8823,#8831,#8839,#8847,#8853,#8854,
    #8855));
#8807 = ORIENTED_EDGE('',*,*,#8808,.T.);
#8808 = EDGE_CURVE('',#8288,#8809,#8811,.T.);
#8809 = VERTEX_POINT('',#8810);
#8810 = CARTESIAN_POINT('',(4.6525,-0.2625,8.743006318923E-17));
#8811 = LINE('',#8812,#8813);
#8812 = CARTESIAN_POINT('',(4.35,-0.2625,0.3025));
#8813 = VECTOR('',#8814,1.);
#8814 = DIRECTION('',(0.707106781187,-2.355138688025E-16,-0.707106781186
    ));
#8815 = ORIENTED_EDGE('',*,*,#8816,.T.);
#8816 = EDGE_CURVE('',#8809,#8817,#8819,.T.);
#8817 = VERTEX_POINT('',#8818);
#8818 = CARTESIAN_POINT('',(4.6525,-0.2625,-9.009548279765));
#8819 = LINE('',#8820,#8821);
#8820 = CARTESIAN_POINT('',(4.6525,-0.2625,8.743006318923E-17));
#8821 = VECTOR('',#8822,1.);
#8822 = DIRECTION('',(0.,-3.330669073875E-16,-1.));
#8823 = ORIENTED_EDGE('',*,*,#8824,.T.);
#8824 = EDGE_CURVE('',#8817,#8825,#8827,.T.);
#8825 = VERTEX_POINT('',#8826);
#8826 = CARTESIAN_POINT('',(5.08,-0.2625,-9.75));
#8827 = LINE('',#8828,#8829);
#8828 = CARTESIAN_POINT('',(4.6525,-0.2625,-9.009548279765));
#8829 = VECTOR('',#8830,1.);
#8830 = DIRECTION('',(0.5,-2.884444029576E-16,-0.866025403784));
#8831 = ORIENTED_EDGE('',*,*,#8832,.T.);
#8832 = EDGE_CURVE('',#8825,#8833,#8835,.T.);
#8833 = VERTEX_POINT('',#8834);
#8834 = CARTESIAN_POINT('',(5.5075,-0.2625,-9.009548279765));
#8835 = LINE('',#8836,#8837);
#8836 = CARTESIAN_POINT('',(5.08,-0.2625,-9.75));
#8837 = VECTOR('',#8838,1.);
#8838 = DIRECTION('',(0.5,2.884444029576E-16,0.866025403784));
#8839 = ORIENTED_EDGE('',*,*,#8840,.T.);
#8840 = EDGE_CURVE('',#8833,#8841,#8843,.T.);
#8841 = VERTEX_POINT('',#8842);
#8842 = CARTESIAN_POINT('',(5.5075,-0.2625,8.743006318923E-17));
#8843 = LINE('',#8844,#8845);
#8844 = CARTESIAN_POINT('',(5.5075,-0.2625,-9.009548279765));
#8845 = VECTOR('',#8846,1.);
#8846 = DIRECTION('',(0.,3.330669073875E-16,1.));
#8847 = ORIENTED_EDGE('',*,*,#8848,.T.);
#8848 = EDGE_CURVE('',#8841,#8230,#8849,.T.);
#8849 = LINE('',#8850,#8851);
#8850 = CARTESIAN_POINT('',(5.5075,-0.2625,8.743006318923E-17));
#8851 = VECTOR('',#8852,1.);
#8852 = DIRECTION('',(0.707106781187,2.355138688025E-16,0.707106781186)
  );
#8853 = ORIENTED_EDGE('',*,*,#8237,.T.);
#8854 = ORIENTED_EDGE('',*,*,#8263,.T.);
#8855 = ORIENTED_EDGE('',*,*,#8287,.T.);
#8856 = PLANE('',#8857);
#8857 = AXIS2_PLACEMENT_3D('',#8858,#8859,#8860);
#8858 = CARTESIAN_POINT('',(4.35,-0.2625,0.3025));
#8859 = DIRECTION('',(0.,-1.,3.330669073875E-16));
#8860 = DIRECTION('',(0.,-3.330669073875E-16,-1.));
#8861 = ADVANCED_FACE('',(#8862),#8873,.F.);
#8862 = FACE_BOUND('',#8863,.F.);
#8863 = EDGE_LOOP('',(#8864,#8870,#8871,#8872));
#8864 = ORIENTED_EDGE('',*,*,#8865,.T.);
#8865 = EDGE_CURVE('',#8785,#8841,#8866,.T.);
#8866 = LINE('',#8867,#8868);
#8867 = CARTESIAN_POINT('',(5.5075,0.2625,-8.743006318923E-17));
#8868 = VECTOR('',#8869,1.);
#8869 = DIRECTION('',(0.,-1.,3.330669073875E-16));
#8870 = ORIENTED_EDGE('',*,*,#8848,.T.);
#8871 = ORIENTED_EDGE('',*,*,#8229,.F.);
#8872 = ORIENTED_EDGE('',*,*,#8792,.F.);
#8873 = PLANE('',#8874);
#8874 = AXIS2_PLACEMENT_3D('',#8875,#8876,#8877);
#8875 = CARTESIAN_POINT('',(5.5075,0.2625,-8.743006318923E-17));
#8876 = DIRECTION('',(-0.707106781186,2.355138688026E-16,0.707106781187)
  );
#8877 = DIRECTION('',(0.707106781187,2.355138688025E-16,0.707106781186)
  );
#8878 = ADVANCED_FACE('',(#8879),#8890,.F.);
#8879 = FACE_BOUND('',#8880,.F.);
#8880 = EDGE_LOOP('',(#8881,#8882,#8883,#8889));
#8881 = ORIENTED_EDGE('',*,*,#8295,.T.);
#8882 = ORIENTED_EDGE('',*,*,#8808,.T.);
#8883 = ORIENTED_EDGE('',*,*,#8884,.F.);
#8884 = EDGE_CURVE('',#8753,#8809,#8885,.T.);
#8885 = LINE('',#8886,#8887);
#8886 = CARTESIAN_POINT('',(4.6525,0.2625,-8.743006318923E-17));
#8887 = VECTOR('',#8888,1.);
#8888 = DIRECTION('',(0.,-1.,3.330669073875E-16));
#8889 = ORIENTED_EDGE('',*,*,#8752,.F.);
#8890 = PLANE('',#8891);
#8891 = AXIS2_PLACEMENT_3D('',#8892,#8893,#8894);
#8892 = CARTESIAN_POINT('',(4.35,0.2625,0.3025));
#8893 = DIRECTION('',(0.707106781186,2.355138688026E-16,0.707106781187)
  );
#8894 = DIRECTION('',(0.707106781187,-2.355138688025E-16,-0.707106781186
    ));
#8895 = ADVANCED_FACE('',(#8896),#8947,.T.);
#8896 = FACE_BOUND('',#8897,.T.);
#8897 = EDGE_LOOP('',(#8898,#8906,#8914,#8922,#8930,#8938,#8944,#8945,
    #8946));
#8898 = ORIENTED_EDGE('',*,*,#8899,.T.);
#8899 = EDGE_CURVE('',#8385,#8900,#8902,.T.);
#8900 = VERTEX_POINT('',#8901);
#8901 = CARTESIAN_POINT('',(2.1125,-0.2625,8.743006318923E-17));
#8902 = LINE('',#8903,#8904);
#8903 = CARTESIAN_POINT('',(1.81,-0.2625,0.3025));
#8904 = VECTOR('',#8905,1.);
#8905 = DIRECTION('',(0.707106781187,-2.355138688025E-16,-0.707106781186
    ));
#8906 = ORIENTED_EDGE('',*,*,#8907,.T.);
#8907 = EDGE_CURVE('',#8900,#8908,#8910,.T.);
#8908 = VERTEX_POINT('',#8909);
#8909 = CARTESIAN_POINT('',(2.1125,-0.2625,-9.009548279765));
#8910 = LINE('',#8911,#8912);
#8911 = CARTESIAN_POINT('',(2.1125,-0.2625,8.743006318923E-17));
#8912 = VECTOR('',#8913,1.);
#8913 = DIRECTION('',(0.,-3.330669073875E-16,-1.));
#8914 = ORIENTED_EDGE('',*,*,#8915,.T.);
#8915 = EDGE_CURVE('',#8908,#8916,#8918,.T.);
#8916 = VERTEX_POINT('',#8917);
#8917 = CARTESIAN_POINT('',(2.54,-0.2625,-9.75));
#8918 = LINE('',#8919,#8920);
#8919 = CARTESIAN_POINT('',(2.1125,-0.2625,-9.009548279765));
#8920 = VECTOR('',#8921,1.);
#8921 = DIRECTION('',(0.5,-2.884444029576E-16,-0.866025403784));
#8922 = ORIENTED_EDGE('',*,*,#8923,.T.);
#8923 = EDGE_CURVE('',#8916,#8924,#8926,.T.);
#8924 = VERTEX_POINT('',#8925);
#8925 = CARTESIAN_POINT('',(2.9675,-0.2625,-9.009548279765));
#8926 = LINE('',#8927,#8928);
#8927 = CARTESIAN_POINT('',(2.54,-0.2625,-9.75));
#8928 = VECTOR('',#8929,1.);
#8929 = DIRECTION('',(0.5,2.884444029576E-16,0.866025403784));
#8930 = ORIENTED_EDGE('',*,*,#8931,.T.);
#8931 = EDGE_CURVE('',#8924,#8932,#8934,.T.);
#8932 = VERTEX_POINT('',#8933);
#8933 = CARTESIAN_POINT('',(2.9675,-0.2625,8.743006318923E-17));
#8934 = LINE('',#8935,#8936);
#8935 = CARTESIAN_POINT('',(2.9675,-0.2625,-9.009548279765));
#8936 = VECTOR('',#8937,1.);
#8937 = DIRECTION('',(0.,3.330669073875E-16,1.));
#8938 = ORIENTED_EDGE('',*,*,#8939,.T.);
#8939 = EDGE_CURVE('',#8932,#8327,#8940,.T.);
#8940 = LINE('',#8941,#8942);
#8941 = CARTESIAN_POINT('',(2.9675,-0.2625,8.743006318923E-17));
#8942 = VECTOR('',#8943,1.);
#8943 = DIRECTION('',(0.707106781187,2.355138688025E-16,0.707106781186)
  );
#8944 = ORIENTED_EDGE('',*,*,#8334,.T.);
#8945 = ORIENTED_EDGE('',*,*,#8360,.T.);
#8946 = ORIENTED_EDGE('',*,*,#8384,.T.);
#8947 = PLANE('',#8948);
#8948 = AXIS2_PLACEMENT_3D('',#8949,#8950,#8951);
#8949 = CARTESIAN_POINT('',(1.81,-0.2625,0.3025));
#8950 = DIRECTION('',(0.,-1.,3.330669073875E-16));
#8951 = DIRECTION('',(0.,-3.330669073875E-16,-1.));
#8952 = ADVANCED_FACE('',(#8953),#8964,.F.);
#8953 = FACE_BOUND('',#8954,.F.);
#8954 = EDGE_LOOP('',(#8955,#8961,#8962,#8963));
#8955 = ORIENTED_EDGE('',*,*,#8956,.T.);
#8956 = EDGE_CURVE('',#8728,#8932,#8957,.T.);
#8957 = LINE('',#8958,#8959);
#8958 = CARTESIAN_POINT('',(2.9675,0.2625,-8.743006318923E-17));
#8959 = VECTOR('',#8960,1.);
#8960 = DIRECTION('',(0.,-1.,3.330669073875E-16));
#8961 = ORIENTED_EDGE('',*,*,#8939,.T.);
#8962 = ORIENTED_EDGE('',*,*,#8326,.F.);
#8963 = ORIENTED_EDGE('',*,*,#8735,.F.);
#8964 = PLANE('',#8965);
#8965 = AXIS2_PLACEMENT_3D('',#8966,#8967,#8968);
#8966 = CARTESIAN_POINT('',(2.9675,0.2625,-8.743006318923E-17));
#8967 = DIRECTION('',(-0.707106781186,2.355138688026E-16,0.707106781187)
  );
#8968 = DIRECTION('',(0.707106781187,2.355138688025E-16,0.707106781186)
  );
#8969 = ADVANCED_FACE('',(#8970),#8981,.F.);
#8970 = FACE_BOUND('',#8971,.F.);
#8971 = EDGE_LOOP('',(#8972,#8973,#8974,#8980));
#8972 = ORIENTED_EDGE('',*,*,#8392,.T.);
#8973 = ORIENTED_EDGE('',*,*,#8899,.T.);
#8974 = ORIENTED_EDGE('',*,*,#8975,.F.);
#8975 = EDGE_CURVE('',#8696,#8900,#8976,.T.);
#8976 = LINE('',#8977,#8978);
#8977 = CARTESIAN_POINT('',(2.1125,0.2625,-8.743006318923E-17));
#8978 = VECTOR('',#8979,1.);
#8979 = DIRECTION('',(0.,-1.,3.330669073875E-16));
#8980 = ORIENTED_EDGE('',*,*,#8695,.F.);
#8981 = PLANE('',#8982);
#8982 = AXIS2_PLACEMENT_3D('',#8983,#8984,#8985);
#8983 = CARTESIAN_POINT('',(1.81,0.2625,0.3025));
#8984 = DIRECTION('',(0.707106781186,2.355138688026E-16,0.707106781187)
  );
#8985 = DIRECTION('',(0.707106781187,-2.355138688025E-16,-0.707106781186
    ));
#8986 = ADVANCED_FACE('',(#8987),#9038,.T.);
#8987 = FACE_BOUND('',#8988,.T.);
#8988 = EDGE_LOOP('',(#8989,#8997,#9005,#9013,#9021,#9029,#9035,#9036,
    #9037));
#8989 = ORIENTED_EDGE('',*,*,#8990,.T.);
#8990 = EDGE_CURVE('',#8482,#8991,#8993,.T.);
#8991 = VERTEX_POINT('',#8992);
#8992 = CARTESIAN_POINT('',(-0.4275,-0.2625,8.743006318923E-17));
#8993 = LINE('',#8994,#8995);
#8994 = CARTESIAN_POINT('',(-0.73,-0.2625,0.302499999998));
#8995 = VECTOR('',#8996,1.);
#8996 = DIRECTION('',(0.707106781188,-2.355138688019E-16,-0.707106781185
    ));
#8997 = ORIENTED_EDGE('',*,*,#8998,.T.);
#8998 = EDGE_CURVE('',#8991,#8999,#9001,.T.);
#8999 = VERTEX_POINT('',#9000);
#9000 = CARTESIAN_POINT('',(-0.4275,-0.2625,-9.009548279765));
#9001 = LINE('',#9002,#9003);
#9002 = CARTESIAN_POINT('',(-0.4275,-0.2625,8.743006318923E-17));
#9003 = VECTOR('',#9004,1.);
#9004 = DIRECTION('',(-6.161368972952E-18,-3.330669073875E-16,-1.));
#9005 = ORIENTED_EDGE('',*,*,#9006,.T.);
#9006 = EDGE_CURVE('',#8999,#9007,#9009,.T.);
#9007 = VERTEX_POINT('',#9008);
#9008 = CARTESIAN_POINT('',(0.,-0.2625,-9.75));
#9009 = LINE('',#9010,#9011);
#9010 = CARTESIAN_POINT('',(-0.4275,-0.2625,-9.009548279765));
#9011 = VECTOR('',#9012,1.);
#9012 = DIRECTION('',(0.5,-2.884444029576E-16,-0.866025403784));
#9013 = ORIENTED_EDGE('',*,*,#9014,.T.);
#9014 = EDGE_CURVE('',#9007,#9015,#9017,.T.);
#9015 = VERTEX_POINT('',#9016);
#9016 = CARTESIAN_POINT('',(0.4275,-0.2625,-9.009548279765));
#9017 = LINE('',#9018,#9019);
#9018 = CARTESIAN_POINT('',(0.,-0.2625,-9.75));
#9019 = VECTOR('',#9020,1.);
#9020 = DIRECTION('',(0.5,2.884444029576E-16,0.866025403784));
#9021 = ORIENTED_EDGE('',*,*,#9022,.T.);
#9022 = EDGE_CURVE('',#9015,#9023,#9025,.T.);
#9023 = VERTEX_POINT('',#9024);
#9024 = CARTESIAN_POINT('',(0.4275,-0.2625,8.743006318923E-17));
#9025 = LINE('',#9026,#9027);
#9026 = CARTESIAN_POINT('',(0.4275,-0.2625,-9.009548279765));
#9027 = VECTOR('',#9028,1.);
#9028 = DIRECTION('',(0.,3.330669073875E-16,1.));
#9029 = ORIENTED_EDGE('',*,*,#9030,.T.);
#9030 = EDGE_CURVE('',#9023,#8424,#9031,.T.);
#9031 = LINE('',#9032,#9033);
#9032 = CARTESIAN_POINT('',(0.4275,-0.2625,8.743006318923E-17));
#9033 = VECTOR('',#9034,1.);
#9034 = DIRECTION('',(0.707106781188,2.355138688019E-16,0.707106781185)
  );
#9035 = ORIENTED_EDGE('',*,*,#8431,.T.);
#9036 = ORIENTED_EDGE('',*,*,#8457,.T.);
#9037 = ORIENTED_EDGE('',*,*,#8481,.T.);
#9038 = PLANE('',#9039);
#9039 = AXIS2_PLACEMENT_3D('',#9040,#9041,#9042);
#9040 = CARTESIAN_POINT('',(-0.73,-0.2625,0.302499999998));
#9041 = DIRECTION('',(0.,-1.,3.330669073875E-16));
#9042 = DIRECTION('',(0.,-3.330669073875E-16,-1.));
#9043 = ADVANCED_FACE('',(#9044),#9055,.F.);
#9044 = FACE_BOUND('',#9045,.F.);
#9045 = EDGE_LOOP('',(#9046,#9052,#9053,#9054));
#9046 = ORIENTED_EDGE('',*,*,#9047,.T.);
#9047 = EDGE_CURVE('',#8671,#9023,#9048,.T.);
#9048 = LINE('',#9049,#9050);
#9049 = CARTESIAN_POINT('',(0.4275,0.2625,-8.743006318923E-17));
#9050 = VECTOR('',#9051,1.);
#9051 = DIRECTION('',(0.,-1.,3.330669073875E-16));
#9052 = ORIENTED_EDGE('',*,*,#9030,.T.);
#9053 = ORIENTED_EDGE('',*,*,#8423,.F.);
#9054 = ORIENTED_EDGE('',*,*,#8678,.F.);
#9055 = PLANE('',#9056);
#9056 = AXIS2_PLACEMENT_3D('',#9057,#9058,#9059);
#9057 = CARTESIAN_POINT('',(0.4275,0.2625,-8.743006318923E-17));
#9058 = DIRECTION('',(-0.707106781185,2.355138688032E-16,0.707106781188)
  );
#9059 = DIRECTION('',(0.707106781188,2.355138688019E-16,0.707106781185)
  );
#9060 = ADVANCED_FACE('',(#9061),#9072,.F.);
#9061 = FACE_BOUND('',#9062,.F.);
#9062 = EDGE_LOOP('',(#9063,#9064,#9065,#9071));
#9063 = ORIENTED_EDGE('',*,*,#8489,.T.);
#9064 = ORIENTED_EDGE('',*,*,#8990,.T.);
#9065 = ORIENTED_EDGE('',*,*,#9066,.F.);
#9066 = EDGE_CURVE('',#8639,#8991,#9067,.T.);
#9067 = LINE('',#9068,#9069);
#9068 = CARTESIAN_POINT('',(-0.4275,0.2625,-8.743006318923E-17));
#9069 = VECTOR('',#9070,1.);
#9070 = DIRECTION('',(0.,-1.,3.330669073875E-16));
#9071 = ORIENTED_EDGE('',*,*,#8638,.F.);
#9072 = PLANE('',#9073);
#9073 = AXIS2_PLACEMENT_3D('',#9074,#9075,#9076);
#9074 = CARTESIAN_POINT('',(-0.73,0.2625,0.302499999998));
#9075 = DIRECTION('',(0.707106781185,2.355138688032E-16,0.707106781188)
  );
#9076 = DIRECTION('',(0.707106781188,-2.355138688019E-16,-0.707106781185
    ));
#9077 = ADVANCED_FACE('',(#9078,#9089),#9100,.T.);
#9078 = FACE_BOUND('',#9079,.T.);
#9079 = EDGE_LOOP('',(#9080,#9081,#9087,#9088));
#9080 = ORIENTED_EDGE('',*,*,#8529,.T.);
#9081 = ORIENTED_EDGE('',*,*,#9082,.T.);
#9082 = EDGE_CURVE('',#8522,#8596,#9083,.T.);
#9083 = LINE('',#9084,#9085);
#9084 = CARTESIAN_POINT('',(-2.575,3.16,18.775));
#9085 = VECTOR('',#9086,1.);
#9086 = DIRECTION('',(1.,0.,0.));
#9087 = ORIENTED_EDGE('',*,*,#8595,.F.);
#9088 = ORIENTED_EDGE('',*,*,#8620,.F.);
#9089 = FACE_BOUND('',#9090,.T.);
#9090 = EDGE_LOOP('',(#9091));
#9091 = ORIENTED_EDGE('',*,*,#9092,.T.);
#9092 = EDGE_CURVE('',#9093,#9093,#9095,.T.);
#9093 = VERTEX_POINT('',#9094);
#9094 = CARTESIAN_POINT('',(4.4075,3.16,16.005));
#9095 = CIRCLE('',#9096,1.8675);
#9096 = AXIS2_PLACEMENT_3D('',#9097,#9098,#9099);
#9097 = CARTESIAN_POINT('',(2.54,3.16,16.005));
#9098 = DIRECTION('',(0.,-1.,2.22044604925E-16));
#9099 = DIRECTION('',(1.,0.,0.));
#9100 = PLANE('',#9101);
#9101 = AXIS2_PLACEMENT_3D('',#9102,#9103,#9104);
#9102 = CARTESIAN_POINT('',(-2.575,3.16,5.));
#9103 = DIRECTION('',(0.,1.,0.));
#9104 = DIRECTION('',(1.,0.,0.));
#9105 = ADVANCED_FACE('',(#9106),#9112,.T.);
#9106 = FACE_BOUND('',#9107,.F.);
#9107 = EDGE_LOOP('',(#9108,#9109,#9110,#9111));
#9108 = ORIENTED_EDGE('',*,*,#9082,.T.);
#9109 = ORIENTED_EDGE('',*,*,#8603,.T.);
#9110 = ORIENTED_EDGE('',*,*,#8561,.T.);
#9111 = ORIENTED_EDGE('',*,*,#8521,.T.);
#9112 = PLANE('',#9113);
#9113 = AXIS2_PLACEMENT_3D('',#9114,#9115,#9116);
#9114 = CARTESIAN_POINT('',(-2.575,3.16,18.775));
#9115 = DIRECTION('',(0.,0.,1.));
#9116 = DIRECTION('',(1.,0.,-0.));
#9117 = ADVANCED_FACE('',(#9118),#9129,.F.);
#9118 = FACE_BOUND('',#9119,.F.);
#9119 = EDGE_LOOP('',(#9120,#9121,#9127,#9128));
#9120 = ORIENTED_EDGE('',*,*,#8570,.F.);
#9121 = ORIENTED_EDGE('',*,*,#9122,.T.);
#9122 = EDGE_CURVE('',#8571,#9093,#9123,.T.);
#9123 = LINE('',#9124,#9125);
#9124 = CARTESIAN_POINT('',(4.4075,1.89,16.005));
#9125 = VECTOR('',#9126,1.);
#9126 = DIRECTION('',(0.,1.,-2.22044604925E-16));
#9127 = ORIENTED_EDGE('',*,*,#9092,.T.);
#9128 = ORIENTED_EDGE('',*,*,#9122,.F.);
#9129 = CYLINDRICAL_SURFACE('',#9130,1.8675);
#9130 = AXIS2_PLACEMENT_3D('',#9131,#9132,#9133);
#9131 = CARTESIAN_POINT('',(2.54,1.89,16.005));
#9132 = DIRECTION('',(0.,-1.,2.22044604925E-16));
#9133 = DIRECTION('',(1.,0.,0.));
#9134 = ADVANCED_FACE('',(#9135),#9146,.F.);
#9135 = FACE_BOUND('',#9136,.F.);
#9136 = EDGE_LOOP('',(#9137,#9143,#9144,#9145));
#9137 = ORIENTED_EDGE('',*,*,#9138,.T.);
#9138 = EDGE_CURVE('',#8663,#9015,#9139,.T.);
#9139 = LINE('',#9140,#9141);
#9140 = CARTESIAN_POINT('',(0.4275,0.2625,-9.009548279765));
#9141 = VECTOR('',#9142,1.);
#9142 = DIRECTION('',(0.,-1.,3.330669073875E-16));
#9143 = ORIENTED_EDGE('',*,*,#9022,.T.);
#9144 = ORIENTED_EDGE('',*,*,#9047,.F.);
#9145 = ORIENTED_EDGE('',*,*,#8670,.F.);
#9146 = PLANE('',#9147);
#9147 = AXIS2_PLACEMENT_3D('',#9148,#9149,#9150);
#9148 = CARTESIAN_POINT('',(0.4275,0.2625,-9.009548279765));
#9149 = DIRECTION('',(-1.,0.,0.));
#9150 = DIRECTION('',(0.,3.330669073875E-16,1.));
#9151 = ADVANCED_FACE('',(#9152),#9163,.F.);
#9152 = FACE_BOUND('',#9153,.F.);
#9153 = EDGE_LOOP('',(#9154,#9160,#9161,#9162));
#9154 = ORIENTED_EDGE('',*,*,#9155,.T.);
#9155 = EDGE_CURVE('',#8655,#9007,#9156,.T.);
#9156 = LINE('',#9157,#9158);
#9157 = CARTESIAN_POINT('',(0.,0.2625,-9.75));
#9158 = VECTOR('',#9159,1.);
#9159 = DIRECTION('',(0.,-1.,3.330669073875E-16));
#9160 = ORIENTED_EDGE('',*,*,#9014,.T.);
#9161 = ORIENTED_EDGE('',*,*,#9138,.F.);
#9162 = ORIENTED_EDGE('',*,*,#8662,.F.);
#9163 = PLANE('',#9164);
#9164 = AXIS2_PLACEMENT_3D('',#9165,#9166,#9167);
#9165 = CARTESIAN_POINT('',(0.,0.2625,-9.75));
#9166 = DIRECTION('',(-0.866025403784,1.66533453694E-16,0.5));
#9167 = DIRECTION('',(0.5,2.884444029576E-16,0.866025403784));
#9168 = ADVANCED_FACE('',(#9169),#9180,.F.);
#9169 = FACE_BOUND('',#9170,.F.);
#9170 = EDGE_LOOP('',(#9171,#9177,#9178,#9179));
#9171 = ORIENTED_EDGE('',*,*,#9172,.T.);
#9172 = EDGE_CURVE('',#8647,#8999,#9173,.T.);
#9173 = LINE('',#9174,#9175);
#9174 = CARTESIAN_POINT('',(-0.4275,0.2625,-9.009548279765));
#9175 = VECTOR('',#9176,1.);
#9176 = DIRECTION('',(0.,-1.,3.330669073875E-16));
#9177 = ORIENTED_EDGE('',*,*,#9006,.T.);
#9178 = ORIENTED_EDGE('',*,*,#9155,.F.);
#9179 = ORIENTED_EDGE('',*,*,#8654,.F.);
#9180 = PLANE('',#9181);
#9181 = AXIS2_PLACEMENT_3D('',#9182,#9183,#9184);
#9182 = CARTESIAN_POINT('',(-0.4275,0.2625,-9.009548279765));
#9183 = DIRECTION('',(0.866025403784,1.66533453694E-16,0.5));
#9184 = DIRECTION('',(0.5,-2.884444029576E-16,-0.866025403784));
#9185 = ADVANCED_FACE('',(#9186),#9192,.F.);
#9186 = FACE_BOUND('',#9187,.F.);
#9187 = EDGE_LOOP('',(#9188,#9189,#9190,#9191));
#9188 = ORIENTED_EDGE('',*,*,#9066,.T.);
#9189 = ORIENTED_EDGE('',*,*,#8998,.T.);
#9190 = ORIENTED_EDGE('',*,*,#9172,.F.);
#9191 = ORIENTED_EDGE('',*,*,#8646,.F.);
#9192 = PLANE('',#9193);
#9193 = AXIS2_PLACEMENT_3D('',#9194,#9195,#9196);
#9194 = CARTESIAN_POINT('',(-0.4275,0.2625,-8.743006318923E-17));
#9195 = DIRECTION('',(1.,-2.052148109095E-33,-6.161368972952E-18));
#9196 = DIRECTION('',(-6.161368972952E-18,-3.330669073875E-16,-1.));
#9197 = ADVANCED_FACE('',(#9198),#9209,.F.);
#9198 = FACE_BOUND('',#9199,.F.);
#9199 = EDGE_LOOP('',(#9200,#9206,#9207,#9208));
#9200 = ORIENTED_EDGE('',*,*,#9201,.T.);
#9201 = EDGE_CURVE('',#8720,#8924,#9202,.T.);
#9202 = LINE('',#9203,#9204);
#9203 = CARTESIAN_POINT('',(2.9675,0.2625,-9.009548279765));
#9204 = VECTOR('',#9205,1.);
#9205 = DIRECTION('',(0.,-1.,3.330669073875E-16));
#9206 = ORIENTED_EDGE('',*,*,#8931,.T.);
#9207 = ORIENTED_EDGE('',*,*,#8956,.F.);
#9208 = ORIENTED_EDGE('',*,*,#8727,.F.);
#9209 = PLANE('',#9210);
#9210 = AXIS2_PLACEMENT_3D('',#9211,#9212,#9213);
#9211 = CARTESIAN_POINT('',(2.9675,0.2625,-9.009548279765));
#9212 = DIRECTION('',(-1.,0.,0.));
#9213 = DIRECTION('',(0.,3.330669073875E-16,1.));
#9214 = ADVANCED_FACE('',(#9215),#9226,.F.);
#9215 = FACE_BOUND('',#9216,.F.);
#9216 = EDGE_LOOP('',(#9217,#9223,#9224,#9225));
#9217 = ORIENTED_EDGE('',*,*,#9218,.T.);
#9218 = EDGE_CURVE('',#8712,#8916,#9219,.T.);
#9219 = LINE('',#9220,#9221);
#9220 = CARTESIAN_POINT('',(2.54,0.2625,-9.75));
#9221 = VECTOR('',#9222,1.);
#9222 = DIRECTION('',(0.,-1.,3.330669073875E-16));
#9223 = ORIENTED_EDGE('',*,*,#8923,.T.);
#9224 = ORIENTED_EDGE('',*,*,#9201,.F.);
#9225 = ORIENTED_EDGE('',*,*,#8719,.F.);
#9226 = PLANE('',#9227);
#9227 = AXIS2_PLACEMENT_3D('',#9228,#9229,#9230);
#9228 = CARTESIAN_POINT('',(2.54,0.2625,-9.75));
#9229 = DIRECTION('',(-0.866025403784,1.66533453694E-16,0.5));
#9230 = DIRECTION('',(0.5,2.884444029576E-16,0.866025403784));
#9231 = ADVANCED_FACE('',(#9232),#9243,.F.);
#9232 = FACE_BOUND('',#9233,.F.);
#9233 = EDGE_LOOP('',(#9234,#9240,#9241,#9242));
#9234 = ORIENTED_EDGE('',*,*,#9235,.T.);
#9235 = EDGE_CURVE('',#8704,#8908,#9236,.T.);
#9236 = LINE('',#9237,#9238);
#9237 = CARTESIAN_POINT('',(2.1125,0.2625,-9.009548279765));
#9238 = VECTOR('',#9239,1.);
#9239 = DIRECTION('',(0.,-1.,3.330669073875E-16));
#9240 = ORIENTED_EDGE('',*,*,#8915,.T.);
#9241 = ORIENTED_EDGE('',*,*,#9218,.F.);
#9242 = ORIENTED_EDGE('',*,*,#8711,.F.);
#9243 = PLANE('',#9244);
#9244 = AXIS2_PLACEMENT_3D('',#9245,#9246,#9247);
#9245 = CARTESIAN_POINT('',(2.1125,0.2625,-9.009548279765));
#9246 = DIRECTION('',(0.866025403784,1.66533453694E-16,0.5));
#9247 = DIRECTION('',(0.5,-2.884444029576E-16,-0.866025403784));
#9248 = ADVANCED_FACE('',(#9249),#9255,.F.);
#9249 = FACE_BOUND('',#9250,.F.);
#9250 = EDGE_LOOP('',(#9251,#9252,#9253,#9254));
#9251 = ORIENTED_EDGE('',*,*,#8975,.T.);
#9252 = ORIENTED_EDGE('',*,*,#8907,.T.);
#9253 = ORIENTED_EDGE('',*,*,#9235,.F.);
#9254 = ORIENTED_EDGE('',*,*,#8703,.F.);
#9255 = PLANE('',#9256);
#9256 = AXIS2_PLACEMENT_3D('',#9257,#9258,#9259);
#9257 = CARTESIAN_POINT('',(2.1125,0.2625,-8.743006318923E-17));
#9258 = DIRECTION('',(1.,0.,0.));
#9259 = DIRECTION('',(0.,-3.330669073875E-16,-1.));
#9260 = ADVANCED_FACE('',(#9261),#9272,.F.);
#9261 = FACE_BOUND('',#9262,.F.);
#9262 = EDGE_LOOP('',(#9263,#9269,#9270,#9271));
#9263 = ORIENTED_EDGE('',*,*,#9264,.T.);
#9264 = EDGE_CURVE('',#8777,#8833,#9265,.T.);
#9265 = LINE('',#9266,#9267);
#9266 = CARTESIAN_POINT('',(5.5075,0.2625,-9.009548279765));
#9267 = VECTOR('',#9268,1.);
#9268 = DIRECTION('',(0.,-1.,3.330669073875E-16));
#9269 = ORIENTED_EDGE('',*,*,#8840,.T.);
#9270 = ORIENTED_EDGE('',*,*,#8865,.F.);
#9271 = ORIENTED_EDGE('',*,*,#8784,.F.);
#9272 = PLANE('',#9273);
#9273 = AXIS2_PLACEMENT_3D('',#9274,#9275,#9276);
#9274 = CARTESIAN_POINT('',(5.5075,0.2625,-9.009548279765));
#9275 = DIRECTION('',(-1.,0.,0.));
#9276 = DIRECTION('',(0.,3.330669073875E-16,1.));
#9277 = ADVANCED_FACE('',(#9278),#9289,.F.);
#9278 = FACE_BOUND('',#9279,.F.);
#9279 = EDGE_LOOP('',(#9280,#9286,#9287,#9288));
#9280 = ORIENTED_EDGE('',*,*,#9281,.T.);
#9281 = EDGE_CURVE('',#8769,#8825,#9282,.T.);
#9282 = LINE('',#9283,#9284);
#9283 = CARTESIAN_POINT('',(5.08,0.2625,-9.75));
#9284 = VECTOR('',#9285,1.);
#9285 = DIRECTION('',(0.,-1.,3.330669073875E-16));
#9286 = ORIENTED_EDGE('',*,*,#8832,.T.);
#9287 = ORIENTED_EDGE('',*,*,#9264,.F.);
#9288 = ORIENTED_EDGE('',*,*,#8776,.F.);
#9289 = PLANE('',#9290);
#9290 = AXIS2_PLACEMENT_3D('',#9291,#9292,#9293);
#9291 = CARTESIAN_POINT('',(5.08,0.2625,-9.75));
#9292 = DIRECTION('',(-0.866025403784,1.66533453694E-16,0.5));
#9293 = DIRECTION('',(0.5,2.884444029576E-16,0.866025403784));
#9294 = ADVANCED_FACE('',(#9295),#9306,.F.);
#9295 = FACE_BOUND('',#9296,.F.);
#9296 = EDGE_LOOP('',(#9297,#9303,#9304,#9305));
#9297 = ORIENTED_EDGE('',*,*,#9298,.T.);
#9298 = EDGE_CURVE('',#8761,#8817,#9299,.T.);
#9299 = LINE('',#9300,#9301);
#9300 = CARTESIAN_POINT('',(4.6525,0.2625,-9.009548279765));
#9301 = VECTOR('',#9302,1.);
#9302 = DIRECTION('',(0.,-1.,3.330669073875E-16));
#9303 = ORIENTED_EDGE('',*,*,#8824,.T.);
#9304 = ORIENTED_EDGE('',*,*,#9281,.F.);
#9305 = ORIENTED_EDGE('',*,*,#8768,.F.);
#9306 = PLANE('',#9307);
#9307 = AXIS2_PLACEMENT_3D('',#9308,#9309,#9310);
#9308 = CARTESIAN_POINT('',(4.6525,0.2625,-9.009548279765));
#9309 = DIRECTION('',(0.866025403784,1.66533453694E-16,0.5));
#9310 = DIRECTION('',(0.5,-2.884444029576E-16,-0.866025403784));
#9311 = ADVANCED_FACE('',(#9312),#9318,.F.);
#9312 = FACE_BOUND('',#9313,.F.);
#9313 = EDGE_LOOP('',(#9314,#9315,#9316,#9317));
#9314 = ORIENTED_EDGE('',*,*,#8884,.T.);
#9315 = ORIENTED_EDGE('',*,*,#8816,.T.);
#9316 = ORIENTED_EDGE('',*,*,#9298,.F.);
#9317 = ORIENTED_EDGE('',*,*,#8760,.F.);
#9318 = PLANE('',#9319);
#9319 = AXIS2_PLACEMENT_3D('',#9320,#9321,#9322);
#9320 = CARTESIAN_POINT('',(4.6525,0.2625,-8.743006318923E-17));
#9321 = DIRECTION('',(1.,0.,0.));
#9322 = DIRECTION('',(0.,-3.330669073875E-16,-1.));
#9323 = ( GEOMETRIC_REPRESENTATION_CONTEXT(3) 
GLOBAL_UNCERTAINTY_ASSIGNED_CONTEXT((#9327)) 
GLOBAL_UNIT_ASSIGNED_CONTEXT((#9324,#9325,#9326)) REPRESENTATION_CONTEXT
('Context #1','3D Context with UNIT and UNCERTAINTY') );
#9324 = ( LENGTH_UNIT() NAMED_UNIT(*) SI_UNIT(.MILLI.,.METRE.) );
#9325 = ( NAMED_UNIT(*) PLANE_ANGLE_UNIT() SI_UNIT($,.RADIAN.) );
#9326 = ( NAMED_UNIT(*) SI_UNIT($,.STERADIAN.) SOLID_ANGLE_UNIT() );
#9327 = UNCERTAINTY_MEASURE_WITH_UNIT(LENGTH_MEASURE(1.E-07),#9324,
  'distance_accuracy_value','confusion accuracy');
#9328 = CONTEXT_DEPENDENT_SHAPE_REPRESENTATION(#9329,#9331);
#9329 = ( REPRESENTATION_RELATIONSHIP('','',#7780,#10) 
REPRESENTATION_RELATIONSHIP_WITH_TRANSFORMATION(#9330) 
SHAPE_REPRESENTATION_RELATIONSHIP() );
#9330 = ITEM_DEFINED_TRANSFORMATION('','',#11,#31);
#9331 = PRODUCT_DEFINITION_SHAPE('Placement','Placement of an item',
  #9332);
#9332 = NEXT_ASSEMBLY_USAGE_OCCURRENCE('5','U1','',#5,#7775,$);
#9333 = PRODUCT_RELATED_PRODUCT_CATEGORY('part',$,(#7777));
#9334 = SHAPE_DEFINITION_REPRESENTATION(#9335,#9341);
#9335 = PRODUCT_DEFINITION_SHAPE('','',#9336);
#9336 = PRODUCT_DEFINITION('design','',#9337,#9340);
#9337 = PRODUCT_DEFINITION_FORMATION('','',#9338);
#9338 = PRODUCT('controller_PCB','controller_PCB','',(#9339));
#9339 = PRODUCT_CONTEXT('',#2,'mechanical');
#9340 = PRODUCT_DEFINITION_CONTEXT('part definition',#2,'design');
#9341 = ADVANCED_BREP_SHAPE_REPRESENTATION('',(#11,#9342),#12027);
#9342 = MANIFOLD_SOLID_BREP('',#9343);
#9343 = CLOSED_SHELL('',(#9344,#9384,#9415,#9446,#10178,#10910,#10922,
    #10939,#10956,#10973,#10990,#11007,#11024,#11041,#11058,#11075,
    #11092,#11109,#11126,#11143,#11160,#11177,#11194,#11211,#11228,
    #11245,#11262,#11279,#11296,#11313,#11330,#11347,#11364,#11381,
    #11398,#11415,#11432,#11449,#11466,#11483,#11500,#11517,#11534,
    #11551,#11568,#11585,#11602,#11619,#11636,#11653,#11670,#11687,
    #11704,#11721,#11738,#11755,#11772,#11789,#11806,#11823,#11840,
    #11857,#11874,#11891,#11908,#11925,#11942,#11959,#11976,#11993,
    #12010));
#9344 = ADVANCED_FACE('',(#9345),#9379,.T.);
#9345 = FACE_BOUND('',#9346,.T.);
#9346 = EDGE_LOOP('',(#9347,#9357,#9365,#9373));
#9347 = ORIENTED_EDGE('',*,*,#9348,.T.);
#9348 = EDGE_CURVE('',#9349,#9351,#9353,.T.);
#9349 = VERTEX_POINT('',#9350);
#9350 = CARTESIAN_POINT('',(226.,-135.5,0.));
#9351 = VERTEX_POINT('',#9352);
#9352 = CARTESIAN_POINT('',(226.,-135.5,1.51));
#9353 = LINE('',#9354,#9355);
#9354 = CARTESIAN_POINT('',(226.,-135.5,0.));
#9355 = VECTOR('',#9356,1.);
#9356 = DIRECTION('',(0.,0.,1.));
#9357 = ORIENTED_EDGE('',*,*,#9358,.T.);
#9358 = EDGE_CURVE('',#9351,#9359,#9361,.T.);
#9359 = VERTEX_POINT('',#9360);
#9360 = CARTESIAN_POINT('',(175.5,-135.5,1.51));
#9361 = LINE('',#9362,#9363);
#9362 = CARTESIAN_POINT('',(226.,-135.5,1.51));
#9363 = VECTOR('',#9364,1.);
#9364 = DIRECTION('',(-1.,0.,0.));
#9365 = ORIENTED_EDGE('',*,*,#9366,.F.);
#9366 = EDGE_CURVE('',#9367,#9359,#9369,.T.);
#9367 = VERTEX_POINT('',#9368);
#9368 = CARTESIAN_POINT('',(175.5,-135.5,0.));
#9369 = LINE('',#9370,#9371);
#9370 = CARTESIAN_POINT('',(175.5,-135.5,0.));
#9371 = VECTOR('',#9372,1.);
#9372 = DIRECTION('',(0.,0.,1.));
#9373 = ORIENTED_EDGE('',*,*,#9374,.F.);
#9374 = EDGE_CURVE('',#9349,#9367,#9375,.T.);
#9375 = LINE('',#9376,#9377);
#9376 = CARTESIAN_POINT('',(226.,-135.5,0.));
#9377 = VECTOR('',#9378,1.);
#9378 = DIRECTION('',(-1.,0.,0.));
#9379 = PLANE('',#9380);
#9380 = AXIS2_PLACEMENT_3D('',#9381,#9382,#9383);
#9381 = CARTESIAN_POINT('',(226.,-135.5,0.));
#9382 = DIRECTION('',(0.,-1.,0.));
#9383 = DIRECTION('',(-1.,0.,0.));
#9384 = ADVANCED_FACE('',(#9385),#9410,.T.);
#9385 = FACE_BOUND('',#9386,.T.);
#9386 = EDGE_LOOP('',(#9387,#9397,#9403,#9404));
#9387 = ORIENTED_EDGE('',*,*,#9388,.T.);
#9388 = EDGE_CURVE('',#9389,#9391,#9393,.T.);
#9389 = VERTEX_POINT('',#9390);
#9390 = CARTESIAN_POINT('',(226.,-77.5,0.));
#9391 = VERTEX_POINT('',#9392);
#9392 = CARTESIAN_POINT('',(226.,-77.5,1.51));
#9393 = LINE('',#9394,#9395);
#9394 = CARTESIAN_POINT('',(226.,-77.5,0.));
#9395 = VECTOR('',#9396,1.);
#9396 = DIRECTION('',(0.,0.,1.));
#9397 = ORIENTED_EDGE('',*,*,#9398,.T.);
#9398 = EDGE_CURVE('',#9391,#9351,#9399,.T.);
#9399 = LINE('',#9400,#9401);
#9400 = CARTESIAN_POINT('',(226.,-77.5,1.51));
#9401 = VECTOR('',#9402,1.);
#9402 = DIRECTION('',(0.,-1.,0.));
#9403 = ORIENTED_EDGE('',*,*,#9348,.F.);
#9404 = ORIENTED_EDGE('',*,*,#9405,.F.);
#9405 = EDGE_CURVE('',#9389,#9349,#9406,.T.);
#9406 = LINE('',#9407,#9408);
#9407 = CARTESIAN_POINT('',(226.,-77.5,0.));
#9408 = VECTOR('',#9409,1.);
#9409 = DIRECTION('',(0.,-1.,0.));
#9410 = PLANE('',#9411);
#9411 = AXIS2_PLACEMENT_3D('',#9412,#9413,#9414);
#9412 = CARTESIAN_POINT('',(226.,-77.5,0.));
#9413 = DIRECTION('',(1.,0.,-0.));
#9414 = DIRECTION('',(0.,-1.,0.));
#9415 = ADVANCED_FACE('',(#9416),#9441,.T.);
#9416 = FACE_BOUND('',#9417,.T.);
#9417 = EDGE_LOOP('',(#9418,#9419,#9427,#9435));
#9418 = ORIENTED_EDGE('',*,*,#9366,.T.);
#9419 = ORIENTED_EDGE('',*,*,#9420,.T.);
#9420 = EDGE_CURVE('',#9359,#9421,#9423,.T.);
#9421 = VERTEX_POINT('',#9422);
#9422 = CARTESIAN_POINT('',(175.5,-77.5,1.51));
#9423 = LINE('',#9424,#9425);
#9424 = CARTESIAN_POINT('',(175.5,-135.5,1.51));
#9425 = VECTOR('',#9426,1.);
#9426 = DIRECTION('',(0.,1.,0.));
#9427 = ORIENTED_EDGE('',*,*,#9428,.F.);
#9428 = EDGE_CURVE('',#9429,#9421,#9431,.T.);
#9429 = VERTEX_POINT('',#9430);
#9430 = CARTESIAN_POINT('',(175.5,-77.5,0.));
#9431 = LINE('',#9432,#9433);
#9432 = CARTESIAN_POINT('',(175.5,-77.5,0.));
#9433 = VECTOR('',#9434,1.);
#9434 = DIRECTION('',(0.,0.,1.));
#9435 = ORIENTED_EDGE('',*,*,#9436,.F.);
#9436 = EDGE_CURVE('',#9367,#9429,#9437,.T.);
#9437 = LINE('',#9438,#9439);
#9438 = CARTESIAN_POINT('',(175.5,-135.5,0.));
#9439 = VECTOR('',#9440,1.);
#9440 = DIRECTION('',(0.,1.,0.));
#9441 = PLANE('',#9442);
#9442 = AXIS2_PLACEMENT_3D('',#9443,#9444,#9445);
#9443 = CARTESIAN_POINT('',(175.5,-135.5,0.));
#9444 = DIRECTION('',(-1.,0.,0.));
#9445 = DIRECTION('',(0.,1.,0.));
#9446 = ADVANCED_FACE('',(#9447,#9458,#9469,#9480,#9491,#9502,#9513,
    #9524,#9535,#9546,#9557,#9568,#9579,#9590,#9601,#9612,#9623,#9634,
    #9645,#9656,#9667,#9678,#9689,#9700,#9711,#9722,#9733,#9744,#9755,
    #9766,#9777,#9788,#9799,#9810,#9821,#9832,#9843,#9854,#9865,#9876,
    #9887,#9898,#9909,#9920,#9931,#9942,#9953,#9964,#9975,#9986,#9997,
    #10008,#10019,#10030,#10041,#10052,#10063,#10074,#10085,#10096,
    #10107,#10118,#10129,#10140,#10151,#10162),#10173,.F.);
#9447 = FACE_BOUND('',#9448,.F.);
#9448 = EDGE_LOOP('',(#9449,#9450,#9451,#9457));
#9449 = ORIENTED_EDGE('',*,*,#9374,.F.);
#9450 = ORIENTED_EDGE('',*,*,#9405,.F.);
#9451 = ORIENTED_EDGE('',*,*,#9452,.F.);
#9452 = EDGE_CURVE('',#9429,#9389,#9453,.T.);
#9453 = LINE('',#9454,#9455);
#9454 = CARTESIAN_POINT('',(175.5,-77.5,0.));
#9455 = VECTOR('',#9456,1.);
#9456 = DIRECTION('',(1.,0.,0.));
#9457 = ORIENTED_EDGE('',*,*,#9436,.F.);
#9458 = FACE_BOUND('',#9459,.F.);
#9459 = EDGE_LOOP('',(#9460));
#9460 = ORIENTED_EDGE('',*,*,#9461,.T.);
#9461 = EDGE_CURVE('',#9462,#9462,#9464,.T.);
#9462 = VERTEX_POINT('',#9463);
#9463 = CARTESIAN_POINT('',(178.5,-133.6,0.));
#9464 = CIRCLE('',#9465,1.1);
#9465 = AXIS2_PLACEMENT_3D('',#9466,#9467,#9468);
#9466 = CARTESIAN_POINT('',(178.5,-132.5,0.));
#9467 = DIRECTION('',(-0.,0.,-1.));
#9468 = DIRECTION('',(-0.,-1.,0.));
#9469 = FACE_BOUND('',#9470,.F.);
#9470 = EDGE_LOOP('',(#9471));
#9471 = ORIENTED_EDGE('',*,*,#9472,.T.);
#9472 = EDGE_CURVE('',#9473,#9473,#9475,.T.);
#9473 = VERTEX_POINT('',#9474);
#9474 = CARTESIAN_POINT('',(182.11,-130.,0.));
#9475 = CIRCLE('',#9476,0.52);
#9476 = AXIS2_PLACEMENT_3D('',#9477,#9478,#9479);
#9477 = CARTESIAN_POINT('',(182.11,-129.48,0.));
#9478 = DIRECTION('',(-0.,0.,-1.));
#9479 = DIRECTION('',(-0.,-1.,0.));
#9480 = FACE_BOUND('',#9481,.F.);
#9481 = EDGE_LOOP('',(#9482));
#9482 = ORIENTED_EDGE('',*,*,#9483,.T.);
#9483 = EDGE_CURVE('',#9484,#9484,#9486,.T.);
#9484 = VERTEX_POINT('',#9485);
#9485 = CARTESIAN_POINT('',(182.11,-127.46,0.));
#9486 = CIRCLE('',#9487,0.52);
#9487 = AXIS2_PLACEMENT_3D('',#9488,#9489,#9490);
#9488 = CARTESIAN_POINT('',(182.11,-126.94,0.));
#9489 = DIRECTION('',(-0.,0.,-1.));
#9490 = DIRECTION('',(-0.,-1.,0.));
#9491 = FACE_BOUND('',#9492,.F.);
#9492 = EDGE_LOOP('',(#9493));
#9493 = ORIENTED_EDGE('',*,*,#9494,.T.);
#9494 = EDGE_CURVE('',#9495,#9495,#9497,.T.);
#9495 = VERTEX_POINT('',#9496);
#9496 = CARTESIAN_POINT('',(182.11,-124.92,0.));
#9497 = CIRCLE('',#9498,0.52);
#9498 = AXIS2_PLACEMENT_3D('',#9499,#9500,#9501);
#9499 = CARTESIAN_POINT('',(182.11,-124.4,0.));
#9500 = DIRECTION('',(-0.,0.,-1.));
#9501 = DIRECTION('',(-0.,-1.,0.));
#9502 = FACE_BOUND('',#9503,.F.);
#9503 = EDGE_LOOP('',(#9504));
#9504 = ORIENTED_EDGE('',*,*,#9505,.T.);
#9505 = EDGE_CURVE('',#9506,#9506,#9508,.T.);
#9506 = VERTEX_POINT('',#9507);
#9507 = CARTESIAN_POINT('',(182.11,-122.38,0.));
#9508 = CIRCLE('',#9509,0.52);
#9509 = AXIS2_PLACEMENT_3D('',#9510,#9511,#9512);
#9510 = CARTESIAN_POINT('',(182.11,-121.86,0.));
#9511 = DIRECTION('',(-0.,0.,-1.));
#9512 = DIRECTION('',(-0.,-1.,0.));
#9513 = FACE_BOUND('',#9514,.F.);
#9514 = EDGE_LOOP('',(#9515));
#9515 = ORIENTED_EDGE('',*,*,#9516,.T.);
#9516 = EDGE_CURVE('',#9517,#9517,#9519,.T.);
#9517 = VERTEX_POINT('',#9518);
#9518 = CARTESIAN_POINT('',(182.11,-119.84,0.));
#9519 = CIRCLE('',#9520,0.52);
#9520 = AXIS2_PLACEMENT_3D('',#9521,#9522,#9523);
#9521 = CARTESIAN_POINT('',(182.11,-119.32,0.));
#9522 = DIRECTION('',(-0.,0.,-1.));
#9523 = DIRECTION('',(-0.,-1.,0.));
#9524 = FACE_BOUND('',#9525,.F.);
#9525 = EDGE_LOOP('',(#9526));
#9526 = ORIENTED_EDGE('',*,*,#9527,.T.);
#9527 = EDGE_CURVE('',#9528,#9528,#9530,.T.);
#9528 = VERTEX_POINT('',#9529);
#9529 = CARTESIAN_POINT('',(182.11,-117.3,0.));
#9530 = CIRCLE('',#9531,0.52);
#9531 = AXIS2_PLACEMENT_3D('',#9532,#9533,#9534);
#9532 = CARTESIAN_POINT('',(182.11,-116.78,0.));
#9533 = DIRECTION('',(-0.,0.,-1.));
#9534 = DIRECTION('',(-0.,-1.,0.));
#9535 = FACE_BOUND('',#9536,.F.);
#9536 = EDGE_LOOP('',(#9537));
#9537 = ORIENTED_EDGE('',*,*,#9538,.T.);
#9538 = EDGE_CURVE('',#9539,#9539,#9541,.T.);
#9539 = VERTEX_POINT('',#9540);
#9540 = CARTESIAN_POINT('',(182.11,-114.76,0.));
#9541 = CIRCLE('',#9542,0.52);
#9542 = AXIS2_PLACEMENT_3D('',#9543,#9544,#9545);
#9543 = CARTESIAN_POINT('',(182.11,-114.24,0.));
#9544 = DIRECTION('',(-0.,0.,-1.));
#9545 = DIRECTION('',(-0.,-1.,0.));
#9546 = FACE_BOUND('',#9547,.F.);
#9547 = EDGE_LOOP('',(#9548));
#9548 = ORIENTED_EDGE('',*,*,#9549,.T.);
#9549 = EDGE_CURVE('',#9550,#9550,#9552,.T.);
#9550 = VERTEX_POINT('',#9551);
#9551 = CARTESIAN_POINT('',(182.11,-112.22,0.));
#9552 = CIRCLE('',#9553,0.52);
#9553 = AXIS2_PLACEMENT_3D('',#9554,#9555,#9556);
#9554 = CARTESIAN_POINT('',(182.11,-111.7,0.));
#9555 = DIRECTION('',(-0.,0.,-1.));
#9556 = DIRECTION('',(-0.,-1.,0.));
#9557 = FACE_BOUND('',#9558,.F.);
#9558 = EDGE_LOOP('',(#9559));
#9559 = ORIENTED_EDGE('',*,*,#9560,.T.);
#9560 = EDGE_CURVE('',#9561,#9561,#9563,.T.);
#9561 = VERTEX_POINT('',#9562);
#9562 = CARTESIAN_POINT('',(182.11,-109.68,0.));
#9563 = CIRCLE('',#9564,0.52);
#9564 = AXIS2_PLACEMENT_3D('',#9565,#9566,#9567);
#9565 = CARTESIAN_POINT('',(182.11,-109.16,0.));
#9566 = DIRECTION('',(-0.,0.,-1.));
#9567 = DIRECTION('',(-0.,-1.,0.));
#9568 = FACE_BOUND('',#9569,.F.);
#9569 = EDGE_LOOP('',(#9570));
#9570 = ORIENTED_EDGE('',*,*,#9571,.T.);
#9571 = EDGE_CURVE('',#9572,#9572,#9574,.T.);
#9572 = VERTEX_POINT('',#9573);
#9573 = CARTESIAN_POINT('',(182.11,-107.14,0.));
#9574 = CIRCLE('',#9575,0.52);
#9575 = AXIS2_PLACEMENT_3D('',#9576,#9577,#9578);
#9576 = CARTESIAN_POINT('',(182.11,-106.62,0.));
#9577 = DIRECTION('',(-0.,0.,-1.));
#9578 = DIRECTION('',(-0.,-1.,0.));
#9579 = FACE_BOUND('',#9580,.F.);
#9580 = EDGE_LOOP('',(#9581));
#9581 = ORIENTED_EDGE('',*,*,#9582,.T.);
#9582 = EDGE_CURVE('',#9583,#9583,#9585,.T.);
#9583 = VERTEX_POINT('',#9584);
#9584 = CARTESIAN_POINT('',(205.01,-130.,0.));
#9585 = CIRCLE('',#9586,0.52);
#9586 = AXIS2_PLACEMENT_3D('',#9587,#9588,#9589);
#9587 = CARTESIAN_POINT('',(205.01,-129.48,0.));
#9588 = DIRECTION('',(-0.,0.,-1.));
#9589 = DIRECTION('',(-0.,-1.,0.));
#9590 = FACE_BOUND('',#9591,.F.);
#9591 = EDGE_LOOP('',(#9592));
#9592 = ORIENTED_EDGE('',*,*,#9593,.T.);
#9593 = EDGE_CURVE('',#9594,#9594,#9596,.T.);
#9594 = VERTEX_POINT('',#9595);
#9595 = CARTESIAN_POINT('',(205.01,-127.46,0.));
#9596 = CIRCLE('',#9597,0.52);
#9597 = AXIS2_PLACEMENT_3D('',#9598,#9599,#9600);
#9598 = CARTESIAN_POINT('',(205.01,-126.94,0.));
#9599 = DIRECTION('',(-0.,0.,-1.));
#9600 = DIRECTION('',(-0.,-1.,0.));
#9601 = FACE_BOUND('',#9602,.F.);
#9602 = EDGE_LOOP('',(#9603));
#9603 = ORIENTED_EDGE('',*,*,#9604,.T.);
#9604 = EDGE_CURVE('',#9605,#9605,#9607,.T.);
#9605 = VERTEX_POINT('',#9606);
#9606 = CARTESIAN_POINT('',(211.5,-130.12,0.));
#9607 = CIRCLE('',#9608,0.5);
#9608 = AXIS2_PLACEMENT_3D('',#9609,#9610,#9611);
#9609 = CARTESIAN_POINT('',(211.5,-129.62,0.));
#9610 = DIRECTION('',(-0.,0.,-1.));
#9611 = DIRECTION('',(-0.,-1.,0.));
#9612 = FACE_BOUND('',#9613,.F.);
#9613 = EDGE_LOOP('',(#9614));
#9614 = ORIENTED_EDGE('',*,*,#9615,.T.);
#9615 = EDGE_CURVE('',#9616,#9616,#9618,.T.);
#9616 = VERTEX_POINT('',#9617);
#9617 = CARTESIAN_POINT('',(211.5,-127.58,0.));
#9618 = CIRCLE('',#9619,0.5);
#9619 = AXIS2_PLACEMENT_3D('',#9620,#9621,#9622);
#9620 = CARTESIAN_POINT('',(211.5,-127.08,0.));
#9621 = DIRECTION('',(-0.,0.,-1.));
#9622 = DIRECTION('',(-0.,-1.,0.));
#9623 = FACE_BOUND('',#9624,.F.);
#9624 = EDGE_LOOP('',(#9625));
#9625 = ORIENTED_EDGE('',*,*,#9626,.T.);
#9626 = EDGE_CURVE('',#9627,#9627,#9629,.T.);
#9627 = VERTEX_POINT('',#9628);
#9628 = CARTESIAN_POINT('',(205.01,-124.92,0.));
#9629 = CIRCLE('',#9630,0.52);
#9630 = AXIS2_PLACEMENT_3D('',#9631,#9632,#9633);
#9631 = CARTESIAN_POINT('',(205.01,-124.4,0.));
#9632 = DIRECTION('',(-0.,0.,-1.));
#9633 = DIRECTION('',(-0.,-1.,0.));
#9634 = FACE_BOUND('',#9635,.F.);
#9635 = EDGE_LOOP('',(#9636));
#9636 = ORIENTED_EDGE('',*,*,#9637,.T.);
#9637 = EDGE_CURVE('',#9638,#9638,#9640,.T.);
#9638 = VERTEX_POINT('',#9639);
#9639 = CARTESIAN_POINT('',(205.01,-122.38,0.));
#9640 = CIRCLE('',#9641,0.52);
#9641 = AXIS2_PLACEMENT_3D('',#9642,#9643,#9644);
#9642 = CARTESIAN_POINT('',(205.01,-121.86,0.));
#9643 = DIRECTION('',(-0.,0.,-1.));
#9644 = DIRECTION('',(-0.,-1.,0.));
#9645 = FACE_BOUND('',#9646,.F.);
#9646 = EDGE_LOOP('',(#9647));
#9647 = ORIENTED_EDGE('',*,*,#9648,.T.);
#9648 = EDGE_CURVE('',#9649,#9649,#9651,.T.);
#9649 = VERTEX_POINT('',#9650);
#9650 = CARTESIAN_POINT('',(211.5,-125.04,0.));
#9651 = CIRCLE('',#9652,0.5);
#9652 = AXIS2_PLACEMENT_3D('',#9653,#9654,#9655);
#9653 = CARTESIAN_POINT('',(211.5,-124.54,0.));
#9654 = DIRECTION('',(-0.,0.,-1.));
#9655 = DIRECTION('',(-0.,-1.,0.));
#9656 = FACE_BOUND('',#9657,.F.);
#9657 = EDGE_LOOP('',(#9658));
#9658 = ORIENTED_EDGE('',*,*,#9659,.T.);
#9659 = EDGE_CURVE('',#9660,#9660,#9662,.T.);
#9660 = VERTEX_POINT('',#9661);
#9661 = CARTESIAN_POINT('',(211.5,-122.5,0.));
#9662 = CIRCLE('',#9663,0.5);
#9663 = AXIS2_PLACEMENT_3D('',#9664,#9665,#9666);
#9664 = CARTESIAN_POINT('',(211.5,-122.,0.));
#9665 = DIRECTION('',(-0.,0.,-1.));
#9666 = DIRECTION('',(-0.,-1.,0.));
#9667 = FACE_BOUND('',#9668,.F.);
#9668 = EDGE_LOOP('',(#9669));
#9669 = ORIENTED_EDGE('',*,*,#9670,.T.);
#9670 = EDGE_CURVE('',#9671,#9671,#9673,.T.);
#9671 = VERTEX_POINT('',#9672);
#9672 = CARTESIAN_POINT('',(223.,-133.6,0.));
#9673 = CIRCLE('',#9674,1.1);
#9674 = AXIS2_PLACEMENT_3D('',#9675,#9676,#9677);
#9675 = CARTESIAN_POINT('',(223.,-132.5,0.));
#9676 = DIRECTION('',(-0.,0.,-1.));
#9677 = DIRECTION('',(-0.,-1.,0.));
#9678 = FACE_BOUND('',#9679,.F.);
#9679 = EDGE_LOOP('',(#9680));
#9680 = ORIENTED_EDGE('',*,*,#9681,.T.);
#9681 = EDGE_CURVE('',#9682,#9682,#9684,.T.);
#9682 = VERTEX_POINT('',#9683);
#9683 = CARTESIAN_POINT('',(218.5,-126.08,0.));
#9684 = CIRCLE('',#9685,0.5);
#9685 = AXIS2_PLACEMENT_3D('',#9686,#9687,#9688);
#9686 = CARTESIAN_POINT('',(218.5,-125.58,0.));
#9687 = DIRECTION('',(-0.,0.,-1.));
#9688 = DIRECTION('',(-0.,-1.,0.));
#9689 = FACE_BOUND('',#9690,.F.);
#9690 = EDGE_LOOP('',(#9691));
#9691 = ORIENTED_EDGE('',*,*,#9692,.T.);
#9692 = EDGE_CURVE('',#9693,#9693,#9695,.T.);
#9693 = VERTEX_POINT('',#9694);
#9694 = CARTESIAN_POINT('',(218.5,-123.54,0.));
#9695 = CIRCLE('',#9696,0.5);
#9696 = AXIS2_PLACEMENT_3D('',#9697,#9698,#9699);
#9697 = CARTESIAN_POINT('',(218.5,-123.04,0.));
#9698 = DIRECTION('',(-0.,0.,-1.));
#9699 = DIRECTION('',(-0.,-1.,0.));
#9700 = FACE_BOUND('',#9701,.F.);
#9701 = EDGE_LOOP('',(#9702));
#9702 = ORIENTED_EDGE('',*,*,#9703,.T.);
#9703 = EDGE_CURVE('',#9704,#9704,#9706,.T.);
#9704 = VERTEX_POINT('',#9705);
#9705 = CARTESIAN_POINT('',(205.01,-119.84,0.));
#9706 = CIRCLE('',#9707,0.52);
#9707 = AXIS2_PLACEMENT_3D('',#9708,#9709,#9710);
#9708 = CARTESIAN_POINT('',(205.01,-119.32,0.));
#9709 = DIRECTION('',(-0.,0.,-1.));
#9710 = DIRECTION('',(-0.,-1.,0.));
#9711 = FACE_BOUND('',#9712,.F.);
#9712 = EDGE_LOOP('',(#9713));
#9713 = ORIENTED_EDGE('',*,*,#9714,.T.);
#9714 = EDGE_CURVE('',#9715,#9715,#9717,.T.);
#9715 = VERTEX_POINT('',#9716);
#9716 = CARTESIAN_POINT('',(205.01,-117.3,0.));
#9717 = CIRCLE('',#9718,0.52);
#9718 = AXIS2_PLACEMENT_3D('',#9719,#9720,#9721);
#9719 = CARTESIAN_POINT('',(205.01,-116.78,0.));
#9720 = DIRECTION('',(-0.,0.,-1.));
#9721 = DIRECTION('',(-0.,-1.,0.));
#9722 = FACE_BOUND('',#9723,.F.);
#9723 = EDGE_LOOP('',(#9724));
#9724 = ORIENTED_EDGE('',*,*,#9725,.T.);
#9725 = EDGE_CURVE('',#9726,#9726,#9728,.T.);
#9726 = VERTEX_POINT('',#9727);
#9727 = CARTESIAN_POINT('',(205.01,-114.76,0.));
#9728 = CIRCLE('',#9729,0.52);
#9729 = AXIS2_PLACEMENT_3D('',#9730,#9731,#9732);
#9730 = CARTESIAN_POINT('',(205.01,-114.24,0.));
#9731 = DIRECTION('',(-0.,0.,-1.));
#9732 = DIRECTION('',(-0.,-1.,0.));
#9733 = FACE_BOUND('',#9734,.F.);
#9734 = EDGE_LOOP('',(#9735));
#9735 = ORIENTED_EDGE('',*,*,#9736,.T.);
#9736 = EDGE_CURVE('',#9737,#9737,#9739,.T.);
#9737 = VERTEX_POINT('',#9738);
#9738 = CARTESIAN_POINT('',(211.5,-119.96,0.));
#9739 = CIRCLE('',#9740,0.5);
#9740 = AXIS2_PLACEMENT_3D('',#9741,#9742,#9743);
#9741 = CARTESIAN_POINT('',(211.5,-119.46,0.));
#9742 = DIRECTION('',(-0.,0.,-1.));
#9743 = DIRECTION('',(-0.,-1.,0.));
#9744 = FACE_BOUND('',#9745,.F.);
#9745 = EDGE_LOOP('',(#9746));
#9746 = ORIENTED_EDGE('',*,*,#9747,.T.);
#9747 = EDGE_CURVE('',#9748,#9748,#9750,.T.);
#9748 = VERTEX_POINT('',#9749);
#9749 = CARTESIAN_POINT('',(211.5,-116.12,0.));
#9750 = CIRCLE('',#9751,0.5);
#9751 = AXIS2_PLACEMENT_3D('',#9752,#9753,#9754);
#9752 = CARTESIAN_POINT('',(211.5,-115.62,0.));
#9753 = DIRECTION('',(-0.,0.,-1.));
#9754 = DIRECTION('',(-0.,-1.,0.));
#9755 = FACE_BOUND('',#9756,.F.);
#9756 = EDGE_LOOP('',(#9757));
#9757 = ORIENTED_EDGE('',*,*,#9758,.T.);
#9758 = EDGE_CURVE('',#9759,#9759,#9761,.T.);
#9759 = VERTEX_POINT('',#9760);
#9760 = CARTESIAN_POINT('',(205.01,-112.22,0.));
#9761 = CIRCLE('',#9762,0.52);
#9762 = AXIS2_PLACEMENT_3D('',#9763,#9764,#9765);
#9763 = CARTESIAN_POINT('',(205.01,-111.7,0.));
#9764 = DIRECTION('',(-0.,0.,-1.));
#9765 = DIRECTION('',(-0.,-1.,0.));
#9766 = FACE_BOUND('',#9767,.F.);
#9767 = EDGE_LOOP('',(#9768));
#9768 = ORIENTED_EDGE('',*,*,#9769,.T.);
#9769 = EDGE_CURVE('',#9770,#9770,#9772,.T.);
#9770 = VERTEX_POINT('',#9771);
#9771 = CARTESIAN_POINT('',(205.01,-109.68,0.));
#9772 = CIRCLE('',#9773,0.52);
#9773 = AXIS2_PLACEMENT_3D('',#9774,#9775,#9776);
#9774 = CARTESIAN_POINT('',(205.01,-109.16,0.));
#9775 = DIRECTION('',(-0.,0.,-1.));
#9776 = DIRECTION('',(-0.,-1.,0.));
#9777 = FACE_BOUND('',#9778,.F.);
#9778 = EDGE_LOOP('',(#9779));
#9779 = ORIENTED_EDGE('',*,*,#9780,.T.);
#9780 = EDGE_CURVE('',#9781,#9781,#9783,.T.);
#9781 = VERTEX_POINT('',#9782);
#9782 = CARTESIAN_POINT('',(205.01,-107.14,0.));
#9783 = CIRCLE('',#9784,0.52);
#9784 = AXIS2_PLACEMENT_3D('',#9785,#9786,#9787);
#9785 = CARTESIAN_POINT('',(205.01,-106.62,0.));
#9786 = DIRECTION('',(-0.,0.,-1.));
#9787 = DIRECTION('',(-0.,-1.,0.));
#9788 = FACE_BOUND('',#9789,.F.);
#9789 = EDGE_LOOP('',(#9790));
#9790 = ORIENTED_EDGE('',*,*,#9791,.T.);
#9791 = EDGE_CURVE('',#9792,#9792,#9794,.T.);
#9792 = VERTEX_POINT('',#9793);
#9793 = CARTESIAN_POINT('',(211.5,-113.58,0.));
#9794 = CIRCLE('',#9795,0.5);
#9795 = AXIS2_PLACEMENT_3D('',#9796,#9797,#9798);
#9796 = CARTESIAN_POINT('',(211.5,-113.08,0.));
#9797 = DIRECTION('',(-0.,0.,-1.));
#9798 = DIRECTION('',(-0.,-1.,0.));
#9799 = FACE_BOUND('',#9800,.F.);
#9800 = EDGE_LOOP('',(#9801));
#9801 = ORIENTED_EDGE('',*,*,#9802,.T.);
#9802 = EDGE_CURVE('',#9803,#9803,#9805,.T.);
#9803 = VERTEX_POINT('',#9804);
#9804 = CARTESIAN_POINT('',(211.5,-111.04,0.));
#9805 = CIRCLE('',#9806,0.5);
#9806 = AXIS2_PLACEMENT_3D('',#9807,#9808,#9809);
#9807 = CARTESIAN_POINT('',(211.5,-110.54,0.));
#9808 = DIRECTION('',(-0.,0.,-1.));
#9809 = DIRECTION('',(-0.,-1.,0.));
#9810 = FACE_BOUND('',#9811,.F.);
#9811 = EDGE_LOOP('',(#9812));
#9812 = ORIENTED_EDGE('',*,*,#9813,.T.);
#9813 = EDGE_CURVE('',#9814,#9814,#9816,.T.);
#9814 = VERTEX_POINT('',#9815);
#9815 = CARTESIAN_POINT('',(211.5,-108.5,0.));
#9816 = CIRCLE('',#9817,0.5);
#9817 = AXIS2_PLACEMENT_3D('',#9818,#9819,#9820);
#9818 = CARTESIAN_POINT('',(211.5,-108.,0.));
#9819 = DIRECTION('',(-0.,0.,-1.));
#9820 = DIRECTION('',(-0.,-1.,0.));
#9821 = FACE_BOUND('',#9822,.F.);
#9822 = EDGE_LOOP('',(#9823));
#9823 = ORIENTED_EDGE('',*,*,#9824,.T.);
#9824 = EDGE_CURVE('',#9825,#9825,#9827,.T.);
#9825 = VERTEX_POINT('',#9826);
#9826 = CARTESIAN_POINT('',(218.5,-115.58,0.));
#9827 = CIRCLE('',#9828,0.5);
#9828 = AXIS2_PLACEMENT_3D('',#9829,#9830,#9831);
#9829 = CARTESIAN_POINT('',(218.5,-115.08,0.));
#9830 = DIRECTION('',(-0.,0.,-1.));
#9831 = DIRECTION('',(-0.,-1.,0.));
#9832 = FACE_BOUND('',#9833,.F.);
#9833 = EDGE_LOOP('',(#9834));
#9834 = ORIENTED_EDGE('',*,*,#9835,.T.);
#9835 = EDGE_CURVE('',#9836,#9836,#9838,.T.);
#9836 = VERTEX_POINT('',#9837);
#9837 = CARTESIAN_POINT('',(218.5,-113.04,0.));
#9838 = CIRCLE('',#9839,0.5);
#9839 = AXIS2_PLACEMENT_3D('',#9840,#9841,#9842);
#9840 = CARTESIAN_POINT('',(218.5,-112.54,0.));
#9841 = DIRECTION('',(-0.,0.,-1.));
#9842 = DIRECTION('',(-0.,-1.,0.));
#9843 = FACE_BOUND('',#9844,.F.);
#9844 = EDGE_LOOP('',(#9845));
#9845 = ORIENTED_EDGE('',*,*,#9846,.T.);
#9846 = EDGE_CURVE('',#9847,#9847,#9849,.T.);
#9847 = VERTEX_POINT('',#9848);
#9848 = CARTESIAN_POINT('',(218.5,-110.5,0.));
#9849 = CIRCLE('',#9850,0.5);
#9850 = AXIS2_PLACEMENT_3D('',#9851,#9852,#9853);
#9851 = CARTESIAN_POINT('',(218.5,-110.,0.));
#9852 = DIRECTION('',(-0.,0.,-1.));
#9853 = DIRECTION('',(-0.,-1.,0.));
#9854 = FACE_BOUND('',#9855,.F.);
#9855 = EDGE_LOOP('',(#9856));
#9856 = ORIENTED_EDGE('',*,*,#9857,.T.);
#9857 = EDGE_CURVE('',#9858,#9858,#9860,.T.);
#9858 = VERTEX_POINT('',#9859);
#9859 = CARTESIAN_POINT('',(218.5,-107.96,0.));
#9860 = CIRCLE('',#9861,0.5);
#9861 = AXIS2_PLACEMENT_3D('',#9862,#9863,#9864);
#9862 = CARTESIAN_POINT('',(218.5,-107.46,0.));
#9863 = DIRECTION('',(-0.,0.,-1.));
#9864 = DIRECTION('',(-0.,-1.,0.));
#9865 = FACE_BOUND('',#9866,.F.);
#9866 = EDGE_LOOP('',(#9867));
#9867 = ORIENTED_EDGE('',*,*,#9868,.T.);
#9868 = EDGE_CURVE('',#9869,#9869,#9871,.T.);
#9869 = VERTEX_POINT('',#9870);
#9870 = CARTESIAN_POINT('',(182.11,-104.6,0.));
#9871 = CIRCLE('',#9872,0.52);
#9872 = AXIS2_PLACEMENT_3D('',#9873,#9874,#9875);
#9873 = CARTESIAN_POINT('',(182.11,-104.08,0.));
#9874 = DIRECTION('',(-0.,0.,-1.));
#9875 = DIRECTION('',(-0.,-1.,0.));
#9876 = FACE_BOUND('',#9877,.F.);
#9877 = EDGE_LOOP('',(#9878));
#9878 = ORIENTED_EDGE('',*,*,#9879,.T.);
#9879 = EDGE_CURVE('',#9880,#9880,#9882,.T.);
#9880 = VERTEX_POINT('',#9881);
#9881 = CARTESIAN_POINT('',(182.11,-102.06,0.));
#9882 = CIRCLE('',#9883,0.52);
#9883 = AXIS2_PLACEMENT_3D('',#9884,#9885,#9886);
#9884 = CARTESIAN_POINT('',(182.11,-101.54,0.));
#9885 = DIRECTION('',(-0.,0.,-1.));
#9886 = DIRECTION('',(-0.,-1.,0.));
#9887 = FACE_BOUND('',#9888,.F.);
#9888 = EDGE_LOOP('',(#9889));
#9889 = ORIENTED_EDGE('',*,*,#9890,.T.);
#9890 = EDGE_CURVE('',#9891,#9891,#9893,.T.);
#9891 = VERTEX_POINT('',#9892);
#9892 = CARTESIAN_POINT('',(182.11,-99.52,0.));
#9893 = CIRCLE('',#9894,0.52);
#9894 = AXIS2_PLACEMENT_3D('',#9895,#9896,#9897);
#9895 = CARTESIAN_POINT('',(182.11,-99.,0.));
#9896 = DIRECTION('',(-0.,0.,-1.));
#9897 = DIRECTION('',(-0.,-1.,0.));
#9898 = FACE_BOUND('',#9899,.F.);
#9899 = EDGE_LOOP('',(#9900));
#9900 = ORIENTED_EDGE('',*,*,#9901,.T.);
#9901 = EDGE_CURVE('',#9902,#9902,#9904,.T.);
#9902 = VERTEX_POINT('',#9903);
#9903 = CARTESIAN_POINT('',(182.11,-96.98,0.));
#9904 = CIRCLE('',#9905,0.52);
#9905 = AXIS2_PLACEMENT_3D('',#9906,#9907,#9908);
#9906 = CARTESIAN_POINT('',(182.11,-96.46,0.));
#9907 = DIRECTION('',(-0.,0.,-1.));
#9908 = DIRECTION('',(-0.,-1.,0.));
#9909 = FACE_BOUND('',#9910,.F.);
#9910 = EDGE_LOOP('',(#9911));
#9911 = ORIENTED_EDGE('',*,*,#9912,.T.);
#9912 = EDGE_CURVE('',#9913,#9913,#9915,.T.);
#9913 = VERTEX_POINT('',#9914);
#9914 = CARTESIAN_POINT('',(182.11,-94.44,0.));
#9915 = CIRCLE('',#9916,0.52);
#9916 = AXIS2_PLACEMENT_3D('',#9917,#9918,#9919);
#9917 = CARTESIAN_POINT('',(182.11,-93.92,0.));
#9918 = DIRECTION('',(-0.,0.,-1.));
#9919 = DIRECTION('',(-0.,-1.,0.));
#9920 = FACE_BOUND('',#9921,.F.);
#9921 = EDGE_LOOP('',(#9922));
#9922 = ORIENTED_EDGE('',*,*,#9923,.T.);
#9923 = EDGE_CURVE('',#9924,#9924,#9926,.T.);
#9924 = VERTEX_POINT('',#9925);
#9925 = CARTESIAN_POINT('',(182.11,-91.9,0.));
#9926 = CIRCLE('',#9927,0.52);
#9927 = AXIS2_PLACEMENT_3D('',#9928,#9929,#9930);
#9928 = CARTESIAN_POINT('',(182.11,-91.38,0.));
#9929 = DIRECTION('',(-0.,0.,-1.));
#9930 = DIRECTION('',(-0.,-1.,0.));
#9931 = FACE_BOUND('',#9932,.F.);
#9932 = EDGE_LOOP('',(#9933));
#9933 = ORIENTED_EDGE('',*,*,#9934,.T.);
#9934 = EDGE_CURVE('',#9935,#9935,#9937,.T.);
#9935 = VERTEX_POINT('',#9936);
#9936 = CARTESIAN_POINT('',(182.11,-89.36,0.));
#9937 = CIRCLE('',#9938,0.52);
#9938 = AXIS2_PLACEMENT_3D('',#9939,#9940,#9941);
#9939 = CARTESIAN_POINT('',(182.11,-88.84,0.));
#9940 = DIRECTION('',(-0.,0.,-1.));
#9941 = DIRECTION('',(-0.,-1.,0.));
#9942 = FACE_BOUND('',#9943,.F.);
#9943 = EDGE_LOOP('',(#9944));
#9944 = ORIENTED_EDGE('',*,*,#9945,.T.);
#9945 = EDGE_CURVE('',#9946,#9946,#9948,.T.);
#9946 = VERTEX_POINT('',#9947);
#9947 = CARTESIAN_POINT('',(182.11,-86.82,0.));
#9948 = CIRCLE('',#9949,0.52);
#9949 = AXIS2_PLACEMENT_3D('',#9950,#9951,#9952);
#9950 = CARTESIAN_POINT('',(182.11,-86.3,0.));
#9951 = DIRECTION('',(-0.,0.,-1.));
#9952 = DIRECTION('',(-0.,-1.,0.));
#9953 = FACE_BOUND('',#9954,.F.);
#9954 = EDGE_LOOP('',(#9955));
#9955 = ORIENTED_EDGE('',*,*,#9956,.T.);
#9956 = EDGE_CURVE('',#9957,#9957,#9959,.T.);
#9957 = VERTEX_POINT('',#9958);
#9958 = CARTESIAN_POINT('',(182.11,-84.28,0.));
#9959 = CIRCLE('',#9960,0.52);
#9960 = AXIS2_PLACEMENT_3D('',#9961,#9962,#9963);
#9961 = CARTESIAN_POINT('',(182.11,-83.76,0.));
#9962 = DIRECTION('',(-0.,0.,-1.));
#9963 = DIRECTION('',(-0.,-1.,0.));
#9964 = FACE_BOUND('',#9965,.F.);
#9965 = EDGE_LOOP('',(#9966));
#9966 = ORIENTED_EDGE('',*,*,#9967,.T.);
#9967 = EDGE_CURVE('',#9968,#9968,#9970,.T.);
#9968 = VERTEX_POINT('',#9969);
#9969 = CARTESIAN_POINT('',(178.5,-81.6,0.));
#9970 = CIRCLE('',#9971,1.1);
#9971 = AXIS2_PLACEMENT_3D('',#9972,#9973,#9974);
#9972 = CARTESIAN_POINT('',(178.5,-80.5,0.));
#9973 = DIRECTION('',(-0.,0.,-1.));
#9974 = DIRECTION('',(-0.,-1.,0.));
#9975 = FACE_BOUND('',#9976,.F.);
#9976 = EDGE_LOOP('',(#9977));
#9977 = ORIENTED_EDGE('',*,*,#9978,.T.);
#9978 = EDGE_CURVE('',#9979,#9979,#9981,.T.);
#9979 = VERTEX_POINT('',#9980);
#9980 = CARTESIAN_POINT('',(205.01,-104.6,0.));
#9981 = CIRCLE('',#9982,0.52);
#9982 = AXIS2_PLACEMENT_3D('',#9983,#9984,#9985);
#9983 = CARTESIAN_POINT('',(205.01,-104.08,0.));
#9984 = DIRECTION('',(-0.,0.,-1.));
#9985 = DIRECTION('',(-0.,-1.,0.));
#9986 = FACE_BOUND('',#9987,.F.);
#9987 = EDGE_LOOP('',(#9988));
#9988 = ORIENTED_EDGE('',*,*,#9989,.T.);
#9989 = EDGE_CURVE('',#9990,#9990,#9992,.T.);
#9990 = VERTEX_POINT('',#9991);
#9991 = CARTESIAN_POINT('',(205.01,-102.06,0.));
#9992 = CIRCLE('',#9993,0.52);
#9993 = AXIS2_PLACEMENT_3D('',#9994,#9995,#9996);
#9994 = CARTESIAN_POINT('',(205.01,-101.54,0.));
#9995 = DIRECTION('',(-0.,0.,-1.));
#9996 = DIRECTION('',(-0.,-1.,0.));
#9997 = FACE_BOUND('',#9998,.F.);
#9998 = EDGE_LOOP('',(#9999));
#9999 = ORIENTED_EDGE('',*,*,#10000,.T.);
#10000 = EDGE_CURVE('',#10001,#10001,#10003,.T.);
#10001 = VERTEX_POINT('',#10002);
#10002 = CARTESIAN_POINT('',(211.5,-105.96,0.));
#10003 = CIRCLE('',#10004,0.5);
#10004 = AXIS2_PLACEMENT_3D('',#10005,#10006,#10007);
#10005 = CARTESIAN_POINT('',(211.5,-105.46,0.));
#10006 = DIRECTION('',(-0.,0.,-1.));
#10007 = DIRECTION('',(-0.,-1.,0.));
#10008 = FACE_BOUND('',#10009,.F.);
#10009 = EDGE_LOOP('',(#10010));
#10010 = ORIENTED_EDGE('',*,*,#10011,.T.);
#10011 = EDGE_CURVE('',#10012,#10012,#10014,.T.);
#10012 = VERTEX_POINT('',#10013);
#10013 = CARTESIAN_POINT('',(211.42,-102.55,0.));
#10014 = CIRCLE('',#10015,0.55);
#10015 = AXIS2_PLACEMENT_3D('',#10016,#10017,#10018);
#10016 = CARTESIAN_POINT('',(211.42,-102.,0.));
#10017 = DIRECTION('',(-0.,0.,-1.));
#10018 = DIRECTION('',(-5.167583532801E-14,-1.,0.));
#10019 = FACE_BOUND('',#10020,.F.);
#10020 = EDGE_LOOP('',(#10021));
#10021 = ORIENTED_EDGE('',*,*,#10022,.T.);
#10022 = EDGE_CURVE('',#10023,#10023,#10025,.T.);
#10023 = VERTEX_POINT('',#10024);
#10024 = CARTESIAN_POINT('',(205.01,-99.52,0.));
#10025 = CIRCLE('',#10026,0.52);
#10026 = AXIS2_PLACEMENT_3D('',#10027,#10028,#10029);
#10027 = CARTESIAN_POINT('',(205.01,-99.,0.));
#10028 = DIRECTION('',(-0.,0.,-1.));
#10029 = DIRECTION('',(-0.,-1.,0.));
#10030 = FACE_BOUND('',#10031,.F.);
#10031 = EDGE_LOOP('',(#10032));
#10032 = ORIENTED_EDGE('',*,*,#10033,.T.);
#10033 = EDGE_CURVE('',#10034,#10034,#10036,.T.);
#10034 = VERTEX_POINT('',#10035);
#10035 = CARTESIAN_POINT('',(205.01,-96.98,0.));
#10036 = CIRCLE('',#10037,0.52);
#10037 = AXIS2_PLACEMENT_3D('',#10038,#10039,#10040);
#10038 = CARTESIAN_POINT('',(205.01,-96.46,0.));
#10039 = DIRECTION('',(-0.,0.,-1.));
#10040 = DIRECTION('',(-0.,-1.,0.));
#10041 = FACE_BOUND('',#10042,.F.);
#10042 = EDGE_LOOP('',(#10043));
#10043 = ORIENTED_EDGE('',*,*,#10044,.T.);
#10044 = EDGE_CURVE('',#10045,#10045,#10047,.T.);
#10045 = VERTEX_POINT('',#10046);
#10046 = CARTESIAN_POINT('',(205.01,-94.44,0.));
#10047 = CIRCLE('',#10048,0.52);
#10048 = AXIS2_PLACEMENT_3D('',#10049,#10050,#10051);
#10049 = CARTESIAN_POINT('',(205.01,-93.92,0.));
#10050 = DIRECTION('',(-0.,0.,-1.));
#10051 = DIRECTION('',(-0.,-1.,0.));
#10052 = FACE_BOUND('',#10053,.F.);
#10053 = EDGE_LOOP('',(#10054));
#10054 = ORIENTED_EDGE('',*,*,#10055,.T.);
#10055 = EDGE_CURVE('',#10056,#10056,#10058,.T.);
#10056 = VERTEX_POINT('',#10057);
#10057 = CARTESIAN_POINT('',(210.46,-95.88,0.));
#10058 = CIRCLE('',#10059,1.5);
#10059 = AXIS2_PLACEMENT_3D('',#10060,#10061,#10062);
#10060 = CARTESIAN_POINT('',(210.46,-94.38,0.));
#10061 = DIRECTION('',(-0.,0.,-1.));
#10062 = DIRECTION('',(-0.,-1.,0.));
#10063 = FACE_BOUND('',#10064,.F.);
#10064 = EDGE_LOOP('',(#10065));
#10065 = ORIENTED_EDGE('',*,*,#10066,.T.);
#10066 = EDGE_CURVE('',#10067,#10067,#10069,.T.);
#10067 = VERTEX_POINT('',#10068);
#10068 = CARTESIAN_POINT('',(213.96,-102.55,0.));
#10069 = CIRCLE('',#10070,0.55);
#10070 = AXIS2_PLACEMENT_3D('',#10071,#10072,#10073);
#10071 = CARTESIAN_POINT('',(213.96,-102.,0.));
#10072 = DIRECTION('',(-0.,0.,-1.));
#10073 = DIRECTION('',(5.167583532801E-14,-1.,-0.));
#10074 = FACE_BOUND('',#10075,.F.);
#10075 = EDGE_LOOP('',(#10076));
#10076 = ORIENTED_EDGE('',*,*,#10077,.T.);
#10077 = EDGE_CURVE('',#10078,#10078,#10080,.T.);
#10078 = VERTEX_POINT('',#10079);
#10079 = CARTESIAN_POINT('',(216.5,-102.55,0.));
#10080 = CIRCLE('',#10081,0.55);
#10081 = AXIS2_PLACEMENT_3D('',#10082,#10083,#10084);
#10082 = CARTESIAN_POINT('',(216.5,-102.,0.));
#10083 = DIRECTION('',(-0.,0.,-1.));
#10084 = DIRECTION('',(-0.,-1.,0.));
#10085 = FACE_BOUND('',#10086,.F.);
#10086 = EDGE_LOOP('',(#10087));
#10087 = ORIENTED_EDGE('',*,*,#10088,.T.);
#10088 = EDGE_CURVE('',#10089,#10089,#10091,.T.);
#10089 = VERTEX_POINT('',#10090);
#10090 = CARTESIAN_POINT('',(217.46,-95.88,0.));
#10091 = CIRCLE('',#10092,1.5);
#10092 = AXIS2_PLACEMENT_3D('',#10093,#10094,#10095);
#10093 = CARTESIAN_POINT('',(217.46,-94.38,0.));
#10094 = DIRECTION('',(-0.,0.,-1.));
#10095 = DIRECTION('',(-0.,-1.,0.));
#10096 = FACE_BOUND('',#10097,.F.);
#10097 = EDGE_LOOP('',(#10098));
#10098 = ORIENTED_EDGE('',*,*,#10099,.T.);
#10099 = EDGE_CURVE('',#10100,#10100,#10102,.T.);
#10100 = VERTEX_POINT('',#10101);
#10101 = CARTESIAN_POINT('',(205.01,-91.9,0.));
#10102 = CIRCLE('',#10103,0.52);
#10103 = AXIS2_PLACEMENT_3D('',#10104,#10105,#10106);
#10104 = CARTESIAN_POINT('',(205.01,-91.38,0.));
#10105 = DIRECTION('',(-0.,0.,-1.));
#10106 = DIRECTION('',(-0.,-1.,0.));
#10107 = FACE_BOUND('',#10108,.F.);
#10108 = EDGE_LOOP('',(#10109));
#10109 = ORIENTED_EDGE('',*,*,#10110,.T.);
#10110 = EDGE_CURVE('',#10111,#10111,#10113,.T.);
#10111 = VERTEX_POINT('',#10112);
#10112 = CARTESIAN_POINT('',(205.01,-89.36,0.));
#10113 = CIRCLE('',#10114,0.52);
#10114 = AXIS2_PLACEMENT_3D('',#10115,#10116,#10117);
#10115 = CARTESIAN_POINT('',(205.01,-88.84,0.));
#10116 = DIRECTION('',(-0.,0.,-1.));
#10117 = DIRECTION('',(-0.,-1.,0.));
#10118 = FACE_BOUND('',#10119,.F.);
#10119 = EDGE_LOOP('',(#10120));
#10120 = ORIENTED_EDGE('',*,*,#10121,.T.);
#10121 = EDGE_CURVE('',#10122,#10122,#10124,.T.);
#10122 = VERTEX_POINT('',#10123);
#10123 = CARTESIAN_POINT('',(205.01,-86.82,0.));
#10124 = CIRCLE('',#10125,0.52);
#10125 = AXIS2_PLACEMENT_3D('',#10126,#10127,#10128);
#10126 = CARTESIAN_POINT('',(205.01,-86.3,0.));
#10127 = DIRECTION('',(-0.,0.,-1.));
#10128 = DIRECTION('',(-0.,-1.,0.));
#10129 = FACE_BOUND('',#10130,.F.);
#10130 = EDGE_LOOP('',(#10131));
#10131 = ORIENTED_EDGE('',*,*,#10132,.T.);
#10132 = EDGE_CURVE('',#10133,#10133,#10135,.T.);
#10133 = VERTEX_POINT('',#10134);
#10134 = CARTESIAN_POINT('',(205.01,-84.28,0.));
#10135 = CIRCLE('',#10136,0.52);
#10136 = AXIS2_PLACEMENT_3D('',#10137,#10138,#10139);
#10137 = CARTESIAN_POINT('',(205.01,-83.76,0.));
#10138 = DIRECTION('',(-0.,0.,-1.));
#10139 = DIRECTION('',(-0.,-1.,0.));
#10140 = FACE_BOUND('',#10141,.F.);
#10141 = EDGE_LOOP('',(#10142));
#10142 = ORIENTED_EDGE('',*,*,#10143,.T.);
#10143 = EDGE_CURVE('',#10144,#10144,#10146,.T.);
#10144 = VERTEX_POINT('',#10145);
#10145 = CARTESIAN_POINT('',(210.46,-87.58,0.));
#10146 = CIRCLE('',#10147,1.5);
#10147 = AXIS2_PLACEMENT_3D('',#10148,#10149,#10150);
#10148 = CARTESIAN_POINT('',(210.46,-86.08,0.));
#10149 = DIRECTION('',(-0.,0.,-1.));
#10150 = DIRECTION('',(-0.,-1.,0.));
#10151 = FACE_BOUND('',#10152,.F.);
#10152 = EDGE_LOOP('',(#10153));
#10153 = ORIENTED_EDGE('',*,*,#10154,.T.);
#10154 = EDGE_CURVE('',#10155,#10155,#10157,.T.);
#10155 = VERTEX_POINT('',#10156);
#10156 = CARTESIAN_POINT('',(217.46,-87.58,0.));
#10157 = CIRCLE('',#10158,1.5);
#10158 = AXIS2_PLACEMENT_3D('',#10159,#10160,#10161);
#10159 = CARTESIAN_POINT('',(217.46,-86.08,0.));
#10160 = DIRECTION('',(-0.,0.,-1.));
#10161 = DIRECTION('',(-0.,-1.,0.));
#10162 = FACE_BOUND('',#10163,.F.);
#10163 = EDGE_LOOP('',(#10164));
#10164 = ORIENTED_EDGE('',*,*,#10165,.T.);
#10165 = EDGE_CURVE('',#10166,#10166,#10168,.T.);
#10166 = VERTEX_POINT('',#10167);
#10167 = CARTESIAN_POINT('',(223.,-81.6,0.));
#10168 = CIRCLE('',#10169,1.1);
#10169 = AXIS2_PLACEMENT_3D('',#10170,#10171,#10172);
#10170 = CARTESIAN_POINT('',(223.,-80.5,0.));
#10171 = DIRECTION('',(-0.,0.,-1.));
#10172 = DIRECTION('',(-0.,-1.,0.));
#10173 = PLANE('',#10174);
#10174 = AXIS2_PLACEMENT_3D('',#10175,#10176,#10177);
#10175 = CARTESIAN_POINT('',(0.,0.,0.));
#10176 = DIRECTION('',(0.,0.,1.));
#10177 = DIRECTION('',(1.,0.,-0.));
#10178 = ADVANCED_FACE('',(#10179,#10190,#10201,#10212,#10223,#10234,
    #10245,#10256,#10267,#10278,#10289,#10300,#10311,#10322,#10333,
    #10344,#10355,#10366,#10377,#10388,#10399,#10410,#10421,#10432,
    #10443,#10454,#10465,#10476,#10487,#10498,#10509,#10520,#10531,
    #10542,#10553,#10564,#10575,#10586,#10597,#10608,#10619,#10630,
    #10641,#10652,#10663,#10674,#10685,#10696,#10707,#10718,#10729,
    #10740,#10751,#10762,#10773,#10784,#10795,#10806,#10817,#10828,
    #10839,#10850,#10861,#10872,#10883,#10894),#10905,.T.);
#10179 = FACE_BOUND('',#10180,.T.);
#10180 = EDGE_LOOP('',(#10181,#10182,#10183,#10189));
#10181 = ORIENTED_EDGE('',*,*,#9358,.F.);
#10182 = ORIENTED_EDGE('',*,*,#9398,.F.);
#10183 = ORIENTED_EDGE('',*,*,#10184,.F.);
#10184 = EDGE_CURVE('',#9421,#9391,#10185,.T.);
#10185 = LINE('',#10186,#10187);
#10186 = CARTESIAN_POINT('',(175.5,-77.5,1.51));
#10187 = VECTOR('',#10188,1.);
#10188 = DIRECTION('',(1.,0.,0.));
#10189 = ORIENTED_EDGE('',*,*,#9420,.F.);
#10190 = FACE_BOUND('',#10191,.T.);
#10191 = EDGE_LOOP('',(#10192));
#10192 = ORIENTED_EDGE('',*,*,#10193,.T.);
#10193 = EDGE_CURVE('',#10194,#10194,#10196,.T.);
#10194 = VERTEX_POINT('',#10195);
#10195 = CARTESIAN_POINT('',(178.5,-133.6,1.51));
#10196 = CIRCLE('',#10197,1.1);
#10197 = AXIS2_PLACEMENT_3D('',#10198,#10199,#10200);
#10198 = CARTESIAN_POINT('',(178.5,-132.5,1.51));
#10199 = DIRECTION('',(-0.,0.,-1.));
#10200 = DIRECTION('',(-0.,-1.,0.));
#10201 = FACE_BOUND('',#10202,.T.);
#10202 = EDGE_LOOP('',(#10203));
#10203 = ORIENTED_EDGE('',*,*,#10204,.T.);
#10204 = EDGE_CURVE('',#10205,#10205,#10207,.T.);
#10205 = VERTEX_POINT('',#10206);
#10206 = CARTESIAN_POINT('',(182.11,-130.,1.51));
#10207 = CIRCLE('',#10208,0.52);
#10208 = AXIS2_PLACEMENT_3D('',#10209,#10210,#10211);
#10209 = CARTESIAN_POINT('',(182.11,-129.48,1.51));
#10210 = DIRECTION('',(-0.,0.,-1.));
#10211 = DIRECTION('',(-0.,-1.,0.));
#10212 = FACE_BOUND('',#10213,.T.);
#10213 = EDGE_LOOP('',(#10214));
#10214 = ORIENTED_EDGE('',*,*,#10215,.T.);
#10215 = EDGE_CURVE('',#10216,#10216,#10218,.T.);
#10216 = VERTEX_POINT('',#10217);
#10217 = CARTESIAN_POINT('',(182.11,-127.46,1.51));
#10218 = CIRCLE('',#10219,0.52);
#10219 = AXIS2_PLACEMENT_3D('',#10220,#10221,#10222);
#10220 = CARTESIAN_POINT('',(182.11,-126.94,1.51));
#10221 = DIRECTION('',(-0.,0.,-1.));
#10222 = DIRECTION('',(-0.,-1.,0.));
#10223 = FACE_BOUND('',#10224,.T.);
#10224 = EDGE_LOOP('',(#10225));
#10225 = ORIENTED_EDGE('',*,*,#10226,.T.);
#10226 = EDGE_CURVE('',#10227,#10227,#10229,.T.);
#10227 = VERTEX_POINT('',#10228);
#10228 = CARTESIAN_POINT('',(182.11,-124.92,1.51));
#10229 = CIRCLE('',#10230,0.52);
#10230 = AXIS2_PLACEMENT_3D('',#10231,#10232,#10233);
#10231 = CARTESIAN_POINT('',(182.11,-124.4,1.51));
#10232 = DIRECTION('',(-0.,0.,-1.));
#10233 = DIRECTION('',(-0.,-1.,0.));
#10234 = FACE_BOUND('',#10235,.T.);
#10235 = EDGE_LOOP('',(#10236));
#10236 = ORIENTED_EDGE('',*,*,#10237,.T.);
#10237 = EDGE_CURVE('',#10238,#10238,#10240,.T.);
#10238 = VERTEX_POINT('',#10239);
#10239 = CARTESIAN_POINT('',(182.11,-122.38,1.51));
#10240 = CIRCLE('',#10241,0.52);
#10241 = AXIS2_PLACEMENT_3D('',#10242,#10243,#10244);
#10242 = CARTESIAN_POINT('',(182.11,-121.86,1.51));
#10243 = DIRECTION('',(-0.,0.,-1.));
#10244 = DIRECTION('',(-0.,-1.,0.));
#10245 = FACE_BOUND('',#10246,.T.);
#10246 = EDGE_LOOP('',(#10247));
#10247 = ORIENTED_EDGE('',*,*,#10248,.T.);
#10248 = EDGE_CURVE('',#10249,#10249,#10251,.T.);
#10249 = VERTEX_POINT('',#10250);
#10250 = CARTESIAN_POINT('',(182.11,-119.84,1.51));
#10251 = CIRCLE('',#10252,0.52);
#10252 = AXIS2_PLACEMENT_3D('',#10253,#10254,#10255);
#10253 = CARTESIAN_POINT('',(182.11,-119.32,1.51));
#10254 = DIRECTION('',(-0.,0.,-1.));
#10255 = DIRECTION('',(-0.,-1.,0.));
#10256 = FACE_BOUND('',#10257,.T.);
#10257 = EDGE_LOOP('',(#10258));
#10258 = ORIENTED_EDGE('',*,*,#10259,.T.);
#10259 = EDGE_CURVE('',#10260,#10260,#10262,.T.);
#10260 = VERTEX_POINT('',#10261);
#10261 = CARTESIAN_POINT('',(182.11,-117.3,1.51));
#10262 = CIRCLE('',#10263,0.52);
#10263 = AXIS2_PLACEMENT_3D('',#10264,#10265,#10266);
#10264 = CARTESIAN_POINT('',(182.11,-116.78,1.51));
#10265 = DIRECTION('',(-0.,0.,-1.));
#10266 = DIRECTION('',(-0.,-1.,0.));
#10267 = FACE_BOUND('',#10268,.T.);
#10268 = EDGE_LOOP('',(#10269));
#10269 = ORIENTED_EDGE('',*,*,#10270,.T.);
#10270 = EDGE_CURVE('',#10271,#10271,#10273,.T.);
#10271 = VERTEX_POINT('',#10272);
#10272 = CARTESIAN_POINT('',(182.11,-114.76,1.51));
#10273 = CIRCLE('',#10274,0.52);
#10274 = AXIS2_PLACEMENT_3D('',#10275,#10276,#10277);
#10275 = CARTESIAN_POINT('',(182.11,-114.24,1.51));
#10276 = DIRECTION('',(-0.,0.,-1.));
#10277 = DIRECTION('',(-0.,-1.,0.));
#10278 = FACE_BOUND('',#10279,.T.);
#10279 = EDGE_LOOP('',(#10280));
#10280 = ORIENTED_EDGE('',*,*,#10281,.T.);
#10281 = EDGE_CURVE('',#10282,#10282,#10284,.T.);
#10282 = VERTEX_POINT('',#10283);
#10283 = CARTESIAN_POINT('',(182.11,-112.22,1.51));
#10284 = CIRCLE('',#10285,0.52);
#10285 = AXIS2_PLACEMENT_3D('',#10286,#10287,#10288);
#10286 = CARTESIAN_POINT('',(182.11,-111.7,1.51));
#10287 = DIRECTION('',(-0.,0.,-1.));
#10288 = DIRECTION('',(-0.,-1.,0.));
#10289 = FACE_BOUND('',#10290,.T.);
#10290 = EDGE_LOOP('',(#10291));
#10291 = ORIENTED_EDGE('',*,*,#10292,.T.);
#10292 = EDGE_CURVE('',#10293,#10293,#10295,.T.);
#10293 = VERTEX_POINT('',#10294);
#10294 = CARTESIAN_POINT('',(182.11,-109.68,1.51));
#10295 = CIRCLE('',#10296,0.52);
#10296 = AXIS2_PLACEMENT_3D('',#10297,#10298,#10299);
#10297 = CARTESIAN_POINT('',(182.11,-109.16,1.51));
#10298 = DIRECTION('',(-0.,0.,-1.));
#10299 = DIRECTION('',(-0.,-1.,0.));
#10300 = FACE_BOUND('',#10301,.T.);
#10301 = EDGE_LOOP('',(#10302));
#10302 = ORIENTED_EDGE('',*,*,#10303,.T.);
#10303 = EDGE_CURVE('',#10304,#10304,#10306,.T.);
#10304 = VERTEX_POINT('',#10305);
#10305 = CARTESIAN_POINT('',(182.11,-107.14,1.51));
#10306 = CIRCLE('',#10307,0.52);
#10307 = AXIS2_PLACEMENT_3D('',#10308,#10309,#10310);
#10308 = CARTESIAN_POINT('',(182.11,-106.62,1.51));
#10309 = DIRECTION('',(-0.,0.,-1.));
#10310 = DIRECTION('',(-0.,-1.,0.));
#10311 = FACE_BOUND('',#10312,.T.);
#10312 = EDGE_LOOP('',(#10313));
#10313 = ORIENTED_EDGE('',*,*,#10314,.T.);
#10314 = EDGE_CURVE('',#10315,#10315,#10317,.T.);
#10315 = VERTEX_POINT('',#10316);
#10316 = CARTESIAN_POINT('',(205.01,-130.,1.51));
#10317 = CIRCLE('',#10318,0.52);
#10318 = AXIS2_PLACEMENT_3D('',#10319,#10320,#10321);
#10319 = CARTESIAN_POINT('',(205.01,-129.48,1.51));
#10320 = DIRECTION('',(-0.,0.,-1.));
#10321 = DIRECTION('',(-0.,-1.,0.));
#10322 = FACE_BOUND('',#10323,.T.);
#10323 = EDGE_LOOP('',(#10324));
#10324 = ORIENTED_EDGE('',*,*,#10325,.T.);
#10325 = EDGE_CURVE('',#10326,#10326,#10328,.T.);
#10326 = VERTEX_POINT('',#10327);
#10327 = CARTESIAN_POINT('',(205.01,-127.46,1.51));
#10328 = CIRCLE('',#10329,0.52);
#10329 = AXIS2_PLACEMENT_3D('',#10330,#10331,#10332);
#10330 = CARTESIAN_POINT('',(205.01,-126.94,1.51));
#10331 = DIRECTION('',(-0.,0.,-1.));
#10332 = DIRECTION('',(-0.,-1.,0.));
#10333 = FACE_BOUND('',#10334,.T.);
#10334 = EDGE_LOOP('',(#10335));
#10335 = ORIENTED_EDGE('',*,*,#10336,.T.);
#10336 = EDGE_CURVE('',#10337,#10337,#10339,.T.);
#10337 = VERTEX_POINT('',#10338);
#10338 = CARTESIAN_POINT('',(211.5,-130.12,1.51));
#10339 = CIRCLE('',#10340,0.5);
#10340 = AXIS2_PLACEMENT_3D('',#10341,#10342,#10343);
#10341 = CARTESIAN_POINT('',(211.5,-129.62,1.51));
#10342 = DIRECTION('',(-0.,0.,-1.));
#10343 = DIRECTION('',(-0.,-1.,0.));
#10344 = FACE_BOUND('',#10345,.T.);
#10345 = EDGE_LOOP('',(#10346));
#10346 = ORIENTED_EDGE('',*,*,#10347,.T.);
#10347 = EDGE_CURVE('',#10348,#10348,#10350,.T.);
#10348 = VERTEX_POINT('',#10349);
#10349 = CARTESIAN_POINT('',(211.5,-127.58,1.51));
#10350 = CIRCLE('',#10351,0.5);
#10351 = AXIS2_PLACEMENT_3D('',#10352,#10353,#10354);
#10352 = CARTESIAN_POINT('',(211.5,-127.08,1.51));
#10353 = DIRECTION('',(-0.,0.,-1.));
#10354 = DIRECTION('',(-0.,-1.,0.));
#10355 = FACE_BOUND('',#10356,.T.);
#10356 = EDGE_LOOP('',(#10357));
#10357 = ORIENTED_EDGE('',*,*,#10358,.T.);
#10358 = EDGE_CURVE('',#10359,#10359,#10361,.T.);
#10359 = VERTEX_POINT('',#10360);
#10360 = CARTESIAN_POINT('',(205.01,-124.92,1.51));
#10361 = CIRCLE('',#10362,0.52);
#10362 = AXIS2_PLACEMENT_3D('',#10363,#10364,#10365);
#10363 = CARTESIAN_POINT('',(205.01,-124.4,1.51));
#10364 = DIRECTION('',(-0.,0.,-1.));
#10365 = DIRECTION('',(-0.,-1.,0.));
#10366 = FACE_BOUND('',#10367,.T.);
#10367 = EDGE_LOOP('',(#10368));
#10368 = ORIENTED_EDGE('',*,*,#10369,.T.);
#10369 = EDGE_CURVE('',#10370,#10370,#10372,.T.);
#10370 = VERTEX_POINT('',#10371);
#10371 = CARTESIAN_POINT('',(205.01,-122.38,1.51));
#10372 = CIRCLE('',#10373,0.52);
#10373 = AXIS2_PLACEMENT_3D('',#10374,#10375,#10376);
#10374 = CARTESIAN_POINT('',(205.01,-121.86,1.51));
#10375 = DIRECTION('',(-0.,0.,-1.));
#10376 = DIRECTION('',(-0.,-1.,0.));
#10377 = FACE_BOUND('',#10378,.T.);
#10378 = EDGE_LOOP('',(#10379));
#10379 = ORIENTED_EDGE('',*,*,#10380,.T.);
#10380 = EDGE_CURVE('',#10381,#10381,#10383,.T.);
#10381 = VERTEX_POINT('',#10382);
#10382 = CARTESIAN_POINT('',(211.5,-125.04,1.51));
#10383 = CIRCLE('',#10384,0.5);
#10384 = AXIS2_PLACEMENT_3D('',#10385,#10386,#10387);
#10385 = CARTESIAN_POINT('',(211.5,-124.54,1.51));
#10386 = DIRECTION('',(-0.,0.,-1.));
#10387 = DIRECTION('',(-0.,-1.,0.));
#10388 = FACE_BOUND('',#10389,.T.);
#10389 = EDGE_LOOP('',(#10390));
#10390 = ORIENTED_EDGE('',*,*,#10391,.T.);
#10391 = EDGE_CURVE('',#10392,#10392,#10394,.T.);
#10392 = VERTEX_POINT('',#10393);
#10393 = CARTESIAN_POINT('',(211.5,-122.5,1.51));
#10394 = CIRCLE('',#10395,0.5);
#10395 = AXIS2_PLACEMENT_3D('',#10396,#10397,#10398);
#10396 = CARTESIAN_POINT('',(211.5,-122.,1.51));
#10397 = DIRECTION('',(-0.,0.,-1.));
#10398 = DIRECTION('',(-0.,-1.,0.));
#10399 = FACE_BOUND('',#10400,.T.);
#10400 = EDGE_LOOP('',(#10401));
#10401 = ORIENTED_EDGE('',*,*,#10402,.T.);
#10402 = EDGE_CURVE('',#10403,#10403,#10405,.T.);
#10403 = VERTEX_POINT('',#10404);
#10404 = CARTESIAN_POINT('',(223.,-133.6,1.51));
#10405 = CIRCLE('',#10406,1.1);
#10406 = AXIS2_PLACEMENT_3D('',#10407,#10408,#10409);
#10407 = CARTESIAN_POINT('',(223.,-132.5,1.51));
#10408 = DIRECTION('',(-0.,0.,-1.));
#10409 = DIRECTION('',(-0.,-1.,0.));
#10410 = FACE_BOUND('',#10411,.T.);
#10411 = EDGE_LOOP('',(#10412));
#10412 = ORIENTED_EDGE('',*,*,#10413,.T.);
#10413 = EDGE_CURVE('',#10414,#10414,#10416,.T.);
#10414 = VERTEX_POINT('',#10415);
#10415 = CARTESIAN_POINT('',(218.5,-126.08,1.51));
#10416 = CIRCLE('',#10417,0.5);
#10417 = AXIS2_PLACEMENT_3D('',#10418,#10419,#10420);
#10418 = CARTESIAN_POINT('',(218.5,-125.58,1.51));
#10419 = DIRECTION('',(-0.,0.,-1.));
#10420 = DIRECTION('',(-0.,-1.,0.));
#10421 = FACE_BOUND('',#10422,.T.);
#10422 = EDGE_LOOP('',(#10423));
#10423 = ORIENTED_EDGE('',*,*,#10424,.T.);
#10424 = EDGE_CURVE('',#10425,#10425,#10427,.T.);
#10425 = VERTEX_POINT('',#10426);
#10426 = CARTESIAN_POINT('',(218.5,-123.54,1.51));
#10427 = CIRCLE('',#10428,0.5);
#10428 = AXIS2_PLACEMENT_3D('',#10429,#10430,#10431);
#10429 = CARTESIAN_POINT('',(218.5,-123.04,1.51));
#10430 = DIRECTION('',(-0.,0.,-1.));
#10431 = DIRECTION('',(-0.,-1.,0.));
#10432 = FACE_BOUND('',#10433,.T.);
#10433 = EDGE_LOOP('',(#10434));
#10434 = ORIENTED_EDGE('',*,*,#10435,.T.);
#10435 = EDGE_CURVE('',#10436,#10436,#10438,.T.);
#10436 = VERTEX_POINT('',#10437);
#10437 = CARTESIAN_POINT('',(205.01,-119.84,1.51));
#10438 = CIRCLE('',#10439,0.52);
#10439 = AXIS2_PLACEMENT_3D('',#10440,#10441,#10442);
#10440 = CARTESIAN_POINT('',(205.01,-119.32,1.51));
#10441 = DIRECTION('',(-0.,0.,-1.));
#10442 = DIRECTION('',(-0.,-1.,0.));
#10443 = FACE_BOUND('',#10444,.T.);
#10444 = EDGE_LOOP('',(#10445));
#10445 = ORIENTED_EDGE('',*,*,#10446,.T.);
#10446 = EDGE_CURVE('',#10447,#10447,#10449,.T.);
#10447 = VERTEX_POINT('',#10448);
#10448 = CARTESIAN_POINT('',(205.01,-117.3,1.51));
#10449 = CIRCLE('',#10450,0.52);
#10450 = AXIS2_PLACEMENT_3D('',#10451,#10452,#10453);
#10451 = CARTESIAN_POINT('',(205.01,-116.78,1.51));
#10452 = DIRECTION('',(-0.,0.,-1.));
#10453 = DIRECTION('',(-0.,-1.,0.));
#10454 = FACE_BOUND('',#10455,.T.);
#10455 = EDGE_LOOP('',(#10456));
#10456 = ORIENTED_EDGE('',*,*,#10457,.T.);
#10457 = EDGE_CURVE('',#10458,#10458,#10460,.T.);
#10458 = VERTEX_POINT('',#10459);
#10459 = CARTESIAN_POINT('',(205.01,-114.76,1.51));
#10460 = CIRCLE('',#10461,0.52);
#10461 = AXIS2_PLACEMENT_3D('',#10462,#10463,#10464);
#10462 = CARTESIAN_POINT('',(205.01,-114.24,1.51));
#10463 = DIRECTION('',(-0.,0.,-1.));
#10464 = DIRECTION('',(-0.,-1.,0.));
#10465 = FACE_BOUND('',#10466,.T.);
#10466 = EDGE_LOOP('',(#10467));
#10467 = ORIENTED_EDGE('',*,*,#10468,.T.);
#10468 = EDGE_CURVE('',#10469,#10469,#10471,.T.);
#10469 = VERTEX_POINT('',#10470);
#10470 = CARTESIAN_POINT('',(211.5,-119.96,1.51));
#10471 = CIRCLE('',#10472,0.5);
#10472 = AXIS2_PLACEMENT_3D('',#10473,#10474,#10475);
#10473 = CARTESIAN_POINT('',(211.5,-119.46,1.51));
#10474 = DIRECTION('',(-0.,0.,-1.));
#10475 = DIRECTION('',(-0.,-1.,0.));
#10476 = FACE_BOUND('',#10477,.T.);
#10477 = EDGE_LOOP('',(#10478));
#10478 = ORIENTED_EDGE('',*,*,#10479,.T.);
#10479 = EDGE_CURVE('',#10480,#10480,#10482,.T.);
#10480 = VERTEX_POINT('',#10481);
#10481 = CARTESIAN_POINT('',(211.5,-116.12,1.51));
#10482 = CIRCLE('',#10483,0.5);
#10483 = AXIS2_PLACEMENT_3D('',#10484,#10485,#10486);
#10484 = CARTESIAN_POINT('',(211.5,-115.62,1.51));
#10485 = DIRECTION('',(-0.,0.,-1.));
#10486 = DIRECTION('',(-0.,-1.,0.));
#10487 = FACE_BOUND('',#10488,.T.);
#10488 = EDGE_LOOP('',(#10489));
#10489 = ORIENTED_EDGE('',*,*,#10490,.T.);
#10490 = EDGE_CURVE('',#10491,#10491,#10493,.T.);
#10491 = VERTEX_POINT('',#10492);
#10492 = CARTESIAN_POINT('',(205.01,-112.22,1.51));
#10493 = CIRCLE('',#10494,0.52);
#10494 = AXIS2_PLACEMENT_3D('',#10495,#10496,#10497);
#10495 = CARTESIAN_POINT('',(205.01,-111.7,1.51));
#10496 = DIRECTION('',(-0.,0.,-1.));
#10497 = DIRECTION('',(-0.,-1.,0.));
#10498 = FACE_BOUND('',#10499,.T.);
#10499 = EDGE_LOOP('',(#10500));
#10500 = ORIENTED_EDGE('',*,*,#10501,.T.);
#10501 = EDGE_CURVE('',#10502,#10502,#10504,.T.);
#10502 = VERTEX_POINT('',#10503);
#10503 = CARTESIAN_POINT('',(205.01,-109.68,1.51));
#10504 = CIRCLE('',#10505,0.52);
#10505 = AXIS2_PLACEMENT_3D('',#10506,#10507,#10508);
#10506 = CARTESIAN_POINT('',(205.01,-109.16,1.51));
#10507 = DIRECTION('',(-0.,0.,-1.));
#10508 = DIRECTION('',(-0.,-1.,0.));
#10509 = FACE_BOUND('',#10510,.T.);
#10510 = EDGE_LOOP('',(#10511));
#10511 = ORIENTED_EDGE('',*,*,#10512,.T.);
#10512 = EDGE_CURVE('',#10513,#10513,#10515,.T.);
#10513 = VERTEX_POINT('',#10514);
#10514 = CARTESIAN_POINT('',(205.01,-107.14,1.51));
#10515 = CIRCLE('',#10516,0.52);
#10516 = AXIS2_PLACEMENT_3D('',#10517,#10518,#10519);
#10517 = CARTESIAN_POINT('',(205.01,-106.62,1.51));
#10518 = DIRECTION('',(-0.,0.,-1.));
#10519 = DIRECTION('',(-0.,-1.,0.));
#10520 = FACE_BOUND('',#10521,.T.);
#10521 = EDGE_LOOP('',(#10522));
#10522 = ORIENTED_EDGE('',*,*,#10523,.T.);
#10523 = EDGE_CURVE('',#10524,#10524,#10526,.T.);
#10524 = VERTEX_POINT('',#10525);
#10525 = CARTESIAN_POINT('',(211.5,-113.58,1.51));
#10526 = CIRCLE('',#10527,0.5);
#10527 = AXIS2_PLACEMENT_3D('',#10528,#10529,#10530);
#10528 = CARTESIAN_POINT('',(211.5,-113.08,1.51));
#10529 = DIRECTION('',(-0.,0.,-1.));
#10530 = DIRECTION('',(-0.,-1.,0.));
#10531 = FACE_BOUND('',#10532,.T.);
#10532 = EDGE_LOOP('',(#10533));
#10533 = ORIENTED_EDGE('',*,*,#10534,.T.);
#10534 = EDGE_CURVE('',#10535,#10535,#10537,.T.);
#10535 = VERTEX_POINT('',#10536);
#10536 = CARTESIAN_POINT('',(211.5,-111.04,1.51));
#10537 = CIRCLE('',#10538,0.5);
#10538 = AXIS2_PLACEMENT_3D('',#10539,#10540,#10541);
#10539 = CARTESIAN_POINT('',(211.5,-110.54,1.51));
#10540 = DIRECTION('',(-0.,0.,-1.));
#10541 = DIRECTION('',(-0.,-1.,0.));
#10542 = FACE_BOUND('',#10543,.T.);
#10543 = EDGE_LOOP('',(#10544));
#10544 = ORIENTED_EDGE('',*,*,#10545,.T.);
#10545 = EDGE_CURVE('',#10546,#10546,#10548,.T.);
#10546 = VERTEX_POINT('',#10547);
#10547 = CARTESIAN_POINT('',(211.5,-108.5,1.51));
#10548 = CIRCLE('',#10549,0.5);
#10549 = AXIS2_PLACEMENT_3D('',#10550,#10551,#10552);
#10550 = CARTESIAN_POINT('',(211.5,-108.,1.51));
#10551 = DIRECTION('',(-0.,0.,-1.));
#10552 = DIRECTION('',(-0.,-1.,0.));
#10553 = FACE_BOUND('',#10554,.T.);
#10554 = EDGE_LOOP('',(#10555));
#10555 = ORIENTED_EDGE('',*,*,#10556,.T.);
#10556 = EDGE_CURVE('',#10557,#10557,#10559,.T.);
#10557 = VERTEX_POINT('',#10558);
#10558 = CARTESIAN_POINT('',(218.5,-115.58,1.51));
#10559 = CIRCLE('',#10560,0.5);
#10560 = AXIS2_PLACEMENT_3D('',#10561,#10562,#10563);
#10561 = CARTESIAN_POINT('',(218.5,-115.08,1.51));
#10562 = DIRECTION('',(-0.,0.,-1.));
#10563 = DIRECTION('',(-0.,-1.,0.));
#10564 = FACE_BOUND('',#10565,.T.);
#10565 = EDGE_LOOP('',(#10566));
#10566 = ORIENTED_EDGE('',*,*,#10567,.T.);
#10567 = EDGE_CURVE('',#10568,#10568,#10570,.T.);
#10568 = VERTEX_POINT('',#10569);
#10569 = CARTESIAN_POINT('',(218.5,-113.04,1.51));
#10570 = CIRCLE('',#10571,0.5);
#10571 = AXIS2_PLACEMENT_3D('',#10572,#10573,#10574);
#10572 = CARTESIAN_POINT('',(218.5,-112.54,1.51));
#10573 = DIRECTION('',(-0.,0.,-1.));
#10574 = DIRECTION('',(-0.,-1.,0.));
#10575 = FACE_BOUND('',#10576,.T.);
#10576 = EDGE_LOOP('',(#10577));
#10577 = ORIENTED_EDGE('',*,*,#10578,.T.);
#10578 = EDGE_CURVE('',#10579,#10579,#10581,.T.);
#10579 = VERTEX_POINT('',#10580);
#10580 = CARTESIAN_POINT('',(218.5,-110.5,1.51));
#10581 = CIRCLE('',#10582,0.5);
#10582 = AXIS2_PLACEMENT_3D('',#10583,#10584,#10585);
#10583 = CARTESIAN_POINT('',(218.5,-110.,1.51));
#10584 = DIRECTION('',(-0.,0.,-1.));
#10585 = DIRECTION('',(-0.,-1.,0.));
#10586 = FACE_BOUND('',#10587,.T.);
#10587 = EDGE_LOOP('',(#10588));
#10588 = ORIENTED_EDGE('',*,*,#10589,.T.);
#10589 = EDGE_CURVE('',#10590,#10590,#10592,.T.);
#10590 = VERTEX_POINT('',#10591);
#10591 = CARTESIAN_POINT('',(218.5,-107.96,1.51));
#10592 = CIRCLE('',#10593,0.5);
#10593 = AXIS2_PLACEMENT_3D('',#10594,#10595,#10596);
#10594 = CARTESIAN_POINT('',(218.5,-107.46,1.51));
#10595 = DIRECTION('',(-0.,0.,-1.));
#10596 = DIRECTION('',(-0.,-1.,0.));
#10597 = FACE_BOUND('',#10598,.T.);
#10598 = EDGE_LOOP('',(#10599));
#10599 = ORIENTED_EDGE('',*,*,#10600,.T.);
#10600 = EDGE_CURVE('',#10601,#10601,#10603,.T.);
#10601 = VERTEX_POINT('',#10602);
#10602 = CARTESIAN_POINT('',(182.11,-104.6,1.51));
#10603 = CIRCLE('',#10604,0.52);
#10604 = AXIS2_PLACEMENT_3D('',#10605,#10606,#10607);
#10605 = CARTESIAN_POINT('',(182.11,-104.08,1.51));
#10606 = DIRECTION('',(-0.,0.,-1.));
#10607 = DIRECTION('',(-0.,-1.,0.));
#10608 = FACE_BOUND('',#10609,.T.);
#10609 = EDGE_LOOP('',(#10610));
#10610 = ORIENTED_EDGE('',*,*,#10611,.T.);
#10611 = EDGE_CURVE('',#10612,#10612,#10614,.T.);
#10612 = VERTEX_POINT('',#10613);
#10613 = CARTESIAN_POINT('',(182.11,-102.06,1.51));
#10614 = CIRCLE('',#10615,0.52);
#10615 = AXIS2_PLACEMENT_3D('',#10616,#10617,#10618);
#10616 = CARTESIAN_POINT('',(182.11,-101.54,1.51));
#10617 = DIRECTION('',(-0.,0.,-1.));
#10618 = DIRECTION('',(-0.,-1.,0.));
#10619 = FACE_BOUND('',#10620,.T.);
#10620 = EDGE_LOOP('',(#10621));
#10621 = ORIENTED_EDGE('',*,*,#10622,.T.);
#10622 = EDGE_CURVE('',#10623,#10623,#10625,.T.);
#10623 = VERTEX_POINT('',#10624);
#10624 = CARTESIAN_POINT('',(182.11,-99.52,1.51));
#10625 = CIRCLE('',#10626,0.52);
#10626 = AXIS2_PLACEMENT_3D('',#10627,#10628,#10629);
#10627 = CARTESIAN_POINT('',(182.11,-99.,1.51));
#10628 = DIRECTION('',(-0.,0.,-1.));
#10629 = DIRECTION('',(-0.,-1.,0.));
#10630 = FACE_BOUND('',#10631,.T.);
#10631 = EDGE_LOOP('',(#10632));
#10632 = ORIENTED_EDGE('',*,*,#10633,.T.);
#10633 = EDGE_CURVE('',#10634,#10634,#10636,.T.);
#10634 = VERTEX_POINT('',#10635);
#10635 = CARTESIAN_POINT('',(182.11,-96.98,1.51));
#10636 = CIRCLE('',#10637,0.52);
#10637 = AXIS2_PLACEMENT_3D('',#10638,#10639,#10640);
#10638 = CARTESIAN_POINT('',(182.11,-96.46,1.51));
#10639 = DIRECTION('',(-0.,0.,-1.));
#10640 = DIRECTION('',(-0.,-1.,0.));
#10641 = FACE_BOUND('',#10642,.T.);
#10642 = EDGE_LOOP('',(#10643));
#10643 = ORIENTED_EDGE('',*,*,#10644,.T.);
#10644 = EDGE_CURVE('',#10645,#10645,#10647,.T.);
#10645 = VERTEX_POINT('',#10646);
#10646 = CARTESIAN_POINT('',(182.11,-94.44,1.51));
#10647 = CIRCLE('',#10648,0.52);
#10648 = AXIS2_PLACEMENT_3D('',#10649,#10650,#10651);
#10649 = CARTESIAN_POINT('',(182.11,-93.92,1.51));
#10650 = DIRECTION('',(-0.,0.,-1.));
#10651 = DIRECTION('',(-0.,-1.,0.));
#10652 = FACE_BOUND('',#10653,.T.);
#10653 = EDGE_LOOP('',(#10654));
#10654 = ORIENTED_EDGE('',*,*,#10655,.T.);
#10655 = EDGE_CURVE('',#10656,#10656,#10658,.T.);
#10656 = VERTEX_POINT('',#10657);
#10657 = CARTESIAN_POINT('',(182.11,-91.9,1.51));
#10658 = CIRCLE('',#10659,0.52);
#10659 = AXIS2_PLACEMENT_3D('',#10660,#10661,#10662);
#10660 = CARTESIAN_POINT('',(182.11,-91.38,1.51));
#10661 = DIRECTION('',(-0.,0.,-1.));
#10662 = DIRECTION('',(-0.,-1.,0.));
#10663 = FACE_BOUND('',#10664,.T.);
#10664 = EDGE_LOOP('',(#10665));
#10665 = ORIENTED_EDGE('',*,*,#10666,.T.);
#10666 = EDGE_CURVE('',#10667,#10667,#10669,.T.);
#10667 = VERTEX_POINT('',#10668);
#10668 = CARTESIAN_POINT('',(182.11,-89.36,1.51));
#10669 = CIRCLE('',#10670,0.52);
#10670 = AXIS2_PLACEMENT_3D('',#10671,#10672,#10673);
#10671 = CARTESIAN_POINT('',(182.11,-88.84,1.51));
#10672 = DIRECTION('',(-0.,0.,-1.));
#10673 = DIRECTION('',(-0.,-1.,0.));
#10674 = FACE_BOUND('',#10675,.T.);
#10675 = EDGE_LOOP('',(#10676));
#10676 = ORIENTED_EDGE('',*,*,#10677,.T.);
#10677 = EDGE_CURVE('',#10678,#10678,#10680,.T.);
#10678 = VERTEX_POINT('',#10679);
#10679 = CARTESIAN_POINT('',(182.11,-86.82,1.51));
#10680 = CIRCLE('',#10681,0.52);
#10681 = AXIS2_PLACEMENT_3D('',#10682,#10683,#10684);
#10682 = CARTESIAN_POINT('',(182.11,-86.3,1.51));
#10683 = DIRECTION('',(-0.,0.,-1.));
#10684 = DIRECTION('',(-0.,-1.,0.));
#10685 = FACE_BOUND('',#10686,.T.);
#10686 = EDGE_LOOP('',(#10687));
#10687 = ORIENTED_EDGE('',*,*,#10688,.T.);
#10688 = EDGE_CURVE('',#10689,#10689,#10691,.T.);
#10689 = VERTEX_POINT('',#10690);
#10690 = CARTESIAN_POINT('',(182.11,-84.28,1.51));
#10691 = CIRCLE('',#10692,0.52);
#10692 = AXIS2_PLACEMENT_3D('',#10693,#10694,#10695);
#10693 = CARTESIAN_POINT('',(182.11,-83.76,1.51));
#10694 = DIRECTION('',(-0.,0.,-1.));
#10695 = DIRECTION('',(-0.,-1.,0.));
#10696 = FACE_BOUND('',#10697,.T.);
#10697 = EDGE_LOOP('',(#10698));
#10698 = ORIENTED_EDGE('',*,*,#10699,.T.);
#10699 = EDGE_CURVE('',#10700,#10700,#10702,.T.);
#10700 = VERTEX_POINT('',#10701);
#10701 = CARTESIAN_POINT('',(178.5,-81.6,1.51));
#10702 = CIRCLE('',#10703,1.1);
#10703 = AXIS2_PLACEMENT_3D('',#10704,#10705,#10706);
#10704 = CARTESIAN_POINT('',(178.5,-80.5,1.51));
#10705 = DIRECTION('',(-0.,0.,-1.));
#10706 = DIRECTION('',(-0.,-1.,0.));
#10707 = FACE_BOUND('',#10708,.T.);
#10708 = EDGE_LOOP('',(#10709));
#10709 = ORIENTED_EDGE('',*,*,#10710,.T.);
#10710 = EDGE_CURVE('',#10711,#10711,#10713,.T.);
#10711 = VERTEX_POINT('',#10712);
#10712 = CARTESIAN_POINT('',(205.01,-104.6,1.51));
#10713 = CIRCLE('',#10714,0.52);
#10714 = AXIS2_PLACEMENT_3D('',#10715,#10716,#10717);
#10715 = CARTESIAN_POINT('',(205.01,-104.08,1.51));
#10716 = DIRECTION('',(-0.,0.,-1.));
#10717 = DIRECTION('',(-0.,-1.,0.));
#10718 = FACE_BOUND('',#10719,.T.);
#10719 = EDGE_LOOP('',(#10720));
#10720 = ORIENTED_EDGE('',*,*,#10721,.T.);
#10721 = EDGE_CURVE('',#10722,#10722,#10724,.T.);
#10722 = VERTEX_POINT('',#10723);
#10723 = CARTESIAN_POINT('',(205.01,-102.06,1.51));
#10724 = CIRCLE('',#10725,0.52);
#10725 = AXIS2_PLACEMENT_3D('',#10726,#10727,#10728);
#10726 = CARTESIAN_POINT('',(205.01,-101.54,1.51));
#10727 = DIRECTION('',(-0.,0.,-1.));
#10728 = DIRECTION('',(-0.,-1.,0.));
#10729 = FACE_BOUND('',#10730,.T.);
#10730 = EDGE_LOOP('',(#10731));
#10731 = ORIENTED_EDGE('',*,*,#10732,.T.);
#10732 = EDGE_CURVE('',#10733,#10733,#10735,.T.);
#10733 = VERTEX_POINT('',#10734);
#10734 = CARTESIAN_POINT('',(211.5,-105.96,1.51));
#10735 = CIRCLE('',#10736,0.5);
#10736 = AXIS2_PLACEMENT_3D('',#10737,#10738,#10739);
#10737 = CARTESIAN_POINT('',(211.5,-105.46,1.51));
#10738 = DIRECTION('',(-0.,0.,-1.));
#10739 = DIRECTION('',(-0.,-1.,0.));
#10740 = FACE_BOUND('',#10741,.T.);
#10741 = EDGE_LOOP('',(#10742));
#10742 = ORIENTED_EDGE('',*,*,#10743,.T.);
#10743 = EDGE_CURVE('',#10744,#10744,#10746,.T.);
#10744 = VERTEX_POINT('',#10745);
#10745 = CARTESIAN_POINT('',(211.42,-102.55,1.51));
#10746 = CIRCLE('',#10747,0.55);
#10747 = AXIS2_PLACEMENT_3D('',#10748,#10749,#10750);
#10748 = CARTESIAN_POINT('',(211.42,-102.,1.51));
#10749 = DIRECTION('',(-0.,0.,-1.));
#10750 = DIRECTION('',(-5.167583532801E-14,-1.,0.));
#10751 = FACE_BOUND('',#10752,.T.);
#10752 = EDGE_LOOP('',(#10753));
#10753 = ORIENTED_EDGE('',*,*,#10754,.T.);
#10754 = EDGE_CURVE('',#10755,#10755,#10757,.T.);
#10755 = VERTEX_POINT('',#10756);
#10756 = CARTESIAN_POINT('',(205.01,-99.52,1.51));
#10757 = CIRCLE('',#10758,0.52);
#10758 = AXIS2_PLACEMENT_3D('',#10759,#10760,#10761);
#10759 = CARTESIAN_POINT('',(205.01,-99.,1.51));
#10760 = DIRECTION('',(-0.,0.,-1.));
#10761 = DIRECTION('',(-0.,-1.,0.));
#10762 = FACE_BOUND('',#10763,.T.);
#10763 = EDGE_LOOP('',(#10764));
#10764 = ORIENTED_EDGE('',*,*,#10765,.T.);
#10765 = EDGE_CURVE('',#10766,#10766,#10768,.T.);
#10766 = VERTEX_POINT('',#10767);
#10767 = CARTESIAN_POINT('',(205.01,-96.98,1.51));
#10768 = CIRCLE('',#10769,0.52);
#10769 = AXIS2_PLACEMENT_3D('',#10770,#10771,#10772);
#10770 = CARTESIAN_POINT('',(205.01,-96.46,1.51));
#10771 = DIRECTION('',(-0.,0.,-1.));
#10772 = DIRECTION('',(-0.,-1.,0.));
#10773 = FACE_BOUND('',#10774,.T.);
#10774 = EDGE_LOOP('',(#10775));
#10775 = ORIENTED_EDGE('',*,*,#10776,.T.);
#10776 = EDGE_CURVE('',#10777,#10777,#10779,.T.);
#10777 = VERTEX_POINT('',#10778);
#10778 = CARTESIAN_POINT('',(205.01,-94.44,1.51));
#10779 = CIRCLE('',#10780,0.52);
#10780 = AXIS2_PLACEMENT_3D('',#10781,#10782,#10783);
#10781 = CARTESIAN_POINT('',(205.01,-93.92,1.51));
#10782 = DIRECTION('',(-0.,0.,-1.));
#10783 = DIRECTION('',(-0.,-1.,0.));
#10784 = FACE_BOUND('',#10785,.T.);
#10785 = EDGE_LOOP('',(#10786));
#10786 = ORIENTED_EDGE('',*,*,#10787,.T.);
#10787 = EDGE_CURVE('',#10788,#10788,#10790,.T.);
#10788 = VERTEX_POINT('',#10789);
#10789 = CARTESIAN_POINT('',(210.46,-95.88,1.51));
#10790 = CIRCLE('',#10791,1.5);
#10791 = AXIS2_PLACEMENT_3D('',#10792,#10793,#10794);
#10792 = CARTESIAN_POINT('',(210.46,-94.38,1.51));
#10793 = DIRECTION('',(-0.,0.,-1.));
#10794 = DIRECTION('',(-0.,-1.,0.));
#10795 = FACE_BOUND('',#10796,.T.);
#10796 = EDGE_LOOP('',(#10797));
#10797 = ORIENTED_EDGE('',*,*,#10798,.T.);
#10798 = EDGE_CURVE('',#10799,#10799,#10801,.T.);
#10799 = VERTEX_POINT('',#10800);
#10800 = CARTESIAN_POINT('',(213.96,-102.55,1.51));
#10801 = CIRCLE('',#10802,0.55);
#10802 = AXIS2_PLACEMENT_3D('',#10803,#10804,#10805);
#10803 = CARTESIAN_POINT('',(213.96,-102.,1.51));
#10804 = DIRECTION('',(-0.,0.,-1.));
#10805 = DIRECTION('',(5.167583532801E-14,-1.,-0.));
#10806 = FACE_BOUND('',#10807,.T.);
#10807 = EDGE_LOOP('',(#10808));
#10808 = ORIENTED_EDGE('',*,*,#10809,.T.);
#10809 = EDGE_CURVE('',#10810,#10810,#10812,.T.);
#10810 = VERTEX_POINT('',#10811);
#10811 = CARTESIAN_POINT('',(216.5,-102.55,1.51));
#10812 = CIRCLE('',#10813,0.55);
#10813 = AXIS2_PLACEMENT_3D('',#10814,#10815,#10816);
#10814 = CARTESIAN_POINT('',(216.5,-102.,1.51));
#10815 = DIRECTION('',(-0.,0.,-1.));
#10816 = DIRECTION('',(-0.,-1.,0.));
#10817 = FACE_BOUND('',#10818,.T.);
#10818 = EDGE_LOOP('',(#10819));
#10819 = ORIENTED_EDGE('',*,*,#10820,.T.);
#10820 = EDGE_CURVE('',#10821,#10821,#10823,.T.);
#10821 = VERTEX_POINT('',#10822);
#10822 = CARTESIAN_POINT('',(217.46,-95.88,1.51));
#10823 = CIRCLE('',#10824,1.5);
#10824 = AXIS2_PLACEMENT_3D('',#10825,#10826,#10827);
#10825 = CARTESIAN_POINT('',(217.46,-94.38,1.51));
#10826 = DIRECTION('',(-0.,0.,-1.));
#10827 = DIRECTION('',(-0.,-1.,0.));
#10828 = FACE_BOUND('',#10829,.T.);
#10829 = EDGE_LOOP('',(#10830));
#10830 = ORIENTED_EDGE('',*,*,#10831,.T.);
#10831 = EDGE_CURVE('',#10832,#10832,#10834,.T.);
#10832 = VERTEX_POINT('',#10833);
#10833 = CARTESIAN_POINT('',(205.01,-91.9,1.51));
#10834 = CIRCLE('',#10835,0.52);
#10835 = AXIS2_PLACEMENT_3D('',#10836,#10837,#10838);
#10836 = CARTESIAN_POINT('',(205.01,-91.38,1.51));
#10837 = DIRECTION('',(-0.,0.,-1.));
#10838 = DIRECTION('',(-0.,-1.,0.));
#10839 = FACE_BOUND('',#10840,.T.);
#10840 = EDGE_LOOP('',(#10841));
#10841 = ORIENTED_EDGE('',*,*,#10842,.T.);
#10842 = EDGE_CURVE('',#10843,#10843,#10845,.T.);
#10843 = VERTEX_POINT('',#10844);
#10844 = CARTESIAN_POINT('',(205.01,-89.36,1.51));
#10845 = CIRCLE('',#10846,0.52);
#10846 = AXIS2_PLACEMENT_3D('',#10847,#10848,#10849);
#10847 = CARTESIAN_POINT('',(205.01,-88.84,1.51));
#10848 = DIRECTION('',(-0.,0.,-1.));
#10849 = DIRECTION('',(-0.,-1.,0.));
#10850 = FACE_BOUND('',#10851,.T.);
#10851 = EDGE_LOOP('',(#10852));
#10852 = ORIENTED_EDGE('',*,*,#10853,.T.);
#10853 = EDGE_CURVE('',#10854,#10854,#10856,.T.);
#10854 = VERTEX_POINT('',#10855);
#10855 = CARTESIAN_POINT('',(205.01,-86.82,1.51));
#10856 = CIRCLE('',#10857,0.52);
#10857 = AXIS2_PLACEMENT_3D('',#10858,#10859,#10860);
#10858 = CARTESIAN_POINT('',(205.01,-86.3,1.51));
#10859 = DIRECTION('',(-0.,0.,-1.));
#10860 = DIRECTION('',(-0.,-1.,0.));
#10861 = FACE_BOUND('',#10862,.T.);
#10862 = EDGE_LOOP('',(#10863));
#10863 = ORIENTED_EDGE('',*,*,#10864,.T.);
#10864 = EDGE_CURVE('',#10865,#10865,#10867,.T.);
#10865 = VERTEX_POINT('',#10866);
#10866 = CARTESIAN_POINT('',(205.01,-84.28,1.51));
#10867 = CIRCLE('',#10868,0.52);
#10868 = AXIS2_PLACEMENT_3D('',#10869,#10870,#10871);
#10869 = CARTESIAN_POINT('',(205.01,-83.76,1.51));
#10870 = DIRECTION('',(-0.,0.,-1.));
#10871 = DIRECTION('',(-0.,-1.,0.));
#10872 = FACE_BOUND('',#10873,.T.);
#10873 = EDGE_LOOP('',(#10874));
#10874 = ORIENTED_EDGE('',*,*,#10875,.T.);
#10875 = EDGE_CURVE('',#10876,#10876,#10878,.T.);
#10876 = VERTEX_POINT('',#10877);
#10877 = CARTESIAN_POINT('',(210.46,-87.58,1.51));
#10878 = CIRCLE('',#10879,1.5);
#10879 = AXIS2_PLACEMENT_3D('',#10880,#10881,#10882);
#10880 = CARTESIAN_POINT('',(210.46,-86.08,1.51));
#10881 = DIRECTION('',(-0.,0.,-1.));
#10882 = DIRECTION('',(-0.,-1.,0.));
#10883 = FACE_BOUND('',#10884,.T.);
#10884 = EDGE_LOOP('',(#10885));
#10885 = ORIENTED_EDGE('',*,*,#10886,.T.);
#10886 = EDGE_CURVE('',#10887,#10887,#10889,.T.);
#10887 = VERTEX_POINT('',#10888);
#10888 = CARTESIAN_POINT('',(217.46,-87.58,1.51));
#10889 = CIRCLE('',#10890,1.5);
#10890 = AXIS2_PLACEMENT_3D('',#10891,#10892,#10893);
#10891 = CARTESIAN_POINT('',(217.46,-86.08,1.51));
#10892 = DIRECTION('',(-0.,0.,-1.));
#10893 = DIRECTION('',(-0.,-1.,0.));
#10894 = FACE_BOUND('',#10895,.T.);
#10895 = EDGE_LOOP('',(#10896));
#10896 = ORIENTED_EDGE('',*,*,#10897,.T.);
#10897 = EDGE_CURVE('',#10898,#10898,#10900,.T.);
#10898 = VERTEX_POINT('',#10899);
#10899 = CARTESIAN_POINT('',(223.,-81.6,1.51));
#10900 = CIRCLE('',#10901,1.1);
#10901 = AXIS2_PLACEMENT_3D('',#10902,#10903,#10904);
#10902 = CARTESIAN_POINT('',(223.,-80.5,1.51));
#10903 = DIRECTION('',(-0.,0.,-1.));
#10904 = DIRECTION('',(-0.,-1.,0.));
#10905 = PLANE('',#10906);
#10906 = AXIS2_PLACEMENT_3D('',#10907,#10908,#10909);
#10907 = CARTESIAN_POINT('',(0.,0.,1.51));
#10908 = DIRECTION('',(0.,0.,1.));
#10909 = DIRECTION('',(1.,0.,-0.));
#10910 = ADVANCED_FACE('',(#10911),#10917,.T.);
#10911 = FACE_BOUND('',#10912,.T.);
#10912 = EDGE_LOOP('',(#10913,#10914,#10915,#10916));
#10913 = ORIENTED_EDGE('',*,*,#9428,.T.);
#10914 = ORIENTED_EDGE('',*,*,#10184,.T.);
#10915 = ORIENTED_EDGE('',*,*,#9388,.F.);
#10916 = ORIENTED_EDGE('',*,*,#9452,.F.);
#10917 = PLANE('',#10918);
#10918 = AXIS2_PLACEMENT_3D('',#10919,#10920,#10921);
#10919 = CARTESIAN_POINT('',(175.5,-77.5,0.));
#10920 = DIRECTION('',(0.,1.,0.));
#10921 = DIRECTION('',(1.,0.,0.));
#10922 = ADVANCED_FACE('',(#10923),#10934,.F.);
#10923 = FACE_BOUND('',#10924,.T.);
#10924 = EDGE_LOOP('',(#10925,#10926,#10932,#10933));
#10925 = ORIENTED_EDGE('',*,*,#9461,.T.);
#10926 = ORIENTED_EDGE('',*,*,#10927,.T.);
#10927 = EDGE_CURVE('',#9462,#10194,#10928,.T.);
#10928 = LINE('',#10929,#10930);
#10929 = CARTESIAN_POINT('',(178.5,-133.6,-4.6E-02));
#10930 = VECTOR('',#10931,1.);
#10931 = DIRECTION('',(0.,0.,1.));
#10932 = ORIENTED_EDGE('',*,*,#10193,.F.);
#10933 = ORIENTED_EDGE('',*,*,#10927,.F.);
#10934 = CYLINDRICAL_SURFACE('',#10935,1.1);
#10935 = AXIS2_PLACEMENT_3D('',#10936,#10937,#10938);
#10936 = CARTESIAN_POINT('',(178.5,-132.5,-4.6E-02));
#10937 = DIRECTION('',(-0.,-0.,-1.));
#10938 = DIRECTION('',(-0.,-1.,0.));
#10939 = ADVANCED_FACE('',(#10940),#10951,.F.);
#10940 = FACE_BOUND('',#10941,.T.);
#10941 = EDGE_LOOP('',(#10942,#10943,#10949,#10950));
#10942 = ORIENTED_EDGE('',*,*,#9472,.T.);
#10943 = ORIENTED_EDGE('',*,*,#10944,.T.);
#10944 = EDGE_CURVE('',#9473,#10205,#10945,.T.);
#10945 = LINE('',#10946,#10947);
#10946 = CARTESIAN_POINT('',(182.11,-130.,-4.6E-02));
#10947 = VECTOR('',#10948,1.);
#10948 = DIRECTION('',(0.,0.,1.));
#10949 = ORIENTED_EDGE('',*,*,#10204,.F.);
#10950 = ORIENTED_EDGE('',*,*,#10944,.F.);
#10951 = CYLINDRICAL_SURFACE('',#10952,0.52);
#10952 = AXIS2_PLACEMENT_3D('',#10953,#10954,#10955);
#10953 = CARTESIAN_POINT('',(182.11,-129.48,-4.6E-02));
#10954 = DIRECTION('',(-0.,-0.,-1.));
#10955 = DIRECTION('',(-0.,-1.,0.));
#10956 = ADVANCED_FACE('',(#10957),#10968,.F.);
#10957 = FACE_BOUND('',#10958,.T.);
#10958 = EDGE_LOOP('',(#10959,#10960,#10966,#10967));
#10959 = ORIENTED_EDGE('',*,*,#9483,.T.);
#10960 = ORIENTED_EDGE('',*,*,#10961,.T.);
#10961 = EDGE_CURVE('',#9484,#10216,#10962,.T.);
#10962 = LINE('',#10963,#10964);
#10963 = CARTESIAN_POINT('',(182.11,-127.46,-4.6E-02));
#10964 = VECTOR('',#10965,1.);
#10965 = DIRECTION('',(0.,0.,1.));
#10966 = ORIENTED_EDGE('',*,*,#10215,.F.);
#10967 = ORIENTED_EDGE('',*,*,#10961,.F.);
#10968 = CYLINDRICAL_SURFACE('',#10969,0.52);
#10969 = AXIS2_PLACEMENT_3D('',#10970,#10971,#10972);
#10970 = CARTESIAN_POINT('',(182.11,-126.94,-4.6E-02));
#10971 = DIRECTION('',(-0.,-0.,-1.));
#10972 = DIRECTION('',(-0.,-1.,0.));
#10973 = ADVANCED_FACE('',(#10974),#10985,.F.);
#10974 = FACE_BOUND('',#10975,.T.);
#10975 = EDGE_LOOP('',(#10976,#10977,#10983,#10984));
#10976 = ORIENTED_EDGE('',*,*,#9494,.T.);
#10977 = ORIENTED_EDGE('',*,*,#10978,.T.);
#10978 = EDGE_CURVE('',#9495,#10227,#10979,.T.);
#10979 = LINE('',#10980,#10981);
#10980 = CARTESIAN_POINT('',(182.11,-124.92,-4.6E-02));
#10981 = VECTOR('',#10982,1.);
#10982 = DIRECTION('',(0.,0.,1.));
#10983 = ORIENTED_EDGE('',*,*,#10226,.F.);
#10984 = ORIENTED_EDGE('',*,*,#10978,.F.);
#10985 = CYLINDRICAL_SURFACE('',#10986,0.52);
#10986 = AXIS2_PLACEMENT_3D('',#10987,#10988,#10989);
#10987 = CARTESIAN_POINT('',(182.11,-124.4,-4.6E-02));
#10988 = DIRECTION('',(-0.,-0.,-1.));
#10989 = DIRECTION('',(-0.,-1.,0.));
#10990 = ADVANCED_FACE('',(#10991),#11002,.F.);
#10991 = FACE_BOUND('',#10992,.T.);
#10992 = EDGE_LOOP('',(#10993,#10994,#11000,#11001));
#10993 = ORIENTED_EDGE('',*,*,#9505,.T.);
#10994 = ORIENTED_EDGE('',*,*,#10995,.T.);
#10995 = EDGE_CURVE('',#9506,#10238,#10996,.T.);
#10996 = LINE('',#10997,#10998);
#10997 = CARTESIAN_POINT('',(182.11,-122.38,-4.6E-02));
#10998 = VECTOR('',#10999,1.);
#10999 = DIRECTION('',(0.,0.,1.));
#11000 = ORIENTED_EDGE('',*,*,#10237,.F.);
#11001 = ORIENTED_EDGE('',*,*,#10995,.F.);
#11002 = CYLINDRICAL_SURFACE('',#11003,0.52);
#11003 = AXIS2_PLACEMENT_3D('',#11004,#11005,#11006);
#11004 = CARTESIAN_POINT('',(182.11,-121.86,-4.6E-02));
#11005 = DIRECTION('',(-0.,-0.,-1.));
#11006 = DIRECTION('',(-0.,-1.,0.));
#11007 = ADVANCED_FACE('',(#11008),#11019,.F.);
#11008 = FACE_BOUND('',#11009,.T.);
#11009 = EDGE_LOOP('',(#11010,#11011,#11017,#11018));
#11010 = ORIENTED_EDGE('',*,*,#9516,.T.);
#11011 = ORIENTED_EDGE('',*,*,#11012,.T.);
#11012 = EDGE_CURVE('',#9517,#10249,#11013,.T.);
#11013 = LINE('',#11014,#11015);
#11014 = CARTESIAN_POINT('',(182.11,-119.84,-4.6E-02));
#11015 = VECTOR('',#11016,1.);
#11016 = DIRECTION('',(0.,0.,1.));
#11017 = ORIENTED_EDGE('',*,*,#10248,.F.);
#11018 = ORIENTED_EDGE('',*,*,#11012,.F.);
#11019 = CYLINDRICAL_SURFACE('',#11020,0.52);
#11020 = AXIS2_PLACEMENT_3D('',#11021,#11022,#11023);
#11021 = CARTESIAN_POINT('',(182.11,-119.32,-4.6E-02));
#11022 = DIRECTION('',(-0.,-0.,-1.));
#11023 = DIRECTION('',(-0.,-1.,0.));
#11024 = ADVANCED_FACE('',(#11025),#11036,.F.);
#11025 = FACE_BOUND('',#11026,.T.);
#11026 = EDGE_LOOP('',(#11027,#11028,#11034,#11035));
#11027 = ORIENTED_EDGE('',*,*,#9527,.T.);
#11028 = ORIENTED_EDGE('',*,*,#11029,.T.);
#11029 = EDGE_CURVE('',#9528,#10260,#11030,.T.);
#11030 = LINE('',#11031,#11032);
#11031 = CARTESIAN_POINT('',(182.11,-117.3,-4.6E-02));
#11032 = VECTOR('',#11033,1.);
#11033 = DIRECTION('',(0.,0.,1.));
#11034 = ORIENTED_EDGE('',*,*,#10259,.F.);
#11035 = ORIENTED_EDGE('',*,*,#11029,.F.);
#11036 = CYLINDRICAL_SURFACE('',#11037,0.52);
#11037 = AXIS2_PLACEMENT_3D('',#11038,#11039,#11040);
#11038 = CARTESIAN_POINT('',(182.11,-116.78,-4.6E-02));
#11039 = DIRECTION('',(-0.,-0.,-1.));
#11040 = DIRECTION('',(-0.,-1.,0.));
#11041 = ADVANCED_FACE('',(#11042),#11053,.F.);
#11042 = FACE_BOUND('',#11043,.T.);
#11043 = EDGE_LOOP('',(#11044,#11045,#11051,#11052));
#11044 = ORIENTED_EDGE('',*,*,#9538,.T.);
#11045 = ORIENTED_EDGE('',*,*,#11046,.T.);
#11046 = EDGE_CURVE('',#9539,#10271,#11047,.T.);
#11047 = LINE('',#11048,#11049);
#11048 = CARTESIAN_POINT('',(182.11,-114.76,-4.6E-02));
#11049 = VECTOR('',#11050,1.);
#11050 = DIRECTION('',(0.,0.,1.));
#11051 = ORIENTED_EDGE('',*,*,#10270,.F.);
#11052 = ORIENTED_EDGE('',*,*,#11046,.F.);
#11053 = CYLINDRICAL_SURFACE('',#11054,0.52);
#11054 = AXIS2_PLACEMENT_3D('',#11055,#11056,#11057);
#11055 = CARTESIAN_POINT('',(182.11,-114.24,-4.6E-02));
#11056 = DIRECTION('',(-0.,-0.,-1.));
#11057 = DIRECTION('',(-0.,-1.,0.));
#11058 = ADVANCED_FACE('',(#11059),#11070,.F.);
#11059 = FACE_BOUND('',#11060,.T.);
#11060 = EDGE_LOOP('',(#11061,#11062,#11068,#11069));
#11061 = ORIENTED_EDGE('',*,*,#9549,.T.);
#11062 = ORIENTED_EDGE('',*,*,#11063,.T.);
#11063 = EDGE_CURVE('',#9550,#10282,#11064,.T.);
#11064 = LINE('',#11065,#11066);
#11065 = CARTESIAN_POINT('',(182.11,-112.22,-4.6E-02));
#11066 = VECTOR('',#11067,1.);
#11067 = DIRECTION('',(0.,0.,1.));
#11068 = ORIENTED_EDGE('',*,*,#10281,.F.);
#11069 = ORIENTED_EDGE('',*,*,#11063,.F.);
#11070 = CYLINDRICAL_SURFACE('',#11071,0.52);
#11071 = AXIS2_PLACEMENT_3D('',#11072,#11073,#11074);
#11072 = CARTESIAN_POINT('',(182.11,-111.7,-4.6E-02));
#11073 = DIRECTION('',(-0.,-0.,-1.));
#11074 = DIRECTION('',(-0.,-1.,0.));
#11075 = ADVANCED_FACE('',(#11076),#11087,.F.);
#11076 = FACE_BOUND('',#11077,.T.);
#11077 = EDGE_LOOP('',(#11078,#11079,#11085,#11086));
#11078 = ORIENTED_EDGE('',*,*,#9560,.T.);
#11079 = ORIENTED_EDGE('',*,*,#11080,.T.);
#11080 = EDGE_CURVE('',#9561,#10293,#11081,.T.);
#11081 = LINE('',#11082,#11083);
#11082 = CARTESIAN_POINT('',(182.11,-109.68,-4.6E-02));
#11083 = VECTOR('',#11084,1.);
#11084 = DIRECTION('',(0.,0.,1.));
#11085 = ORIENTED_EDGE('',*,*,#10292,.F.);
#11086 = ORIENTED_EDGE('',*,*,#11080,.F.);
#11087 = CYLINDRICAL_SURFACE('',#11088,0.52);
#11088 = AXIS2_PLACEMENT_3D('',#11089,#11090,#11091);
#11089 = CARTESIAN_POINT('',(182.11,-109.16,-4.6E-02));
#11090 = DIRECTION('',(-0.,-0.,-1.));
#11091 = DIRECTION('',(-0.,-1.,0.));
#11092 = ADVANCED_FACE('',(#11093),#11104,.F.);
#11093 = FACE_BOUND('',#11094,.T.);
#11094 = EDGE_LOOP('',(#11095,#11096,#11102,#11103));
#11095 = ORIENTED_EDGE('',*,*,#9571,.T.);
#11096 = ORIENTED_EDGE('',*,*,#11097,.T.);
#11097 = EDGE_CURVE('',#9572,#10304,#11098,.T.);
#11098 = LINE('',#11099,#11100);
#11099 = CARTESIAN_POINT('',(182.11,-107.14,-4.6E-02));
#11100 = VECTOR('',#11101,1.);
#11101 = DIRECTION('',(0.,0.,1.));
#11102 = ORIENTED_EDGE('',*,*,#10303,.F.);
#11103 = ORIENTED_EDGE('',*,*,#11097,.F.);
#11104 = CYLINDRICAL_SURFACE('',#11105,0.52);
#11105 = AXIS2_PLACEMENT_3D('',#11106,#11107,#11108);
#11106 = CARTESIAN_POINT('',(182.11,-106.62,-4.6E-02));
#11107 = DIRECTION('',(-0.,-0.,-1.));
#11108 = DIRECTION('',(-0.,-1.,0.));
#11109 = ADVANCED_FACE('',(#11110),#11121,.F.);
#11110 = FACE_BOUND('',#11111,.T.);
#11111 = EDGE_LOOP('',(#11112,#11113,#11119,#11120));
#11112 = ORIENTED_EDGE('',*,*,#9582,.T.);
#11113 = ORIENTED_EDGE('',*,*,#11114,.T.);
#11114 = EDGE_CURVE('',#9583,#10315,#11115,.T.);
#11115 = LINE('',#11116,#11117);
#11116 = CARTESIAN_POINT('',(205.01,-130.,-4.6E-02));
#11117 = VECTOR('',#11118,1.);
#11118 = DIRECTION('',(0.,0.,1.));
#11119 = ORIENTED_EDGE('',*,*,#10314,.F.);
#11120 = ORIENTED_EDGE('',*,*,#11114,.F.);
#11121 = CYLINDRICAL_SURFACE('',#11122,0.52);
#11122 = AXIS2_PLACEMENT_3D('',#11123,#11124,#11125);
#11123 = CARTESIAN_POINT('',(205.01,-129.48,-4.6E-02));
#11124 = DIRECTION('',(-0.,-0.,-1.));
#11125 = DIRECTION('',(-0.,-1.,0.));
#11126 = ADVANCED_FACE('',(#11127),#11138,.F.);
#11127 = FACE_BOUND('',#11128,.T.);
#11128 = EDGE_LOOP('',(#11129,#11130,#11136,#11137));
#11129 = ORIENTED_EDGE('',*,*,#9593,.T.);
#11130 = ORIENTED_EDGE('',*,*,#11131,.T.);
#11131 = EDGE_CURVE('',#9594,#10326,#11132,.T.);
#11132 = LINE('',#11133,#11134);
#11133 = CARTESIAN_POINT('',(205.01,-127.46,-4.6E-02));
#11134 = VECTOR('',#11135,1.);
#11135 = DIRECTION('',(0.,0.,1.));
#11136 = ORIENTED_EDGE('',*,*,#10325,.F.);
#11137 = ORIENTED_EDGE('',*,*,#11131,.F.);
#11138 = CYLINDRICAL_SURFACE('',#11139,0.52);
#11139 = AXIS2_PLACEMENT_3D('',#11140,#11141,#11142);
#11140 = CARTESIAN_POINT('',(205.01,-126.94,-4.6E-02));
#11141 = DIRECTION('',(-0.,-0.,-1.));
#11142 = DIRECTION('',(-0.,-1.,0.));
#11143 = ADVANCED_FACE('',(#11144),#11155,.F.);
#11144 = FACE_BOUND('',#11145,.T.);
#11145 = EDGE_LOOP('',(#11146,#11147,#11153,#11154));
#11146 = ORIENTED_EDGE('',*,*,#9604,.T.);
#11147 = ORIENTED_EDGE('',*,*,#11148,.T.);
#11148 = EDGE_CURVE('',#9605,#10337,#11149,.T.);
#11149 = LINE('',#11150,#11151);
#11150 = CARTESIAN_POINT('',(211.5,-130.12,-4.6E-02));
#11151 = VECTOR('',#11152,1.);
#11152 = DIRECTION('',(0.,0.,1.));
#11153 = ORIENTED_EDGE('',*,*,#10336,.F.);
#11154 = ORIENTED_EDGE('',*,*,#11148,.F.);
#11155 = CYLINDRICAL_SURFACE('',#11156,0.5);
#11156 = AXIS2_PLACEMENT_3D('',#11157,#11158,#11159);
#11157 = CARTESIAN_POINT('',(211.5,-129.62,-4.6E-02));
#11158 = DIRECTION('',(-0.,-0.,-1.));
#11159 = DIRECTION('',(-0.,-1.,0.));
#11160 = ADVANCED_FACE('',(#11161),#11172,.F.);
#11161 = FACE_BOUND('',#11162,.T.);
#11162 = EDGE_LOOP('',(#11163,#11164,#11170,#11171));
#11163 = ORIENTED_EDGE('',*,*,#9615,.T.);
#11164 = ORIENTED_EDGE('',*,*,#11165,.T.);
#11165 = EDGE_CURVE('',#9616,#10348,#11166,.T.);
#11166 = LINE('',#11167,#11168);
#11167 = CARTESIAN_POINT('',(211.5,-127.58,-4.6E-02));
#11168 = VECTOR('',#11169,1.);
#11169 = DIRECTION('',(0.,0.,1.));
#11170 = ORIENTED_EDGE('',*,*,#10347,.F.);
#11171 = ORIENTED_EDGE('',*,*,#11165,.F.);
#11172 = CYLINDRICAL_SURFACE('',#11173,0.5);
#11173 = AXIS2_PLACEMENT_3D('',#11174,#11175,#11176);
#11174 = CARTESIAN_POINT('',(211.5,-127.08,-4.6E-02));
#11175 = DIRECTION('',(-0.,-0.,-1.));
#11176 = DIRECTION('',(-0.,-1.,0.));
#11177 = ADVANCED_FACE('',(#11178),#11189,.F.);
#11178 = FACE_BOUND('',#11179,.T.);
#11179 = EDGE_LOOP('',(#11180,#11181,#11187,#11188));
#11180 = ORIENTED_EDGE('',*,*,#9626,.T.);
#11181 = ORIENTED_EDGE('',*,*,#11182,.T.);
#11182 = EDGE_CURVE('',#9627,#10359,#11183,.T.);
#11183 = LINE('',#11184,#11185);
#11184 = CARTESIAN_POINT('',(205.01,-124.92,-4.6E-02));
#11185 = VECTOR('',#11186,1.);
#11186 = DIRECTION('',(0.,0.,1.));
#11187 = ORIENTED_EDGE('',*,*,#10358,.F.);
#11188 = ORIENTED_EDGE('',*,*,#11182,.F.);
#11189 = CYLINDRICAL_SURFACE('',#11190,0.52);
#11190 = AXIS2_PLACEMENT_3D('',#11191,#11192,#11193);
#11191 = CARTESIAN_POINT('',(205.01,-124.4,-4.6E-02));
#11192 = DIRECTION('',(-0.,-0.,-1.));
#11193 = DIRECTION('',(-0.,-1.,0.));
#11194 = ADVANCED_FACE('',(#11195),#11206,.F.);
#11195 = FACE_BOUND('',#11196,.T.);
#11196 = EDGE_LOOP('',(#11197,#11198,#11204,#11205));
#11197 = ORIENTED_EDGE('',*,*,#9637,.T.);
#11198 = ORIENTED_EDGE('',*,*,#11199,.T.);
#11199 = EDGE_CURVE('',#9638,#10370,#11200,.T.);
#11200 = LINE('',#11201,#11202);
#11201 = CARTESIAN_POINT('',(205.01,-122.38,-4.6E-02));
#11202 = VECTOR('',#11203,1.);
#11203 = DIRECTION('',(0.,0.,1.));
#11204 = ORIENTED_EDGE('',*,*,#10369,.F.);
#11205 = ORIENTED_EDGE('',*,*,#11199,.F.);
#11206 = CYLINDRICAL_SURFACE('',#11207,0.52);
#11207 = AXIS2_PLACEMENT_3D('',#11208,#11209,#11210);
#11208 = CARTESIAN_POINT('',(205.01,-121.86,-4.6E-02));
#11209 = DIRECTION('',(-0.,-0.,-1.));
#11210 = DIRECTION('',(-0.,-1.,0.));
#11211 = ADVANCED_FACE('',(#11212),#11223,.F.);
#11212 = FACE_BOUND('',#11213,.T.);
#11213 = EDGE_LOOP('',(#11214,#11215,#11221,#11222));
#11214 = ORIENTED_EDGE('',*,*,#9648,.T.);
#11215 = ORIENTED_EDGE('',*,*,#11216,.T.);
#11216 = EDGE_CURVE('',#9649,#10381,#11217,.T.);
#11217 = LINE('',#11218,#11219);
#11218 = CARTESIAN_POINT('',(211.5,-125.04,-4.6E-02));
#11219 = VECTOR('',#11220,1.);
#11220 = DIRECTION('',(0.,0.,1.));
#11221 = ORIENTED_EDGE('',*,*,#10380,.F.);
#11222 = ORIENTED_EDGE('',*,*,#11216,.F.);
#11223 = CYLINDRICAL_SURFACE('',#11224,0.5);
#11224 = AXIS2_PLACEMENT_3D('',#11225,#11226,#11227);
#11225 = CARTESIAN_POINT('',(211.5,-124.54,-4.6E-02));
#11226 = DIRECTION('',(-0.,-0.,-1.));
#11227 = DIRECTION('',(-0.,-1.,0.));
#11228 = ADVANCED_FACE('',(#11229),#11240,.F.);
#11229 = FACE_BOUND('',#11230,.T.);
#11230 = EDGE_LOOP('',(#11231,#11232,#11238,#11239));
#11231 = ORIENTED_EDGE('',*,*,#9659,.T.);
#11232 = ORIENTED_EDGE('',*,*,#11233,.T.);
#11233 = EDGE_CURVE('',#9660,#10392,#11234,.T.);
#11234 = LINE('',#11235,#11236);
#11235 = CARTESIAN_POINT('',(211.5,-122.5,-4.6E-02));
#11236 = VECTOR('',#11237,1.);
#11237 = DIRECTION('',(0.,0.,1.));
#11238 = ORIENTED_EDGE('',*,*,#10391,.F.);
#11239 = ORIENTED_EDGE('',*,*,#11233,.F.);
#11240 = CYLINDRICAL_SURFACE('',#11241,0.5);
#11241 = AXIS2_PLACEMENT_3D('',#11242,#11243,#11244);
#11242 = CARTESIAN_POINT('',(211.5,-122.,-4.6E-02));
#11243 = DIRECTION('',(-0.,-0.,-1.));
#11244 = DIRECTION('',(-0.,-1.,0.));
#11245 = ADVANCED_FACE('',(#11246),#11257,.F.);
#11246 = FACE_BOUND('',#11247,.T.);
#11247 = EDGE_LOOP('',(#11248,#11249,#11255,#11256));
#11248 = ORIENTED_EDGE('',*,*,#9670,.T.);
#11249 = ORIENTED_EDGE('',*,*,#11250,.T.);
#11250 = EDGE_CURVE('',#9671,#10403,#11251,.T.);
#11251 = LINE('',#11252,#11253);
#11252 = CARTESIAN_POINT('',(223.,-133.6,-4.6E-02));
#11253 = VECTOR('',#11254,1.);
#11254 = DIRECTION('',(0.,0.,1.));
#11255 = ORIENTED_EDGE('',*,*,#10402,.F.);
#11256 = ORIENTED_EDGE('',*,*,#11250,.F.);
#11257 = CYLINDRICAL_SURFACE('',#11258,1.1);
#11258 = AXIS2_PLACEMENT_3D('',#11259,#11260,#11261);
#11259 = CARTESIAN_POINT('',(223.,-132.5,-4.6E-02));
#11260 = DIRECTION('',(-0.,-0.,-1.));
#11261 = DIRECTION('',(-0.,-1.,0.));
#11262 = ADVANCED_FACE('',(#11263),#11274,.F.);
#11263 = FACE_BOUND('',#11264,.T.);
#11264 = EDGE_LOOP('',(#11265,#11266,#11272,#11273));
#11265 = ORIENTED_EDGE('',*,*,#9681,.T.);
#11266 = ORIENTED_EDGE('',*,*,#11267,.T.);
#11267 = EDGE_CURVE('',#9682,#10414,#11268,.T.);
#11268 = LINE('',#11269,#11270);
#11269 = CARTESIAN_POINT('',(218.5,-126.08,-4.6E-02));
#11270 = VECTOR('',#11271,1.);
#11271 = DIRECTION('',(0.,0.,1.));
#11272 = ORIENTED_EDGE('',*,*,#10413,.F.);
#11273 = ORIENTED_EDGE('',*,*,#11267,.F.);
#11274 = CYLINDRICAL_SURFACE('',#11275,0.5);
#11275 = AXIS2_PLACEMENT_3D('',#11276,#11277,#11278);
#11276 = CARTESIAN_POINT('',(218.5,-125.58,-4.6E-02));
#11277 = DIRECTION('',(-0.,-0.,-1.));
#11278 = DIRECTION('',(-0.,-1.,0.));
#11279 = ADVANCED_FACE('',(#11280),#11291,.F.);
#11280 = FACE_BOUND('',#11281,.T.);
#11281 = EDGE_LOOP('',(#11282,#11283,#11289,#11290));
#11282 = ORIENTED_EDGE('',*,*,#9692,.T.);
#11283 = ORIENTED_EDGE('',*,*,#11284,.T.);
#11284 = EDGE_CURVE('',#9693,#10425,#11285,.T.);
#11285 = LINE('',#11286,#11287);
#11286 = CARTESIAN_POINT('',(218.5,-123.54,-4.6E-02));
#11287 = VECTOR('',#11288,1.);
#11288 = DIRECTION('',(0.,0.,1.));
#11289 = ORIENTED_EDGE('',*,*,#10424,.F.);
#11290 = ORIENTED_EDGE('',*,*,#11284,.F.);
#11291 = CYLINDRICAL_SURFACE('',#11292,0.5);
#11292 = AXIS2_PLACEMENT_3D('',#11293,#11294,#11295);
#11293 = CARTESIAN_POINT('',(218.5,-123.04,-4.6E-02));
#11294 = DIRECTION('',(-0.,-0.,-1.));
#11295 = DIRECTION('',(-0.,-1.,0.));
#11296 = ADVANCED_FACE('',(#11297),#11308,.F.);
#11297 = FACE_BOUND('',#11298,.T.);
#11298 = EDGE_LOOP('',(#11299,#11300,#11306,#11307));
#11299 = ORIENTED_EDGE('',*,*,#9703,.T.);
#11300 = ORIENTED_EDGE('',*,*,#11301,.T.);
#11301 = EDGE_CURVE('',#9704,#10436,#11302,.T.);
#11302 = LINE('',#11303,#11304);
#11303 = CARTESIAN_POINT('',(205.01,-119.84,-4.6E-02));
#11304 = VECTOR('',#11305,1.);
#11305 = DIRECTION('',(0.,0.,1.));
#11306 = ORIENTED_EDGE('',*,*,#10435,.F.);
#11307 = ORIENTED_EDGE('',*,*,#11301,.F.);
#11308 = CYLINDRICAL_SURFACE('',#11309,0.52);
#11309 = AXIS2_PLACEMENT_3D('',#11310,#11311,#11312);
#11310 = CARTESIAN_POINT('',(205.01,-119.32,-4.6E-02));
#11311 = DIRECTION('',(-0.,-0.,-1.));
#11312 = DIRECTION('',(-0.,-1.,0.));
#11313 = ADVANCED_FACE('',(#11314),#11325,.F.);
#11314 = FACE_BOUND('',#11315,.T.);
#11315 = EDGE_LOOP('',(#11316,#11317,#11323,#11324));
#11316 = ORIENTED_EDGE('',*,*,#9714,.T.);
#11317 = ORIENTED_EDGE('',*,*,#11318,.T.);
#11318 = EDGE_CURVE('',#9715,#10447,#11319,.T.);
#11319 = LINE('',#11320,#11321);
#11320 = CARTESIAN_POINT('',(205.01,-117.3,-4.6E-02));
#11321 = VECTOR('',#11322,1.);
#11322 = DIRECTION('',(0.,0.,1.));
#11323 = ORIENTED_EDGE('',*,*,#10446,.F.);
#11324 = ORIENTED_EDGE('',*,*,#11318,.F.);
#11325 = CYLINDRICAL_SURFACE('',#11326,0.52);
#11326 = AXIS2_PLACEMENT_3D('',#11327,#11328,#11329);
#11327 = CARTESIAN_POINT('',(205.01,-116.78,-4.6E-02));
#11328 = DIRECTION('',(-0.,-0.,-1.));
#11329 = DIRECTION('',(-0.,-1.,0.));
#11330 = ADVANCED_FACE('',(#11331),#11342,.F.);
#11331 = FACE_BOUND('',#11332,.T.);
#11332 = EDGE_LOOP('',(#11333,#11334,#11340,#11341));
#11333 = ORIENTED_EDGE('',*,*,#9725,.T.);
#11334 = ORIENTED_EDGE('',*,*,#11335,.T.);
#11335 = EDGE_CURVE('',#9726,#10458,#11336,.T.);
#11336 = LINE('',#11337,#11338);
#11337 = CARTESIAN_POINT('',(205.01,-114.76,-4.6E-02));
#11338 = VECTOR('',#11339,1.);
#11339 = DIRECTION('',(0.,0.,1.));
#11340 = ORIENTED_EDGE('',*,*,#10457,.F.);
#11341 = ORIENTED_EDGE('',*,*,#11335,.F.);
#11342 = CYLINDRICAL_SURFACE('',#11343,0.52);
#11343 = AXIS2_PLACEMENT_3D('',#11344,#11345,#11346);
#11344 = CARTESIAN_POINT('',(205.01,-114.24,-4.6E-02));
#11345 = DIRECTION('',(-0.,-0.,-1.));
#11346 = DIRECTION('',(-0.,-1.,0.));
#11347 = ADVANCED_FACE('',(#11348),#11359,.F.);
#11348 = FACE_BOUND('',#11349,.T.);
#11349 = EDGE_LOOP('',(#11350,#11351,#11357,#11358));
#11350 = ORIENTED_EDGE('',*,*,#9736,.T.);
#11351 = ORIENTED_EDGE('',*,*,#11352,.T.);
#11352 = EDGE_CURVE('',#9737,#10469,#11353,.T.);
#11353 = LINE('',#11354,#11355);
#11354 = CARTESIAN_POINT('',(211.5,-119.96,-4.6E-02));
#11355 = VECTOR('',#11356,1.);
#11356 = DIRECTION('',(0.,0.,1.));
#11357 = ORIENTED_EDGE('',*,*,#10468,.F.);
#11358 = ORIENTED_EDGE('',*,*,#11352,.F.);
#11359 = CYLINDRICAL_SURFACE('',#11360,0.5);
#11360 = AXIS2_PLACEMENT_3D('',#11361,#11362,#11363);
#11361 = CARTESIAN_POINT('',(211.5,-119.46,-4.6E-02));
#11362 = DIRECTION('',(-0.,-0.,-1.));
#11363 = DIRECTION('',(-0.,-1.,0.));
#11364 = ADVANCED_FACE('',(#11365),#11376,.F.);
#11365 = FACE_BOUND('',#11366,.T.);
#11366 = EDGE_LOOP('',(#11367,#11368,#11374,#11375));
#11367 = ORIENTED_EDGE('',*,*,#9747,.T.);
#11368 = ORIENTED_EDGE('',*,*,#11369,.T.);
#11369 = EDGE_CURVE('',#9748,#10480,#11370,.T.);
#11370 = LINE('',#11371,#11372);
#11371 = CARTESIAN_POINT('',(211.5,-116.12,-4.6E-02));
#11372 = VECTOR('',#11373,1.);
#11373 = DIRECTION('',(0.,0.,1.));
#11374 = ORIENTED_EDGE('',*,*,#10479,.F.);
#11375 = ORIENTED_EDGE('',*,*,#11369,.F.);
#11376 = CYLINDRICAL_SURFACE('',#11377,0.5);
#11377 = AXIS2_PLACEMENT_3D('',#11378,#11379,#11380);
#11378 = CARTESIAN_POINT('',(211.5,-115.62,-4.6E-02));
#11379 = DIRECTION('',(-0.,-0.,-1.));
#11380 = DIRECTION('',(-0.,-1.,0.));
#11381 = ADVANCED_FACE('',(#11382),#11393,.F.);
#11382 = FACE_BOUND('',#11383,.T.);
#11383 = EDGE_LOOP('',(#11384,#11385,#11391,#11392));
#11384 = ORIENTED_EDGE('',*,*,#9758,.T.);
#11385 = ORIENTED_EDGE('',*,*,#11386,.T.);
#11386 = EDGE_CURVE('',#9759,#10491,#11387,.T.);
#11387 = LINE('',#11388,#11389);
#11388 = CARTESIAN_POINT('',(205.01,-112.22,-4.6E-02));
#11389 = VECTOR('',#11390,1.);
#11390 = DIRECTION('',(0.,0.,1.));
#11391 = ORIENTED_EDGE('',*,*,#10490,.F.);
#11392 = ORIENTED_EDGE('',*,*,#11386,.F.);
#11393 = CYLINDRICAL_SURFACE('',#11394,0.52);
#11394 = AXIS2_PLACEMENT_3D('',#11395,#11396,#11397);
#11395 = CARTESIAN_POINT('',(205.01,-111.7,-4.6E-02));
#11396 = DIRECTION('',(-0.,-0.,-1.));
#11397 = DIRECTION('',(-0.,-1.,0.));
#11398 = ADVANCED_FACE('',(#11399),#11410,.F.);
#11399 = FACE_BOUND('',#11400,.T.);
#11400 = EDGE_LOOP('',(#11401,#11402,#11408,#11409));
#11401 = ORIENTED_EDGE('',*,*,#9769,.T.);
#11402 = ORIENTED_EDGE('',*,*,#11403,.T.);
#11403 = EDGE_CURVE('',#9770,#10502,#11404,.T.);
#11404 = LINE('',#11405,#11406);
#11405 = CARTESIAN_POINT('',(205.01,-109.68,-4.6E-02));
#11406 = VECTOR('',#11407,1.);
#11407 = DIRECTION('',(0.,0.,1.));
#11408 = ORIENTED_EDGE('',*,*,#10501,.F.);
#11409 = ORIENTED_EDGE('',*,*,#11403,.F.);
#11410 = CYLINDRICAL_SURFACE('',#11411,0.52);
#11411 = AXIS2_PLACEMENT_3D('',#11412,#11413,#11414);
#11412 = CARTESIAN_POINT('',(205.01,-109.16,-4.6E-02));
#11413 = DIRECTION('',(-0.,-0.,-1.));
#11414 = DIRECTION('',(-0.,-1.,0.));
#11415 = ADVANCED_FACE('',(#11416),#11427,.F.);
#11416 = FACE_BOUND('',#11417,.T.);
#11417 = EDGE_LOOP('',(#11418,#11419,#11425,#11426));
#11418 = ORIENTED_EDGE('',*,*,#9780,.T.);
#11419 = ORIENTED_EDGE('',*,*,#11420,.T.);
#11420 = EDGE_CURVE('',#9781,#10513,#11421,.T.);
#11421 = LINE('',#11422,#11423);
#11422 = CARTESIAN_POINT('',(205.01,-107.14,-4.6E-02));
#11423 = VECTOR('',#11424,1.);
#11424 = DIRECTION('',(0.,0.,1.));
#11425 = ORIENTED_EDGE('',*,*,#10512,.F.);
#11426 = ORIENTED_EDGE('',*,*,#11420,.F.);
#11427 = CYLINDRICAL_SURFACE('',#11428,0.52);
#11428 = AXIS2_PLACEMENT_3D('',#11429,#11430,#11431);
#11429 = CARTESIAN_POINT('',(205.01,-106.62,-4.6E-02));
#11430 = DIRECTION('',(-0.,-0.,-1.));
#11431 = DIRECTION('',(-0.,-1.,0.));
#11432 = ADVANCED_FACE('',(#11433),#11444,.F.);
#11433 = FACE_BOUND('',#11434,.T.);
#11434 = EDGE_LOOP('',(#11435,#11436,#11442,#11443));
#11435 = ORIENTED_EDGE('',*,*,#9791,.T.);
#11436 = ORIENTED_EDGE('',*,*,#11437,.T.);
#11437 = EDGE_CURVE('',#9792,#10524,#11438,.T.);
#11438 = LINE('',#11439,#11440);
#11439 = CARTESIAN_POINT('',(211.5,-113.58,-4.6E-02));
#11440 = VECTOR('',#11441,1.);
#11441 = DIRECTION('',(0.,0.,1.));
#11442 = ORIENTED_EDGE('',*,*,#10523,.F.);
#11443 = ORIENTED_EDGE('',*,*,#11437,.F.);
#11444 = CYLINDRICAL_SURFACE('',#11445,0.5);
#11445 = AXIS2_PLACEMENT_3D('',#11446,#11447,#11448);
#11446 = CARTESIAN_POINT('',(211.5,-113.08,-4.6E-02));
#11447 = DIRECTION('',(-0.,-0.,-1.));
#11448 = DIRECTION('',(-0.,-1.,0.));
#11449 = ADVANCED_FACE('',(#11450),#11461,.F.);
#11450 = FACE_BOUND('',#11451,.T.);
#11451 = EDGE_LOOP('',(#11452,#11453,#11459,#11460));
#11452 = ORIENTED_EDGE('',*,*,#9802,.T.);
#11453 = ORIENTED_EDGE('',*,*,#11454,.T.);
#11454 = EDGE_CURVE('',#9803,#10535,#11455,.T.);
#11455 = LINE('',#11456,#11457);
#11456 = CARTESIAN_POINT('',(211.5,-111.04,-4.6E-02));
#11457 = VECTOR('',#11458,1.);
#11458 = DIRECTION('',(0.,0.,1.));
#11459 = ORIENTED_EDGE('',*,*,#10534,.F.);
#11460 = ORIENTED_EDGE('',*,*,#11454,.F.);
#11461 = CYLINDRICAL_SURFACE('',#11462,0.5);
#11462 = AXIS2_PLACEMENT_3D('',#11463,#11464,#11465);
#11463 = CARTESIAN_POINT('',(211.5,-110.54,-4.6E-02));
#11464 = DIRECTION('',(-0.,-0.,-1.));
#11465 = DIRECTION('',(-0.,-1.,0.));
#11466 = ADVANCED_FACE('',(#11467),#11478,.F.);
#11467 = FACE_BOUND('',#11468,.T.);
#11468 = EDGE_LOOP('',(#11469,#11470,#11476,#11477));
#11469 = ORIENTED_EDGE('',*,*,#9813,.T.);
#11470 = ORIENTED_EDGE('',*,*,#11471,.T.);
#11471 = EDGE_CURVE('',#9814,#10546,#11472,.T.);
#11472 = LINE('',#11473,#11474);
#11473 = CARTESIAN_POINT('',(211.5,-108.5,-4.6E-02));
#11474 = VECTOR('',#11475,1.);
#11475 = DIRECTION('',(0.,0.,1.));
#11476 = ORIENTED_EDGE('',*,*,#10545,.F.);
#11477 = ORIENTED_EDGE('',*,*,#11471,.F.);
#11478 = CYLINDRICAL_SURFACE('',#11479,0.5);
#11479 = AXIS2_PLACEMENT_3D('',#11480,#11481,#11482);
#11480 = CARTESIAN_POINT('',(211.5,-108.,-4.6E-02));
#11481 = DIRECTION('',(-0.,-0.,-1.));
#11482 = DIRECTION('',(-0.,-1.,0.));
#11483 = ADVANCED_FACE('',(#11484),#11495,.F.);
#11484 = FACE_BOUND('',#11485,.T.);
#11485 = EDGE_LOOP('',(#11486,#11487,#11493,#11494));
#11486 = ORIENTED_EDGE('',*,*,#9824,.T.);
#11487 = ORIENTED_EDGE('',*,*,#11488,.T.);
#11488 = EDGE_CURVE('',#9825,#10557,#11489,.T.);
#11489 = LINE('',#11490,#11491);
#11490 = CARTESIAN_POINT('',(218.5,-115.58,-4.6E-02));
#11491 = VECTOR('',#11492,1.);
#11492 = DIRECTION('',(0.,0.,1.));
#11493 = ORIENTED_EDGE('',*,*,#10556,.F.);
#11494 = ORIENTED_EDGE('',*,*,#11488,.F.);
#11495 = CYLINDRICAL_SURFACE('',#11496,0.5);
#11496 = AXIS2_PLACEMENT_3D('',#11497,#11498,#11499);
#11497 = CARTESIAN_POINT('',(218.5,-115.08,-4.6E-02));
#11498 = DIRECTION('',(-0.,-0.,-1.));
#11499 = DIRECTION('',(-0.,-1.,0.));
#11500 = ADVANCED_FACE('',(#11501),#11512,.F.);
#11501 = FACE_BOUND('',#11502,.T.);
#11502 = EDGE_LOOP('',(#11503,#11504,#11510,#11511));
#11503 = ORIENTED_EDGE('',*,*,#9835,.T.);
#11504 = ORIENTED_EDGE('',*,*,#11505,.T.);
#11505 = EDGE_CURVE('',#9836,#10568,#11506,.T.);
#11506 = LINE('',#11507,#11508);
#11507 = CARTESIAN_POINT('',(218.5,-113.04,-4.6E-02));
#11508 = VECTOR('',#11509,1.);
#11509 = DIRECTION('',(0.,0.,1.));
#11510 = ORIENTED_EDGE('',*,*,#10567,.F.);
#11511 = ORIENTED_EDGE('',*,*,#11505,.F.);
#11512 = CYLINDRICAL_SURFACE('',#11513,0.5);
#11513 = AXIS2_PLACEMENT_3D('',#11514,#11515,#11516);
#11514 = CARTESIAN_POINT('',(218.5,-112.54,-4.6E-02));
#11515 = DIRECTION('',(-0.,-0.,-1.));
#11516 = DIRECTION('',(-0.,-1.,0.));
#11517 = ADVANCED_FACE('',(#11518),#11529,.F.);
#11518 = FACE_BOUND('',#11519,.T.);
#11519 = EDGE_LOOP('',(#11520,#11521,#11527,#11528));
#11520 = ORIENTED_EDGE('',*,*,#9846,.T.);
#11521 = ORIENTED_EDGE('',*,*,#11522,.T.);
#11522 = EDGE_CURVE('',#9847,#10579,#11523,.T.);
#11523 = LINE('',#11524,#11525);
#11524 = CARTESIAN_POINT('',(218.5,-110.5,-4.6E-02));
#11525 = VECTOR('',#11526,1.);
#11526 = DIRECTION('',(0.,0.,1.));
#11527 = ORIENTED_EDGE('',*,*,#10578,.F.);
#11528 = ORIENTED_EDGE('',*,*,#11522,.F.);
#11529 = CYLINDRICAL_SURFACE('',#11530,0.5);
#11530 = AXIS2_PLACEMENT_3D('',#11531,#11532,#11533);
#11531 = CARTESIAN_POINT('',(218.5,-110.,-4.6E-02));
#11532 = DIRECTION('',(-0.,-0.,-1.));
#11533 = DIRECTION('',(-0.,-1.,0.));
#11534 = ADVANCED_FACE('',(#11535),#11546,.F.);
#11535 = FACE_BOUND('',#11536,.T.);
#11536 = EDGE_LOOP('',(#11537,#11538,#11544,#11545));
#11537 = ORIENTED_EDGE('',*,*,#9857,.T.);
#11538 = ORIENTED_EDGE('',*,*,#11539,.T.);
#11539 = EDGE_CURVE('',#9858,#10590,#11540,.T.);
#11540 = LINE('',#11541,#11542);
#11541 = CARTESIAN_POINT('',(218.5,-107.96,-4.6E-02));
#11542 = VECTOR('',#11543,1.);
#11543 = DIRECTION('',(0.,0.,1.));
#11544 = ORIENTED_EDGE('',*,*,#10589,.F.);
#11545 = ORIENTED_EDGE('',*,*,#11539,.F.);
#11546 = CYLINDRICAL_SURFACE('',#11547,0.5);
#11547 = AXIS2_PLACEMENT_3D('',#11548,#11549,#11550);
#11548 = CARTESIAN_POINT('',(218.5,-107.46,-4.6E-02));
#11549 = DIRECTION('',(-0.,-0.,-1.));
#11550 = DIRECTION('',(-0.,-1.,0.));
#11551 = ADVANCED_FACE('',(#11552),#11563,.F.);
#11552 = FACE_BOUND('',#11553,.T.);
#11553 = EDGE_LOOP('',(#11554,#11555,#11561,#11562));
#11554 = ORIENTED_EDGE('',*,*,#9868,.T.);
#11555 = ORIENTED_EDGE('',*,*,#11556,.T.);
#11556 = EDGE_CURVE('',#9869,#10601,#11557,.T.);
#11557 = LINE('',#11558,#11559);
#11558 = CARTESIAN_POINT('',(182.11,-104.6,-4.6E-02));
#11559 = VECTOR('',#11560,1.);
#11560 = DIRECTION('',(0.,0.,1.));
#11561 = ORIENTED_EDGE('',*,*,#10600,.F.);
#11562 = ORIENTED_EDGE('',*,*,#11556,.F.);
#11563 = CYLINDRICAL_SURFACE('',#11564,0.52);
#11564 = AXIS2_PLACEMENT_3D('',#11565,#11566,#11567);
#11565 = CARTESIAN_POINT('',(182.11,-104.08,-4.6E-02));
#11566 = DIRECTION('',(-0.,-0.,-1.));
#11567 = DIRECTION('',(-0.,-1.,0.));
#11568 = ADVANCED_FACE('',(#11569),#11580,.F.);
#11569 = FACE_BOUND('',#11570,.T.);
#11570 = EDGE_LOOP('',(#11571,#11572,#11578,#11579));
#11571 = ORIENTED_EDGE('',*,*,#9879,.T.);
#11572 = ORIENTED_EDGE('',*,*,#11573,.T.);
#11573 = EDGE_CURVE('',#9880,#10612,#11574,.T.);
#11574 = LINE('',#11575,#11576);
#11575 = CARTESIAN_POINT('',(182.11,-102.06,-4.6E-02));
#11576 = VECTOR('',#11577,1.);
#11577 = DIRECTION('',(0.,0.,1.));
#11578 = ORIENTED_EDGE('',*,*,#10611,.F.);
#11579 = ORIENTED_EDGE('',*,*,#11573,.F.);
#11580 = CYLINDRICAL_SURFACE('',#11581,0.52);
#11581 = AXIS2_PLACEMENT_3D('',#11582,#11583,#11584);
#11582 = CARTESIAN_POINT('',(182.11,-101.54,-4.6E-02));
#11583 = DIRECTION('',(-0.,-0.,-1.));
#11584 = DIRECTION('',(-0.,-1.,0.));
#11585 = ADVANCED_FACE('',(#11586),#11597,.F.);
#11586 = FACE_BOUND('',#11587,.T.);
#11587 = EDGE_LOOP('',(#11588,#11589,#11595,#11596));
#11588 = ORIENTED_EDGE('',*,*,#9890,.T.);
#11589 = ORIENTED_EDGE('',*,*,#11590,.T.);
#11590 = EDGE_CURVE('',#9891,#10623,#11591,.T.);
#11591 = LINE('',#11592,#11593);
#11592 = CARTESIAN_POINT('',(182.11,-99.52,-4.6E-02));
#11593 = VECTOR('',#11594,1.);
#11594 = DIRECTION('',(0.,0.,1.));
#11595 = ORIENTED_EDGE('',*,*,#10622,.F.);
#11596 = ORIENTED_EDGE('',*,*,#11590,.F.);
#11597 = CYLINDRICAL_SURFACE('',#11598,0.52);
#11598 = AXIS2_PLACEMENT_3D('',#11599,#11600,#11601);
#11599 = CARTESIAN_POINT('',(182.11,-99.,-4.6E-02));
#11600 = DIRECTION('',(-0.,-0.,-1.));
#11601 = DIRECTION('',(-0.,-1.,0.));
#11602 = ADVANCED_FACE('',(#11603),#11614,.F.);
#11603 = FACE_BOUND('',#11604,.T.);
#11604 = EDGE_LOOP('',(#11605,#11606,#11612,#11613));
#11605 = ORIENTED_EDGE('',*,*,#9901,.T.);
#11606 = ORIENTED_EDGE('',*,*,#11607,.T.);
#11607 = EDGE_CURVE('',#9902,#10634,#11608,.T.);
#11608 = LINE('',#11609,#11610);
#11609 = CARTESIAN_POINT('',(182.11,-96.98,-4.6E-02));
#11610 = VECTOR('',#11611,1.);
#11611 = DIRECTION('',(0.,0.,1.));
#11612 = ORIENTED_EDGE('',*,*,#10633,.F.);
#11613 = ORIENTED_EDGE('',*,*,#11607,.F.);
#11614 = CYLINDRICAL_SURFACE('',#11615,0.52);
#11615 = AXIS2_PLACEMENT_3D('',#11616,#11617,#11618);
#11616 = CARTESIAN_POINT('',(182.11,-96.46,-4.6E-02));
#11617 = DIRECTION('',(-0.,-0.,-1.));
#11618 = DIRECTION('',(-0.,-1.,0.));
#11619 = ADVANCED_FACE('',(#11620),#11631,.F.);
#11620 = FACE_BOUND('',#11621,.T.);
#11621 = EDGE_LOOP('',(#11622,#11623,#11629,#11630));
#11622 = ORIENTED_EDGE('',*,*,#9912,.T.);
#11623 = ORIENTED_EDGE('',*,*,#11624,.T.);
#11624 = EDGE_CURVE('',#9913,#10645,#11625,.T.);
#11625 = LINE('',#11626,#11627);
#11626 = CARTESIAN_POINT('',(182.11,-94.44,-4.6E-02));
#11627 = VECTOR('',#11628,1.);
#11628 = DIRECTION('',(0.,0.,1.));
#11629 = ORIENTED_EDGE('',*,*,#10644,.F.);
#11630 = ORIENTED_EDGE('',*,*,#11624,.F.);
#11631 = CYLINDRICAL_SURFACE('',#11632,0.52);
#11632 = AXIS2_PLACEMENT_3D('',#11633,#11634,#11635);
#11633 = CARTESIAN_POINT('',(182.11,-93.92,-4.6E-02));
#11634 = DIRECTION('',(-0.,-0.,-1.));
#11635 = DIRECTION('',(-0.,-1.,0.));
#11636 = ADVANCED_FACE('',(#11637),#11648,.F.);
#11637 = FACE_BOUND('',#11638,.T.);
#11638 = EDGE_LOOP('',(#11639,#11640,#11646,#11647));
#11639 = ORIENTED_EDGE('',*,*,#9923,.T.);
#11640 = ORIENTED_EDGE('',*,*,#11641,.T.);
#11641 = EDGE_CURVE('',#9924,#10656,#11642,.T.);
#11642 = LINE('',#11643,#11644);
#11643 = CARTESIAN_POINT('',(182.11,-91.9,-4.6E-02));
#11644 = VECTOR('',#11645,1.);
#11645 = DIRECTION('',(0.,0.,1.));
#11646 = ORIENTED_EDGE('',*,*,#10655,.F.);
#11647 = ORIENTED_EDGE('',*,*,#11641,.F.);
#11648 = CYLINDRICAL_SURFACE('',#11649,0.52);
#11649 = AXIS2_PLACEMENT_3D('',#11650,#11651,#11652);
#11650 = CARTESIAN_POINT('',(182.11,-91.38,-4.6E-02));
#11651 = DIRECTION('',(-0.,-0.,-1.));
#11652 = DIRECTION('',(-0.,-1.,0.));
#11653 = ADVANCED_FACE('',(#11654),#11665,.F.);
#11654 = FACE_BOUND('',#11655,.T.);
#11655 = EDGE_LOOP('',(#11656,#11657,#11663,#11664));
#11656 = ORIENTED_EDGE('',*,*,#9934,.T.);
#11657 = ORIENTED_EDGE('',*,*,#11658,.T.);
#11658 = EDGE_CURVE('',#9935,#10667,#11659,.T.);
#11659 = LINE('',#11660,#11661);
#11660 = CARTESIAN_POINT('',(182.11,-89.36,-4.6E-02));
#11661 = VECTOR('',#11662,1.);
#11662 = DIRECTION('',(0.,0.,1.));
#11663 = ORIENTED_EDGE('',*,*,#10666,.F.);
#11664 = ORIENTED_EDGE('',*,*,#11658,.F.);
#11665 = CYLINDRICAL_SURFACE('',#11666,0.52);
#11666 = AXIS2_PLACEMENT_3D('',#11667,#11668,#11669);
#11667 = CARTESIAN_POINT('',(182.11,-88.84,-4.6E-02));
#11668 = DIRECTION('',(-0.,-0.,-1.));
#11669 = DIRECTION('',(-0.,-1.,0.));
#11670 = ADVANCED_FACE('',(#11671),#11682,.F.);
#11671 = FACE_BOUND('',#11672,.T.);
#11672 = EDGE_LOOP('',(#11673,#11674,#11680,#11681));
#11673 = ORIENTED_EDGE('',*,*,#9945,.T.);
#11674 = ORIENTED_EDGE('',*,*,#11675,.T.);
#11675 = EDGE_CURVE('',#9946,#10678,#11676,.T.);
#11676 = LINE('',#11677,#11678);
#11677 = CARTESIAN_POINT('',(182.11,-86.82,-4.6E-02));
#11678 = VECTOR('',#11679,1.);
#11679 = DIRECTION('',(0.,0.,1.));
#11680 = ORIENTED_EDGE('',*,*,#10677,.F.);
#11681 = ORIENTED_EDGE('',*,*,#11675,.F.);
#11682 = CYLINDRICAL_SURFACE('',#11683,0.52);
#11683 = AXIS2_PLACEMENT_3D('',#11684,#11685,#11686);
#11684 = CARTESIAN_POINT('',(182.11,-86.3,-4.6E-02));
#11685 = DIRECTION('',(-0.,-0.,-1.));
#11686 = DIRECTION('',(-0.,-1.,0.));
#11687 = ADVANCED_FACE('',(#11688),#11699,.F.);
#11688 = FACE_BOUND('',#11689,.T.);
#11689 = EDGE_LOOP('',(#11690,#11691,#11697,#11698));
#11690 = ORIENTED_EDGE('',*,*,#9956,.T.);
#11691 = ORIENTED_EDGE('',*,*,#11692,.T.);
#11692 = EDGE_CURVE('',#9957,#10689,#11693,.T.);
#11693 = LINE('',#11694,#11695);
#11694 = CARTESIAN_POINT('',(182.11,-84.28,-4.6E-02));
#11695 = VECTOR('',#11696,1.);
#11696 = DIRECTION('',(0.,0.,1.));
#11697 = ORIENTED_EDGE('',*,*,#10688,.F.);
#11698 = ORIENTED_EDGE('',*,*,#11692,.F.);
#11699 = CYLINDRICAL_SURFACE('',#11700,0.52);
#11700 = AXIS2_PLACEMENT_3D('',#11701,#11702,#11703);
#11701 = CARTESIAN_POINT('',(182.11,-83.76,-4.6E-02));
#11702 = DIRECTION('',(-0.,-0.,-1.));
#11703 = DIRECTION('',(-0.,-1.,0.));
#11704 = ADVANCED_FACE('',(#11705),#11716,.F.);
#11705 = FACE_BOUND('',#11706,.T.);
#11706 = EDGE_LOOP('',(#11707,#11708,#11714,#11715));
#11707 = ORIENTED_EDGE('',*,*,#9967,.T.);
#11708 = ORIENTED_EDGE('',*,*,#11709,.T.);
#11709 = EDGE_CURVE('',#9968,#10700,#11710,.T.);
#11710 = LINE('',#11711,#11712);
#11711 = CARTESIAN_POINT('',(178.5,-81.6,-4.6E-02));
#11712 = VECTOR('',#11713,1.);
#11713 = DIRECTION('',(0.,0.,1.));
#11714 = ORIENTED_EDGE('',*,*,#10699,.F.);
#11715 = ORIENTED_EDGE('',*,*,#11709,.F.);
#11716 = CYLINDRICAL_SURFACE('',#11717,1.1);
#11717 = AXIS2_PLACEMENT_3D('',#11718,#11719,#11720);
#11718 = CARTESIAN_POINT('',(178.5,-80.5,-4.6E-02));
#11719 = DIRECTION('',(-0.,-0.,-1.));
#11720 = DIRECTION('',(-0.,-1.,0.));
#11721 = ADVANCED_FACE('',(#11722),#11733,.F.);
#11722 = FACE_BOUND('',#11723,.T.);
#11723 = EDGE_LOOP('',(#11724,#11725,#11731,#11732));
#11724 = ORIENTED_EDGE('',*,*,#9978,.T.);
#11725 = ORIENTED_EDGE('',*,*,#11726,.T.);
#11726 = EDGE_CURVE('',#9979,#10711,#11727,.T.);
#11727 = LINE('',#11728,#11729);
#11728 = CARTESIAN_POINT('',(205.01,-104.6,-4.6E-02));
#11729 = VECTOR('',#11730,1.);
#11730 = DIRECTION('',(0.,0.,1.));
#11731 = ORIENTED_EDGE('',*,*,#10710,.F.);
#11732 = ORIENTED_EDGE('',*,*,#11726,.F.);
#11733 = CYLINDRICAL_SURFACE('',#11734,0.52);
#11734 = AXIS2_PLACEMENT_3D('',#11735,#11736,#11737);
#11735 = CARTESIAN_POINT('',(205.01,-104.08,-4.6E-02));
#11736 = DIRECTION('',(-0.,-0.,-1.));
#11737 = DIRECTION('',(-0.,-1.,0.));
#11738 = ADVANCED_FACE('',(#11739),#11750,.F.);
#11739 = FACE_BOUND('',#11740,.T.);
#11740 = EDGE_LOOP('',(#11741,#11742,#11748,#11749));
#11741 = ORIENTED_EDGE('',*,*,#9989,.T.);
#11742 = ORIENTED_EDGE('',*,*,#11743,.T.);
#11743 = EDGE_CURVE('',#9990,#10722,#11744,.T.);
#11744 = LINE('',#11745,#11746);
#11745 = CARTESIAN_POINT('',(205.01,-102.06,-4.6E-02));
#11746 = VECTOR('',#11747,1.);
#11747 = DIRECTION('',(0.,0.,1.));
#11748 = ORIENTED_EDGE('',*,*,#10721,.F.);
#11749 = ORIENTED_EDGE('',*,*,#11743,.F.);
#11750 = CYLINDRICAL_SURFACE('',#11751,0.52);
#11751 = AXIS2_PLACEMENT_3D('',#11752,#11753,#11754);
#11752 = CARTESIAN_POINT('',(205.01,-101.54,-4.6E-02));
#11753 = DIRECTION('',(-0.,-0.,-1.));
#11754 = DIRECTION('',(-0.,-1.,0.));
#11755 = ADVANCED_FACE('',(#11756),#11767,.F.);
#11756 = FACE_BOUND('',#11757,.T.);
#11757 = EDGE_LOOP('',(#11758,#11759,#11765,#11766));
#11758 = ORIENTED_EDGE('',*,*,#10000,.T.);
#11759 = ORIENTED_EDGE('',*,*,#11760,.T.);
#11760 = EDGE_CURVE('',#10001,#10733,#11761,.T.);
#11761 = LINE('',#11762,#11763);
#11762 = CARTESIAN_POINT('',(211.5,-105.96,-4.6E-02));
#11763 = VECTOR('',#11764,1.);
#11764 = DIRECTION('',(0.,0.,1.));
#11765 = ORIENTED_EDGE('',*,*,#10732,.F.);
#11766 = ORIENTED_EDGE('',*,*,#11760,.F.);
#11767 = CYLINDRICAL_SURFACE('',#11768,0.5);
#11768 = AXIS2_PLACEMENT_3D('',#11769,#11770,#11771);
#11769 = CARTESIAN_POINT('',(211.5,-105.46,-4.6E-02));
#11770 = DIRECTION('',(-0.,-0.,-1.));
#11771 = DIRECTION('',(-0.,-1.,0.));
#11772 = ADVANCED_FACE('',(#11773),#11784,.F.);
#11773 = FACE_BOUND('',#11774,.T.);
#11774 = EDGE_LOOP('',(#11775,#11776,#11782,#11783));
#11775 = ORIENTED_EDGE('',*,*,#10011,.T.);
#11776 = ORIENTED_EDGE('',*,*,#11777,.T.);
#11777 = EDGE_CURVE('',#10012,#10744,#11778,.T.);
#11778 = LINE('',#11779,#11780);
#11779 = CARTESIAN_POINT('',(211.42,-102.55,-4.6E-02));
#11780 = VECTOR('',#11781,1.);
#11781 = DIRECTION('',(0.,0.,1.));
#11782 = ORIENTED_EDGE('',*,*,#10743,.F.);
#11783 = ORIENTED_EDGE('',*,*,#11777,.F.);
#11784 = CYLINDRICAL_SURFACE('',#11785,0.55);
#11785 = AXIS2_PLACEMENT_3D('',#11786,#11787,#11788);
#11786 = CARTESIAN_POINT('',(211.42,-102.,-4.6E-02));
#11787 = DIRECTION('',(-0.,-0.,-1.));
#11788 = DIRECTION('',(-5.167583532801E-14,-1.,0.));
#11789 = ADVANCED_FACE('',(#11790),#11801,.F.);
#11790 = FACE_BOUND('',#11791,.T.);
#11791 = EDGE_LOOP('',(#11792,#11793,#11799,#11800));
#11792 = ORIENTED_EDGE('',*,*,#10022,.T.);
#11793 = ORIENTED_EDGE('',*,*,#11794,.T.);
#11794 = EDGE_CURVE('',#10023,#10755,#11795,.T.);
#11795 = LINE('',#11796,#11797);
#11796 = CARTESIAN_POINT('',(205.01,-99.52,-4.6E-02));
#11797 = VECTOR('',#11798,1.);
#11798 = DIRECTION('',(0.,0.,1.));
#11799 = ORIENTED_EDGE('',*,*,#10754,.F.);
#11800 = ORIENTED_EDGE('',*,*,#11794,.F.);
#11801 = CYLINDRICAL_SURFACE('',#11802,0.52);
#11802 = AXIS2_PLACEMENT_3D('',#11803,#11804,#11805);
#11803 = CARTESIAN_POINT('',(205.01,-99.,-4.6E-02));
#11804 = DIRECTION('',(-0.,-0.,-1.));
#11805 = DIRECTION('',(-0.,-1.,0.));
#11806 = ADVANCED_FACE('',(#11807),#11818,.F.);
#11807 = FACE_BOUND('',#11808,.T.);
#11808 = EDGE_LOOP('',(#11809,#11810,#11816,#11817));
#11809 = ORIENTED_EDGE('',*,*,#10033,.T.);
#11810 = ORIENTED_EDGE('',*,*,#11811,.T.);
#11811 = EDGE_CURVE('',#10034,#10766,#11812,.T.);
#11812 = LINE('',#11813,#11814);
#11813 = CARTESIAN_POINT('',(205.01,-96.98,-4.6E-02));
#11814 = VECTOR('',#11815,1.);
#11815 = DIRECTION('',(0.,0.,1.));
#11816 = ORIENTED_EDGE('',*,*,#10765,.F.);
#11817 = ORIENTED_EDGE('',*,*,#11811,.F.);
#11818 = CYLINDRICAL_SURFACE('',#11819,0.52);
#11819 = AXIS2_PLACEMENT_3D('',#11820,#11821,#11822);
#11820 = CARTESIAN_POINT('',(205.01,-96.46,-4.6E-02));
#11821 = DIRECTION('',(-0.,-0.,-1.));
#11822 = DIRECTION('',(-0.,-1.,0.));
#11823 = ADVANCED_FACE('',(#11824),#11835,.F.);
#11824 = FACE_BOUND('',#11825,.T.);
#11825 = EDGE_LOOP('',(#11826,#11827,#11833,#11834));
#11826 = ORIENTED_EDGE('',*,*,#10044,.T.);
#11827 = ORIENTED_EDGE('',*,*,#11828,.T.);
#11828 = EDGE_CURVE('',#10045,#10777,#11829,.T.);
#11829 = LINE('',#11830,#11831);
#11830 = CARTESIAN_POINT('',(205.01,-94.44,-4.6E-02));
#11831 = VECTOR('',#11832,1.);
#11832 = DIRECTION('',(0.,0.,1.));
#11833 = ORIENTED_EDGE('',*,*,#10776,.F.);
#11834 = ORIENTED_EDGE('',*,*,#11828,.F.);
#11835 = CYLINDRICAL_SURFACE('',#11836,0.52);
#11836 = AXIS2_PLACEMENT_3D('',#11837,#11838,#11839);
#11837 = CARTESIAN_POINT('',(205.01,-93.92,-4.6E-02));
#11838 = DIRECTION('',(-0.,-0.,-1.));
#11839 = DIRECTION('',(-0.,-1.,0.));
#11840 = ADVANCED_FACE('',(#11841),#11852,.F.);
#11841 = FACE_BOUND('',#11842,.T.);
#11842 = EDGE_LOOP('',(#11843,#11844,#11850,#11851));
#11843 = ORIENTED_EDGE('',*,*,#10055,.T.);
#11844 = ORIENTED_EDGE('',*,*,#11845,.T.);
#11845 = EDGE_CURVE('',#10056,#10788,#11846,.T.);
#11846 = LINE('',#11847,#11848);
#11847 = CARTESIAN_POINT('',(210.46,-95.88,-4.6E-02));
#11848 = VECTOR('',#11849,1.);
#11849 = DIRECTION('',(0.,0.,1.));
#11850 = ORIENTED_EDGE('',*,*,#10787,.F.);
#11851 = ORIENTED_EDGE('',*,*,#11845,.F.);
#11852 = CYLINDRICAL_SURFACE('',#11853,1.5);
#11853 = AXIS2_PLACEMENT_3D('',#11854,#11855,#11856);
#11854 = CARTESIAN_POINT('',(210.46,-94.38,-4.6E-02));
#11855 = DIRECTION('',(-0.,-0.,-1.));
#11856 = DIRECTION('',(-0.,-1.,0.));
#11857 = ADVANCED_FACE('',(#11858),#11869,.F.);
#11858 = FACE_BOUND('',#11859,.T.);
#11859 = EDGE_LOOP('',(#11860,#11861,#11867,#11868));
#11860 = ORIENTED_EDGE('',*,*,#10066,.T.);
#11861 = ORIENTED_EDGE('',*,*,#11862,.T.);
#11862 = EDGE_CURVE('',#10067,#10799,#11863,.T.);
#11863 = LINE('',#11864,#11865);
#11864 = CARTESIAN_POINT('',(213.96,-102.55,-4.6E-02));
#11865 = VECTOR('',#11866,1.);
#11866 = DIRECTION('',(0.,0.,1.));
#11867 = ORIENTED_EDGE('',*,*,#10798,.F.);
#11868 = ORIENTED_EDGE('',*,*,#11862,.F.);
#11869 = CYLINDRICAL_SURFACE('',#11870,0.55);
#11870 = AXIS2_PLACEMENT_3D('',#11871,#11872,#11873);
#11871 = CARTESIAN_POINT('',(213.96,-102.,-4.6E-02));
#11872 = DIRECTION('',(-0.,0.,-1.));
#11873 = DIRECTION('',(5.167583532801E-14,-1.,-0.));
#11874 = ADVANCED_FACE('',(#11875),#11886,.F.);
#11875 = FACE_BOUND('',#11876,.T.);
#11876 = EDGE_LOOP('',(#11877,#11878,#11884,#11885));
#11877 = ORIENTED_EDGE('',*,*,#10077,.T.);
#11878 = ORIENTED_EDGE('',*,*,#11879,.T.);
#11879 = EDGE_CURVE('',#10078,#10810,#11880,.T.);
#11880 = LINE('',#11881,#11882);
#11881 = CARTESIAN_POINT('',(216.5,-102.55,-4.6E-02));
#11882 = VECTOR('',#11883,1.);
#11883 = DIRECTION('',(0.,0.,1.));
#11884 = ORIENTED_EDGE('',*,*,#10809,.F.);
#11885 = ORIENTED_EDGE('',*,*,#11879,.F.);
#11886 = CYLINDRICAL_SURFACE('',#11887,0.55);
#11887 = AXIS2_PLACEMENT_3D('',#11888,#11889,#11890);
#11888 = CARTESIAN_POINT('',(216.5,-102.,-4.6E-02));
#11889 = DIRECTION('',(-0.,-0.,-1.));
#11890 = DIRECTION('',(-0.,-1.,0.));
#11891 = ADVANCED_FACE('',(#11892),#11903,.F.);
#11892 = FACE_BOUND('',#11893,.T.);
#11893 = EDGE_LOOP('',(#11894,#11895,#11901,#11902));
#11894 = ORIENTED_EDGE('',*,*,#10088,.T.);
#11895 = ORIENTED_EDGE('',*,*,#11896,.T.);
#11896 = EDGE_CURVE('',#10089,#10821,#11897,.T.);
#11897 = LINE('',#11898,#11899);
#11898 = CARTESIAN_POINT('',(217.46,-95.88,-4.6E-02));
#11899 = VECTOR('',#11900,1.);
#11900 = DIRECTION('',(0.,0.,1.));
#11901 = ORIENTED_EDGE('',*,*,#10820,.F.);
#11902 = ORIENTED_EDGE('',*,*,#11896,.F.);
#11903 = CYLINDRICAL_SURFACE('',#11904,1.5);
#11904 = AXIS2_PLACEMENT_3D('',#11905,#11906,#11907);
#11905 = CARTESIAN_POINT('',(217.46,-94.38,-4.6E-02));
#11906 = DIRECTION('',(-0.,-0.,-1.));
#11907 = DIRECTION('',(-0.,-1.,0.));
#11908 = ADVANCED_FACE('',(#11909),#11920,.F.);
#11909 = FACE_BOUND('',#11910,.T.);
#11910 = EDGE_LOOP('',(#11911,#11912,#11918,#11919));
#11911 = ORIENTED_EDGE('',*,*,#10099,.T.);
#11912 = ORIENTED_EDGE('',*,*,#11913,.T.);
#11913 = EDGE_CURVE('',#10100,#10832,#11914,.T.);
#11914 = LINE('',#11915,#11916);
#11915 = CARTESIAN_POINT('',(205.01,-91.9,-4.6E-02));
#11916 = VECTOR('',#11917,1.);
#11917 = DIRECTION('',(0.,0.,1.));
#11918 = ORIENTED_EDGE('',*,*,#10831,.F.);
#11919 = ORIENTED_EDGE('',*,*,#11913,.F.);
#11920 = CYLINDRICAL_SURFACE('',#11921,0.52);
#11921 = AXIS2_PLACEMENT_3D('',#11922,#11923,#11924);
#11922 = CARTESIAN_POINT('',(205.01,-91.38,-4.6E-02));
#11923 = DIRECTION('',(-0.,-0.,-1.));
#11924 = DIRECTION('',(-0.,-1.,0.));
#11925 = ADVANCED_FACE('',(#11926),#11937,.F.);
#11926 = FACE_BOUND('',#11927,.T.);
#11927 = EDGE_LOOP('',(#11928,#11929,#11935,#11936));
#11928 = ORIENTED_EDGE('',*,*,#10110,.T.);
#11929 = ORIENTED_EDGE('',*,*,#11930,.T.);
#11930 = EDGE_CURVE('',#10111,#10843,#11931,.T.);
#11931 = LINE('',#11932,#11933);
#11932 = CARTESIAN_POINT('',(205.01,-89.36,-4.6E-02));
#11933 = VECTOR('',#11934,1.);
#11934 = DIRECTION('',(0.,0.,1.));
#11935 = ORIENTED_EDGE('',*,*,#10842,.F.);
#11936 = ORIENTED_EDGE('',*,*,#11930,.F.);
#11937 = CYLINDRICAL_SURFACE('',#11938,0.52);
#11938 = AXIS2_PLACEMENT_3D('',#11939,#11940,#11941);
#11939 = CARTESIAN_POINT('',(205.01,-88.84,-4.6E-02));
#11940 = DIRECTION('',(-0.,-0.,-1.));
#11941 = DIRECTION('',(-0.,-1.,0.));
#11942 = ADVANCED_FACE('',(#11943),#11954,.F.);
#11943 = FACE_BOUND('',#11944,.T.);
#11944 = EDGE_LOOP('',(#11945,#11946,#11952,#11953));
#11945 = ORIENTED_EDGE('',*,*,#10121,.T.);
#11946 = ORIENTED_EDGE('',*,*,#11947,.T.);
#11947 = EDGE_CURVE('',#10122,#10854,#11948,.T.);
#11948 = LINE('',#11949,#11950);
#11949 = CARTESIAN_POINT('',(205.01,-86.82,-4.6E-02));
#11950 = VECTOR('',#11951,1.);
#11951 = DIRECTION('',(0.,0.,1.));
#11952 = ORIENTED_EDGE('',*,*,#10853,.F.);
#11953 = ORIENTED_EDGE('',*,*,#11947,.F.);
#11954 = CYLINDRICAL_SURFACE('',#11955,0.52);
#11955 = AXIS2_PLACEMENT_3D('',#11956,#11957,#11958);
#11956 = CARTESIAN_POINT('',(205.01,-86.3,-4.6E-02));
#11957 = DIRECTION('',(-0.,-0.,-1.));
#11958 = DIRECTION('',(-0.,-1.,0.));
#11959 = ADVANCED_FACE('',(#11960),#11971,.F.);
#11960 = FACE_BOUND('',#11961,.T.);
#11961 = EDGE_LOOP('',(#11962,#11963,#11969,#11970));
#11962 = ORIENTED_EDGE('',*,*,#10132,.T.);
#11963 = ORIENTED_EDGE('',*,*,#11964,.T.);
#11964 = EDGE_CURVE('',#10133,#10865,#11965,.T.);
#11965 = LINE('',#11966,#11967);
#11966 = CARTESIAN_POINT('',(205.01,-84.28,-4.6E-02));
#11967 = VECTOR('',#11968,1.);
#11968 = DIRECTION('',(0.,0.,1.));
#11969 = ORIENTED_EDGE('',*,*,#10864,.F.);
#11970 = ORIENTED_EDGE('',*,*,#11964,.F.);
#11971 = CYLINDRICAL_SURFACE('',#11972,0.52);
#11972 = AXIS2_PLACEMENT_3D('',#11973,#11974,#11975);
#11973 = CARTESIAN_POINT('',(205.01,-83.76,-4.6E-02));
#11974 = DIRECTION('',(-0.,-0.,-1.));
#11975 = DIRECTION('',(-0.,-1.,0.));
#11976 = ADVANCED_FACE('',(#11977),#11988,.F.);
#11977 = FACE_BOUND('',#11978,.T.);
#11978 = EDGE_LOOP('',(#11979,#11980,#11986,#11987));
#11979 = ORIENTED_EDGE('',*,*,#10143,.T.);
#11980 = ORIENTED_EDGE('',*,*,#11981,.T.);
#11981 = EDGE_CURVE('',#10144,#10876,#11982,.T.);
#11982 = LINE('',#11983,#11984);
#11983 = CARTESIAN_POINT('',(210.46,-87.58,-4.6E-02));
#11984 = VECTOR('',#11985,1.);
#11985 = DIRECTION('',(0.,0.,1.));
#11986 = ORIENTED_EDGE('',*,*,#10875,.F.);
#11987 = ORIENTED_EDGE('',*,*,#11981,.F.);
#11988 = CYLINDRICAL_SURFACE('',#11989,1.5);
#11989 = AXIS2_PLACEMENT_3D('',#11990,#11991,#11992);
#11990 = CARTESIAN_POINT('',(210.46,-86.08,-4.6E-02));
#11991 = DIRECTION('',(-0.,-0.,-1.));
#11992 = DIRECTION('',(-0.,-1.,0.));
#11993 = ADVANCED_FACE('',(#11994),#12005,.F.);
#11994 = FACE_BOUND('',#11995,.T.);
#11995 = EDGE_LOOP('',(#11996,#11997,#12003,#12004));
#11996 = ORIENTED_EDGE('',*,*,#10154,.T.);
#11997 = ORIENTED_EDGE('',*,*,#11998,.T.);
#11998 = EDGE_CURVE('',#10155,#10887,#11999,.T.);
#11999 = LINE('',#12000,#12001);
#12000 = CARTESIAN_POINT('',(217.46,-87.58,-4.6E-02));
#12001 = VECTOR('',#12002,1.);
#12002 = DIRECTION('',(0.,0.,1.));
#12003 = ORIENTED_EDGE('',*,*,#10886,.F.);
#12004 = ORIENTED_EDGE('',*,*,#11998,.F.);
#12005 = CYLINDRICAL_SURFACE('',#12006,1.5);
#12006 = AXIS2_PLACEMENT_3D('',#12007,#12008,#12009);
#12007 = CARTESIAN_POINT('',(217.46,-86.08,-4.6E-02));
#12008 = DIRECTION('',(-0.,-0.,-1.));
#12009 = DIRECTION('',(-0.,-1.,0.));
#12010 = ADVANCED_FACE('',(#12011),#12022,.F.);
#12011 = FACE_BOUND('',#12012,.T.);
#12012 = EDGE_LOOP('',(#12013,#12014,#12020,#12021));
#12013 = ORIENTED_EDGE('',*,*,#10165,.T.);
#12014 = ORIENTED_EDGE('',*,*,#12015,.T.);
#12015 = EDGE_CURVE('',#10166,#10898,#12016,.T.);
#12016 = LINE('',#12017,#12018);
#12017 = CARTESIAN_POINT('',(223.,-81.6,-4.6E-02));
#12018 = VECTOR('',#12019,1.);
#12019 = DIRECTION('',(0.,0.,1.));
#12020 = ORIENTED_EDGE('',*,*,#10897,.F.);
#12021 = ORIENTED_EDGE('',*,*,#12015,.F.);
#12022 = CYLINDRICAL_SURFACE('',#12023,1.1);
#12023 = AXIS2_PLACEMENT_3D('',#12024,#12025,#12026);
#12024 = CARTESIAN_POINT('',(223.,-80.5,-4.6E-02));
#12025 = DIRECTION('',(-0.,-0.,-1.));
#12026 = DIRECTION('',(-0.,-1.,0.));
#12027 = ( GEOMETRIC_REPRESENTATION_CONTEXT(3) 
GLOBAL_UNCERTAINTY_ASSIGNED_CONTEXT((#12031)) 
GLOBAL_UNIT_ASSIGNED_CONTEXT((#12028,#12029,#12030)) 
REPRESENTATION_CONTEXT('Context #1',
  '3D Context with UNIT and UNCERTAINTY') );
#12028 = ( LENGTH_UNIT() NAMED_UNIT(*) SI_UNIT(.MILLI.,.METRE.) );
#12029 = ( NAMED_UNIT(*) PLANE_ANGLE_UNIT() SI_UNIT($,.RADIAN.) );
#12030 = ( NAMED_UNIT(*) SI_UNIT($,.STERADIAN.) SOLID_ANGLE_UNIT() );
#12031 = UNCERTAINTY_MEASURE_WITH_UNIT(LENGTH_MEASURE(1.E-07),#12028,
  'distance_accuracy_value','confusion accuracy');
#12032 = CONTEXT_DEPENDENT_SHAPE_REPRESENTATION(#12033,#12035);
#12033 = ( REPRESENTATION_RELATIONSHIP('','',#9341,#10) 
REPRESENTATION_RELATIONSHIP_WITH_TRANSFORMATION(#12034) 
SHAPE_REPRESENTATION_RELATIONSHIP() );
#12034 = ITEM_DEFINED_TRANSFORMATION('','',#11,#35);
#12035 = PRODUCT_DEFINITION_SHAPE('Placement','Placement of an item',
  #12036);
#12036 = NEXT_ASSEMBLY_USAGE_OCCURRENCE('6','=>[0:1:1:6]','',#5,#9336,$
  );
#12037 = PRODUCT_RELATED_PRODUCT_CATEGORY('part',$,(#9338));
#12038 = MECHANICAL_DESIGN_GEOMETRIC_PRESENTATION_REPRESENTATION('',(
    #12039,#12047,#12054,#12061,#12068,#12075,#12082,#12089,#12096,
    #12103,#12110,#12117,#12124,#12131,#12138,#12145,#12152,#12160,
    #12167,#12174,#12181,#12188,#12195,#12202,#12209,#12216,#12223,
    #12230,#12237,#12244,#12251,#12258,#12265,#12272,#12279,#12286,
    #12293,#12300,#12307,#12314,#12321,#12328,#12335,#12342,#12349,
    #12356,#12363,#12370,#12377,#12384,#12391,#12398),#1485);
#12039 = STYLED_ITEM('color',(#12040),#55);
#12040 = PRESENTATION_STYLE_ASSIGNMENT((#12041));
#12041 = SURFACE_STYLE_USAGE(.BOTH.,#12042);
#12042 = SURFACE_SIDE_STYLE('',(#12043));
#12043 = SURFACE_STYLE_FILL_AREA(#12044);
#12044 = FILL_AREA_STYLE('',(#12045));
#12045 = FILL_AREA_STYLE_COLOUR('',#12046);
#12046 = COLOUR_RGB('',0.147999998088,0.144999993226,0.144999993226);
#12047 = STYLED_ITEM('color',(#12048),#95);
#12048 = PRESENTATION_STYLE_ASSIGNMENT((#12049));
#12049 = SURFACE_STYLE_USAGE(.BOTH.,#12050);
#12050 = SURFACE_SIDE_STYLE('',(#12051));
#12051 = SURFACE_STYLE_FILL_AREA(#12052);
#12052 = FILL_AREA_STYLE('',(#12053));
#12053 = FILL_AREA_STYLE_COLOUR('',#12046);
#12054 = STYLED_ITEM('color',(#12055),#126);
#12055 = PRESENTATION_STYLE_ASSIGNMENT((#12056));
#12056 = SURFACE_STYLE_USAGE(.BOTH.,#12057);
#12057 = SURFACE_SIDE_STYLE('',(#12058));
#12058 = SURFACE_STYLE_FILL_AREA(#12059);
#12059 = FILL_AREA_STYLE('',(#12060));
#12060 = FILL_AREA_STYLE_COLOUR('',#12046);
#12061 = STYLED_ITEM('color',(#12062),#157);
#12062 = PRESENTATION_STYLE_ASSIGNMENT((#12063));
#12063 = SURFACE_STYLE_USAGE(.BOTH.,#12064);
#12064 = SURFACE_SIDE_STYLE('',(#12065));
#12065 = SURFACE_STYLE_FILL_AREA(#12066);
#12066 = FILL_AREA_STYLE('',(#12067));
#12067 = FILL_AREA_STYLE_COLOUR('',#12046);
#12068 = STYLED_ITEM('color',(#12069),#322);
#12069 = PRESENTATION_STYLE_ASSIGNMENT((#12070));
#12070 = SURFACE_STYLE_USAGE(.BOTH.,#12071);
#12071 = SURFACE_SIDE_STYLE('',(#12072));
#12072 = SURFACE_STYLE_FILL_AREA(#12073);
#12073 = FILL_AREA_STYLE('',(#12074));
#12074 = FILL_AREA_STYLE_COLOUR('',#12046);
#12075 = STYLED_ITEM('color',(#12076),#487);
#12076 = PRESENTATION_STYLE_ASSIGNMENT((#12077));
#12077 = SURFACE_STYLE_USAGE(.BOTH.,#12078);
#12078 = SURFACE_SIDE_STYLE('',(#12079));
#12079 = SURFACE_STYLE_FILL_AREA(#12080);
#12080 = FILL_AREA_STYLE('',(#12081));
#12081 = FILL_AREA_STYLE_COLOUR('',#12046);
#12082 = STYLED_ITEM('color',(#12083),#504);
#12083 = PRESENTATION_STYLE_ASSIGNMENT((#12084));
#12084 = SURFACE_STYLE_USAGE(.BOTH.,#12085);
#12085 = SURFACE_SIDE_STYLE('',(#12086));
#12086 = SURFACE_STYLE_FILL_AREA(#12087);
#12087 = FILL_AREA_STYLE('',(#12088));
#12088 = FILL_AREA_STYLE_COLOUR('',#12046);
#12089 = STYLED_ITEM('color',(#12090),#521);
#12090 = PRESENTATION_STYLE_ASSIGNMENT((#12091));
#12091 = SURFACE_STYLE_USAGE(.BOTH.,#12092);
#12092 = SURFACE_SIDE_STYLE('',(#12093));
#12093 = SURFACE_STYLE_FILL_AREA(#12094);
#12094 = FILL_AREA_STYLE('',(#12095));
#12095 = FILL_AREA_STYLE_COLOUR('',#12046);
#12096 = STYLED_ITEM('color',(#12097),#538);
#12097 = PRESENTATION_STYLE_ASSIGNMENT((#12098));
#12098 = SURFACE_STYLE_USAGE(.BOTH.,#12099);
#12099 = SURFACE_SIDE_STYLE('',(#12100));
#12100 = SURFACE_STYLE_FILL_AREA(#12101);
#12101 = FILL_AREA_STYLE('',(#12102));
#12102 = FILL_AREA_STYLE_COLOUR('',#12046);
#12103 = STYLED_ITEM('color',(#12104),#555);
#12104 = PRESENTATION_STYLE_ASSIGNMENT((#12105));
#12105 = SURFACE_STYLE_USAGE(.BOTH.,#12106);
#12106 = SURFACE_SIDE_STYLE('',(#12107));
#12107 = SURFACE_STYLE_FILL_AREA(#12108);
#12108 = FILL_AREA_STYLE('',(#12109));
#12109 = FILL_AREA_STYLE_COLOUR('',#12046);
#12110 = STYLED_ITEM('color',(#12111),#572);
#12111 = PRESENTATION_STYLE_ASSIGNMENT((#12112));
#12112 = SURFACE_STYLE_USAGE(.BOTH.,#12113);
#12113 = SURFACE_SIDE_STYLE('',(#12114));
#12114 = SURFACE_STYLE_FILL_AREA(#12115);
#12115 = FILL_AREA_STYLE('',(#12116));
#12116 = FILL_AREA_STYLE_COLOUR('',#12046);
#12117 = STYLED_ITEM('color',(#12118),#589);
#12118 = PRESENTATION_STYLE_ASSIGNMENT((#12119));
#12119 = SURFACE_STYLE_USAGE(.BOTH.,#12120);
#12120 = SURFACE_SIDE_STYLE('',(#12121));
#12121 = SURFACE_STYLE_FILL_AREA(#12122);
#12122 = FILL_AREA_STYLE('',(#12123));
#12123 = FILL_AREA_STYLE_COLOUR('',#12046);
#12124 = STYLED_ITEM('color',(#12125),#606);
#12125 = PRESENTATION_STYLE_ASSIGNMENT((#12126));
#12126 = SURFACE_STYLE_USAGE(.BOTH.,#12127);
#12127 = SURFACE_SIDE_STYLE('',(#12128));
#12128 = SURFACE_STYLE_FILL_AREA(#12129);
#12129 = FILL_AREA_STYLE('',(#12130));
#12130 = FILL_AREA_STYLE_COLOUR('',#12046);
#12131 = STYLED_ITEM('color',(#12132),#623);
#12132 = PRESENTATION_STYLE_ASSIGNMENT((#12133));
#12133 = SURFACE_STYLE_USAGE(.BOTH.,#12134);
#12134 = SURFACE_SIDE_STYLE('',(#12135));
#12135 = SURFACE_STYLE_FILL_AREA(#12136);
#12136 = FILL_AREA_STYLE('',(#12137));
#12137 = FILL_AREA_STYLE_COLOUR('',#12046);
#12138 = STYLED_ITEM('color',(#12139),#640);
#12139 = PRESENTATION_STYLE_ASSIGNMENT((#12140));
#12140 = SURFACE_STYLE_USAGE(.BOTH.,#12141);
#12141 = SURFACE_SIDE_STYLE('',(#12142));
#12142 = SURFACE_STYLE_FILL_AREA(#12143);
#12143 = FILL_AREA_STYLE('',(#12144));
#12144 = FILL_AREA_STYLE_COLOUR('',#12046);
#12145 = STYLED_ITEM('color',(#12146),#657);
#12146 = PRESENTATION_STYLE_ASSIGNMENT((#12147));
#12147 = SURFACE_STYLE_USAGE(.BOTH.,#12148);
#12148 = SURFACE_SIDE_STYLE('',(#12149));
#12149 = SURFACE_STYLE_FILL_AREA(#12150);
#12150 = FILL_AREA_STYLE('',(#12151));
#12151 = FILL_AREA_STYLE_COLOUR('',#12046);
#12152 = STYLED_ITEM('color',(#12153),#669);
#12153 = PRESENTATION_STYLE_ASSIGNMENT((#12154));
#12154 = SURFACE_STYLE_USAGE(.BOTH.,#12155);
#12155 = SURFACE_SIDE_STYLE('',(#12156));
#12156 = SURFACE_STYLE_FILL_AREA(#12157);
#12157 = FILL_AREA_STYLE('',(#12158));
#12158 = FILL_AREA_STYLE_COLOUR('',#12159);
#12159 = COLOUR_RGB('',0.859000020776,0.737999965183,0.495999988746);
#12160 = STYLED_ITEM('color',(#12161),#700);
#12161 = PRESENTATION_STYLE_ASSIGNMENT((#12162));
#12162 = SURFACE_STYLE_USAGE(.BOTH.,#12163);
#12163 = SURFACE_SIDE_STYLE('',(#12164));
#12164 = SURFACE_STYLE_FILL_AREA(#12165);
#12165 = FILL_AREA_STYLE('',(#12166));
#12166 = FILL_AREA_STYLE_COLOUR('',#12159);
#12167 = STYLED_ITEM('color',(#12168),#724);
#12168 = PRESENTATION_STYLE_ASSIGNMENT((#12169));
#12169 = SURFACE_STYLE_USAGE(.BOTH.,#12170);
#12170 = SURFACE_SIDE_STYLE('',(#12171));
#12171 = SURFACE_STYLE_FILL_AREA(#12172);
#12172 = FILL_AREA_STYLE('',(#12173));
#12173 = FILL_AREA_STYLE_COLOUR('',#12159);
#12174 = STYLED_ITEM('color',(#12175),#748);
#12175 = PRESENTATION_STYLE_ASSIGNMENT((#12176));
#12176 = SURFACE_STYLE_USAGE(.BOTH.,#12177);
#12177 = SURFACE_SIDE_STYLE('',(#12178));
#12178 = SURFACE_STYLE_FILL_AREA(#12179);
#12179 = FILL_AREA_STYLE('',(#12180));
#12180 = FILL_AREA_STYLE_COLOUR('',#12159);
#12181 = STYLED_ITEM('color',(#12182),#765);
#12182 = PRESENTATION_STYLE_ASSIGNMENT((#12183));
#12183 = SURFACE_STYLE_USAGE(.BOTH.,#12184);
#12184 = SURFACE_SIDE_STYLE('',(#12185));
#12185 = SURFACE_STYLE_FILL_AREA(#12186);
#12186 = FILL_AREA_STYLE('',(#12187));
#12187 = FILL_AREA_STYLE_COLOUR('',#12159);
#12188 = STYLED_ITEM('color',(#12189),#796);
#12189 = PRESENTATION_STYLE_ASSIGNMENT((#12190));
#12190 = SURFACE_STYLE_USAGE(.BOTH.,#12191);
#12191 = SURFACE_SIDE_STYLE('',(#12192));
#12192 = SURFACE_STYLE_FILL_AREA(#12193);
#12193 = FILL_AREA_STYLE('',(#12194));
#12194 = FILL_AREA_STYLE_COLOUR('',#12159);
#12195 = STYLED_ITEM('color',(#12196),#820);
#12196 = PRESENTATION_STYLE_ASSIGNMENT((#12197));
#12197 = SURFACE_STYLE_USAGE(.BOTH.,#12198);
#12198 = SURFACE_SIDE_STYLE('',(#12199));
#12199 = SURFACE_STYLE_FILL_AREA(#12200);
#12200 = FILL_AREA_STYLE('',(#12201));
#12201 = FILL_AREA_STYLE_COLOUR('',#12159);
#12202 = STYLED_ITEM('color',(#12203),#844);
#12203 = PRESENTATION_STYLE_ASSIGNMENT((#12204));
#12204 = SURFACE_STYLE_USAGE(.BOTH.,#12205);
#12205 = SURFACE_SIDE_STYLE('',(#12206));
#12206 = SURFACE_STYLE_FILL_AREA(#12207);
#12207 = FILL_AREA_STYLE('',(#12208));
#12208 = FILL_AREA_STYLE_COLOUR('',#12159);
#12209 = STYLED_ITEM('color',(#12210),#861);
#12210 = PRESENTATION_STYLE_ASSIGNMENT((#12211));
#12211 = SURFACE_STYLE_USAGE(.BOTH.,#12212);
#12212 = SURFACE_SIDE_STYLE('',(#12213));
#12213 = SURFACE_STYLE_FILL_AREA(#12214);
#12214 = FILL_AREA_STYLE('',(#12215));
#12215 = FILL_AREA_STYLE_COLOUR('',#12159);
#12216 = STYLED_ITEM('color',(#12217),#892);
#12217 = PRESENTATION_STYLE_ASSIGNMENT((#12218));
#12218 = SURFACE_STYLE_USAGE(.BOTH.,#12219);
#12219 = SURFACE_SIDE_STYLE('',(#12220));
#12220 = SURFACE_STYLE_FILL_AREA(#12221);
#12221 = FILL_AREA_STYLE('',(#12222));
#12222 = FILL_AREA_STYLE_COLOUR('',#12159);
#12223 = STYLED_ITEM('color',(#12224),#916);
#12224 = PRESENTATION_STYLE_ASSIGNMENT((#12225));
#12225 = SURFACE_STYLE_USAGE(.BOTH.,#12226);
#12226 = SURFACE_SIDE_STYLE('',(#12227));
#12227 = SURFACE_STYLE_FILL_AREA(#12228);
#12228 = FILL_AREA_STYLE('',(#12229));
#12229 = FILL_AREA_STYLE_COLOUR('',#12159);
#12230 = STYLED_ITEM('color',(#12231),#940);
#12231 = PRESENTATION_STYLE_ASSIGNMENT((#12232));
#12232 = SURFACE_STYLE_USAGE(.BOTH.,#12233);
#12233 = SURFACE_SIDE_STYLE('',(#12234));
#12234 = SURFACE_STYLE_FILL_AREA(#12235);
#12235 = FILL_AREA_STYLE('',(#12236));
#12236 = FILL_AREA_STYLE_COLOUR('',#12159);
#12237 = STYLED_ITEM('color',(#12238),#957);
#12238 = PRESENTATION_STYLE_ASSIGNMENT((#12239));
#12239 = SURFACE_STYLE_USAGE(.BOTH.,#12240);
#12240 = SURFACE_SIDE_STYLE('',(#12241));
#12241 = SURFACE_STYLE_FILL_AREA(#12242);
#12242 = FILL_AREA_STYLE('',(#12243));
#12243 = FILL_AREA_STYLE_COLOUR('',#12159);
#12244 = STYLED_ITEM('color',(#12245),#988);
#12245 = PRESENTATION_STYLE_ASSIGNMENT((#12246));
#12246 = SURFACE_STYLE_USAGE(.BOTH.,#12247);
#12247 = SURFACE_SIDE_STYLE('',(#12248));
#12248 = SURFACE_STYLE_FILL_AREA(#12249);
#12249 = FILL_AREA_STYLE('',(#12250));
#12250 = FILL_AREA_STYLE_COLOUR('',#12159);
#12251 = STYLED_ITEM('color',(#12252),#1012);
#12252 = PRESENTATION_STYLE_ASSIGNMENT((#12253));
#12253 = SURFACE_STYLE_USAGE(.BOTH.,#12254);
#12254 = SURFACE_SIDE_STYLE('',(#12255));
#12255 = SURFACE_STYLE_FILL_AREA(#12256);
#12256 = FILL_AREA_STYLE('',(#12257));
#12257 = FILL_AREA_STYLE_COLOUR('',#12159);
#12258 = STYLED_ITEM('color',(#12259),#1036);
#12259 = PRESENTATION_STYLE_ASSIGNMENT((#12260));
#12260 = SURFACE_STYLE_USAGE(.BOTH.,#12261);
#12261 = SURFACE_SIDE_STYLE('',(#12262));
#12262 = SURFACE_STYLE_FILL_AREA(#12263);
#12263 = FILL_AREA_STYLE('',(#12264));
#12264 = FILL_AREA_STYLE_COLOUR('',#12159);
#12265 = STYLED_ITEM('color',(#12266),#1053);
#12266 = PRESENTATION_STYLE_ASSIGNMENT((#12267));
#12267 = SURFACE_STYLE_USAGE(.BOTH.,#12268);
#12268 = SURFACE_SIDE_STYLE('',(#12269));
#12269 = SURFACE_STYLE_FILL_AREA(#12270);
#12270 = FILL_AREA_STYLE('',(#12271));
#12271 = FILL_AREA_STYLE_COLOUR('',#12159);
#12272 = STYLED_ITEM('color',(#12273),#1084);
#12273 = PRESENTATION_STYLE_ASSIGNMENT((#12274));
#12274 = SURFACE_STYLE_USAGE(.BOTH.,#12275);
#12275 = SURFACE_SIDE_STYLE('',(#12276));
#12276 = SURFACE_STYLE_FILL_AREA(#12277);
#12277 = FILL_AREA_STYLE('',(#12278));
#12278 = FILL_AREA_STYLE_COLOUR('',#12159);
#12279 = STYLED_ITEM('color',(#12280),#1108);
#12280 = PRESENTATION_STYLE_ASSIGNMENT((#12281));
#12281 = SURFACE_STYLE_USAGE(.BOTH.,#12282);
#12282 = SURFACE_SIDE_STYLE('',(#12283));
#12283 = SURFACE_STYLE_FILL_AREA(#12284);
#12284 = FILL_AREA_STYLE('',(#12285));
#12285 = FILL_AREA_STYLE_COLOUR('',#12159);
#12286 = STYLED_ITEM('color',(#12287),#1132);
#12287 = PRESENTATION_STYLE_ASSIGNMENT((#12288));
#12288 = SURFACE_STYLE_USAGE(.BOTH.,#12289);
#12289 = SURFACE_SIDE_STYLE('',(#12290));
#12290 = SURFACE_STYLE_FILL_AREA(#12291);
#12291 = FILL_AREA_STYLE('',(#12292));
#12292 = FILL_AREA_STYLE_COLOUR('',#12159);
#12293 = STYLED_ITEM('color',(#12294),#1149);
#12294 = PRESENTATION_STYLE_ASSIGNMENT((#12295));
#12295 = SURFACE_STYLE_USAGE(.BOTH.,#12296);
#12296 = SURFACE_SIDE_STYLE('',(#12297));
#12297 = SURFACE_STYLE_FILL_AREA(#12298);
#12298 = FILL_AREA_STYLE('',(#12299));
#12299 = FILL_AREA_STYLE_COLOUR('',#12159);
#12300 = STYLED_ITEM('color',(#12301),#1180);
#12301 = PRESENTATION_STYLE_ASSIGNMENT((#12302));
#12302 = SURFACE_STYLE_USAGE(.BOTH.,#12303);
#12303 = SURFACE_SIDE_STYLE('',(#12304));
#12304 = SURFACE_STYLE_FILL_AREA(#12305);
#12305 = FILL_AREA_STYLE('',(#12306));
#12306 = FILL_AREA_STYLE_COLOUR('',#12159);
#12307 = STYLED_ITEM('color',(#12308),#1204);
#12308 = PRESENTATION_STYLE_ASSIGNMENT((#12309));
#12309 = SURFACE_STYLE_USAGE(.BOTH.,#12310);
#12310 = SURFACE_SIDE_STYLE('',(#12311));
#12311 = SURFACE_STYLE_FILL_AREA(#12312);
#12312 = FILL_AREA_STYLE('',(#12313));
#12313 = FILL_AREA_STYLE_COLOUR('',#12159);
#12314 = STYLED_ITEM('color',(#12315),#1228);
#12315 = PRESENTATION_STYLE_ASSIGNMENT((#12316));
#12316 = SURFACE_STYLE_USAGE(.BOTH.,#12317);
#12317 = SURFACE_SIDE_STYLE('',(#12318));
#12318 = SURFACE_STYLE_FILL_AREA(#12319);
#12319 = FILL_AREA_STYLE('',(#12320));
#12320 = FILL_AREA_STYLE_COLOUR('',#12159);
#12321 = STYLED_ITEM('color',(#12322),#1245);
#12322 = PRESENTATION_STYLE_ASSIGNMENT((#12323));
#12323 = SURFACE_STYLE_USAGE(.BOTH.,#12324);
#12324 = SURFACE_SIDE_STYLE('',(#12325));
#12325 = SURFACE_STYLE_FILL_AREA(#12326);
#12326 = FILL_AREA_STYLE('',(#12327));
#12327 = FILL_AREA_STYLE_COLOUR('',#12159);
#12328 = STYLED_ITEM('color',(#12329),#1276);
#12329 = PRESENTATION_STYLE_ASSIGNMENT((#12330));
#12330 = SURFACE_STYLE_USAGE(.BOTH.,#12331);
#12331 = SURFACE_SIDE_STYLE('',(#12332));
#12332 = SURFACE_STYLE_FILL_AREA(#12333);
#12333 = FILL_AREA_STYLE('',(#12334));
#12334 = FILL_AREA_STYLE_COLOUR('',#12159);
#12335 = STYLED_ITEM('color',(#12336),#1300);
#12336 = PRESENTATION_STYLE_ASSIGNMENT((#12337));
#12337 = SURFACE_STYLE_USAGE(.BOTH.,#12338);
#12338 = SURFACE_SIDE_STYLE('',(#12339));
#12339 = SURFACE_STYLE_FILL_AREA(#12340);
#12340 = FILL_AREA_STYLE('',(#12341));
#12341 = FILL_AREA_STYLE_COLOUR('',#12159);
#12342 = STYLED_ITEM('color',(#12343),#1324);
#12343 = PRESENTATION_STYLE_ASSIGNMENT((#12344));
#12344 = SURFACE_STYLE_USAGE(.BOTH.,#12345);
#12345 = SURFACE_SIDE_STYLE('',(#12346));
#12346 = SURFACE_STYLE_FILL_AREA(#12347);
#12347 = FILL_AREA_STYLE('',(#12348));
#12348 = FILL_AREA_STYLE_COLOUR('',#12159);
#12349 = STYLED_ITEM('color',(#12350),#1341);
#12350 = PRESENTATION_STYLE_ASSIGNMENT((#12351));
#12351 = SURFACE_STYLE_USAGE(.BOTH.,#12352);
#12352 = SURFACE_SIDE_STYLE('',(#12353));
#12353 = SURFACE_STYLE_FILL_AREA(#12354);
#12354 = FILL_AREA_STYLE('',(#12355));
#12355 = FILL_AREA_STYLE_COLOUR('',#12159);
#12356 = STYLED_ITEM('color',(#12357),#1372);
#12357 = PRESENTATION_STYLE_ASSIGNMENT((#12358));
#12358 = SURFACE_STYLE_USAGE(.BOTH.,#12359);
#12359 = SURFACE_SIDE_STYLE('',(#12360));
#12360 = SURFACE_STYLE_FILL_AREA(#12361);
#12361 = FILL_AREA_STYLE('',(#12362));
#12362 = FILL_AREA_STYLE_COLOUR('',#12159);
#12363 = STYLED_ITEM('color',(#12364),#1396);
#12364 = PRESENTATION_STYLE_ASSIGNMENT((#12365));
#12365 = SURFACE_STYLE_USAGE(.BOTH.,#12366);
#12366 = SURFACE_SIDE_STYLE('',(#12367));
#12367 = SURFACE_STYLE_FILL_AREA(#12368);
#12368 = FILL_AREA_STYLE('',(#12369));
#12369 = FILL_AREA_STYLE_COLOUR('',#12159);
#12370 = STYLED_ITEM('color',(#12371),#1420);
#12371 = PRESENTATION_STYLE_ASSIGNMENT((#12372));
#12372 = SURFACE_STYLE_USAGE(.BOTH.,#12373);
#12373 = SURFACE_SIDE_STYLE('',(#12374));
#12374 = SURFACE_STYLE_FILL_AREA(#12375);
#12375 = FILL_AREA_STYLE('',(#12376));
#12376 = FILL_AREA_STYLE_COLOUR('',#12159);
#12377 = STYLED_ITEM('color',(#12378),#1437);
#12378 = PRESENTATION_STYLE_ASSIGNMENT((#12379));
#12379 = SURFACE_STYLE_USAGE(.BOTH.,#12380);
#12380 = SURFACE_SIDE_STYLE('',(#12381));
#12381 = SURFACE_STYLE_FILL_AREA(#12382);
#12382 = FILL_AREA_STYLE('',(#12383));
#12383 = FILL_AREA_STYLE_COLOUR('',#12159);
#12384 = STYLED_ITEM('color',(#12385),#1449);
#12385 = PRESENTATION_STYLE_ASSIGNMENT((#12386));
#12386 = SURFACE_STYLE_USAGE(.BOTH.,#12387);
#12387 = SURFACE_SIDE_STYLE('',(#12388));
#12388 = SURFACE_STYLE_FILL_AREA(#12389);
#12389 = FILL_AREA_STYLE('',(#12390));
#12390 = FILL_AREA_STYLE_COLOUR('',#12159);
#12391 = STYLED_ITEM('color',(#12392),#1461);
#12392 = PRESENTATION_STYLE_ASSIGNMENT((#12393));
#12393 = SURFACE_STYLE_USAGE(.BOTH.,#12394);
#12394 = SURFACE_SIDE_STYLE('',(#12395));
#12395 = SURFACE_STYLE_FILL_AREA(#12396);
#12396 = FILL_AREA_STYLE('',(#12397));
#12397 = FILL_AREA_STYLE_COLOUR('',#12159);
#12398 = STYLED_ITEM('color',(#12399),#1473);
#12399 = PRESENTATION_STYLE_ASSIGNMENT((#12400));
#12400 = SURFACE_STYLE_USAGE(.BOTH.,#12401);
#12401 = SURFACE_SIDE_STYLE('',(#12402));
#12402 = SURFACE_STYLE_FILL_AREA(#12403);
#12403 = FILL_AREA_STYLE('',(#12404));
#12404 = FILL_AREA_STYLE_COLOUR('',#12159);
#12405 = MECHANICAL_DESIGN_GEOMETRIC_PRESENTATION_REPRESENTATION('',(
    #12406,#12413,#12420,#12427,#12434,#12441,#12448,#12455,#12462,
    #12469,#12476,#12483,#12490,#12497,#12504,#12511,#12518,#12525,
    #12532,#12539,#12546,#12553,#12560,#12567,#12574,#12581,#12588,
    #12595,#12602,#12609,#12616,#12623,#12630,#12637,#12644,#12651,
    #12658,#12665,#12672,#12679,#12686,#12693,#12700,#12707,#12714,
    #12721,#12728,#12735,#12742,#12749,#12756,#12763,#12770,#12777,
    #12784,#12791,#12798,#12805,#12812,#12819,#12826,#12833,#12840,
    #12847,#12854,#12861,#12868,#12875,#12882,#12889,#12896,#12903,
    #12910,#12917,#12924,#12931,#12938,#12945,#12952,#12959,#12966,
    #12973,#12980,#12987,#12994,#13001,#13008,#13015,#13022,#13029,
    #13036,#13043,#13050,#13057,#13064,#13071,#13078,#13085,#13092,
    #13099),#7762);
#12406 = STYLED_ITEM('color',(#12407),#4984);
#12407 = PRESENTATION_STYLE_ASSIGNMENT((#12408));
#12408 = SURFACE_STYLE_USAGE(.BOTH.,#12409);
#12409 = SURFACE_SIDE_STYLE('',(#12410));
#12410 = SURFACE_STYLE_FILL_AREA(#12411);
#12411 = FILL_AREA_STYLE('',(#12412));
#12412 = FILL_AREA_STYLE_COLOUR('',#12046);
#12413 = STYLED_ITEM('color',(#12414),#5024);
#12414 = PRESENTATION_STYLE_ASSIGNMENT((#12415));
#12415 = SURFACE_STYLE_USAGE(.BOTH.,#12416);
#12416 = SURFACE_SIDE_STYLE('',(#12417));
#12417 = SURFACE_STYLE_FILL_AREA(#12418);
#12418 = FILL_AREA_STYLE('',(#12419));
#12419 = FILL_AREA_STYLE_COLOUR('',#12046);
#12420 = STYLED_ITEM('color',(#12421),#5055);
#12421 = PRESENTATION_STYLE_ASSIGNMENT((#12422));
#12422 = SURFACE_STYLE_USAGE(.BOTH.,#12423);
#12423 = SURFACE_SIDE_STYLE('',(#12424));
#12424 = SURFACE_STYLE_FILL_AREA(#12425);
#12425 = FILL_AREA_STYLE('',(#12426));
#12426 = FILL_AREA_STYLE_COLOUR('',#12046);
#12427 = STYLED_ITEM('color',(#12428),#5086);
#12428 = PRESENTATION_STYLE_ASSIGNMENT((#12429));
#12429 = SURFACE_STYLE_USAGE(.BOTH.,#12430);
#12430 = SURFACE_SIDE_STYLE('',(#12431));
#12431 = SURFACE_STYLE_FILL_AREA(#12432);
#12432 = FILL_AREA_STYLE('',(#12433));
#12433 = FILL_AREA_STYLE_COLOUR('',#12046);
#12434 = STYLED_ITEM('color',(#12435),#5415);
#12435 = PRESENTATION_STYLE_ASSIGNMENT((#12436));
#12436 = SURFACE_STYLE_USAGE(.BOTH.,#12437);
#12437 = SURFACE_SIDE_STYLE('',(#12438));
#12438 = SURFACE_STYLE_FILL_AREA(#12439);
#12439 = FILL_AREA_STYLE('',(#12440));
#12440 = FILL_AREA_STYLE_COLOUR('',#12046);
#12441 = STYLED_ITEM('color',(#12442),#5744);
#12442 = PRESENTATION_STYLE_ASSIGNMENT((#12443));
#12443 = SURFACE_STYLE_USAGE(.BOTH.,#12444);
#12444 = SURFACE_SIDE_STYLE('',(#12445));
#12445 = SURFACE_STYLE_FILL_AREA(#12446);
#12446 = FILL_AREA_STYLE('',(#12447));
#12447 = FILL_AREA_STYLE_COLOUR('',#12046);
#12448 = STYLED_ITEM('color',(#12449),#5761);
#12449 = PRESENTATION_STYLE_ASSIGNMENT((#12450));
#12450 = SURFACE_STYLE_USAGE(.BOTH.,#12451);
#12451 = SURFACE_SIDE_STYLE('',(#12452));
#12452 = SURFACE_STYLE_FILL_AREA(#12453);
#12453 = FILL_AREA_STYLE('',(#12454));
#12454 = FILL_AREA_STYLE_COLOUR('',#12046);
#12455 = STYLED_ITEM('color',(#12456),#5778);
#12456 = PRESENTATION_STYLE_ASSIGNMENT((#12457));
#12457 = SURFACE_STYLE_USAGE(.BOTH.,#12458);
#12458 = SURFACE_SIDE_STYLE('',(#12459));
#12459 = SURFACE_STYLE_FILL_AREA(#12460);
#12460 = FILL_AREA_STYLE('',(#12461));
#12461 = FILL_AREA_STYLE_COLOUR('',#12046);
#12462 = STYLED_ITEM('color',(#12463),#5795);
#12463 = PRESENTATION_STYLE_ASSIGNMENT((#12464));
#12464 = SURFACE_STYLE_USAGE(.BOTH.,#12465);
#12465 = SURFACE_SIDE_STYLE('',(#12466));
#12466 = SURFACE_STYLE_FILL_AREA(#12467);
#12467 = FILL_AREA_STYLE('',(#12468));
#12468 = FILL_AREA_STYLE_COLOUR('',#12046);
#12469 = STYLED_ITEM('color',(#12470),#5812);
#12470 = PRESENTATION_STYLE_ASSIGNMENT((#12471));
#12471 = SURFACE_STYLE_USAGE(.BOTH.,#12472);
#12472 = SURFACE_SIDE_STYLE('',(#12473));
#12473 = SURFACE_STYLE_FILL_AREA(#12474);
#12474 = FILL_AREA_STYLE('',(#12475));
#12475 = FILL_AREA_STYLE_COLOUR('',#12046);
#12476 = STYLED_ITEM('color',(#12477),#5829);
#12477 = PRESENTATION_STYLE_ASSIGNMENT((#12478));
#12478 = SURFACE_STYLE_USAGE(.BOTH.,#12479);
#12479 = SURFACE_SIDE_STYLE('',(#12480));
#12480 = SURFACE_STYLE_FILL_AREA(#12481);
#12481 = FILL_AREA_STYLE('',(#12482));
#12482 = FILL_AREA_STYLE_COLOUR('',#12046);
#12483 = STYLED_ITEM('color',(#12484),#5846);
#12484 = PRESENTATION_STYLE_ASSIGNMENT((#12485));
#12485 = SURFACE_STYLE_USAGE(.BOTH.,#12486);
#12486 = SURFACE_SIDE_STYLE('',(#12487));
#12487 = SURFACE_STYLE_FILL_AREA(#12488);
#12488 = FILL_AREA_STYLE('',(#12489));
#12489 = FILL_AREA_STYLE_COLOUR('',#12046);
#12490 = STYLED_ITEM('color',(#12491),#5863);
#12491 = PRESENTATION_STYLE_ASSIGNMENT((#12492));
#12492 = SURFACE_STYLE_USAGE(.BOTH.,#12493);
#12493 = SURFACE_SIDE_STYLE('',(#12494));
#12494 = SURFACE_STYLE_FILL_AREA(#12495);
#12495 = FILL_AREA_STYLE('',(#12496));
#12496 = FILL_AREA_STYLE_COLOUR('',#12046);
#12497 = STYLED_ITEM('color',(#12498),#5880);
#12498 = PRESENTATION_STYLE_ASSIGNMENT((#12499));
#12499 = SURFACE_STYLE_USAGE(.BOTH.,#12500);
#12500 = SURFACE_SIDE_STYLE('',(#12501));
#12501 = SURFACE_STYLE_FILL_AREA(#12502);
#12502 = FILL_AREA_STYLE('',(#12503));
#12503 = FILL_AREA_STYLE_COLOUR('',#12046);
#12504 = STYLED_ITEM('color',(#12505),#5897);
#12505 = PRESENTATION_STYLE_ASSIGNMENT((#12506));
#12506 = SURFACE_STYLE_USAGE(.BOTH.,#12507);
#12507 = SURFACE_SIDE_STYLE('',(#12508));
#12508 = SURFACE_STYLE_FILL_AREA(#12509);
#12509 = FILL_AREA_STYLE('',(#12510));
#12510 = FILL_AREA_STYLE_COLOUR('',#12046);
#12511 = STYLED_ITEM('color',(#12512),#5914);
#12512 = PRESENTATION_STYLE_ASSIGNMENT((#12513));
#12513 = SURFACE_STYLE_USAGE(.BOTH.,#12514);
#12514 = SURFACE_SIDE_STYLE('',(#12515));
#12515 = SURFACE_STYLE_FILL_AREA(#12516);
#12516 = FILL_AREA_STYLE('',(#12517));
#12517 = FILL_AREA_STYLE_COLOUR('',#12046);
#12518 = STYLED_ITEM('color',(#12519),#5931);
#12519 = PRESENTATION_STYLE_ASSIGNMENT((#12520));
#12520 = SURFACE_STYLE_USAGE(.BOTH.,#12521);
#12521 = SURFACE_SIDE_STYLE('',(#12522));
#12522 = SURFACE_STYLE_FILL_AREA(#12523);
#12523 = FILL_AREA_STYLE('',(#12524));
#12524 = FILL_AREA_STYLE_COLOUR('',#12046);
#12525 = STYLED_ITEM('color',(#12526),#5948);
#12526 = PRESENTATION_STYLE_ASSIGNMENT((#12527));
#12527 = SURFACE_STYLE_USAGE(.BOTH.,#12528);
#12528 = SURFACE_SIDE_STYLE('',(#12529));
#12529 = SURFACE_STYLE_FILL_AREA(#12530);
#12530 = FILL_AREA_STYLE('',(#12531));
#12531 = FILL_AREA_STYLE_COLOUR('',#12046);
#12532 = STYLED_ITEM('color',(#12533),#5965);
#12533 = PRESENTATION_STYLE_ASSIGNMENT((#12534));
#12534 = SURFACE_STYLE_USAGE(.BOTH.,#12535);
#12535 = SURFACE_SIDE_STYLE('',(#12536));
#12536 = SURFACE_STYLE_FILL_AREA(#12537);
#12537 = FILL_AREA_STYLE('',(#12538));
#12538 = FILL_AREA_STYLE_COLOUR('',#12046);
#12539 = STYLED_ITEM('color',(#12540),#5982);
#12540 = PRESENTATION_STYLE_ASSIGNMENT((#12541));
#12541 = SURFACE_STYLE_USAGE(.BOTH.,#12542);
#12542 = SURFACE_SIDE_STYLE('',(#12543));
#12543 = SURFACE_STYLE_FILL_AREA(#12544);
#12544 = FILL_AREA_STYLE('',(#12545));
#12545 = FILL_AREA_STYLE_COLOUR('',#12046);
#12546 = STYLED_ITEM('color',(#12547),#5999);
#12547 = PRESENTATION_STYLE_ASSIGNMENT((#12548));
#12548 = SURFACE_STYLE_USAGE(.BOTH.,#12549);
#12549 = SURFACE_SIDE_STYLE('',(#12550));
#12550 = SURFACE_STYLE_FILL_AREA(#12551);
#12551 = FILL_AREA_STYLE('',(#12552));
#12552 = FILL_AREA_STYLE_COLOUR('',#12046);
#12553 = STYLED_ITEM('color',(#12554),#6016);
#12554 = PRESENTATION_STYLE_ASSIGNMENT((#12555));
#12555 = SURFACE_STYLE_USAGE(.BOTH.,#12556);
#12556 = SURFACE_SIDE_STYLE('',(#12557));
#12557 = SURFACE_STYLE_FILL_AREA(#12558);
#12558 = FILL_AREA_STYLE('',(#12559));
#12559 = FILL_AREA_STYLE_COLOUR('',#12046);
#12560 = STYLED_ITEM('color',(#12561),#6033);
#12561 = PRESENTATION_STYLE_ASSIGNMENT((#12562));
#12562 = SURFACE_STYLE_USAGE(.BOTH.,#12563);
#12563 = SURFACE_SIDE_STYLE('',(#12564));
#12564 = SURFACE_STYLE_FILL_AREA(#12565);
#12565 = FILL_AREA_STYLE('',(#12566));
#12566 = FILL_AREA_STYLE_COLOUR('',#12046);
#12567 = STYLED_ITEM('color',(#12568),#6050);
#12568 = PRESENTATION_STYLE_ASSIGNMENT((#12569));
#12569 = SURFACE_STYLE_USAGE(.BOTH.,#12570);
#12570 = SURFACE_SIDE_STYLE('',(#12571));
#12571 = SURFACE_STYLE_FILL_AREA(#12572);
#12572 = FILL_AREA_STYLE('',(#12573));
#12573 = FILL_AREA_STYLE_COLOUR('',#12046);
#12574 = STYLED_ITEM('color',(#12575),#6067);
#12575 = PRESENTATION_STYLE_ASSIGNMENT((#12576));
#12576 = SURFACE_STYLE_USAGE(.BOTH.,#12577);
#12577 = SURFACE_SIDE_STYLE('',(#12578));
#12578 = SURFACE_STYLE_FILL_AREA(#12579);
#12579 = FILL_AREA_STYLE('',(#12580));
#12580 = FILL_AREA_STYLE_COLOUR('',#12046);
#12581 = STYLED_ITEM('color',(#12582),#6084);
#12582 = PRESENTATION_STYLE_ASSIGNMENT((#12583));
#12583 = SURFACE_STYLE_USAGE(.BOTH.,#12584);
#12584 = SURFACE_SIDE_STYLE('',(#12585));
#12585 = SURFACE_STYLE_FILL_AREA(#12586);
#12586 = FILL_AREA_STYLE('',(#12587));
#12587 = FILL_AREA_STYLE_COLOUR('',#12046);
#12588 = STYLED_ITEM('color',(#12589),#6101);
#12589 = PRESENTATION_STYLE_ASSIGNMENT((#12590));
#12590 = SURFACE_STYLE_USAGE(.BOTH.,#12591);
#12591 = SURFACE_SIDE_STYLE('',(#12592));
#12592 = SURFACE_STYLE_FILL_AREA(#12593);
#12593 = FILL_AREA_STYLE('',(#12594));
#12594 = FILL_AREA_STYLE_COLOUR('',#12046);
#12595 = STYLED_ITEM('color',(#12596),#6118);
#12596 = PRESENTATION_STYLE_ASSIGNMENT((#12597));
#12597 = SURFACE_STYLE_USAGE(.BOTH.,#12598);
#12598 = SURFACE_SIDE_STYLE('',(#12599));
#12599 = SURFACE_STYLE_FILL_AREA(#12600);
#12600 = FILL_AREA_STYLE('',(#12601));
#12601 = FILL_AREA_STYLE_COLOUR('',#12046);
#12602 = STYLED_ITEM('color',(#12603),#6130);
#12603 = PRESENTATION_STYLE_ASSIGNMENT((#12604));
#12604 = SURFACE_STYLE_USAGE(.BOTH.,#12605);
#12605 = SURFACE_SIDE_STYLE('',(#12606));
#12606 = SURFACE_STYLE_FILL_AREA(#12607);
#12607 = FILL_AREA_STYLE('',(#12608));
#12608 = FILL_AREA_STYLE_COLOUR('',#12159);
#12609 = STYLED_ITEM('color',(#12610),#6161);
#12610 = PRESENTATION_STYLE_ASSIGNMENT((#12611));
#12611 = SURFACE_STYLE_USAGE(.BOTH.,#12612);
#12612 = SURFACE_SIDE_STYLE('',(#12613));
#12613 = SURFACE_STYLE_FILL_AREA(#12614);
#12614 = FILL_AREA_STYLE('',(#12615));
#12615 = FILL_AREA_STYLE_COLOUR('',#12159);
#12616 = STYLED_ITEM('color',(#12617),#6185);
#12617 = PRESENTATION_STYLE_ASSIGNMENT((#12618));
#12618 = SURFACE_STYLE_USAGE(.BOTH.,#12619);
#12619 = SURFACE_SIDE_STYLE('',(#12620));
#12620 = SURFACE_STYLE_FILL_AREA(#12621);
#12621 = FILL_AREA_STYLE('',(#12622));
#12622 = FILL_AREA_STYLE_COLOUR('',#12159);
#12623 = STYLED_ITEM('color',(#12624),#6209);
#12624 = PRESENTATION_STYLE_ASSIGNMENT((#12625));
#12625 = SURFACE_STYLE_USAGE(.BOTH.,#12626);
#12626 = SURFACE_SIDE_STYLE('',(#12627));
#12627 = SURFACE_STYLE_FILL_AREA(#12628);
#12628 = FILL_AREA_STYLE('',(#12629));
#12629 = FILL_AREA_STYLE_COLOUR('',#12159);
#12630 = STYLED_ITEM('color',(#12631),#6226);
#12631 = PRESENTATION_STYLE_ASSIGNMENT((#12632));
#12632 = SURFACE_STYLE_USAGE(.BOTH.,#12633);
#12633 = SURFACE_SIDE_STYLE('',(#12634));
#12634 = SURFACE_STYLE_FILL_AREA(#12635);
#12635 = FILL_AREA_STYLE('',(#12636));
#12636 = FILL_AREA_STYLE_COLOUR('',#12159);
#12637 = STYLED_ITEM('color',(#12638),#6257);
#12638 = PRESENTATION_STYLE_ASSIGNMENT((#12639));
#12639 = SURFACE_STYLE_USAGE(.BOTH.,#12640);
#12640 = SURFACE_SIDE_STYLE('',(#12641));
#12641 = SURFACE_STYLE_FILL_AREA(#12642);
#12642 = FILL_AREA_STYLE('',(#12643));
#12643 = FILL_AREA_STYLE_COLOUR('',#12159);
#12644 = STYLED_ITEM('color',(#12645),#6281);
#12645 = PRESENTATION_STYLE_ASSIGNMENT((#12646));
#12646 = SURFACE_STYLE_USAGE(.BOTH.,#12647);
#12647 = SURFACE_SIDE_STYLE('',(#12648));
#12648 = SURFACE_STYLE_FILL_AREA(#12649);
#12649 = FILL_AREA_STYLE('',(#12650));
#12650 = FILL_AREA_STYLE_COLOUR('',#12159);
#12651 = STYLED_ITEM('color',(#12652),#6305);
#12652 = PRESENTATION_STYLE_ASSIGNMENT((#12653));
#12653 = SURFACE_STYLE_USAGE(.BOTH.,#12654);
#12654 = SURFACE_SIDE_STYLE('',(#12655));
#12655 = SURFACE_STYLE_FILL_AREA(#12656);
#12656 = FILL_AREA_STYLE('',(#12657));
#12657 = FILL_AREA_STYLE_COLOUR('',#12159);
#12658 = STYLED_ITEM('color',(#12659),#6322);
#12659 = PRESENTATION_STYLE_ASSIGNMENT((#12660));
#12660 = SURFACE_STYLE_USAGE(.BOTH.,#12661);
#12661 = SURFACE_SIDE_STYLE('',(#12662));
#12662 = SURFACE_STYLE_FILL_AREA(#12663);
#12663 = FILL_AREA_STYLE('',(#12664));
#12664 = FILL_AREA_STYLE_COLOUR('',#12159);
#12665 = STYLED_ITEM('color',(#12666),#6353);
#12666 = PRESENTATION_STYLE_ASSIGNMENT((#12667));
#12667 = SURFACE_STYLE_USAGE(.BOTH.,#12668);
#12668 = SURFACE_SIDE_STYLE('',(#12669));
#12669 = SURFACE_STYLE_FILL_AREA(#12670);
#12670 = FILL_AREA_STYLE('',(#12671));
#12671 = FILL_AREA_STYLE_COLOUR('',#12159);
#12672 = STYLED_ITEM('color',(#12673),#6377);
#12673 = PRESENTATION_STYLE_ASSIGNMENT((#12674));
#12674 = SURFACE_STYLE_USAGE(.BOTH.,#12675);
#12675 = SURFACE_SIDE_STYLE('',(#12676));
#12676 = SURFACE_STYLE_FILL_AREA(#12677);
#12677 = FILL_AREA_STYLE('',(#12678));
#12678 = FILL_AREA_STYLE_COLOUR('',#12159);
#12679 = STYLED_ITEM('color',(#12680),#6401);
#12680 = PRESENTATION_STYLE_ASSIGNMENT((#12681));
#12681 = SURFACE_STYLE_USAGE(.BOTH.,#12682);
#12682 = SURFACE_SIDE_STYLE('',(#12683));
#12683 = SURFACE_STYLE_FILL_AREA(#12684);
#12684 = FILL_AREA_STYLE('',(#12685));
#12685 = FILL_AREA_STYLE_COLOUR('',#12159);
#12686 = STYLED_ITEM('color',(#12687),#6418);
#12687 = PRESENTATION_STYLE_ASSIGNMENT((#12688));
#12688 = SURFACE_STYLE_USAGE(.BOTH.,#12689);
#12689 = SURFACE_SIDE_STYLE('',(#12690));
#12690 = SURFACE_STYLE_FILL_AREA(#12691);
#12691 = FILL_AREA_STYLE('',(#12692));
#12692 = FILL_AREA_STYLE_COLOUR('',#12159);
#12693 = STYLED_ITEM('color',(#12694),#6449);
#12694 = PRESENTATION_STYLE_ASSIGNMENT((#12695));
#12695 = SURFACE_STYLE_USAGE(.BOTH.,#12696);
#12696 = SURFACE_SIDE_STYLE('',(#12697));
#12697 = SURFACE_STYLE_FILL_AREA(#12698);
#12698 = FILL_AREA_STYLE('',(#12699));
#12699 = FILL_AREA_STYLE_COLOUR('',#12159);
#12700 = STYLED_ITEM('color',(#12701),#6473);
#12701 = PRESENTATION_STYLE_ASSIGNMENT((#12702));
#12702 = SURFACE_STYLE_USAGE(.BOTH.,#12703);
#12703 = SURFACE_SIDE_STYLE('',(#12704));
#12704 = SURFACE_STYLE_FILL_AREA(#12705);
#12705 = FILL_AREA_STYLE('',(#12706));
#12706 = FILL_AREA_STYLE_COLOUR('',#12159);
#12707 = STYLED_ITEM('color',(#12708),#6497);
#12708 = PRESENTATION_STYLE_ASSIGNMENT((#12709));
#12709 = SURFACE_STYLE_USAGE(.BOTH.,#12710);
#12710 = SURFACE_SIDE_STYLE('',(#12711));
#12711 = SURFACE_STYLE_FILL_AREA(#12712);
#12712 = FILL_AREA_STYLE('',(#12713));
#12713 = FILL_AREA_STYLE_COLOUR('',#12159);
#12714 = STYLED_ITEM('color',(#12715),#6514);
#12715 = PRESENTATION_STYLE_ASSIGNMENT((#12716));
#12716 = SURFACE_STYLE_USAGE(.BOTH.,#12717);
#12717 = SURFACE_SIDE_STYLE('',(#12718));
#12718 = SURFACE_STYLE_FILL_AREA(#12719);
#12719 = FILL_AREA_STYLE('',(#12720));
#12720 = FILL_AREA_STYLE_COLOUR('',#12159);
#12721 = STYLED_ITEM('color',(#12722),#6545);
#12722 = PRESENTATION_STYLE_ASSIGNMENT((#12723));
#12723 = SURFACE_STYLE_USAGE(.BOTH.,#12724);
#12724 = SURFACE_SIDE_STYLE('',(#12725));
#12725 = SURFACE_STYLE_FILL_AREA(#12726);
#12726 = FILL_AREA_STYLE('',(#12727));
#12727 = FILL_AREA_STYLE_COLOUR('',#12159);
#12728 = STYLED_ITEM('color',(#12729),#6569);
#12729 = PRESENTATION_STYLE_ASSIGNMENT((#12730));
#12730 = SURFACE_STYLE_USAGE(.BOTH.,#12731);
#12731 = SURFACE_SIDE_STYLE('',(#12732));
#12732 = SURFACE_STYLE_FILL_AREA(#12733);
#12733 = FILL_AREA_STYLE('',(#12734));
#12734 = FILL_AREA_STYLE_COLOUR('',#12159);
#12735 = STYLED_ITEM('color',(#12736),#6593);
#12736 = PRESENTATION_STYLE_ASSIGNMENT((#12737));
#12737 = SURFACE_STYLE_USAGE(.BOTH.,#12738);
#12738 = SURFACE_SIDE_STYLE('',(#12739));
#12739 = SURFACE_STYLE_FILL_AREA(#12740);
#12740 = FILL_AREA_STYLE('',(#12741));
#12741 = FILL_AREA_STYLE_COLOUR('',#12159);
#12742 = STYLED_ITEM('color',(#12743),#6610);
#12743 = PRESENTATION_STYLE_ASSIGNMENT((#12744));
#12744 = SURFACE_STYLE_USAGE(.BOTH.,#12745);
#12745 = SURFACE_SIDE_STYLE('',(#12746));
#12746 = SURFACE_STYLE_FILL_AREA(#12747);
#12747 = FILL_AREA_STYLE('',(#12748));
#12748 = FILL_AREA_STYLE_COLOUR('',#12159);
#12749 = STYLED_ITEM('color',(#12750),#6641);
#12750 = PRESENTATION_STYLE_ASSIGNMENT((#12751));
#12751 = SURFACE_STYLE_USAGE(.BOTH.,#12752);
#12752 = SURFACE_SIDE_STYLE('',(#12753));
#12753 = SURFACE_STYLE_FILL_AREA(#12754);
#12754 = FILL_AREA_STYLE('',(#12755));
#12755 = FILL_AREA_STYLE_COLOUR('',#12159);
#12756 = STYLED_ITEM('color',(#12757),#6665);
#12757 = PRESENTATION_STYLE_ASSIGNMENT((#12758));
#12758 = SURFACE_STYLE_USAGE(.BOTH.,#12759);
#12759 = SURFACE_SIDE_STYLE('',(#12760));
#12760 = SURFACE_STYLE_FILL_AREA(#12761);
#12761 = FILL_AREA_STYLE('',(#12762));
#12762 = FILL_AREA_STYLE_COLOUR('',#12159);
#12763 = STYLED_ITEM('color',(#12764),#6689);
#12764 = PRESENTATION_STYLE_ASSIGNMENT((#12765));
#12765 = SURFACE_STYLE_USAGE(.BOTH.,#12766);
#12766 = SURFACE_SIDE_STYLE('',(#12767));
#12767 = SURFACE_STYLE_FILL_AREA(#12768);
#12768 = FILL_AREA_STYLE('',(#12769));
#12769 = FILL_AREA_STYLE_COLOUR('',#12159);
#12770 = STYLED_ITEM('color',(#12771),#6706);
#12771 = PRESENTATION_STYLE_ASSIGNMENT((#12772));
#12772 = SURFACE_STYLE_USAGE(.BOTH.,#12773);
#12773 = SURFACE_SIDE_STYLE('',(#12774));
#12774 = SURFACE_STYLE_FILL_AREA(#12775);
#12775 = FILL_AREA_STYLE('',(#12776));
#12776 = FILL_AREA_STYLE_COLOUR('',#12159);
#12777 = STYLED_ITEM('color',(#12778),#6737);
#12778 = PRESENTATION_STYLE_ASSIGNMENT((#12779));
#12779 = SURFACE_STYLE_USAGE(.BOTH.,#12780);
#12780 = SURFACE_SIDE_STYLE('',(#12781));
#12781 = SURFACE_STYLE_FILL_AREA(#12782);
#12782 = FILL_AREA_STYLE('',(#12783));
#12783 = FILL_AREA_STYLE_COLOUR('',#12159);
#12784 = STYLED_ITEM('color',(#12785),#6761);
#12785 = PRESENTATION_STYLE_ASSIGNMENT((#12786));
#12786 = SURFACE_STYLE_USAGE(.BOTH.,#12787);
#12787 = SURFACE_SIDE_STYLE('',(#12788));
#12788 = SURFACE_STYLE_FILL_AREA(#12789);
#12789 = FILL_AREA_STYLE('',(#12790));
#12790 = FILL_AREA_STYLE_COLOUR('',#12159);
#12791 = STYLED_ITEM('color',(#12792),#6785);
#12792 = PRESENTATION_STYLE_ASSIGNMENT((#12793));
#12793 = SURFACE_STYLE_USAGE(.BOTH.,#12794);
#12794 = SURFACE_SIDE_STYLE('',(#12795));
#12795 = SURFACE_STYLE_FILL_AREA(#12796);
#12796 = FILL_AREA_STYLE('',(#12797));
#12797 = FILL_AREA_STYLE_COLOUR('',#12159);
#12798 = STYLED_ITEM('color',(#12799),#6802);
#12799 = PRESENTATION_STYLE_ASSIGNMENT((#12800));
#12800 = SURFACE_STYLE_USAGE(.BOTH.,#12801);
#12801 = SURFACE_SIDE_STYLE('',(#12802));
#12802 = SURFACE_STYLE_FILL_AREA(#12803);
#12803 = FILL_AREA_STYLE('',(#12804));
#12804 = FILL_AREA_STYLE_COLOUR('',#12159);
#12805 = STYLED_ITEM('color',(#12806),#6833);
#12806 = PRESENTATION_STYLE_ASSIGNMENT((#12807));
#12807 = SURFACE_STYLE_USAGE(.BOTH.,#12808);
#12808 = SURFACE_SIDE_STYLE('',(#12809));
#12809 = SURFACE_STYLE_FILL_AREA(#12810);
#12810 = FILL_AREA_STYLE('',(#12811));
#12811 = FILL_AREA_STYLE_COLOUR('',#12159);
#12812 = STYLED_ITEM('color',(#12813),#6857);
#12813 = PRESENTATION_STYLE_ASSIGNMENT((#12814));
#12814 = SURFACE_STYLE_USAGE(.BOTH.,#12815);
#12815 = SURFACE_SIDE_STYLE('',(#12816));
#12816 = SURFACE_STYLE_FILL_AREA(#12817);
#12817 = FILL_AREA_STYLE('',(#12818));
#12818 = FILL_AREA_STYLE_COLOUR('',#12159);
#12819 = STYLED_ITEM('color',(#12820),#6881);
#12820 = PRESENTATION_STYLE_ASSIGNMENT((#12821));
#12821 = SURFACE_STYLE_USAGE(.BOTH.,#12822);
#12822 = SURFACE_SIDE_STYLE('',(#12823));
#12823 = SURFACE_STYLE_FILL_AREA(#12824);
#12824 = FILL_AREA_STYLE('',(#12825));
#12825 = FILL_AREA_STYLE_COLOUR('',#12159);
#12826 = STYLED_ITEM('color',(#12827),#6898);
#12827 = PRESENTATION_STYLE_ASSIGNMENT((#12828));
#12828 = SURFACE_STYLE_USAGE(.BOTH.,#12829);
#12829 = SURFACE_SIDE_STYLE('',(#12830));
#12830 = SURFACE_STYLE_FILL_AREA(#12831);
#12831 = FILL_AREA_STYLE('',(#12832));
#12832 = FILL_AREA_STYLE_COLOUR('',#12159);
#12833 = STYLED_ITEM('color',(#12834),#6929);
#12834 = PRESENTATION_STYLE_ASSIGNMENT((#12835));
#12835 = SURFACE_STYLE_USAGE(.BOTH.,#12836);
#12836 = SURFACE_SIDE_STYLE('',(#12837));
#12837 = SURFACE_STYLE_FILL_AREA(#12838);
#12838 = FILL_AREA_STYLE('',(#12839));
#12839 = FILL_AREA_STYLE_COLOUR('',#12159);
#12840 = STYLED_ITEM('color',(#12841),#6953);
#12841 = PRESENTATION_STYLE_ASSIGNMENT((#12842));
#12842 = SURFACE_STYLE_USAGE(.BOTH.,#12843);
#12843 = SURFACE_SIDE_STYLE('',(#12844));
#12844 = SURFACE_STYLE_FILL_AREA(#12845);
#12845 = FILL_AREA_STYLE('',(#12846));
#12846 = FILL_AREA_STYLE_COLOUR('',#12159);
#12847 = STYLED_ITEM('color',(#12848),#6977);
#12848 = PRESENTATION_STYLE_ASSIGNMENT((#12849));
#12849 = SURFACE_STYLE_USAGE(.BOTH.,#12850);
#12850 = SURFACE_SIDE_STYLE('',(#12851));
#12851 = SURFACE_STYLE_FILL_AREA(#12852);
#12852 = FILL_AREA_STYLE('',(#12853));
#12853 = FILL_AREA_STYLE_COLOUR('',#12159);
#12854 = STYLED_ITEM('color',(#12855),#6994);
#12855 = PRESENTATION_STYLE_ASSIGNMENT((#12856));
#12856 = SURFACE_STYLE_USAGE(.BOTH.,#12857);
#12857 = SURFACE_SIDE_STYLE('',(#12858));
#12858 = SURFACE_STYLE_FILL_AREA(#12859);
#12859 = FILL_AREA_STYLE('',(#12860));
#12860 = FILL_AREA_STYLE_COLOUR('',#12159);
#12861 = STYLED_ITEM('color',(#12862),#7025);
#12862 = PRESENTATION_STYLE_ASSIGNMENT((#12863));
#12863 = SURFACE_STYLE_USAGE(.BOTH.,#12864);
#12864 = SURFACE_SIDE_STYLE('',(#12865));
#12865 = SURFACE_STYLE_FILL_AREA(#12866);
#12866 = FILL_AREA_STYLE('',(#12867));
#12867 = FILL_AREA_STYLE_COLOUR('',#12159);
#12868 = STYLED_ITEM('color',(#12869),#7049);
#12869 = PRESENTATION_STYLE_ASSIGNMENT((#12870));
#12870 = SURFACE_STYLE_USAGE(.BOTH.,#12871);
#12871 = SURFACE_SIDE_STYLE('',(#12872));
#12872 = SURFACE_STYLE_FILL_AREA(#12873);
#12873 = FILL_AREA_STYLE('',(#12874));
#12874 = FILL_AREA_STYLE_COLOUR('',#12159);
#12875 = STYLED_ITEM('color',(#12876),#7073);
#12876 = PRESENTATION_STYLE_ASSIGNMENT((#12877));
#12877 = SURFACE_STYLE_USAGE(.BOTH.,#12878);
#12878 = SURFACE_SIDE_STYLE('',(#12879));
#12879 = SURFACE_STYLE_FILL_AREA(#12880);
#12880 = FILL_AREA_STYLE('',(#12881));
#12881 = FILL_AREA_STYLE_COLOUR('',#12159);
#12882 = STYLED_ITEM('color',(#12883),#7090);
#12883 = PRESENTATION_STYLE_ASSIGNMENT((#12884));
#12884 = SURFACE_STYLE_USAGE(.BOTH.,#12885);
#12885 = SURFACE_SIDE_STYLE('',(#12886));
#12886 = SURFACE_STYLE_FILL_AREA(#12887);
#12887 = FILL_AREA_STYLE('',(#12888));
#12888 = FILL_AREA_STYLE_COLOUR('',#12159);
#12889 = STYLED_ITEM('color',(#12890),#7121);
#12890 = PRESENTATION_STYLE_ASSIGNMENT((#12891));
#12891 = SURFACE_STYLE_USAGE(.BOTH.,#12892);
#12892 = SURFACE_SIDE_STYLE('',(#12893));
#12893 = SURFACE_STYLE_FILL_AREA(#12894);
#12894 = FILL_AREA_STYLE('',(#12895));
#12895 = FILL_AREA_STYLE_COLOUR('',#12159);
#12896 = STYLED_ITEM('color',(#12897),#7145);
#12897 = PRESENTATION_STYLE_ASSIGNMENT((#12898));
#12898 = SURFACE_STYLE_USAGE(.BOTH.,#12899);
#12899 = SURFACE_SIDE_STYLE('',(#12900));
#12900 = SURFACE_STYLE_FILL_AREA(#12901);
#12901 = FILL_AREA_STYLE('',(#12902));
#12902 = FILL_AREA_STYLE_COLOUR('',#12159);
#12903 = STYLED_ITEM('color',(#12904),#7169);
#12904 = PRESENTATION_STYLE_ASSIGNMENT((#12905));
#12905 = SURFACE_STYLE_USAGE(.BOTH.,#12906);
#12906 = SURFACE_SIDE_STYLE('',(#12907));
#12907 = SURFACE_STYLE_FILL_AREA(#12908);
#12908 = FILL_AREA_STYLE('',(#12909));
#12909 = FILL_AREA_STYLE_COLOUR('',#12159);
#12910 = STYLED_ITEM('color',(#12911),#7186);
#12911 = PRESENTATION_STYLE_ASSIGNMENT((#12912));
#12912 = SURFACE_STYLE_USAGE(.BOTH.,#12913);
#12913 = SURFACE_SIDE_STYLE('',(#12914));
#12914 = SURFACE_STYLE_FILL_AREA(#12915);
#12915 = FILL_AREA_STYLE('',(#12916));
#12916 = FILL_AREA_STYLE_COLOUR('',#12159);
#12917 = STYLED_ITEM('color',(#12918),#7217);
#12918 = PRESENTATION_STYLE_ASSIGNMENT((#12919));
#12919 = SURFACE_STYLE_USAGE(.BOTH.,#12920);
#12920 = SURFACE_SIDE_STYLE('',(#12921));
#12921 = SURFACE_STYLE_FILL_AREA(#12922);
#12922 = FILL_AREA_STYLE('',(#12923));
#12923 = FILL_AREA_STYLE_COLOUR('',#12159);
#12924 = STYLED_ITEM('color',(#12925),#7241);
#12925 = PRESENTATION_STYLE_ASSIGNMENT((#12926));
#12926 = SURFACE_STYLE_USAGE(.BOTH.,#12927);
#12927 = SURFACE_SIDE_STYLE('',(#12928));
#12928 = SURFACE_STYLE_FILL_AREA(#12929);
#12929 = FILL_AREA_STYLE('',(#12930));
#12930 = FILL_AREA_STYLE_COLOUR('',#12159);
#12931 = STYLED_ITEM('color',(#12932),#7265);
#12932 = PRESENTATION_STYLE_ASSIGNMENT((#12933));
#12933 = SURFACE_STYLE_USAGE(.BOTH.,#12934);
#12934 = SURFACE_SIDE_STYLE('',(#12935));
#12935 = SURFACE_STYLE_FILL_AREA(#12936);
#12936 = FILL_AREA_STYLE('',(#12937));
#12937 = FILL_AREA_STYLE_COLOUR('',#12159);
#12938 = STYLED_ITEM('color',(#12939),#7282);
#12939 = PRESENTATION_STYLE_ASSIGNMENT((#12940));
#12940 = SURFACE_STYLE_USAGE(.BOTH.,#12941);
#12941 = SURFACE_SIDE_STYLE('',(#12942));
#12942 = SURFACE_STYLE_FILL_AREA(#12943);
#12943 = FILL_AREA_STYLE('',(#12944));
#12944 = FILL_AREA_STYLE_COLOUR('',#12159);
#12945 = STYLED_ITEM('color',(#12946),#7313);
#12946 = PRESENTATION_STYLE_ASSIGNMENT((#12947));
#12947 = SURFACE_STYLE_USAGE(.BOTH.,#12948);
#12948 = SURFACE_SIDE_STYLE('',(#12949));
#12949 = SURFACE_STYLE_FILL_AREA(#12950);
#12950 = FILL_AREA_STYLE('',(#12951));
#12951 = FILL_AREA_STYLE_COLOUR('',#12159);
#12952 = STYLED_ITEM('color',(#12953),#7337);
#12953 = PRESENTATION_STYLE_ASSIGNMENT((#12954));
#12954 = SURFACE_STYLE_USAGE(.BOTH.,#12955);
#12955 = SURFACE_SIDE_STYLE('',(#12956));
#12956 = SURFACE_STYLE_FILL_AREA(#12957);
#12957 = FILL_AREA_STYLE('',(#12958));
#12958 = FILL_AREA_STYLE_COLOUR('',#12159);
#12959 = STYLED_ITEM('color',(#12960),#7361);
#12960 = PRESENTATION_STYLE_ASSIGNMENT((#12961));
#12961 = SURFACE_STYLE_USAGE(.BOTH.,#12962);
#12962 = SURFACE_SIDE_STYLE('',(#12963));
#12963 = SURFACE_STYLE_FILL_AREA(#12964);
#12964 = FILL_AREA_STYLE('',(#12965));
#12965 = FILL_AREA_STYLE_COLOUR('',#12159);
#12966 = STYLED_ITEM('color',(#12967),#7378);
#12967 = PRESENTATION_STYLE_ASSIGNMENT((#12968));
#12968 = SURFACE_STYLE_USAGE(.BOTH.,#12969);
#12969 = SURFACE_SIDE_STYLE('',(#12970));
#12970 = SURFACE_STYLE_FILL_AREA(#12971);
#12971 = FILL_AREA_STYLE('',(#12972));
#12972 = FILL_AREA_STYLE_COLOUR('',#12159);
#12973 = STYLED_ITEM('color',(#12974),#7409);
#12974 = PRESENTATION_STYLE_ASSIGNMENT((#12975));
#12975 = SURFACE_STYLE_USAGE(.BOTH.,#12976);
#12976 = SURFACE_SIDE_STYLE('',(#12977));
#12977 = SURFACE_STYLE_FILL_AREA(#12978);
#12978 = FILL_AREA_STYLE('',(#12979));
#12979 = FILL_AREA_STYLE_COLOUR('',#12159);
#12980 = STYLED_ITEM('color',(#12981),#7433);
#12981 = PRESENTATION_STYLE_ASSIGNMENT((#12982));
#12982 = SURFACE_STYLE_USAGE(.BOTH.,#12983);
#12983 = SURFACE_SIDE_STYLE('',(#12984));
#12984 = SURFACE_STYLE_FILL_AREA(#12985);
#12985 = FILL_AREA_STYLE('',(#12986));
#12986 = FILL_AREA_STYLE_COLOUR('',#12159);
#12987 = STYLED_ITEM('color',(#12988),#7457);
#12988 = PRESENTATION_STYLE_ASSIGNMENT((#12989));
#12989 = SURFACE_STYLE_USAGE(.BOTH.,#12990);
#12990 = SURFACE_SIDE_STYLE('',(#12991));
#12991 = SURFACE_STYLE_FILL_AREA(#12992);
#12992 = FILL_AREA_STYLE('',(#12993));
#12993 = FILL_AREA_STYLE_COLOUR('',#12159);
#12994 = STYLED_ITEM('color',(#12995),#7474);
#12995 = PRESENTATION_STYLE_ASSIGNMENT((#12996));
#12996 = SURFACE_STYLE_USAGE(.BOTH.,#12997);
#12997 = SURFACE_SIDE_STYLE('',(#12998));
#12998 = SURFACE_STYLE_FILL_AREA(#12999);
#12999 = FILL_AREA_STYLE('',(#13000));
#13000 = FILL_AREA_STYLE_COLOUR('',#12159);
#13001 = STYLED_ITEM('color',(#13002),#7505);
#13002 = PRESENTATION_STYLE_ASSIGNMENT((#13003));
#13003 = SURFACE_STYLE_USAGE(.BOTH.,#13004);
#13004 = SURFACE_SIDE_STYLE('',(#13005));
#13005 = SURFACE_STYLE_FILL_AREA(#13006);
#13006 = FILL_AREA_STYLE('',(#13007));
#13007 = FILL_AREA_STYLE_COLOUR('',#12159);
#13008 = STYLED_ITEM('color',(#13009),#7529);
#13009 = PRESENTATION_STYLE_ASSIGNMENT((#13010));
#13010 = SURFACE_STYLE_USAGE(.BOTH.,#13011);
#13011 = SURFACE_SIDE_STYLE('',(#13012));
#13012 = SURFACE_STYLE_FILL_AREA(#13013);
#13013 = FILL_AREA_STYLE('',(#13014));
#13014 = FILL_AREA_STYLE_COLOUR('',#12159);
#13015 = STYLED_ITEM('color',(#13016),#7553);
#13016 = PRESENTATION_STYLE_ASSIGNMENT((#13017));
#13017 = SURFACE_STYLE_USAGE(.BOTH.,#13018);
#13018 = SURFACE_SIDE_STYLE('',(#13019));
#13019 = SURFACE_STYLE_FILL_AREA(#13020);
#13020 = FILL_AREA_STYLE('',(#13021));
#13021 = FILL_AREA_STYLE_COLOUR('',#12159);
#13022 = STYLED_ITEM('color',(#13023),#7570);
#13023 = PRESENTATION_STYLE_ASSIGNMENT((#13024));
#13024 = SURFACE_STYLE_USAGE(.BOTH.,#13025);
#13025 = SURFACE_SIDE_STYLE('',(#13026));
#13026 = SURFACE_STYLE_FILL_AREA(#13027);
#13027 = FILL_AREA_STYLE('',(#13028));
#13028 = FILL_AREA_STYLE_COLOUR('',#12159);
#13029 = STYLED_ITEM('color',(#13030),#7601);
#13030 = PRESENTATION_STYLE_ASSIGNMENT((#13031));
#13031 = SURFACE_STYLE_USAGE(.BOTH.,#13032);
#13032 = SURFACE_SIDE_STYLE('',(#13033));
#13033 = SURFACE_STYLE_FILL_AREA(#13034);
#13034 = FILL_AREA_STYLE('',(#13035));
#13035 = FILL_AREA_STYLE_COLOUR('',#12159);
#13036 = STYLED_ITEM('color',(#13037),#7625);
#13037 = PRESENTATION_STYLE_ASSIGNMENT((#13038));
#13038 = SURFACE_STYLE_USAGE(.BOTH.,#13039);
#13039 = SURFACE_SIDE_STYLE('',(#13040));
#13040 = SURFACE_STYLE_FILL_AREA(#13041);
#13041 = FILL_AREA_STYLE('',(#13042));
#13042 = FILL_AREA_STYLE_COLOUR('',#12159);
#13043 = STYLED_ITEM('color',(#13044),#7649);
#13044 = PRESENTATION_STYLE_ASSIGNMENT((#13045));
#13045 = SURFACE_STYLE_USAGE(.BOTH.,#13046);
#13046 = SURFACE_SIDE_STYLE('',(#13047));
#13047 = SURFACE_STYLE_FILL_AREA(#13048);
#13048 = FILL_AREA_STYLE('',(#13049));
#13049 = FILL_AREA_STYLE_COLOUR('',#12159);
#13050 = STYLED_ITEM('color',(#13051),#7666);
#13051 = PRESENTATION_STYLE_ASSIGNMENT((#13052));
#13052 = SURFACE_STYLE_USAGE(.BOTH.,#13053);
#13053 = SURFACE_SIDE_STYLE('',(#13054));
#13054 = SURFACE_STYLE_FILL_AREA(#13055);
#13055 = FILL_AREA_STYLE('',(#13056));
#13056 = FILL_AREA_STYLE_COLOUR('',#12159);
#13057 = STYLED_ITEM('color',(#13058),#7678);
#13058 = PRESENTATION_STYLE_ASSIGNMENT((#13059));
#13059 = SURFACE_STYLE_USAGE(.BOTH.,#13060);
#13060 = SURFACE_SIDE_STYLE('',(#13061));
#13061 = SURFACE_STYLE_FILL_AREA(#13062);
#13062 = FILL_AREA_STYLE('',(#13063));
#13063 = FILL_AREA_STYLE_COLOUR('',#12159);
#13064 = STYLED_ITEM('color',(#13065),#7690);
#13065 = PRESENTATION_STYLE_ASSIGNMENT((#13066));
#13066 = SURFACE_STYLE_USAGE(.BOTH.,#13067);
#13067 = SURFACE_SIDE_STYLE('',(#13068));
#13068 = SURFACE_STYLE_FILL_AREA(#13069);
#13069 = FILL_AREA_STYLE('',(#13070));
#13070 = FILL_AREA_STYLE_COLOUR('',#12159);
#13071 = STYLED_ITEM('color',(#13072),#7702);
#13072 = PRESENTATION_STYLE_ASSIGNMENT((#13073));
#13073 = SURFACE_STYLE_USAGE(.BOTH.,#13074);
#13074 = SURFACE_SIDE_STYLE('',(#13075));
#13075 = SURFACE_STYLE_FILL_AREA(#13076);
#13076 = FILL_AREA_STYLE('',(#13077));
#13077 = FILL_AREA_STYLE_COLOUR('',#12159);
#13078 = STYLED_ITEM('color',(#13079),#7714);
#13079 = PRESENTATION_STYLE_ASSIGNMENT((#13080));
#13080 = SURFACE_STYLE_USAGE(.BOTH.,#13081);
#13081 = SURFACE_SIDE_STYLE('',(#13082));
#13082 = SURFACE_STYLE_FILL_AREA(#13083);
#13083 = FILL_AREA_STYLE('',(#13084));
#13084 = FILL_AREA_STYLE_COLOUR('',#12159);
#13085 = STYLED_ITEM('color',(#13086),#7726);
#13086 = PRESENTATION_STYLE_ASSIGNMENT((#13087));
#13087 = SURFACE_STYLE_USAGE(.BOTH.,#13088);
#13088 = SURFACE_SIDE_STYLE('',(#13089));
#13089 = SURFACE_STYLE_FILL_AREA(#13090);
#13090 = FILL_AREA_STYLE('',(#13091));
#13091 = FILL_AREA_STYLE_COLOUR('',#12159);
#13092 = STYLED_ITEM('color',(#13093),#7738);
#13093 = PRESENTATION_STYLE_ASSIGNMENT((#13094));
#13094 = SURFACE_STYLE_USAGE(.BOTH.,#13095);
#13095 = SURFACE_SIDE_STYLE('',(#13096));
#13096 = SURFACE_STYLE_FILL_AREA(#13097);
#13097 = FILL_AREA_STYLE('',(#13098));
#13098 = FILL_AREA_STYLE_COLOUR('',#12159);
#13099 = STYLED_ITEM('color',(#13100),#7750);
#13100 = PRESENTATION_STYLE_ASSIGNMENT((#13101));
#13101 = SURFACE_STYLE_USAGE(.BOTH.,#13102);
#13102 = SURFACE_SIDE_STYLE('',(#13103));
#13103 = SURFACE_STYLE_FILL_AREA(#13104);
#13104 = FILL_AREA_STYLE('',(#13105));
#13105 = FILL_AREA_STYLE_COLOUR('',#12159);
#13106 = MECHANICAL_DESIGN_GEOMETRIC_PRESENTATION_REPRESENTATION('',(
    #13107),#12027);
#13107 = STYLED_ITEM('color',(#13108),#9342);
#13108 = PRESENTATION_STYLE_ASSIGNMENT((#13109));
#13109 = SURFACE_STYLE_USAGE(.BOTH.,#13110);
#13110 = SURFACE_SIDE_STYLE('',(#13111));
#13111 = SURFACE_STYLE_FILL_AREA(#13112);
#13112 = FILL_AREA_STYLE('',(#13113));
#13113 = FILL_AREA_STYLE_COLOUR('',#13114);
#13114 = COLOUR_RGB('',0.313304153717,0.484529207832,0.410020903123);
#13115 = MECHANICAL_DESIGN_GEOMETRIC_PRESENTATION_REPRESENTATION('',(
    #13116,#13123,#13130,#13137,#13144,#13151,#13158,#13165,#13172,
    #13180,#13187,#13194,#13201,#13208,#13215,#13222,#13229,#13236,
    #13243,#13250,#13257,#13264,#13271,#13278,#13285,#13292,#13299,
    #13306,#13313,#13320,#13327,#13334,#13341,#13348,#13355,#13362,
    #13369,#13376,#13383,#13390,#13397,#13404,#13411,#13418,#13425,
    #13432,#13439,#13446),#9323);
#13116 = STYLED_ITEM('color',(#13117),#7783);
#13117 = PRESENTATION_STYLE_ASSIGNMENT((#13118));
#13118 = SURFACE_STYLE_USAGE(.BOTH.,#13119);
#13119 = SURFACE_SIDE_STYLE('',(#13120));
#13120 = SURFACE_STYLE_FILL_AREA(#13121);
#13121 = FILL_AREA_STYLE('',(#13122));
#13122 = FILL_AREA_STYLE_COLOUR('',#12046);
#13123 = STYLED_ITEM('color',(#13124),#7839);
#13124 = PRESENTATION_STYLE_ASSIGNMENT((#13125));
#13125 = SURFACE_STYLE_USAGE(.BOTH.,#13126);
#13126 = SURFACE_SIDE_STYLE('',(#13127));
#13127 = SURFACE_STYLE_FILL_AREA(#13128);
#13128 = FILL_AREA_STYLE('',(#13129));
#13129 = FILL_AREA_STYLE_COLOUR('',#12046);
#13130 = STYLED_ITEM('color',(#13131),#7966);
#13131 = PRESENTATION_STYLE_ASSIGNMENT((#13132));
#13132 = SURFACE_STYLE_USAGE(.BOTH.,#13133);
#13133 = SURFACE_SIDE_STYLE('',(#13134));
#13134 = SURFACE_STYLE_FILL_AREA(#13135);
#13135 = FILL_AREA_STYLE('',(#13136));
#13136 = FILL_AREA_STYLE_COLOUR('',#12046);
#13137 = STYLED_ITEM('color',(#13138),#7990);
#13138 = PRESENTATION_STYLE_ASSIGNMENT((#13139));
#13139 = SURFACE_STYLE_USAGE(.BOTH.,#13140);
#13140 = SURFACE_SIDE_STYLE('',(#13141));
#13141 = SURFACE_STYLE_FILL_AREA(#13142);
#13142 = FILL_AREA_STYLE('',(#13143));
#13143 = FILL_AREA_STYLE_COLOUR('',#12046);
#13144 = STYLED_ITEM('color',(#13145),#8014);
#13145 = PRESENTATION_STYLE_ASSIGNMENT((#13146));
#13146 = SURFACE_STYLE_USAGE(.BOTH.,#13147);
#13147 = SURFACE_SIDE_STYLE('',(#13148));
#13148 = SURFACE_STYLE_FILL_AREA(#13149);
#13149 = FILL_AREA_STYLE('',(#13150));
#13150 = FILL_AREA_STYLE_COLOUR('',#12046);
#13151 = STYLED_ITEM('color',(#13152),#8070);
#13152 = PRESENTATION_STYLE_ASSIGNMENT((#13153));
#13153 = SURFACE_STYLE_USAGE(.BOTH.,#13154);
#13154 = SURFACE_SIDE_STYLE('',(#13155));
#13155 = SURFACE_STYLE_FILL_AREA(#13156);
#13156 = FILL_AREA_STYLE('',(#13157));
#13157 = FILL_AREA_STYLE_COLOUR('',#12046);
#13158 = STYLED_ITEM('color',(#13159),#8117);
#13159 = PRESENTATION_STYLE_ASSIGNMENT((#13160));
#13160 = SURFACE_STYLE_USAGE(.BOTH.,#13161);
#13161 = SURFACE_SIDE_STYLE('',(#13162));
#13162 = SURFACE_STYLE_FILL_AREA(#13163);
#13163 = FILL_AREA_STYLE('',(#13164));
#13164 = FILL_AREA_STYLE_COLOUR('',#12046);
#13165 = STYLED_ITEM('color',(#13166),#8203);
#13166 = PRESENTATION_STYLE_ASSIGNMENT((#13167));
#13167 = SURFACE_STYLE_USAGE(.BOTH.,#13168);
#13168 = SURFACE_SIDE_STYLE('',(#13169));
#13169 = SURFACE_STYLE_FILL_AREA(#13170);
#13170 = FILL_AREA_STYLE('',(#13171));
#13171 = FILL_AREA_STYLE_COLOUR('',#12046);
#13172 = STYLED_ITEM('color',(#13173),#8217);
#13173 = PRESENTATION_STYLE_ASSIGNMENT((#13174));
#13174 = SURFACE_STYLE_USAGE(.BOTH.,#13175);
#13175 = SURFACE_SIDE_STYLE('',(#13176));
#13176 = SURFACE_STYLE_FILL_AREA(#13177);
#13177 = FILL_AREA_STYLE('',(#13178));
#13178 = FILL_AREA_STYLE_COLOUR('',#13179);
#13179 = COLOUR_RGB('',0.823999987314,0.819999987296,0.781000009244);
#13180 = STYLED_ITEM('color',(#13181),#8257);
#13181 = PRESENTATION_STYLE_ASSIGNMENT((#13182));
#13182 = SURFACE_STYLE_USAGE(.BOTH.,#13183);
#13183 = SURFACE_SIDE_STYLE('',(#13184));
#13184 = SURFACE_STYLE_FILL_AREA(#13185);
#13185 = FILL_AREA_STYLE('',(#13186));
#13186 = FILL_AREA_STYLE_COLOUR('',#13179);
#13187 = STYLED_ITEM('color',(#13188),#8281);
#13188 = PRESENTATION_STYLE_ASSIGNMENT((#13189));
#13189 = SURFACE_STYLE_USAGE(.BOTH.,#13190);
#13190 = SURFACE_SIDE_STYLE('',(#13191));
#13191 = SURFACE_STYLE_FILL_AREA(#13192);
#13192 = FILL_AREA_STYLE('',(#13193));
#13193 = FILL_AREA_STYLE_COLOUR('',#13179);
#13194 = STYLED_ITEM('color',(#13195),#8314);
#13195 = PRESENTATION_STYLE_ASSIGNMENT((#13196));
#13196 = SURFACE_STYLE_USAGE(.BOTH.,#13197);
#13197 = SURFACE_SIDE_STYLE('',(#13198));
#13198 = SURFACE_STYLE_FILL_AREA(#13199);
#13199 = FILL_AREA_STYLE('',(#13200));
#13200 = FILL_AREA_STYLE_COLOUR('',#13179);
#13201 = STYLED_ITEM('color',(#13202),#8354);
#13202 = PRESENTATION_STYLE_ASSIGNMENT((#13203));
#13203 = SURFACE_STYLE_USAGE(.BOTH.,#13204);
#13204 = SURFACE_SIDE_STYLE('',(#13205));
#13205 = SURFACE_STYLE_FILL_AREA(#13206);
#13206 = FILL_AREA_STYLE('',(#13207));
#13207 = FILL_AREA_STYLE_COLOUR('',#13179);
#13208 = STYLED_ITEM('color',(#13209),#8378);
#13209 = PRESENTATION_STYLE_ASSIGNMENT((#13210));
#13210 = SURFACE_STYLE_USAGE(.BOTH.,#13211);
#13211 = SURFACE_SIDE_STYLE('',(#13212));
#13212 = SURFACE_STYLE_FILL_AREA(#13213);
#13213 = FILL_AREA_STYLE('',(#13214));
#13214 = FILL_AREA_STYLE_COLOUR('',#13179);
#13215 = STYLED_ITEM('color',(#13216),#8411);
#13216 = PRESENTATION_STYLE_ASSIGNMENT((#13217));
#13217 = SURFACE_STYLE_USAGE(.BOTH.,#13218);
#13218 = SURFACE_SIDE_STYLE('',(#13219));
#13219 = SURFACE_STYLE_FILL_AREA(#13220);
#13220 = FILL_AREA_STYLE('',(#13221));
#13221 = FILL_AREA_STYLE_COLOUR('',#13179);
#13222 = STYLED_ITEM('color',(#13223),#8451);
#13223 = PRESENTATION_STYLE_ASSIGNMENT((#13224));
#13224 = SURFACE_STYLE_USAGE(.BOTH.,#13225);
#13225 = SURFACE_SIDE_STYLE('',(#13226));
#13226 = SURFACE_STYLE_FILL_AREA(#13227);
#13227 = FILL_AREA_STYLE('',(#13228));
#13228 = FILL_AREA_STYLE_COLOUR('',#13179);
#13229 = STYLED_ITEM('color',(#13230),#8475);
#13230 = PRESENTATION_STYLE_ASSIGNMENT((#13231));
#13231 = SURFACE_STYLE_USAGE(.BOTH.,#13232);
#13232 = SURFACE_SIDE_STYLE('',(#13233));
#13233 = SURFACE_STYLE_FILL_AREA(#13234);
#13234 = FILL_AREA_STYLE('',(#13235));
#13235 = FILL_AREA_STYLE_COLOUR('',#13179);
#13236 = STYLED_ITEM('color',(#13237),#8508);
#13237 = PRESENTATION_STYLE_ASSIGNMENT((#13238));
#13238 = SURFACE_STYLE_USAGE(.BOTH.,#13239);
#13239 = SURFACE_SIDE_STYLE('',(#13240));
#13240 = SURFACE_STYLE_FILL_AREA(#13241);
#13241 = FILL_AREA_STYLE('',(#13242));
#13242 = FILL_AREA_STYLE_COLOUR('',#13179);
#13243 = STYLED_ITEM('color',(#13244),#8548);
#13244 = PRESENTATION_STYLE_ASSIGNMENT((#13245));
#13245 = SURFACE_STYLE_USAGE(.BOTH.,#13246);
#13246 = SURFACE_SIDE_STYLE('',(#13247));
#13247 = SURFACE_STYLE_FILL_AREA(#13248);
#13248 = FILL_AREA_STYLE('',(#13249));
#13249 = FILL_AREA_STYLE_COLOUR('',#13179);
#13250 = STYLED_ITEM('color',(#13251),#8583);
#13251 = PRESENTATION_STYLE_ASSIGNMENT((#13252));
#13252 = SURFACE_STYLE_USAGE(.BOTH.,#13253);
#13253 = SURFACE_SIDE_STYLE('',(#13254));
#13254 = SURFACE_STYLE_FILL_AREA(#13255);
#13255 = FILL_AREA_STYLE('',(#13256));
#13256 = FILL_AREA_STYLE_COLOUR('',#13179);
#13257 = STYLED_ITEM('color',(#13258),#8616);
#13258 = PRESENTATION_STYLE_ASSIGNMENT((#13259));
#13259 = SURFACE_STYLE_USAGE(.BOTH.,#13260);
#13260 = SURFACE_SIDE_STYLE('',(#13261));
#13261 = SURFACE_STYLE_FILL_AREA(#13262);
#13262 = FILL_AREA_STYLE('',(#13263));
#13263 = FILL_AREA_STYLE_COLOUR('',#13179);
#13264 = STYLED_ITEM('color',(#13265),#8633);
#13265 = PRESENTATION_STYLE_ASSIGNMENT((#13266));
#13266 = SURFACE_STYLE_USAGE(.BOTH.,#13267);
#13267 = SURFACE_SIDE_STYLE('',(#13268));
#13268 = SURFACE_STYLE_FILL_AREA(#13269);
#13269 = FILL_AREA_STYLE('',(#13270));
#13270 = FILL_AREA_STYLE_COLOUR('',#13179);
#13271 = STYLED_ITEM('color',(#13272),#8690);
#13272 = PRESENTATION_STYLE_ASSIGNMENT((#13273));
#13273 = SURFACE_STYLE_USAGE(.BOTH.,#13274);
#13274 = SURFACE_SIDE_STYLE('',(#13275));
#13275 = SURFACE_STYLE_FILL_AREA(#13276);
#13276 = FILL_AREA_STYLE('',(#13277));
#13277 = FILL_AREA_STYLE_COLOUR('',#13179);
#13278 = STYLED_ITEM('color',(#13279),#8747);
#13279 = PRESENTATION_STYLE_ASSIGNMENT((#13280));
#13280 = SURFACE_STYLE_USAGE(.BOTH.,#13281);
#13281 = SURFACE_SIDE_STYLE('',(#13282));
#13282 = SURFACE_STYLE_FILL_AREA(#13283);
#13283 = FILL_AREA_STYLE('',(#13284));
#13284 = FILL_AREA_STYLE_COLOUR('',#13179);
#13285 = STYLED_ITEM('color',(#13286),#8804);
#13286 = PRESENTATION_STYLE_ASSIGNMENT((#13287));
#13287 = SURFACE_STYLE_USAGE(.BOTH.,#13288);
#13288 = SURFACE_SIDE_STYLE('',(#13289));
#13289 = SURFACE_STYLE_FILL_AREA(#13290);
#13290 = FILL_AREA_STYLE('',(#13291));
#13291 = FILL_AREA_STYLE_COLOUR('',#13179);
#13292 = STYLED_ITEM('color',(#13293),#8861);
#13293 = PRESENTATION_STYLE_ASSIGNMENT((#13294));
#13294 = SURFACE_STYLE_USAGE(.BOTH.,#13295);
#13295 = SURFACE_SIDE_STYLE('',(#13296));
#13296 = SURFACE_STYLE_FILL_AREA(#13297);
#13297 = FILL_AREA_STYLE('',(#13298));
#13298 = FILL_AREA_STYLE_COLOUR('',#13179);
#13299 = STYLED_ITEM('color',(#13300),#8878);
#13300 = PRESENTATION_STYLE_ASSIGNMENT((#13301));
#13301 = SURFACE_STYLE_USAGE(.BOTH.,#13302);
#13302 = SURFACE_SIDE_STYLE('',(#13303));
#13303 = SURFACE_STYLE_FILL_AREA(#13304);
#13304 = FILL_AREA_STYLE('',(#13305));
#13305 = FILL_AREA_STYLE_COLOUR('',#13179);
#13306 = STYLED_ITEM('color',(#13307),#8895);
#13307 = PRESENTATION_STYLE_ASSIGNMENT((#13308));
#13308 = SURFACE_STYLE_USAGE(.BOTH.,#13309);
#13309 = SURFACE_SIDE_STYLE('',(#13310));
#13310 = SURFACE_STYLE_FILL_AREA(#13311);
#13311 = FILL_AREA_STYLE('',(#13312));
#13312 = FILL_AREA_STYLE_COLOUR('',#13179);
#13313 = STYLED_ITEM('color',(#13314),#8952);
#13314 = PRESENTATION_STYLE_ASSIGNMENT((#13315));
#13315 = SURFACE_STYLE_USAGE(.BOTH.,#13316);
#13316 = SURFACE_SIDE_STYLE('',(#13317));
#13317 = SURFACE_STYLE_FILL_AREA(#13318);
#13318 = FILL_AREA_STYLE('',(#13319));
#13319 = FILL_AREA_STYLE_COLOUR('',#13179);
#13320 = STYLED_ITEM('color',(#13321),#8969);
#13321 = PRESENTATION_STYLE_ASSIGNMENT((#13322));
#13322 = SURFACE_STYLE_USAGE(.BOTH.,#13323);
#13323 = SURFACE_SIDE_STYLE('',(#13324));
#13324 = SURFACE_STYLE_FILL_AREA(#13325);
#13325 = FILL_AREA_STYLE('',(#13326));
#13326 = FILL_AREA_STYLE_COLOUR('',#13179);
#13327 = STYLED_ITEM('color',(#13328),#8986);
#13328 = PRESENTATION_STYLE_ASSIGNMENT((#13329));
#13329 = SURFACE_STYLE_USAGE(.BOTH.,#13330);
#13330 = SURFACE_SIDE_STYLE('',(#13331));
#13331 = SURFACE_STYLE_FILL_AREA(#13332);
#13332 = FILL_AREA_STYLE('',(#13333));
#13333 = FILL_AREA_STYLE_COLOUR('',#13179);
#13334 = STYLED_ITEM('color',(#13335),#9043);
#13335 = PRESENTATION_STYLE_ASSIGNMENT((#13336));
#13336 = SURFACE_STYLE_USAGE(.BOTH.,#13337);
#13337 = SURFACE_SIDE_STYLE('',(#13338));
#13338 = SURFACE_STYLE_FILL_AREA(#13339);
#13339 = FILL_AREA_STYLE('',(#13340));
#13340 = FILL_AREA_STYLE_COLOUR('',#13179);
#13341 = STYLED_ITEM('color',(#13342),#9060);
#13342 = PRESENTATION_STYLE_ASSIGNMENT((#13343));
#13343 = SURFACE_STYLE_USAGE(.BOTH.,#13344);
#13344 = SURFACE_SIDE_STYLE('',(#13345));
#13345 = SURFACE_STYLE_FILL_AREA(#13346);
#13346 = FILL_AREA_STYLE('',(#13347));
#13347 = FILL_AREA_STYLE_COLOUR('',#13179);
#13348 = STYLED_ITEM('color',(#13349),#9077);
#13349 = PRESENTATION_STYLE_ASSIGNMENT((#13350));
#13350 = SURFACE_STYLE_USAGE(.BOTH.,#13351);
#13351 = SURFACE_SIDE_STYLE('',(#13352));
#13352 = SURFACE_STYLE_FILL_AREA(#13353);
#13353 = FILL_AREA_STYLE('',(#13354));
#13354 = FILL_AREA_STYLE_COLOUR('',#13179);
#13355 = STYLED_ITEM('color',(#13356),#9105);
#13356 = PRESENTATION_STYLE_ASSIGNMENT((#13357));
#13357 = SURFACE_STYLE_USAGE(.BOTH.,#13358);
#13358 = SURFACE_SIDE_STYLE('',(#13359));
#13359 = SURFACE_STYLE_FILL_AREA(#13360);
#13360 = FILL_AREA_STYLE('',(#13361));
#13361 = FILL_AREA_STYLE_COLOUR('',#13179);
#13362 = STYLED_ITEM('color',(#13363),#9117);
#13363 = PRESENTATION_STYLE_ASSIGNMENT((#13364));
#13364 = SURFACE_STYLE_USAGE(.BOTH.,#13365);
#13365 = SURFACE_SIDE_STYLE('',(#13366));
#13366 = SURFACE_STYLE_FILL_AREA(#13367);
#13367 = FILL_AREA_STYLE('',(#13368));
#13368 = FILL_AREA_STYLE_COLOUR('',#13179);
#13369 = STYLED_ITEM('color',(#13370),#9134);
#13370 = PRESENTATION_STYLE_ASSIGNMENT((#13371));
#13371 = SURFACE_STYLE_USAGE(.BOTH.,#13372);
#13372 = SURFACE_SIDE_STYLE('',(#13373));
#13373 = SURFACE_STYLE_FILL_AREA(#13374);
#13374 = FILL_AREA_STYLE('',(#13375));
#13375 = FILL_AREA_STYLE_COLOUR('',#13179);
#13376 = STYLED_ITEM('color',(#13377),#9151);
#13377 = PRESENTATION_STYLE_ASSIGNMENT((#13378));
#13378 = SURFACE_STYLE_USAGE(.BOTH.,#13379);
#13379 = SURFACE_SIDE_STYLE('',(#13380));
#13380 = SURFACE_STYLE_FILL_AREA(#13381);
#13381 = FILL_AREA_STYLE('',(#13382));
#13382 = FILL_AREA_STYLE_COLOUR('',#13179);
#13383 = STYLED_ITEM('color',(#13384),#9168);
#13384 = PRESENTATION_STYLE_ASSIGNMENT((#13385));
#13385 = SURFACE_STYLE_USAGE(.BOTH.,#13386);
#13386 = SURFACE_SIDE_STYLE('',(#13387));
#13387 = SURFACE_STYLE_FILL_AREA(#13388);
#13388 = FILL_AREA_STYLE('',(#13389));
#13389 = FILL_AREA_STYLE_COLOUR('',#13179);
#13390 = STYLED_ITEM('color',(#13391),#9185);
#13391 = PRESENTATION_STYLE_ASSIGNMENT((#13392));
#13392 = SURFACE_STYLE_USAGE(.BOTH.,#13393);
#13393 = SURFACE_SIDE_STYLE('',(#13394));
#13394 = SURFACE_STYLE_FILL_AREA(#13395);
#13395 = FILL_AREA_STYLE('',(#13396));
#13396 = FILL_AREA_STYLE_COLOUR('',#13179);
#13397 = STYLED_ITEM('color',(#13398),#9197);
#13398 = PRESENTATION_STYLE_ASSIGNMENT((#13399));
#13399 = SURFACE_STYLE_USAGE(.BOTH.,#13400);
#13400 = SURFACE_SIDE_STYLE('',(#13401));
#13401 = SURFACE_STYLE_FILL_AREA(#13402);
#13402 = FILL_AREA_STYLE('',(#13403));
#13403 = FILL_AREA_STYLE_COLOUR('',#13179);
#13404 = STYLED_ITEM('color',(#13405),#9214);
#13405 = PRESENTATION_STYLE_ASSIGNMENT((#13406));
#13406 = SURFACE_STYLE_USAGE(.BOTH.,#13407);
#13407 = SURFACE_SIDE_STYLE('',(#13408));
#13408 = SURFACE_STYLE_FILL_AREA(#13409);
#13409 = FILL_AREA_STYLE('',(#13410));
#13410 = FILL_AREA_STYLE_COLOUR('',#13179);
#13411 = STYLED_ITEM('color',(#13412),#9231);
#13412 = PRESENTATION_STYLE_ASSIGNMENT((#13413));
#13413 = SURFACE_STYLE_USAGE(.BOTH.,#13414);
#13414 = SURFACE_SIDE_STYLE('',(#13415));
#13415 = SURFACE_STYLE_FILL_AREA(#13416);
#13416 = FILL_AREA_STYLE('',(#13417));
#13417 = FILL_AREA_STYLE_COLOUR('',#13179);
#13418 = STYLED_ITEM('color',(#13419),#9248);
#13419 = PRESENTATION_STYLE_ASSIGNMENT((#13420));
#13420 = SURFACE_STYLE_USAGE(.BOTH.,#13421);
#13421 = SURFACE_SIDE_STYLE('',(#13422));
#13422 = SURFACE_STYLE_FILL_AREA(#13423);
#13423 = FILL_AREA_STYLE('',(#13424));
#13424 = FILL_AREA_STYLE_COLOUR('',#13179);
#13425 = STYLED_ITEM('color',(#13426),#9260);
#13426 = PRESENTATION_STYLE_ASSIGNMENT((#13427));
#13427 = SURFACE_STYLE_USAGE(.BOTH.,#13428);
#13428 = SURFACE_SIDE_STYLE('',(#13429));
#13429 = SURFACE_STYLE_FILL_AREA(#13430);
#13430 = FILL_AREA_STYLE('',(#13431));
#13431 = FILL_AREA_STYLE_COLOUR('',#13179);
#13432 = STYLED_ITEM('color',(#13433),#9277);
#13433 = PRESENTATION_STYLE_ASSIGNMENT((#13434));
#13434 = SURFACE_STYLE_USAGE(.BOTH.,#13435);
#13435 = SURFACE_SIDE_STYLE('',(#13436));
#13436 = SURFACE_STYLE_FILL_AREA(#13437);
#13437 = FILL_AREA_STYLE('',(#13438));
#13438 = FILL_AREA_STYLE_COLOUR('',#13179);
#13439 = STYLED_ITEM('color',(#13440),#9294);
#13440 = PRESENTATION_STYLE_ASSIGNMENT((#13441));
#13441 = SURFACE_STYLE_USAGE(.BOTH.,#13442);
#13442 = SURFACE_SIDE_STYLE('',(#13443));
#13443 = SURFACE_STYLE_FILL_AREA(#13444);
#13444 = FILL_AREA_STYLE('',(#13445));
#13445 = FILL_AREA_STYLE_COLOUR('',#13179);
#13446 = STYLED_ITEM('color',(#13447),#9311);
#13447 = PRESENTATION_STYLE_ASSIGNMENT((#13448));
#13448 = SURFACE_STYLE_USAGE(.BOTH.,#13449);
#13449 = SURFACE_SIDE_STYLE('',(#13450));
#13450 = SURFACE_STYLE_FILL_AREA(#13451);
#13451 = FILL_AREA_STYLE('',(#13452));
#13452 = FILL_AREA_STYLE_COLOUR('',#13179);
#13453 = MECHANICAL_DESIGN_GEOMETRIC_PRESENTATION_REPRESENTATION('',(
    #13454,#13461,#13468,#13475,#13482,#13489,#13496,#13503,#13510,
    #13517,#13524,#13531,#13538,#13545,#13552,#13559,#13566,#13573,
    #13580,#13587,#13594,#13601,#13608,#13615,#13622,#13629,#13636,
    #13643,#13650,#13657,#13664,#13671,#13678,#13685,#13692,#13699,
    #13706,#13713,#13720,#13727,#13734,#13741,#13748,#13755,#13762,
    #13769,#13776,#13783,#13790,#13797,#13804,#13811,#13818,#13825,
    #13832,#13839,#13846,#13853,#13860,#13867,#13874,#13881,#13888,
    #13895,#13902,#13909,#13916,#13923,#13930,#13937,#13944,#13951,
    #13958,#13965,#13972,#13979,#13986,#13993,#14000,#14007,#14014,
    #14021,#14028,#14035,#14042,#14049,#14056,#14063,#14070,#14077,
    #14084,#14091,#14098,#14105,#14112,#14119,#14126,#14133,#14140,
    #14147,#14154,#14161,#14168,#14175,#14182,#14189,#14196,#14203,
    #14210,#14217,#14224,#14231,#14238,#14245,#14252,#14259,#14266,
    #14273,#14280,#14287,#14294,#14301,#14308,#14315),#4958);
#13454 = STYLED_ITEM('color',(#13455),#1506);
#13455 = PRESENTATION_STYLE_ASSIGNMENT((#13456));
#13456 = SURFACE_STYLE_USAGE(.BOTH.,#13457);
#13457 = SURFACE_SIDE_STYLE('',(#13458));
#13458 = SURFACE_STYLE_FILL_AREA(#13459);
#13459 = FILL_AREA_STYLE('',(#13460));
#13460 = FILL_AREA_STYLE_COLOUR('',#12046);
#13461 = STYLED_ITEM('color',(#13462),#1546);
#13462 = PRESENTATION_STYLE_ASSIGNMENT((#13463));
#13463 = SURFACE_STYLE_USAGE(.BOTH.,#13464);
#13464 = SURFACE_SIDE_STYLE('',(#13465));
#13465 = SURFACE_STYLE_FILL_AREA(#13466);
#13466 = FILL_AREA_STYLE('',(#13467));
#13467 = FILL_AREA_STYLE_COLOUR('',#12046);
#13468 = STYLED_ITEM('color',(#13469),#1577);
#13469 = PRESENTATION_STYLE_ASSIGNMENT((#13470));
#13470 = SURFACE_STYLE_USAGE(.BOTH.,#13471);
#13471 = SURFACE_SIDE_STYLE('',(#13472));
#13472 = SURFACE_STYLE_FILL_AREA(#13473);
#13473 = FILL_AREA_STYLE('',(#13474));
#13474 = FILL_AREA_STYLE_COLOUR('',#12046);
#13475 = STYLED_ITEM('color',(#13476),#1608);
#13476 = PRESENTATION_STYLE_ASSIGNMENT((#13477));
#13477 = SURFACE_STYLE_USAGE(.BOTH.,#13478);
#13478 = SURFACE_SIDE_STYLE('',(#13479));
#13479 = SURFACE_STYLE_FILL_AREA(#13480);
#13480 = FILL_AREA_STYLE('',(#13481));
#13481 = FILL_AREA_STYLE_COLOUR('',#12046);
#13482 = STYLED_ITEM('color',(#13483),#2019);
#13483 = PRESENTATION_STYLE_ASSIGNMENT((#13484));
#13484 = SURFACE_STYLE_USAGE(.BOTH.,#13485);
#13485 = SURFACE_SIDE_STYLE('',(#13486));
#13486 = SURFACE_STYLE_FILL_AREA(#13487);
#13487 = FILL_AREA_STYLE('',(#13488));
#13488 = FILL_AREA_STYLE_COLOUR('',#12046);
#13489 = STYLED_ITEM('color',(#13490),#2430);
#13490 = PRESENTATION_STYLE_ASSIGNMENT((#13491));
#13491 = SURFACE_STYLE_USAGE(.BOTH.,#13492);
#13492 = SURFACE_SIDE_STYLE('',(#13493));
#13493 = SURFACE_STYLE_FILL_AREA(#13494);
#13494 = FILL_AREA_STYLE('',(#13495));
#13495 = FILL_AREA_STYLE_COLOUR('',#12046);
#13496 = STYLED_ITEM('color',(#13497),#2447);
#13497 = PRESENTATION_STYLE_ASSIGNMENT((#13498));
#13498 = SURFACE_STYLE_USAGE(.BOTH.,#13499);
#13499 = SURFACE_SIDE_STYLE('',(#13500));
#13500 = SURFACE_STYLE_FILL_AREA(#13501);
#13501 = FILL_AREA_STYLE('',(#13502));
#13502 = FILL_AREA_STYLE_COLOUR('',#12046);
#13503 = STYLED_ITEM('color',(#13504),#2464);
#13504 = PRESENTATION_STYLE_ASSIGNMENT((#13505));
#13505 = SURFACE_STYLE_USAGE(.BOTH.,#13506);
#13506 = SURFACE_SIDE_STYLE('',(#13507));
#13507 = SURFACE_STYLE_FILL_AREA(#13508);
#13508 = FILL_AREA_STYLE('',(#13509));
#13509 = FILL_AREA_STYLE_COLOUR('',#12046);
#13510 = STYLED_ITEM('color',(#13511),#2481);
#13511 = PRESENTATION_STYLE_ASSIGNMENT((#13512));
#13512 = SURFACE_STYLE_USAGE(.BOTH.,#13513);
#13513 = SURFACE_SIDE_STYLE('',(#13514));
#13514 = SURFACE_STYLE_FILL_AREA(#13515);
#13515 = FILL_AREA_STYLE('',(#13516));
#13516 = FILL_AREA_STYLE_COLOUR('',#12046);
#13517 = STYLED_ITEM('color',(#13518),#2498);
#13518 = PRESENTATION_STYLE_ASSIGNMENT((#13519));
#13519 = SURFACE_STYLE_USAGE(.BOTH.,#13520);
#13520 = SURFACE_SIDE_STYLE('',(#13521));
#13521 = SURFACE_STYLE_FILL_AREA(#13522);
#13522 = FILL_AREA_STYLE('',(#13523));
#13523 = FILL_AREA_STYLE_COLOUR('',#12046);
#13524 = STYLED_ITEM('color',(#13525),#2515);
#13525 = PRESENTATION_STYLE_ASSIGNMENT((#13526));
#13526 = SURFACE_STYLE_USAGE(.BOTH.,#13527);
#13527 = SURFACE_SIDE_STYLE('',(#13528));
#13528 = SURFACE_STYLE_FILL_AREA(#13529);
#13529 = FILL_AREA_STYLE('',(#13530));
#13530 = FILL_AREA_STYLE_COLOUR('',#12046);
#13531 = STYLED_ITEM('color',(#13532),#2532);
#13532 = PRESENTATION_STYLE_ASSIGNMENT((#13533));
#13533 = SURFACE_STYLE_USAGE(.BOTH.,#13534);
#13534 = SURFACE_SIDE_STYLE('',(#13535));
#13535 = SURFACE_STYLE_FILL_AREA(#13536);
#13536 = FILL_AREA_STYLE('',(#13537));
#13537 = FILL_AREA_STYLE_COLOUR('',#12046);
#13538 = STYLED_ITEM('color',(#13539),#2549);
#13539 = PRESENTATION_STYLE_ASSIGNMENT((#13540));
#13540 = SURFACE_STYLE_USAGE(.BOTH.,#13541);
#13541 = SURFACE_SIDE_STYLE('',(#13542));
#13542 = SURFACE_STYLE_FILL_AREA(#13543);
#13543 = FILL_AREA_STYLE('',(#13544));
#13544 = FILL_AREA_STYLE_COLOUR('',#12046);
#13545 = STYLED_ITEM('color',(#13546),#2566);
#13546 = PRESENTATION_STYLE_ASSIGNMENT((#13547));
#13547 = SURFACE_STYLE_USAGE(.BOTH.,#13548);
#13548 = SURFACE_SIDE_STYLE('',(#13549));
#13549 = SURFACE_STYLE_FILL_AREA(#13550);
#13550 = FILL_AREA_STYLE('',(#13551));
#13551 = FILL_AREA_STYLE_COLOUR('',#12046);
#13552 = STYLED_ITEM('color',(#13553),#2583);
#13553 = PRESENTATION_STYLE_ASSIGNMENT((#13554));
#13554 = SURFACE_STYLE_USAGE(.BOTH.,#13555);
#13555 = SURFACE_SIDE_STYLE('',(#13556));
#13556 = SURFACE_STYLE_FILL_AREA(#13557);
#13557 = FILL_AREA_STYLE('',(#13558));
#13558 = FILL_AREA_STYLE_COLOUR('',#12046);
#13559 = STYLED_ITEM('color',(#13560),#2600);
#13560 = PRESENTATION_STYLE_ASSIGNMENT((#13561));
#13561 = SURFACE_STYLE_USAGE(.BOTH.,#13562);
#13562 = SURFACE_SIDE_STYLE('',(#13563));
#13563 = SURFACE_STYLE_FILL_AREA(#13564);
#13564 = FILL_AREA_STYLE('',(#13565));
#13565 = FILL_AREA_STYLE_COLOUR('',#12046);
#13566 = STYLED_ITEM('color',(#13567),#2617);
#13567 = PRESENTATION_STYLE_ASSIGNMENT((#13568));
#13568 = SURFACE_STYLE_USAGE(.BOTH.,#13569);
#13569 = SURFACE_SIDE_STYLE('',(#13570));
#13570 = SURFACE_STYLE_FILL_AREA(#13571);
#13571 = FILL_AREA_STYLE('',(#13572));
#13572 = FILL_AREA_STYLE_COLOUR('',#12046);
#13573 = STYLED_ITEM('color',(#13574),#2634);
#13574 = PRESENTATION_STYLE_ASSIGNMENT((#13575));
#13575 = SURFACE_STYLE_USAGE(.BOTH.,#13576);
#13576 = SURFACE_SIDE_STYLE('',(#13577));
#13577 = SURFACE_STYLE_FILL_AREA(#13578);
#13578 = FILL_AREA_STYLE('',(#13579));
#13579 = FILL_AREA_STYLE_COLOUR('',#12046);
#13580 = STYLED_ITEM('color',(#13581),#2651);
#13581 = PRESENTATION_STYLE_ASSIGNMENT((#13582));
#13582 = SURFACE_STYLE_USAGE(.BOTH.,#13583);
#13583 = SURFACE_SIDE_STYLE('',(#13584));
#13584 = SURFACE_STYLE_FILL_AREA(#13585);
#13585 = FILL_AREA_STYLE('',(#13586));
#13586 = FILL_AREA_STYLE_COLOUR('',#12046);
#13587 = STYLED_ITEM('color',(#13588),#2668);
#13588 = PRESENTATION_STYLE_ASSIGNMENT((#13589));
#13589 = SURFACE_STYLE_USAGE(.BOTH.,#13590);
#13590 = SURFACE_SIDE_STYLE('',(#13591));
#13591 = SURFACE_STYLE_FILL_AREA(#13592);
#13592 = FILL_AREA_STYLE('',(#13593));
#13593 = FILL_AREA_STYLE_COLOUR('',#12046);
#13594 = STYLED_ITEM('color',(#13595),#2685);
#13595 = PRESENTATION_STYLE_ASSIGNMENT((#13596));
#13596 = SURFACE_STYLE_USAGE(.BOTH.,#13597);
#13597 = SURFACE_SIDE_STYLE('',(#13598));
#13598 = SURFACE_STYLE_FILL_AREA(#13599);
#13599 = FILL_AREA_STYLE('',(#13600));
#13600 = FILL_AREA_STYLE_COLOUR('',#12046);
#13601 = STYLED_ITEM('color',(#13602),#2702);
#13602 = PRESENTATION_STYLE_ASSIGNMENT((#13603));
#13603 = SURFACE_STYLE_USAGE(.BOTH.,#13604);
#13604 = SURFACE_SIDE_STYLE('',(#13605));
#13605 = SURFACE_STYLE_FILL_AREA(#13606);
#13606 = FILL_AREA_STYLE('',(#13607));
#13607 = FILL_AREA_STYLE_COLOUR('',#12046);
#13608 = STYLED_ITEM('color',(#13609),#2719);
#13609 = PRESENTATION_STYLE_ASSIGNMENT((#13610));
#13610 = SURFACE_STYLE_USAGE(.BOTH.,#13611);
#13611 = SURFACE_SIDE_STYLE('',(#13612));
#13612 = SURFACE_STYLE_FILL_AREA(#13613);
#13613 = FILL_AREA_STYLE('',(#13614));
#13614 = FILL_AREA_STYLE_COLOUR('',#12046);
#13615 = STYLED_ITEM('color',(#13616),#2736);
#13616 = PRESENTATION_STYLE_ASSIGNMENT((#13617));
#13617 = SURFACE_STYLE_USAGE(.BOTH.,#13618);
#13618 = SURFACE_SIDE_STYLE('',(#13619));
#13619 = SURFACE_STYLE_FILL_AREA(#13620);
#13620 = FILL_AREA_STYLE('',(#13621));
#13621 = FILL_AREA_STYLE_COLOUR('',#12046);
#13622 = STYLED_ITEM('color',(#13623),#2753);
#13623 = PRESENTATION_STYLE_ASSIGNMENT((#13624));
#13624 = SURFACE_STYLE_USAGE(.BOTH.,#13625);
#13625 = SURFACE_SIDE_STYLE('',(#13626));
#13626 = SURFACE_STYLE_FILL_AREA(#13627);
#13627 = FILL_AREA_STYLE('',(#13628));
#13628 = FILL_AREA_STYLE_COLOUR('',#12046);
#13629 = STYLED_ITEM('color',(#13630),#2770);
#13630 = PRESENTATION_STYLE_ASSIGNMENT((#13631));
#13631 = SURFACE_STYLE_USAGE(.BOTH.,#13632);
#13632 = SURFACE_SIDE_STYLE('',(#13633));
#13633 = SURFACE_STYLE_FILL_AREA(#13634);
#13634 = FILL_AREA_STYLE('',(#13635));
#13635 = FILL_AREA_STYLE_COLOUR('',#12046);
#13636 = STYLED_ITEM('color',(#13637),#2787);
#13637 = PRESENTATION_STYLE_ASSIGNMENT((#13638));
#13638 = SURFACE_STYLE_USAGE(.BOTH.,#13639);
#13639 = SURFACE_SIDE_STYLE('',(#13640));
#13640 = SURFACE_STYLE_FILL_AREA(#13641);
#13641 = FILL_AREA_STYLE('',(#13642));
#13642 = FILL_AREA_STYLE_COLOUR('',#12046);
#13643 = STYLED_ITEM('color',(#13644),#2804);
#13644 = PRESENTATION_STYLE_ASSIGNMENT((#13645));
#13645 = SURFACE_STYLE_USAGE(.BOTH.,#13646);
#13646 = SURFACE_SIDE_STYLE('',(#13647));
#13647 = SURFACE_STYLE_FILL_AREA(#13648);
#13648 = FILL_AREA_STYLE('',(#13649));
#13649 = FILL_AREA_STYLE_COLOUR('',#12046);
#13650 = STYLED_ITEM('color',(#13651),#2821);
#13651 = PRESENTATION_STYLE_ASSIGNMENT((#13652));
#13652 = SURFACE_STYLE_USAGE(.BOTH.,#13653);
#13653 = SURFACE_SIDE_STYLE('',(#13654));
#13654 = SURFACE_STYLE_FILL_AREA(#13655);
#13655 = FILL_AREA_STYLE('',(#13656));
#13656 = FILL_AREA_STYLE_COLOUR('',#12046);
#13657 = STYLED_ITEM('color',(#13658),#2838);
#13658 = PRESENTATION_STYLE_ASSIGNMENT((#13659));
#13659 = SURFACE_STYLE_USAGE(.BOTH.,#13660);
#13660 = SURFACE_SIDE_STYLE('',(#13661));
#13661 = SURFACE_STYLE_FILL_AREA(#13662);
#13662 = FILL_AREA_STYLE('',(#13663));
#13663 = FILL_AREA_STYLE_COLOUR('',#12046);
#13664 = STYLED_ITEM('color',(#13665),#2855);
#13665 = PRESENTATION_STYLE_ASSIGNMENT((#13666));
#13666 = SURFACE_STYLE_USAGE(.BOTH.,#13667);
#13667 = SURFACE_SIDE_STYLE('',(#13668));
#13668 = SURFACE_STYLE_FILL_AREA(#13669);
#13669 = FILL_AREA_STYLE('',(#13670));
#13670 = FILL_AREA_STYLE_COLOUR('',#12046);
#13671 = STYLED_ITEM('color',(#13672),#2872);
#13672 = PRESENTATION_STYLE_ASSIGNMENT((#13673));
#13673 = SURFACE_STYLE_USAGE(.BOTH.,#13674);
#13674 = SURFACE_SIDE_STYLE('',(#13675));
#13675 = SURFACE_STYLE_FILL_AREA(#13676);
#13676 = FILL_AREA_STYLE('',(#13677));
#13677 = FILL_AREA_STYLE_COLOUR('',#12046);
#13678 = STYLED_ITEM('color',(#13679),#2889);
#13679 = PRESENTATION_STYLE_ASSIGNMENT((#13680));
#13680 = SURFACE_STYLE_USAGE(.BOTH.,#13681);
#13681 = SURFACE_SIDE_STYLE('',(#13682));
#13682 = SURFACE_STYLE_FILL_AREA(#13683);
#13683 = FILL_AREA_STYLE('',(#13684));
#13684 = FILL_AREA_STYLE_COLOUR('',#12046);
#13685 = STYLED_ITEM('color',(#13686),#2906);
#13686 = PRESENTATION_STYLE_ASSIGNMENT((#13687));
#13687 = SURFACE_STYLE_USAGE(.BOTH.,#13688);
#13688 = SURFACE_SIDE_STYLE('',(#13689));
#13689 = SURFACE_STYLE_FILL_AREA(#13690);
#13690 = FILL_AREA_STYLE('',(#13691));
#13691 = FILL_AREA_STYLE_COLOUR('',#12046);
#13692 = STYLED_ITEM('color',(#13693),#2918);
#13693 = PRESENTATION_STYLE_ASSIGNMENT((#13694));
#13694 = SURFACE_STYLE_USAGE(.BOTH.,#13695);
#13695 = SURFACE_SIDE_STYLE('',(#13696));
#13696 = SURFACE_STYLE_FILL_AREA(#13697);
#13697 = FILL_AREA_STYLE('',(#13698));
#13698 = FILL_AREA_STYLE_COLOUR('',#12159);
#13699 = STYLED_ITEM('color',(#13700),#2949);
#13700 = PRESENTATION_STYLE_ASSIGNMENT((#13701));
#13701 = SURFACE_STYLE_USAGE(.BOTH.,#13702);
#13702 = SURFACE_SIDE_STYLE('',(#13703));
#13703 = SURFACE_STYLE_FILL_AREA(#13704);
#13704 = FILL_AREA_STYLE('',(#13705));
#13705 = FILL_AREA_STYLE_COLOUR('',#12159);
#13706 = STYLED_ITEM('color',(#13707),#2973);
#13707 = PRESENTATION_STYLE_ASSIGNMENT((#13708));
#13708 = SURFACE_STYLE_USAGE(.BOTH.,#13709);
#13709 = SURFACE_SIDE_STYLE('',(#13710));
#13710 = SURFACE_STYLE_FILL_AREA(#13711);
#13711 = FILL_AREA_STYLE('',(#13712));
#13712 = FILL_AREA_STYLE_COLOUR('',#12159);
#13713 = STYLED_ITEM('color',(#13714),#2997);
#13714 = PRESENTATION_STYLE_ASSIGNMENT((#13715));
#13715 = SURFACE_STYLE_USAGE(.BOTH.,#13716);
#13716 = SURFACE_SIDE_STYLE('',(#13717));
#13717 = SURFACE_STYLE_FILL_AREA(#13718);
#13718 = FILL_AREA_STYLE('',(#13719));
#13719 = FILL_AREA_STYLE_COLOUR('',#12159);
#13720 = STYLED_ITEM('color',(#13721),#3014);
#13721 = PRESENTATION_STYLE_ASSIGNMENT((#13722));
#13722 = SURFACE_STYLE_USAGE(.BOTH.,#13723);
#13723 = SURFACE_SIDE_STYLE('',(#13724));
#13724 = SURFACE_STYLE_FILL_AREA(#13725);
#13725 = FILL_AREA_STYLE('',(#13726));
#13726 = FILL_AREA_STYLE_COLOUR('',#12159);
#13727 = STYLED_ITEM('color',(#13728),#3045);
#13728 = PRESENTATION_STYLE_ASSIGNMENT((#13729));
#13729 = SURFACE_STYLE_USAGE(.BOTH.,#13730);
#13730 = SURFACE_SIDE_STYLE('',(#13731));
#13731 = SURFACE_STYLE_FILL_AREA(#13732);
#13732 = FILL_AREA_STYLE('',(#13733));
#13733 = FILL_AREA_STYLE_COLOUR('',#12159);
#13734 = STYLED_ITEM('color',(#13735),#3069);
#13735 = PRESENTATION_STYLE_ASSIGNMENT((#13736));
#13736 = SURFACE_STYLE_USAGE(.BOTH.,#13737);
#13737 = SURFACE_SIDE_STYLE('',(#13738));
#13738 = SURFACE_STYLE_FILL_AREA(#13739);
#13739 = FILL_AREA_STYLE('',(#13740));
#13740 = FILL_AREA_STYLE_COLOUR('',#12159);
#13741 = STYLED_ITEM('color',(#13742),#3093);
#13742 = PRESENTATION_STYLE_ASSIGNMENT((#13743));
#13743 = SURFACE_STYLE_USAGE(.BOTH.,#13744);
#13744 = SURFACE_SIDE_STYLE('',(#13745));
#13745 = SURFACE_STYLE_FILL_AREA(#13746);
#13746 = FILL_AREA_STYLE('',(#13747));
#13747 = FILL_AREA_STYLE_COLOUR('',#12159);
#13748 = STYLED_ITEM('color',(#13749),#3110);
#13749 = PRESENTATION_STYLE_ASSIGNMENT((#13750));
#13750 = SURFACE_STYLE_USAGE(.BOTH.,#13751);
#13751 = SURFACE_SIDE_STYLE('',(#13752));
#13752 = SURFACE_STYLE_FILL_AREA(#13753);
#13753 = FILL_AREA_STYLE('',(#13754));
#13754 = FILL_AREA_STYLE_COLOUR('',#12159);
#13755 = STYLED_ITEM('color',(#13756),#3141);
#13756 = PRESENTATION_STYLE_ASSIGNMENT((#13757));
#13757 = SURFACE_STYLE_USAGE(.BOTH.,#13758);
#13758 = SURFACE_SIDE_STYLE('',(#13759));
#13759 = SURFACE_STYLE_FILL_AREA(#13760);
#13760 = FILL_AREA_STYLE('',(#13761));
#13761 = FILL_AREA_STYLE_COLOUR('',#12159);
#13762 = STYLED_ITEM('color',(#13763),#3165);
#13763 = PRESENTATION_STYLE_ASSIGNMENT((#13764));
#13764 = SURFACE_STYLE_USAGE(.BOTH.,#13765);
#13765 = SURFACE_SIDE_STYLE('',(#13766));
#13766 = SURFACE_STYLE_FILL_AREA(#13767);
#13767 = FILL_AREA_STYLE('',(#13768));
#13768 = FILL_AREA_STYLE_COLOUR('',#12159);
#13769 = STYLED_ITEM('color',(#13770),#3189);
#13770 = PRESENTATION_STYLE_ASSIGNMENT((#13771));
#13771 = SURFACE_STYLE_USAGE(.BOTH.,#13772);
#13772 = SURFACE_SIDE_STYLE('',(#13773));
#13773 = SURFACE_STYLE_FILL_AREA(#13774);
#13774 = FILL_AREA_STYLE('',(#13775));
#13775 = FILL_AREA_STYLE_COLOUR('',#12159);
#13776 = STYLED_ITEM('color',(#13777),#3206);
#13777 = PRESENTATION_STYLE_ASSIGNMENT((#13778));
#13778 = SURFACE_STYLE_USAGE(.BOTH.,#13779);
#13779 = SURFACE_SIDE_STYLE('',(#13780));
#13780 = SURFACE_STYLE_FILL_AREA(#13781);
#13781 = FILL_AREA_STYLE('',(#13782));
#13782 = FILL_AREA_STYLE_COLOUR('',#12159);
#13783 = STYLED_ITEM('color',(#13784),#3237);
#13784 = PRESENTATION_STYLE_ASSIGNMENT((#13785));
#13785 = SURFACE_STYLE_USAGE(.BOTH.,#13786);
#13786 = SURFACE_SIDE_STYLE('',(#13787));
#13787 = SURFACE_STYLE_FILL_AREA(#13788);
#13788 = FILL_AREA_STYLE('',(#13789));
#13789 = FILL_AREA_STYLE_COLOUR('',#12159);
#13790 = STYLED_ITEM('color',(#13791),#3261);
#13791 = PRESENTATION_STYLE_ASSIGNMENT((#13792));
#13792 = SURFACE_STYLE_USAGE(.BOTH.,#13793);
#13793 = SURFACE_SIDE_STYLE('',(#13794));
#13794 = SURFACE_STYLE_FILL_AREA(#13795);
#13795 = FILL_AREA_STYLE('',(#13796));
#13796 = FILL_AREA_STYLE_COLOUR('',#12159);
#13797 = STYLED_ITEM('color',(#13798),#3285);
#13798 = PRESENTATION_STYLE_ASSIGNMENT((#13799));
#13799 = SURFACE_STYLE_USAGE(.BOTH.,#13800);
#13800 = SURFACE_SIDE_STYLE('',(#13801));
#13801 = SURFACE_STYLE_FILL_AREA(#13802);
#13802 = FILL_AREA_STYLE('',(#13803));
#13803 = FILL_AREA_STYLE_COLOUR('',#12159);
#13804 = STYLED_ITEM('color',(#13805),#3302);
#13805 = PRESENTATION_STYLE_ASSIGNMENT((#13806));
#13806 = SURFACE_STYLE_USAGE(.BOTH.,#13807);
#13807 = SURFACE_SIDE_STYLE('',(#13808));
#13808 = SURFACE_STYLE_FILL_AREA(#13809);
#13809 = FILL_AREA_STYLE('',(#13810));
#13810 = FILL_AREA_STYLE_COLOUR('',#12159);
#13811 = STYLED_ITEM('color',(#13812),#3333);
#13812 = PRESENTATION_STYLE_ASSIGNMENT((#13813));
#13813 = SURFACE_STYLE_USAGE(.BOTH.,#13814);
#13814 = SURFACE_SIDE_STYLE('',(#13815));
#13815 = SURFACE_STYLE_FILL_AREA(#13816);
#13816 = FILL_AREA_STYLE('',(#13817));
#13817 = FILL_AREA_STYLE_COLOUR('',#12159);
#13818 = STYLED_ITEM('color',(#13819),#3357);
#13819 = PRESENTATION_STYLE_ASSIGNMENT((#13820));
#13820 = SURFACE_STYLE_USAGE(.BOTH.,#13821);
#13821 = SURFACE_SIDE_STYLE('',(#13822));
#13822 = SURFACE_STYLE_FILL_AREA(#13823);
#13823 = FILL_AREA_STYLE('',(#13824));
#13824 = FILL_AREA_STYLE_COLOUR('',#12159);
#13825 = STYLED_ITEM('color',(#13826),#3381);
#13826 = PRESENTATION_STYLE_ASSIGNMENT((#13827));
#13827 = SURFACE_STYLE_USAGE(.BOTH.,#13828);
#13828 = SURFACE_SIDE_STYLE('',(#13829));
#13829 = SURFACE_STYLE_FILL_AREA(#13830);
#13830 = FILL_AREA_STYLE('',(#13831));
#13831 = FILL_AREA_STYLE_COLOUR('',#12159);
#13832 = STYLED_ITEM('color',(#13833),#3398);
#13833 = PRESENTATION_STYLE_ASSIGNMENT((#13834));
#13834 = SURFACE_STYLE_USAGE(.BOTH.,#13835);
#13835 = SURFACE_SIDE_STYLE('',(#13836));
#13836 = SURFACE_STYLE_FILL_AREA(#13837);
#13837 = FILL_AREA_STYLE('',(#13838));
#13838 = FILL_AREA_STYLE_COLOUR('',#12159);
#13839 = STYLED_ITEM('color',(#13840),#3429);
#13840 = PRESENTATION_STYLE_ASSIGNMENT((#13841));
#13841 = SURFACE_STYLE_USAGE(.BOTH.,#13842);
#13842 = SURFACE_SIDE_STYLE('',(#13843));
#13843 = SURFACE_STYLE_FILL_AREA(#13844);
#13844 = FILL_AREA_STYLE('',(#13845));
#13845 = FILL_AREA_STYLE_COLOUR('',#12159);
#13846 = STYLED_ITEM('color',(#13847),#3453);
#13847 = PRESENTATION_STYLE_ASSIGNMENT((#13848));
#13848 = SURFACE_STYLE_USAGE(.BOTH.,#13849);
#13849 = SURFACE_SIDE_STYLE('',(#13850));
#13850 = SURFACE_STYLE_FILL_AREA(#13851);
#13851 = FILL_AREA_STYLE('',(#13852));
#13852 = FILL_AREA_STYLE_COLOUR('',#12159);
#13853 = STYLED_ITEM('color',(#13854),#3477);
#13854 = PRESENTATION_STYLE_ASSIGNMENT((#13855));
#13855 = SURFACE_STYLE_USAGE(.BOTH.,#13856);
#13856 = SURFACE_SIDE_STYLE('',(#13857));
#13857 = SURFACE_STYLE_FILL_AREA(#13858);
#13858 = FILL_AREA_STYLE('',(#13859));
#13859 = FILL_AREA_STYLE_COLOUR('',#12159);
#13860 = STYLED_ITEM('color',(#13861),#3494);
#13861 = PRESENTATION_STYLE_ASSIGNMENT((#13862));
#13862 = SURFACE_STYLE_USAGE(.BOTH.,#13863);
#13863 = SURFACE_SIDE_STYLE('',(#13864));
#13864 = SURFACE_STYLE_FILL_AREA(#13865);
#13865 = FILL_AREA_STYLE('',(#13866));
#13866 = FILL_AREA_STYLE_COLOUR('',#12159);
#13867 = STYLED_ITEM('color',(#13868),#3525);
#13868 = PRESENTATION_STYLE_ASSIGNMENT((#13869));
#13869 = SURFACE_STYLE_USAGE(.BOTH.,#13870);
#13870 = SURFACE_SIDE_STYLE('',(#13871));
#13871 = SURFACE_STYLE_FILL_AREA(#13872);
#13872 = FILL_AREA_STYLE('',(#13873));
#13873 = FILL_AREA_STYLE_COLOUR('',#12159);
#13874 = STYLED_ITEM('color',(#13875),#3549);
#13875 = PRESENTATION_STYLE_ASSIGNMENT((#13876));
#13876 = SURFACE_STYLE_USAGE(.BOTH.,#13877);
#13877 = SURFACE_SIDE_STYLE('',(#13878));
#13878 = SURFACE_STYLE_FILL_AREA(#13879);
#13879 = FILL_AREA_STYLE('',(#13880));
#13880 = FILL_AREA_STYLE_COLOUR('',#12159);
#13881 = STYLED_ITEM('color',(#13882),#3573);
#13882 = PRESENTATION_STYLE_ASSIGNMENT((#13883));
#13883 = SURFACE_STYLE_USAGE(.BOTH.,#13884);
#13884 = SURFACE_SIDE_STYLE('',(#13885));
#13885 = SURFACE_STYLE_FILL_AREA(#13886);
#13886 = FILL_AREA_STYLE('',(#13887));
#13887 = FILL_AREA_STYLE_COLOUR('',#12159);
#13888 = STYLED_ITEM('color',(#13889),#3590);
#13889 = PRESENTATION_STYLE_ASSIGNMENT((#13890));
#13890 = SURFACE_STYLE_USAGE(.BOTH.,#13891);
#13891 = SURFACE_SIDE_STYLE('',(#13892));
#13892 = SURFACE_STYLE_FILL_AREA(#13893);
#13893 = FILL_AREA_STYLE('',(#13894));
#13894 = FILL_AREA_STYLE_COLOUR('',#12159);
#13895 = STYLED_ITEM('color',(#13896),#3621);
#13896 = PRESENTATION_STYLE_ASSIGNMENT((#13897));
#13897 = SURFACE_STYLE_USAGE(.BOTH.,#13898);
#13898 = SURFACE_SIDE_STYLE('',(#13899));
#13899 = SURFACE_STYLE_FILL_AREA(#13900);
#13900 = FILL_AREA_STYLE('',(#13901));
#13901 = FILL_AREA_STYLE_COLOUR('',#12159);
#13902 = STYLED_ITEM('color',(#13903),#3645);
#13903 = PRESENTATION_STYLE_ASSIGNMENT((#13904));
#13904 = SURFACE_STYLE_USAGE(.BOTH.,#13905);
#13905 = SURFACE_SIDE_STYLE('',(#13906));
#13906 = SURFACE_STYLE_FILL_AREA(#13907);
#13907 = FILL_AREA_STYLE('',(#13908));
#13908 = FILL_AREA_STYLE_COLOUR('',#12159);
#13909 = STYLED_ITEM('color',(#13910),#3669);
#13910 = PRESENTATION_STYLE_ASSIGNMENT((#13911));
#13911 = SURFACE_STYLE_USAGE(.BOTH.,#13912);
#13912 = SURFACE_SIDE_STYLE('',(#13913));
#13913 = SURFACE_STYLE_FILL_AREA(#13914);
#13914 = FILL_AREA_STYLE('',(#13915));
#13915 = FILL_AREA_STYLE_COLOUR('',#12159);
#13916 = STYLED_ITEM('color',(#13917),#3686);
#13917 = PRESENTATION_STYLE_ASSIGNMENT((#13918));
#13918 = SURFACE_STYLE_USAGE(.BOTH.,#13919);
#13919 = SURFACE_SIDE_STYLE('',(#13920));
#13920 = SURFACE_STYLE_FILL_AREA(#13921);
#13921 = FILL_AREA_STYLE('',(#13922));
#13922 = FILL_AREA_STYLE_COLOUR('',#12159);
#13923 = STYLED_ITEM('color',(#13924),#3717);
#13924 = PRESENTATION_STYLE_ASSIGNMENT((#13925));
#13925 = SURFACE_STYLE_USAGE(.BOTH.,#13926);
#13926 = SURFACE_SIDE_STYLE('',(#13927));
#13927 = SURFACE_STYLE_FILL_AREA(#13928);
#13928 = FILL_AREA_STYLE('',(#13929));
#13929 = FILL_AREA_STYLE_COLOUR('',#12159);
#13930 = STYLED_ITEM('color',(#13931),#3741);
#13931 = PRESENTATION_STYLE_ASSIGNMENT((#13932));
#13932 = SURFACE_STYLE_USAGE(.BOTH.,#13933);
#13933 = SURFACE_SIDE_STYLE('',(#13934));
#13934 = SURFACE_STYLE_FILL_AREA(#13935);
#13935 = FILL_AREA_STYLE('',(#13936));
#13936 = FILL_AREA_STYLE_COLOUR('',#12159);
#13937 = STYLED_ITEM('color',(#13938),#3765);
#13938 = PRESENTATION_STYLE_ASSIGNMENT((#13939));
#13939 = SURFACE_STYLE_USAGE(.BOTH.,#13940);
#13940 = SURFACE_SIDE_STYLE('',(#13941));
#13941 = SURFACE_STYLE_FILL_AREA(#13942);
#13942 = FILL_AREA_STYLE('',(#13943));
#13943 = FILL_AREA_STYLE_COLOUR('',#12159);
#13944 = STYLED_ITEM('color',(#13945),#3782);
#13945 = PRESENTATION_STYLE_ASSIGNMENT((#13946));
#13946 = SURFACE_STYLE_USAGE(.BOTH.,#13947);
#13947 = SURFACE_SIDE_STYLE('',(#13948));
#13948 = SURFACE_STYLE_FILL_AREA(#13949);
#13949 = FILL_AREA_STYLE('',(#13950));
#13950 = FILL_AREA_STYLE_COLOUR('',#12159);
#13951 = STYLED_ITEM('color',(#13952),#3813);
#13952 = PRESENTATION_STYLE_ASSIGNMENT((#13953));
#13953 = SURFACE_STYLE_USAGE(.BOTH.,#13954);
#13954 = SURFACE_SIDE_STYLE('',(#13955));
#13955 = SURFACE_STYLE_FILL_AREA(#13956);
#13956 = FILL_AREA_STYLE('',(#13957));
#13957 = FILL_AREA_STYLE_COLOUR('',#12159);
#13958 = STYLED_ITEM('color',(#13959),#3837);
#13959 = PRESENTATION_STYLE_ASSIGNMENT((#13960));
#13960 = SURFACE_STYLE_USAGE(.BOTH.,#13961);
#13961 = SURFACE_SIDE_STYLE('',(#13962));
#13962 = SURFACE_STYLE_FILL_AREA(#13963);
#13963 = FILL_AREA_STYLE('',(#13964));
#13964 = FILL_AREA_STYLE_COLOUR('',#12159);
#13965 = STYLED_ITEM('color',(#13966),#3861);
#13966 = PRESENTATION_STYLE_ASSIGNMENT((#13967));
#13967 = SURFACE_STYLE_USAGE(.BOTH.,#13968);
#13968 = SURFACE_SIDE_STYLE('',(#13969));
#13969 = SURFACE_STYLE_FILL_AREA(#13970);
#13970 = FILL_AREA_STYLE('',(#13971));
#13971 = FILL_AREA_STYLE_COLOUR('',#12159);
#13972 = STYLED_ITEM('color',(#13973),#3878);
#13973 = PRESENTATION_STYLE_ASSIGNMENT((#13974));
#13974 = SURFACE_STYLE_USAGE(.BOTH.,#13975);
#13975 = SURFACE_SIDE_STYLE('',(#13976));
#13976 = SURFACE_STYLE_FILL_AREA(#13977);
#13977 = FILL_AREA_STYLE('',(#13978));
#13978 = FILL_AREA_STYLE_COLOUR('',#12159);
#13979 = STYLED_ITEM('color',(#13980),#3909);
#13980 = PRESENTATION_STYLE_ASSIGNMENT((#13981));
#13981 = SURFACE_STYLE_USAGE(.BOTH.,#13982);
#13982 = SURFACE_SIDE_STYLE('',(#13983));
#13983 = SURFACE_STYLE_FILL_AREA(#13984);
#13984 = FILL_AREA_STYLE('',(#13985));
#13985 = FILL_AREA_STYLE_COLOUR('',#12159);
#13986 = STYLED_ITEM('color',(#13987),#3933);
#13987 = PRESENTATION_STYLE_ASSIGNMENT((#13988));
#13988 = SURFACE_STYLE_USAGE(.BOTH.,#13989);
#13989 = SURFACE_SIDE_STYLE('',(#13990));
#13990 = SURFACE_STYLE_FILL_AREA(#13991);
#13991 = FILL_AREA_STYLE('',(#13992));
#13992 = FILL_AREA_STYLE_COLOUR('',#12159);
#13993 = STYLED_ITEM('color',(#13994),#3957);
#13994 = PRESENTATION_STYLE_ASSIGNMENT((#13995));
#13995 = SURFACE_STYLE_USAGE(.BOTH.,#13996);
#13996 = SURFACE_SIDE_STYLE('',(#13997));
#13997 = SURFACE_STYLE_FILL_AREA(#13998);
#13998 = FILL_AREA_STYLE('',(#13999));
#13999 = FILL_AREA_STYLE_COLOUR('',#12159);
#14000 = STYLED_ITEM('color',(#14001),#3974);
#14001 = PRESENTATION_STYLE_ASSIGNMENT((#14002));
#14002 = SURFACE_STYLE_USAGE(.BOTH.,#14003);
#14003 = SURFACE_SIDE_STYLE('',(#14004));
#14004 = SURFACE_STYLE_FILL_AREA(#14005);
#14005 = FILL_AREA_STYLE('',(#14006));
#14006 = FILL_AREA_STYLE_COLOUR('',#12159);
#14007 = STYLED_ITEM('color',(#14008),#4005);
#14008 = PRESENTATION_STYLE_ASSIGNMENT((#14009));
#14009 = SURFACE_STYLE_USAGE(.BOTH.,#14010);
#14010 = SURFACE_SIDE_STYLE('',(#14011));
#14011 = SURFACE_STYLE_FILL_AREA(#14012);
#14012 = FILL_AREA_STYLE('',(#14013));
#14013 = FILL_AREA_STYLE_COLOUR('',#12159);
#14014 = STYLED_ITEM('color',(#14015),#4029);
#14015 = PRESENTATION_STYLE_ASSIGNMENT((#14016));
#14016 = SURFACE_STYLE_USAGE(.BOTH.,#14017);
#14017 = SURFACE_SIDE_STYLE('',(#14018));
#14018 = SURFACE_STYLE_FILL_AREA(#14019);
#14019 = FILL_AREA_STYLE('',(#14020));
#14020 = FILL_AREA_STYLE_COLOUR('',#12159);
#14021 = STYLED_ITEM('color',(#14022),#4053);
#14022 = PRESENTATION_STYLE_ASSIGNMENT((#14023));
#14023 = SURFACE_STYLE_USAGE(.BOTH.,#14024);
#14024 = SURFACE_SIDE_STYLE('',(#14025));
#14025 = SURFACE_STYLE_FILL_AREA(#14026);
#14026 = FILL_AREA_STYLE('',(#14027));
#14027 = FILL_AREA_STYLE_COLOUR('',#12159);
#14028 = STYLED_ITEM('color',(#14029),#4070);
#14029 = PRESENTATION_STYLE_ASSIGNMENT((#14030));
#14030 = SURFACE_STYLE_USAGE(.BOTH.,#14031);
#14031 = SURFACE_SIDE_STYLE('',(#14032));
#14032 = SURFACE_STYLE_FILL_AREA(#14033);
#14033 = FILL_AREA_STYLE('',(#14034));
#14034 = FILL_AREA_STYLE_COLOUR('',#12159);
#14035 = STYLED_ITEM('color',(#14036),#4101);
#14036 = PRESENTATION_STYLE_ASSIGNMENT((#14037));
#14037 = SURFACE_STYLE_USAGE(.BOTH.,#14038);
#14038 = SURFACE_SIDE_STYLE('',(#14039));
#14039 = SURFACE_STYLE_FILL_AREA(#14040);
#14040 = FILL_AREA_STYLE('',(#14041));
#14041 = FILL_AREA_STYLE_COLOUR('',#12159);
#14042 = STYLED_ITEM('color',(#14043),#4125);
#14043 = PRESENTATION_STYLE_ASSIGNMENT((#14044));
#14044 = SURFACE_STYLE_USAGE(.BOTH.,#14045);
#14045 = SURFACE_SIDE_STYLE('',(#14046));
#14046 = SURFACE_STYLE_FILL_AREA(#14047);
#14047 = FILL_AREA_STYLE('',(#14048));
#14048 = FILL_AREA_STYLE_COLOUR('',#12159);
#14049 = STYLED_ITEM('color',(#14050),#4149);
#14050 = PRESENTATION_STYLE_ASSIGNMENT((#14051));
#14051 = SURFACE_STYLE_USAGE(.BOTH.,#14052);
#14052 = SURFACE_SIDE_STYLE('',(#14053));
#14053 = SURFACE_STYLE_FILL_AREA(#14054);
#14054 = FILL_AREA_STYLE('',(#14055));
#14055 = FILL_AREA_STYLE_COLOUR('',#12159);
#14056 = STYLED_ITEM('color',(#14057),#4166);
#14057 = PRESENTATION_STYLE_ASSIGNMENT((#14058));
#14058 = SURFACE_STYLE_USAGE(.BOTH.,#14059);
#14059 = SURFACE_SIDE_STYLE('',(#14060));
#14060 = SURFACE_STYLE_FILL_AREA(#14061);
#14061 = FILL_AREA_STYLE('',(#14062));
#14062 = FILL_AREA_STYLE_COLOUR('',#12159);
#14063 = STYLED_ITEM('color',(#14064),#4197);
#14064 = PRESENTATION_STYLE_ASSIGNMENT((#14065));
#14065 = SURFACE_STYLE_USAGE(.BOTH.,#14066);
#14066 = SURFACE_SIDE_STYLE('',(#14067));
#14067 = SURFACE_STYLE_FILL_AREA(#14068);
#14068 = FILL_AREA_STYLE('',(#14069));
#14069 = FILL_AREA_STYLE_COLOUR('',#12159);
#14070 = STYLED_ITEM('color',(#14071),#4221);
#14071 = PRESENTATION_STYLE_ASSIGNMENT((#14072));
#14072 = SURFACE_STYLE_USAGE(.BOTH.,#14073);
#14073 = SURFACE_SIDE_STYLE('',(#14074));
#14074 = SURFACE_STYLE_FILL_AREA(#14075);
#14075 = FILL_AREA_STYLE('',(#14076));
#14076 = FILL_AREA_STYLE_COLOUR('',#12159);
#14077 = STYLED_ITEM('color',(#14078),#4245);
#14078 = PRESENTATION_STYLE_ASSIGNMENT((#14079));
#14079 = SURFACE_STYLE_USAGE(.BOTH.,#14080);
#14080 = SURFACE_SIDE_STYLE('',(#14081));
#14081 = SURFACE_STYLE_FILL_AREA(#14082);
#14082 = FILL_AREA_STYLE('',(#14083));
#14083 = FILL_AREA_STYLE_COLOUR('',#12159);
#14084 = STYLED_ITEM('color',(#14085),#4262);
#14085 = PRESENTATION_STYLE_ASSIGNMENT((#14086));
#14086 = SURFACE_STYLE_USAGE(.BOTH.,#14087);
#14087 = SURFACE_SIDE_STYLE('',(#14088));
#14088 = SURFACE_STYLE_FILL_AREA(#14089);
#14089 = FILL_AREA_STYLE('',(#14090));
#14090 = FILL_AREA_STYLE_COLOUR('',#12159);
#14091 = STYLED_ITEM('color',(#14092),#4293);
#14092 = PRESENTATION_STYLE_ASSIGNMENT((#14093));
#14093 = SURFACE_STYLE_USAGE(.BOTH.,#14094);
#14094 = SURFACE_SIDE_STYLE('',(#14095));
#14095 = SURFACE_STYLE_FILL_AREA(#14096);
#14096 = FILL_AREA_STYLE('',(#14097));
#14097 = FILL_AREA_STYLE_COLOUR('',#12159);
#14098 = STYLED_ITEM('color',(#14099),#4317);
#14099 = PRESENTATION_STYLE_ASSIGNMENT((#14100));
#14100 = SURFACE_STYLE_USAGE(.BOTH.,#14101);
#14101 = SURFACE_SIDE_STYLE('',(#14102));
#14102 = SURFACE_STYLE_FILL_AREA(#14103);
#14103 = FILL_AREA_STYLE('',(#14104));
#14104 = FILL_AREA_STYLE_COLOUR('',#12159);
#14105 = STYLED_ITEM('color',(#14106),#4341);
#14106 = PRESENTATION_STYLE_ASSIGNMENT((#14107));
#14107 = SURFACE_STYLE_USAGE(.BOTH.,#14108);
#14108 = SURFACE_SIDE_STYLE('',(#14109));
#14109 = SURFACE_STYLE_FILL_AREA(#14110);
#14110 = FILL_AREA_STYLE('',(#14111));
#14111 = FILL_AREA_STYLE_COLOUR('',#12159);
#14112 = STYLED_ITEM('color',(#14113),#4358);
#14113 = PRESENTATION_STYLE_ASSIGNMENT((#14114));
#14114 = SURFACE_STYLE_USAGE(.BOTH.,#14115);
#14115 = SURFACE_SIDE_STYLE('',(#14116));
#14116 = SURFACE_STYLE_FILL_AREA(#14117);
#14117 = FILL_AREA_STYLE('',(#14118));
#14118 = FILL_AREA_STYLE_COLOUR('',#12159);
#14119 = STYLED_ITEM('color',(#14120),#4389);
#14120 = PRESENTATION_STYLE_ASSIGNMENT((#14121));
#14121 = SURFACE_STYLE_USAGE(.BOTH.,#14122);
#14122 = SURFACE_SIDE_STYLE('',(#14123));
#14123 = SURFACE_STYLE_FILL_AREA(#14124);
#14124 = FILL_AREA_STYLE('',(#14125));
#14125 = FILL_AREA_STYLE_COLOUR('',#12159);
#14126 = STYLED_ITEM('color',(#14127),#4413);
#14127 = PRESENTATION_STYLE_ASSIGNMENT((#14128));
#14128 = SURFACE_STYLE_USAGE(.BOTH.,#14129);
#14129 = SURFACE_SIDE_STYLE('',(#14130));
#14130 = SURFACE_STYLE_FILL_AREA(#14131);
#14131 = FILL_AREA_STYLE('',(#14132));
#14132 = FILL_AREA_STYLE_COLOUR('',#12159);
#14133 = STYLED_ITEM('color',(#14134),#4437);
#14134 = PRESENTATION_STYLE_ASSIGNMENT((#14135));
#14135 = SURFACE_STYLE_USAGE(.BOTH.,#14136);
#14136 = SURFACE_SIDE_STYLE('',(#14137));
#14137 = SURFACE_STYLE_FILL_AREA(#14138);
#14138 = FILL_AREA_STYLE('',(#14139));
#14139 = FILL_AREA_STYLE_COLOUR('',#12159);
#14140 = STYLED_ITEM('color',(#14141),#4454);
#14141 = PRESENTATION_STYLE_ASSIGNMENT((#14142));
#14142 = SURFACE_STYLE_USAGE(.BOTH.,#14143);
#14143 = SURFACE_SIDE_STYLE('',(#14144));
#14144 = SURFACE_STYLE_FILL_AREA(#14145);
#14145 = FILL_AREA_STYLE('',(#14146));
#14146 = FILL_AREA_STYLE_COLOUR('',#12159);
#14147 = STYLED_ITEM('color',(#14148),#4485);
#14148 = PRESENTATION_STYLE_ASSIGNMENT((#14149));
#14149 = SURFACE_STYLE_USAGE(.BOTH.,#14150);
#14150 = SURFACE_SIDE_STYLE('',(#14151));
#14151 = SURFACE_STYLE_FILL_AREA(#14152);
#14152 = FILL_AREA_STYLE('',(#14153));
#14153 = FILL_AREA_STYLE_COLOUR('',#12159);
#14154 = STYLED_ITEM('color',(#14155),#4509);
#14155 = PRESENTATION_STYLE_ASSIGNMENT((#14156));
#14156 = SURFACE_STYLE_USAGE(.BOTH.,#14157);
#14157 = SURFACE_SIDE_STYLE('',(#14158));
#14158 = SURFACE_STYLE_FILL_AREA(#14159);
#14159 = FILL_AREA_STYLE('',(#14160));
#14160 = FILL_AREA_STYLE_COLOUR('',#12159);
#14161 = STYLED_ITEM('color',(#14162),#4533);
#14162 = PRESENTATION_STYLE_ASSIGNMENT((#14163));
#14163 = SURFACE_STYLE_USAGE(.BOTH.,#14164);
#14164 = SURFACE_SIDE_STYLE('',(#14165));
#14165 = SURFACE_STYLE_FILL_AREA(#14166);
#14166 = FILL_AREA_STYLE('',(#14167));
#14167 = FILL_AREA_STYLE_COLOUR('',#12159);
#14168 = STYLED_ITEM('color',(#14169),#4550);
#14169 = PRESENTATION_STYLE_ASSIGNMENT((#14170));
#14170 = SURFACE_STYLE_USAGE(.BOTH.,#14171);
#14171 = SURFACE_SIDE_STYLE('',(#14172));
#14172 = SURFACE_STYLE_FILL_AREA(#14173);
#14173 = FILL_AREA_STYLE('',(#14174));
#14174 = FILL_AREA_STYLE_COLOUR('',#12159);
#14175 = STYLED_ITEM('color',(#14176),#4581);
#14176 = PRESENTATION_STYLE_ASSIGNMENT((#14177));
#14177 = SURFACE_STYLE_USAGE(.BOTH.,#14178);
#14178 = SURFACE_SIDE_STYLE('',(#14179));
#14179 = SURFACE_STYLE_FILL_AREA(#14180);
#14180 = FILL_AREA_STYLE('',(#14181));
#14181 = FILL_AREA_STYLE_COLOUR('',#12159);
#14182 = STYLED_ITEM('color',(#14183),#4605);
#14183 = PRESENTATION_STYLE_ASSIGNMENT((#14184));
#14184 = SURFACE_STYLE_USAGE(.BOTH.,#14185);
#14185 = SURFACE_SIDE_STYLE('',(#14186));
#14186 = SURFACE_STYLE_FILL_AREA(#14187);
#14187 = FILL_AREA_STYLE('',(#14188));
#14188 = FILL_AREA_STYLE_COLOUR('',#12159);
#14189 = STYLED_ITEM('color',(#14190),#4629);
#14190 = PRESENTATION_STYLE_ASSIGNMENT((#14191));
#14191 = SURFACE_STYLE_USAGE(.BOTH.,#14192);
#14192 = SURFACE_SIDE_STYLE('',(#14193));
#14193 = SURFACE_STYLE_FILL_AREA(#14194);
#14194 = FILL_AREA_STYLE('',(#14195));
#14195 = FILL_AREA_STYLE_COLOUR('',#12159);
#14196 = STYLED_ITEM('color',(#14197),#4646);
#14197 = PRESENTATION_STYLE_ASSIGNMENT((#14198));
#14198 = SURFACE_STYLE_USAGE(.BOTH.,#14199);
#14199 = SURFACE_SIDE_STYLE('',(#14200));
#14200 = SURFACE_STYLE_FILL_AREA(#14201);
#14201 = FILL_AREA_STYLE('',(#14202));
#14202 = FILL_AREA_STYLE_COLOUR('',#12159);
#14203 = STYLED_ITEM('color',(#14204),#4677);
#14204 = PRESENTATION_STYLE_ASSIGNMENT((#14205));
#14205 = SURFACE_STYLE_USAGE(.BOTH.,#14206);
#14206 = SURFACE_SIDE_STYLE('',(#14207));
#14207 = SURFACE_STYLE_FILL_AREA(#14208);
#14208 = FILL_AREA_STYLE('',(#14209));
#14209 = FILL_AREA_STYLE_COLOUR('',#12159);
#14210 = STYLED_ITEM('color',(#14211),#4701);
#14211 = PRESENTATION_STYLE_ASSIGNMENT((#14212));
#14212 = SURFACE_STYLE_USAGE(.BOTH.,#14213);
#14213 = SURFACE_SIDE_STYLE('',(#14214));
#14214 = SURFACE_STYLE_FILL_AREA(#14215);
#14215 = FILL_AREA_STYLE('',(#14216));
#14216 = FILL_AREA_STYLE_COLOUR('',#12159);
#14217 = STYLED_ITEM('color',(#14218),#4725);
#14218 = PRESENTATION_STYLE_ASSIGNMENT((#14219));
#14219 = SURFACE_STYLE_USAGE(.BOTH.,#14220);
#14220 = SURFACE_SIDE_STYLE('',(#14221));
#14221 = SURFACE_STYLE_FILL_AREA(#14222);
#14222 = FILL_AREA_STYLE('',(#14223));
#14223 = FILL_AREA_STYLE_COLOUR('',#12159);
#14224 = STYLED_ITEM('color',(#14225),#4742);
#14225 = PRESENTATION_STYLE_ASSIGNMENT((#14226));
#14226 = SURFACE_STYLE_USAGE(.BOTH.,#14227);
#14227 = SURFACE_SIDE_STYLE('',(#14228));
#14228 = SURFACE_STYLE_FILL_AREA(#14229);
#14229 = FILL_AREA_STYLE('',(#14230));
#14230 = FILL_AREA_STYLE_COLOUR('',#12159);
#14231 = STYLED_ITEM('color',(#14232),#4773);
#14232 = PRESENTATION_STYLE_ASSIGNMENT((#14233));
#14233 = SURFACE_STYLE_USAGE(.BOTH.,#14234);
#14234 = SURFACE_SIDE_STYLE('',(#14235));
#14235 = SURFACE_STYLE_FILL_AREA(#14236);
#14236 = FILL_AREA_STYLE('',(#14237));
#14237 = FILL_AREA_STYLE_COLOUR('',#12159);
#14238 = STYLED_ITEM('color',(#14239),#4797);
#14239 = PRESENTATION_STYLE_ASSIGNMENT((#14240));
#14240 = SURFACE_STYLE_USAGE(.BOTH.,#14241);
#14241 = SURFACE_SIDE_STYLE('',(#14242));
#14242 = SURFACE_STYLE_FILL_AREA(#14243);
#14243 = FILL_AREA_STYLE('',(#14244));
#14244 = FILL_AREA_STYLE_COLOUR('',#12159);
#14245 = STYLED_ITEM('color',(#14246),#4821);
#14246 = PRESENTATION_STYLE_ASSIGNMENT((#14247));
#14247 = SURFACE_STYLE_USAGE(.BOTH.,#14248);
#14248 = SURFACE_SIDE_STYLE('',(#14249));
#14249 = SURFACE_STYLE_FILL_AREA(#14250);
#14250 = FILL_AREA_STYLE('',(#14251));
#14251 = FILL_AREA_STYLE_COLOUR('',#12159);
#14252 = STYLED_ITEM('color',(#14253),#4838);
#14253 = PRESENTATION_STYLE_ASSIGNMENT((#14254));
#14254 = SURFACE_STYLE_USAGE(.BOTH.,#14255);
#14255 = SURFACE_SIDE_STYLE('',(#14256));
#14256 = SURFACE_STYLE_FILL_AREA(#14257);
#14257 = FILL_AREA_STYLE('',(#14258));
#14258 = FILL_AREA_STYLE_COLOUR('',#12159);
#14259 = STYLED_ITEM('color',(#14260),#4850);
#14260 = PRESENTATION_STYLE_ASSIGNMENT((#14261));
#14261 = SURFACE_STYLE_USAGE(.BOTH.,#14262);
#14262 = SURFACE_SIDE_STYLE('',(#14263));
#14263 = SURFACE_STYLE_FILL_AREA(#14264);
#14264 = FILL_AREA_STYLE('',(#14265));
#14265 = FILL_AREA_STYLE_COLOUR('',#12159);
#14266 = STYLED_ITEM('color',(#14267),#4862);
#14267 = PRESENTATION_STYLE_ASSIGNMENT((#14268));
#14268 = SURFACE_STYLE_USAGE(.BOTH.,#14269);
#14269 = SURFACE_SIDE_STYLE('',(#14270));
#14270 = SURFACE_STYLE_FILL_AREA(#14271);
#14271 = FILL_AREA_STYLE('',(#14272));
#14272 = FILL_AREA_STYLE_COLOUR('',#12159);
#14273 = STYLED_ITEM('color',(#14274),#4874);
#14274 = PRESENTATION_STYLE_ASSIGNMENT((#14275));
#14275 = SURFACE_STYLE_USAGE(.BOTH.,#14276);
#14276 = SURFACE_SIDE_STYLE('',(#14277));
#14277 = SURFACE_STYLE_FILL_AREA(#14278);
#14278 = FILL_AREA_STYLE('',(#14279));
#14279 = FILL_AREA_STYLE_COLOUR('',#12159);
#14280 = STYLED_ITEM('color',(#14281),#4886);
#14281 = PRESENTATION_STYLE_ASSIGNMENT((#14282));
#14282 = SURFACE_STYLE_USAGE(.BOTH.,#14283);
#14283 = SURFACE_SIDE_STYLE('',(#14284));
#14284 = SURFACE_STYLE_FILL_AREA(#14285);
#14285 = FILL_AREA_STYLE('',(#14286));
#14286 = FILL_AREA_STYLE_COLOUR('',#12159);
#14287 = STYLED_ITEM('color',(#14288),#4898);
#14288 = PRESENTATION_STYLE_ASSIGNMENT((#14289));
#14289 = SURFACE_STYLE_USAGE(.BOTH.,#14290);
#14290 = SURFACE_SIDE_STYLE('',(#14291));
#14291 = SURFACE_STYLE_FILL_AREA(#14292);
#14292 = FILL_AREA_STYLE('',(#14293));
#14293 = FILL_AREA_STYLE_COLOUR('',#12159);
#14294 = STYLED_ITEM('color',(#14295),#4910);
#14295 = PRESENTATION_STYLE_ASSIGNMENT((#14296));
#14296 = SURFACE_STYLE_USAGE(.BOTH.,#14297);
#14297 = SURFACE_SIDE_STYLE('',(#14298));
#14298 = SURFACE_STYLE_FILL_AREA(#14299);
#14299 = FILL_AREA_STYLE('',(#14300));
#14300 = FILL_AREA_STYLE_COLOUR('',#12159);
#14301 = STYLED_ITEM('color',(#14302),#4922);
#14302 = PRESENTATION_STYLE_ASSIGNMENT((#14303));
#14303 = SURFACE_STYLE_USAGE(.BOTH.,#14304);
#14304 = SURFACE_SIDE_STYLE('',(#14305));
#14305 = SURFACE_STYLE_FILL_AREA(#14306);
#14306 = FILL_AREA_STYLE('',(#14307));
#14307 = FILL_AREA_STYLE_COLOUR('',#12159);
#14308 = STYLED_ITEM('color',(#14309),#4934);
#14309 = PRESENTATION_STYLE_ASSIGNMENT((#14310));
#14310 = SURFACE_STYLE_USAGE(.BOTH.,#14311);
#14311 = SURFACE_SIDE_STYLE('',(#14312));
#14312 = SURFACE_STYLE_FILL_AREA(#14313);
#14313 = FILL_AREA_STYLE('',(#14314));
#14314 = FILL_AREA_STYLE_COLOUR('',#12159);
#14315 = STYLED_ITEM('color',(#14316),#4946);
#14316 = PRESENTATION_STYLE_ASSIGNMENT((#14317));
#14317 = SURFACE_STYLE_USAGE(.BOTH.,#14318);
#14318 = SURFACE_SIDE_STYLE('',(#14319));
#14319 = SURFACE_STYLE_FILL_AREA(#14320);
#14320 = FILL_AREA_STYLE('',(#14321));
#14321 = FILL_AREA_STYLE_COLOUR('',#12159);
ENDSEC;
END-ISO-10303-21;
