ISO-10303-21;
HEADER;
/* Generated by software containing ST-Developer
 * from STEP Tools, Inc. (www.steptools.com) 
 */
/* OPTION: using custom renumber hook */

FILE_DESCRIPTION(
/* description */ ('STEP AP242',
'CAx-IF Rec.Pracs.---Representation and Presentation of Product Manufa
cturing Information (PMI)---4.0---2014-10-13',
'CAx-IF Rec.Pracs.---3D Tessellated Geometry---0.4---2014-09-14','2;1'),

/* implementation_level */ '2;1');

FILE_NAME(
/* name */ '6869dfa8e1723828ff5577aa',
/* time_stamp */ '2025-07-06T02:30:01Z',
/* author */ (''),
/* organization */ (''),
/* preprocessor_version */ 'ST-DEVELOPER v20',
/* originating_system */ 'ONSHAPE BY PTC INC, 1.200',
/* authorisation */ '  ');

FILE_SCHEMA (('AP242_MANAGED_MODEL_BASED_3D_ENGINEERING_MIM_LF { 1 0 10303 442 1 1 4 }'));
ENDSEC;

DATA;
#10=SHAPE_REPRESENTATION_RELATIONSHIP('','',#939,#11);
#11=ADVANCED_BREP_SHAPE_REPRESENTATION('',(#937),#3863);
#12=(
BOUNDED_SURFACE()
B_SPLINE_SURFACE(3,3,((#3731,#3732,#3733,#3734),(#3735,#3736,#3737,#3738),
(#3739,#3740,#3741,#3742),(#3743,#3744,#3745,#3746)),
 .SURF_OF_REVOLUTION.,.F.,.F.,.F.)
B_SPLINE_SURFACE_WITH_KNOTS((4,4),(4,4),(0.,0.99997363041452),(0.,1.),
 .PIECEWISE_BEZIER_KNOTS.)
GEOMETRIC_REPRESENTATION_ITEM()
RATIONAL_B_SPLINE_SURFACE(((1.,0.800294630836752,0.800294630836752,1.),
(1.,0.800294630836752,0.800294630836752,1.),(1.,0.800294630836752,0.800294630836752,
1.),(1.,0.800294630836752,0.800294630836752,1.)))
REPRESENTATION_ITEM('')
SURFACE()
);
#13=(
BOUNDED_SURFACE()
B_SPLINE_SURFACE(3,3,((#3763,#3764,#3765,#3766),(#3767,#3768,#3769,#3770),
(#3771,#3772,#3773,#3774),(#3775,#3776,#3777,#3778)),
 .SURF_OF_REVOLUTION.,.F.,.F.,.F.)
B_SPLINE_SURFACE_WITH_KNOTS((4,4),(4,4),(0.,0.999973630414623),(0.,1.),
 .PIECEWISE_BEZIER_KNOTS.)
GEOMETRIC_REPRESENTATION_ITEM()
RATIONAL_B_SPLINE_SURFACE(((1.,0.800294630836711,0.800294630836711,1.),
(1.,0.800294630836711,0.800294630836711,1.),(1.,0.800294630836711,0.800294630836711,
1.),(1.,0.800294630836711,0.800294630836711,1.)))
REPRESENTATION_ITEM('')
SURFACE()
);
#14=CYLINDRICAL_SURFACE('',#945,0.0023);
#15=CYLINDRICAL_SURFACE('',#948,0.0023);
#16=CYLINDRICAL_SURFACE('',#957,0.00397257135176595);
#17=CYLINDRICAL_SURFACE('',#959,0.00397257135176595);
#18=CYLINDRICAL_SURFACE('',#972,0.0015);
#19=CYLINDRICAL_SURFACE('',#975,0.003);
#20=CYLINDRICAL_SURFACE('',#979,0.0015);
#21=CYLINDRICAL_SURFACE('',#982,0.003);
#22=CYLINDRICAL_SURFACE('',#986,0.0015);
#23=CYLINDRICAL_SURFACE('',#989,0.003);
#24=CYLINDRICAL_SURFACE('',#993,0.003);
#25=CYLINDRICAL_SURFACE('',#995,0.0015);
#26=CYLINDRICAL_SURFACE('',#1000,0.0039);
#27=CYLINDRICAL_SURFACE('',#1003,0.0039);
#28=CYLINDRICAL_SURFACE('',#1006,0.0055);
#29=CYLINDRICAL_SURFACE('',#1007,0.0055);
#30=B_SPLINE_CURVE_WITH_KNOTS('',3,(#1210,#1211,#1212,#1213),
 .UNSPECIFIED.,.F.,.F.,(4,4),(0.,1.),.UNSPECIFIED.);
#31=B_SPLINE_CURVE_WITH_KNOTS('',3,(#1216,#1217,#1218,#1219,#1220,#1221,
#1222,#1223,#1224,#1225,#1226,#1227,#1228,#1229),.UNSPECIFIED.,.F.,.F.,
(4,1,1,1,1,1,1,1,1,1,1,4),(7.37202639004629E-8,0.00117321544570204,0.00234635717114017,
0.00351949889657831,0.00469264062201644,0.00586578234745458,0.00703892407289271,
0.00938520752376898,0.0117314909746453,0.0140777744255215,0.0164240578763978,
0.0187703413272741),.UNSPECIFIED.);
#32=B_SPLINE_CURVE_WITH_KNOTS('',3,(#1231,#1232,#1233,#1234),
 .UNSPECIFIED.,.F.,.F.,(4,4),(1.39049366206614E-6,1.),.UNSPECIFIED.);
#33=B_SPLINE_CURVE_WITH_KNOTS('',3,(#1236,#1237,#1238,#1239),
 .UNSPECIFIED.,.F.,.F.,(4,4),(0.,1.),.UNSPECIFIED.);
#34=B_SPLINE_CURVE_WITH_KNOTS('',3,(#1241,#1242,#1243,#1244,#1245,#1246,
#1247,#1248,#1249,#1250,#1251,#1252,#1253,#1254,#1255,#1256,#1257,#1258,
#1259,#1260,#1261,#1262,#1263,#1264,#1265,#1266,#1267,#1268,#1269,#1270,
#1271,#1272,#1273,#1274,#1275,#1276,#1277,#1278,#1279),.UNSPECIFIED.,.F.,
 .F.,(4,1,1,1,1,1,1,1,1,1,1,1,1,1,1,1,1,1,1,1,1,1,1,1,1,1,1,1,1,1,1,1,1,
1,1,1,4),(0.,0.0625,0.09375,0.125,0.15625,0.1875,0.21875,0.234375,0.2421875,
0.25,0.2578125,0.265625,0.28125,0.3125,0.34375,0.359375,0.375,0.390625,
0.40625,0.4375,0.46875,0.484375,0.4921875,0.5,0.5078125,0.515625,0.53125,
0.5625,0.59375,0.625,0.6875,0.71875,0.75,0.78125,0.8125,0.875,1.),
 .UNSPECIFIED.);
#35=B_SPLINE_CURVE_WITH_KNOTS('',3,(#1281,#1282,#1283,#1284),
 .UNSPECIFIED.,.F.,.F.,(4,4),(0.0568181818181735,0.931818181818046),
 .UNSPECIFIED.);
#36=B_SPLINE_CURVE_WITH_KNOTS('',3,(#1293,#1294,#1295,#1296,#1297,#1298,
#1299,#1300,#1301,#1302,#1303,#1304),.UNSPECIFIED.,.F.,.F.,(4,1,1,1,1,1,
1,1,1,4),(0.,0.25,0.375,0.4375,0.5,0.5625,0.625,0.75,0.875,1.),
 .UNSPECIFIED.);
#37=B_SPLINE_CURVE_WITH_KNOTS('',3,(#1307,#1308,#1309,#1310,#1311,#1312,
#1313),.UNSPECIFIED.,.F.,.F.,(4,1,1,1,4),(0.,0.00280751107015645,0.0056150221403129,
0.00842253321046935,0.0112300442806258),.UNSPECIFIED.);
#38=B_SPLINE_CURVE_WITH_KNOTS('',3,(#1315,#1316,#1317,#1318),
 .UNSPECIFIED.,.F.,.F.,(4,4),(0.,1.),.UNSPECIFIED.);
#39=B_SPLINE_CURVE_WITH_KNOTS('',3,(#1320,#1321,#1322,#1323),
 .UNSPECIFIED.,.F.,.F.,(4,4),(0.,1.),.UNSPECIFIED.);
#40=B_SPLINE_CURVE_WITH_KNOTS('',3,(#1325,#1326,#1327,#1328),
 .UNSPECIFIED.,.F.,.F.,(4,4),(0.,1.),.UNSPECIFIED.);
#41=B_SPLINE_CURVE_WITH_KNOTS('',3,(#1330,#1331,#1332,#1333),
 .UNSPECIFIED.,.F.,.F.,(4,4),(0.0681818181818179,0.943181818181818),
 .UNSPECIFIED.);
#42=B_SPLINE_CURVE_WITH_KNOTS('',3,(#2118,#2119,#2120,#2121,#2122,#2123,
#2124,#2125,#2126,#2127,#2128,#2129,#2130,#2131,#2132,#2133,#2134,#2135,
#2136),.UNSPECIFIED.,.F.,.F.,(4,1,1,1,1,1,1,1,1,1,1,1,1,1,1,1,4),(0.,0.00225123768266115,
0.0045024753653223,0.00562809420665287,0.00675371304798345,0.00900495073064459,
0.0101305695719752,0.0112561884133057,0.011818997833971,0.0123818072546363,
0.0129446166753016,0.0135074260959669,0.0140702355166322,0.0146330449372975,
0.015758663778628,0.0168842826199586,0.0180099014612892),.UNSPECIFIED.);
#43=B_SPLINE_CURVE_WITH_KNOTS('',3,(#2137,#2138,#2139,#2140,#2141,#2142,
#2143,#2144,#2145,#2146,#2147,#2148,#2149,#2150,#2151,#2152,#2153,#2154,
#2155,#2156,#2157,#2158,#2159,#2160,#2161,#2162,#2163,#2164,#2165,#2166,
#2167,#2168,#2169,#2170,#2171,#2172,#2173,#2174,#2175,#2176,#2177),
 .UNSPECIFIED.,.F.,.F.,(4,1,1,1,1,1,1,1,1,1,1,1,1,1,1,1,1,1,1,1,1,1,1,1,
1,1,1,1,1,1,1,1,1,1,1,1,1,1,4),(0.,0.0625,0.09375,0.109375,0.1171875,0.125,
0.1328125,0.140625,0.15625,0.1875,0.21875,0.234375,0.25,0.265625,0.28125,
0.3125,0.34375,0.375,0.40625,0.4375,0.453125,0.46875,0.484375,0.4921875,
0.5,0.5078125,0.515625,0.53125,0.5625,0.625,0.6875,0.71875,0.734375,0.75,
0.765625,0.78125,0.8125,0.875,1.),.UNSPECIFIED.);
#44=B_SPLINE_CURVE_WITH_KNOTS('',3,(#2179,#2180,#2181,#2182,#2183,#2184,
#2185),.UNSPECIFIED.,.F.,.F.,(4,1,1,1,4),(0.00053733537905184,0.250403001534289,
0.500268667689526,0.750134333844763,1.),.UNSPECIFIED.);
#45=B_SPLINE_CURVE_WITH_KNOTS('',3,(#2234,#2235,#2236,#2237,#2238,#2239,
#2240),.UNSPECIFIED.,.F.,.F.,(4,1,1,1,4),(2.23198594569799E-7,0.00216269702969054,
0.00432517086078652,0.00648764469188249,0.00865011852297846),
 .UNSPECIFIED.);
#46=B_SPLINE_CURVE_WITH_KNOTS('',3,(#2241,#2242,#2243,#2244),
 .UNSPECIFIED.,.F.,.F.,(4,4),(0.,1.),.UNSPECIFIED.);
#47=B_SPLINE_CURVE_WITH_KNOTS('',3,(#2246,#2247,#2248,#2249,#2250,#2251,
#2252,#2253,#2254),.UNSPECIFIED.,.F.,.F.,(4,1,1,1,1,1,4),(0.,0.25,0.375,
0.5,0.625,0.75,1.),.UNSPECIFIED.);
#48=B_SPLINE_CURVE_WITH_KNOTS('',3,(#2256,#2257,#2258,#2259),
 .UNSPECIFIED.,.F.,.F.,(4,4),(0.,1.),.UNSPECIFIED.);
#49=B_SPLINE_CURVE_WITH_KNOTS('',3,(#2283,#2284,#2285,#2286),
 .UNSPECIFIED.,.F.,.F.,(4,4),(0.311831045465965,1.),.UNSPECIFIED.);
#50=B_SPLINE_CURVE_WITH_KNOTS('',3,(#2288,#2289,#2290,#2291,#2292,#2293,
#2294,#2295,#2296),.UNSPECIFIED.,.F.,.F.,(4,1,1,1,1,1,4),(0.,0.25,0.375,
0.5,0.625,0.75,1.),.UNSPECIFIED.);
#51=B_SPLINE_CURVE_WITH_KNOTS('',3,(#2298,#2299,#2300,#2301,#2302,#2303,
#2304,#2305,#2306,#2307,#2308,#2309,#2310,#2311,#2312,#2313,#2314,#2315,
#2316),.UNSPECIFIED.,.F.,.F.,(4,1,1,1,1,1,1,1,1,1,1,1,1,1,1,1,4),(0.,0.125,
0.25,0.3125,0.375,0.4375,0.46875,0.484375,0.5,0.515625,0.53125,0.5625,0.625,
0.6875,0.75,0.875,1.),.UNSPECIFIED.);
#52=B_SPLINE_CURVE_WITH_KNOTS('',3,(#2318,#2319,#2320,#2321,#2322,#2323,
#2324,#2325,#2326,#2327,#2328,#2329,#2330,#2331,#2332,#2333,#2334,#2335,
#2336),.UNSPECIFIED.,.F.,.F.,(4,1,1,1,1,1,1,1,1,1,1,1,1,1,1,1,4),(0.,0.125,
0.25,0.3125,0.375,0.4375,0.46875,0.484375,0.5,0.515625,0.53125,0.5625,0.625,
0.6875,0.75,0.875,1.),.UNSPECIFIED.);
#53=B_SPLINE_CURVE_WITH_KNOTS('',3,(#2337,#2338,#2339,#2340),
 .UNSPECIFIED.,.F.,.F.,(4,4),(0.,0.688168954534038),.UNSPECIFIED.);
#54=B_SPLINE_CURVE_WITH_KNOTS('',3,(#2345,#2346,#2347,#2348),
 .UNSPECIFIED.,.F.,.F.,(4,4),(0.0958447041875236,1.),.UNSPECIFIED.);
#55=B_SPLINE_CURVE_WITH_KNOTS('',3,(#2350,#2351,#2352,#2353,#2354,#2355,
#2356,#2357,#2358,#2359,#2360,#2361,#2362,#2363,#2364,#2365,#2366,#2367,
#2368,#2369,#2370,#2371,#2372,#2373),.UNSPECIFIED.,.F.,.F.,(4,1,1,1,1,1,
1,1,1,1,1,1,1,1,1,1,1,1,1,1,1,4),(0.179261092844011,0.204909183692636,0.23055727454126,
0.243381319965573,0.249793342677729,0.256205365389885,0.269029410814197,
0.28185345623851,0.307501547087134,0.333149637935759,0.384445819633008,
0.435742001330258,0.461390092178882,0.487038183027507,0.499862228451819,
0.512686273876132,0.538334364724756,0.589630546422006,0.692222909816504,
0.794815273211003,0.897407636605501,1.),.UNSPECIFIED.);
#56=B_SPLINE_CURVE_WITH_KNOTS('',3,(#2375,#2376,#2377,#2378,#2379,#2380,
#2381,#2382,#2383,#2384,#2385,#2386,#2387,#2388,#2389,#2390,#2391,#2392,
#2393,#2394,#2395,#2396,#2397,#2398),.UNSPECIFIED.,.F.,.F.,(4,1,1,1,1,1,
1,1,1,1,1,1,1,1,1,1,1,1,1,1,1,4),(0.,0.10259297444321,0.20518594888642,
0.307778923329629,0.410371897772839,0.461668384994444,0.487316628605247,
0.500140750410648,0.512964872216049,0.538613115826852,0.564261359437654,
0.615557846659259,0.666854333880864,0.692502577491666,0.718150821102469,
0.73097494290787,0.743799064713271,0.750211125615972,0.756623186518672,
0.769447308324074,0.795095551934876,0.820743795545679),.UNSPECIFIED.);
#57=B_SPLINE_CURVE_WITH_KNOTS('',3,(#2400,#2401,#2402,#2403),
 .UNSPECIFIED.,.F.,.F.,(4,4),(0.,0.9041553389675),.UNSPECIFIED.);
#58=B_SPLINE_CURVE_WITH_KNOTS('',3,(#2407,#2408,#2409,#2410),
 .UNSPECIFIED.,.F.,.F.,(4,4),(0.323289837731622,1.),.UNSPECIFIED.);
#59=B_SPLINE_CURVE_WITH_KNOTS('',3,(#2412,#2413,#2414,#2415,#2416,#2417,
#2418),.UNSPECIFIED.,.F.,.F.,(4,1,1,1,4),(0.,0.25,0.5,0.75,1.),
 .UNSPECIFIED.);
#60=B_SPLINE_CURVE_WITH_KNOTS('',3,(#2420,#2421,#2422,#2423),
 .UNSPECIFIED.,.F.,.F.,(4,4),(0.,1.),.UNSPECIFIED.);
#61=B_SPLINE_CURVE_WITH_KNOTS('',3,(#2425,#2426,#2427,#2428,#2429,#2430,
#2431),.UNSPECIFIED.,.F.,.F.,(4,1,1,1,4),(0.,0.25,0.5,0.75,1.),
 .UNSPECIFIED.);
#62=B_SPLINE_CURVE_WITH_KNOTS('',3,(#2433,#2434,#2435,#2436),
 .UNSPECIFIED.,.F.,.F.,(4,4),(0.,0.676710162268375),.UNSPECIFIED.);
#63=B_SPLINE_CURVE_WITH_KNOTS('',3,(#2445,#2446,#2447,#2448),
 .UNSPECIFIED.,.F.,.F.,(4,4),(0.,1.),.UNSPECIFIED.);
#64=B_SPLINE_CURVE_WITH_KNOTS('',3,(#2452,#2453,#2454,#2455),
 .UNSPECIFIED.,.F.,.F.,(4,4),(0.,0.82697942736786),.UNSPECIFIED.);
#65=B_SPLINE_CURVE_WITH_KNOTS('',3,(#2457,#2458,#2459,#2460),
 .UNSPECIFIED.,.F.,.F.,(4,4),(0.82697942736786,0.836435887117439),
 .UNSPECIFIED.);
#66=B_SPLINE_CURVE_WITH_KNOTS('',3,(#2469,#2470,#2471,#2472),
 .UNSPECIFIED.,.F.,.F.,(4,4),(0.,1.),.UNSPECIFIED.);
#67=B_SPLINE_CURVE_WITH_KNOTS('',3,(#2473,#2474,#2475,#2476),
 .UNSPECIFIED.,.F.,.F.,(4,4),(0.163564152189804,0.173020579658263),
 .UNSPECIFIED.);
#68=B_SPLINE_CURVE_WITH_KNOTS('',3,(#2478,#2479,#2480,#2481),
 .UNSPECIFIED.,.F.,.F.,(4,4),(0.173020579658263,1.),.UNSPECIFIED.);
#69=B_SPLINE_CURVE_WITH_KNOTS('',3,(#2486,#2487,#2488,#2489),
 .UNSPECIFIED.,.F.,.F.,(4,4),(0.152776759880602,0.436488250235035),
 .UNSPECIFIED.);
#70=B_SPLINE_CURVE_WITH_KNOTS('',3,(#2490,#2491,#2492,#2493),
 .UNSPECIFIED.,.F.,.F.,(4,4),(0.,0.649986546491603),.UNSPECIFIED.);
#71=B_SPLINE_CURVE_WITH_KNOTS('',3,(#2495,#2496,#2497,#2498),
 .UNSPECIFIED.,.F.,.F.,(4,4),(0.56351156560687,0.847223175661589),
 .UNSPECIFIED.);
#72=B_SPLINE_CURVE_WITH_KNOTS('',3,(#2502,#2503,#2504,#2505),
 .UNSPECIFIED.,.F.,.F.,(4,4),(0.350013453508393,1.),.UNSPECIFIED.);
#73=B_SPLINE_CURVE_WITH_KNOTS('',3,(#2536,#2537,#2538,#2539),
 .UNSPECIFIED.,.F.,.F.,(4,4),(0.,1.),.UNSPECIFIED.);
#74=B_SPLINE_CURVE_WITH_KNOTS('',3,(#2540,#2541,#2542,#2543),
 .UNSPECIFIED.,.F.,.F.,(4,4),(0.,1.),.UNSPECIFIED.);
#75=B_SPLINE_CURVE_WITH_KNOTS('',3,(#2568,#2569,#2570,#2571),
 .UNSPECIFIED.,.F.,.F.,(4,4),(0.,1.),.UNSPECIFIED.);
#76=B_SPLINE_CURVE_WITH_KNOTS('',3,(#2628,#2629,#2630,#2631,#2632,#2633,
#2634),.UNSPECIFIED.,.F.,.F.,(4,1,1,1,4),(0.,0.249865673342033,0.499731346684065,
0.749597020026098,0.99946269336813),.UNSPECIFIED.);
#77=B_SPLINE_CURVE_WITH_KNOTS('',3,(#2636,#2637,#2638,#2639),
 .UNSPECIFIED.,.F.,.F.,(4,4),(0.,1.),.UNSPECIFIED.);
#78=B_SPLINE_CURVE_WITH_KNOTS('',3,(#3424,#3425,#3426,#3427,#3428,#3429,
#3430,#3431,#3432,#3433,#3434,#3435,#3436,#3437,#3438,#3439,#3440,#3441,
#3442,#3443,#3444,#3445,#3446,#3447,#3448,#3449,#3450,#3451,#3452,#3453,
#3454,#3455,#3456,#3457,#3458,#3459,#3460,#3461,#3462,#3463,#3464),
 .UNSPECIFIED.,.F.,.F.,(4,1,1,1,1,1,1,1,1,1,1,1,1,1,1,1,1,1,1,1,1,1,1,1,
1,1,1,1,1,1,1,1,1,1,1,1,1,1,4),(0.,0.125,0.1875,0.21875,0.234375,0.25,0.265625,
0.28125,0.3125,0.375,0.4375,0.46875,0.484375,0.4921875,0.5,0.5078125,0.515625,
0.53125,0.546875,0.5625,0.59375,0.625,0.65625,0.6875,0.71875,0.734375,0.75,
0.765625,0.78125,0.8125,0.84375,0.859375,0.8671875,0.875,0.8828125,0.890625,
0.90625,0.9375,1.),.UNSPECIFIED.);
#79=B_SPLINE_CURVE_WITH_KNOTS('',3,(#3473,#3474,#3475,#3476,#3477,#3478,
#3479,#3480,#3481),.UNSPECIFIED.,.F.,.F.,(4,1,1,1,1,1,4),(0.,0.00520824197687856,
0.00781236296531784,0.0104164839537571,0.0130206049421964,0.0156247259306357,
0.0208329679075142),.UNSPECIFIED.);
#80=B_SPLINE_CURVE_WITH_KNOTS('',3,(#3490,#3491,#3492,#3493,#3494,#3495,
#3496,#3497,#3498),.UNSPECIFIED.,.F.,.F.,(4,1,1,1,1,1,4),(0.,0.00520824197687857,
0.00781236296531785,0.0104164839537571,0.0130206049421964,0.0156247259306357,
0.0208329679075143),.UNSPECIFIED.);
#81=B_SPLINE_CURVE_WITH_KNOTS('',3,(#3499,#3500,#3501,#3502),
 .UNSPECIFIED.,.F.,.F.,(4,4),(0.,1.),.UNSPECIFIED.);
#82=B_SPLINE_CURVE_WITH_KNOTS('',3,(#3567,#3568,#3569,#3570,#3571,#3572,
#3573),.UNSPECIFIED.,.F.,.F.,(4,1,1,1,4),(0.,0.00200316999110569,0.00400633998221138,
0.00600950997331706,0.00801267996442275),.UNSPECIFIED.);
#83=B_SPLINE_CURVE_WITH_KNOTS('',3,(#3574,#3575,#3576,#3577),
 .UNSPECIFIED.,.F.,.F.,(4,4),(0.,1.),.UNSPECIFIED.);
#84=B_SPLINE_CURVE_WITH_KNOTS('',3,(#3626,#3627,#3628,#3629),
 .UNSPECIFIED.,.F.,.F.,(4,4),(0.,1.),.UNSPECIFIED.);
#85=B_SPLINE_CURVE_WITH_KNOTS('',3,(#3642,#3643,#3644,#3645),
 .UNSPECIFIED.,.F.,.F.,(4,4),(0.,1.),.UNSPECIFIED.);
#86=B_SPLINE_CURVE_WITH_KNOTS('',3,(#3666,#3667,#3668,#3669,#3670,#3671,
#3672),.UNSPECIFIED.,.F.,.F.,(4,1,1,1,4),(0.,0.00200316999110576,0.00400633998221152,
0.00600950997331728,0.00801267996442304),.UNSPECIFIED.);
#87=B_SPLINE_CURVE_WITH_KNOTS('',3,(#3676,#3677,#3678,#3679,#3680),
 .UNSPECIFIED.,.F.,.F.,(4,1,4),(0.,0.5,1.),.UNSPECIFIED.);
#88=B_SPLINE_CURVE_WITH_KNOTS('',3,(#3684,#3685,#3686,#3687),
 .UNSPECIFIED.,.F.,.F.,(4,4),(0.,1.),.UNSPECIFIED.);
#89=B_SPLINE_CURVE_WITH_KNOTS('',3,(#3691,#3692,#3693,#3694,#3695),
 .UNSPECIFIED.,.F.,.F.,(4,1,4),(0.,0.5,1.),.UNSPECIFIED.);
#90=B_SPLINE_CURVE_WITH_KNOTS('',3,(#3701,#3702,#3703,#3704),
 .UNSPECIFIED.,.F.,.F.,(4,4),(0.,0.676710162268377),.UNSPECIFIED.);
#91=B_SPLINE_CURVE_WITH_KNOTS('',3,(#3708,#3709,#3710,#3711),
 .UNSPECIFIED.,.F.,.F.,(4,4),(0.323289837731623,1.),.UNSPECIFIED.);
#92=B_SPLINE_CURVE_WITH_KNOTS('',3,(#3720,#3721,#3722,#3723,#3724,#3725,
#3726),.UNSPECIFIED.,.F.,.F.,(4,1,1,1,4),(0.,0.000801267996438765,0.00160253599287753,
0.0024038039893163,0.00320507198575506),.UNSPECIFIED.);
#93=B_SPLINE_CURVE_WITH_KNOTS('',3,(#3727,#3728,#3729,#3730),
 .UNSPECIFIED.,.F.,.F.,(4,4),(0.,1.),.UNSPECIFIED.);
#94=B_SPLINE_CURVE_WITH_KNOTS('',3,(#3747,#3748,#3749,#3750),
 .UNSPECIFIED.,.F.,.F.,(4,4),(0.,1.),.UNSPECIFIED.);
#95=B_SPLINE_CURVE_WITH_KNOTS('',3,(#3759,#3760,#3761,#3762),
 .UNSPECIFIED.,.F.,.F.,(4,4),(0.,1.),.UNSPECIFIED.);
#96=B_SPLINE_CURVE_WITH_KNOTS('',3,(#3779,#3780,#3781,#3782),
 .UNSPECIFIED.,.F.,.F.,(4,4),(0.,1.),.UNSPECIFIED.);
#97=B_SPLINE_CURVE_WITH_KNOTS('',3,(#3791,#3792,#3793,#3794,#3795,#3796,
#3797),.UNSPECIFIED.,.F.,.F.,(4,1,1,1,4),(0.,0.000801267996438741,0.00160253599287748,
0.00240380398931622,0.00320507198575497),.UNSPECIFIED.);
#98=B_SPLINE_SURFACE_WITH_KNOTS('',3,1,((#1202,#1203),(#1204,#1205),(#1206,
#1207),(#1208,#1209)),.SURF_OF_LINEAR_EXTRUSION.,.F.,.F.,.F.,(4,4),(2,2),
(-0.00600689366132783,1.),(0.,1.),.PIECEWISE_BEZIER_KNOTS.);
#99=B_SPLINE_SURFACE_WITH_KNOTS('',3,1,((#1285,#1286),(#1287,#1288),(#1289,
#1290),(#1291,#1292)),.SURF_OF_LINEAR_EXTRUSION.,.F.,.F.,.F.,(4,4),(2,2),
(-3.82502466236909E-16,1.00600701447444),(0.,1.),
 .PIECEWISE_BEZIER_KNOTS.);
#100=B_SPLINE_SURFACE_WITH_KNOTS('',3,3,((#1334,#1335,#1336,#1337,#1338,
#1339,#1340,#1341,#1342,#1343,#1344,#1345,#1346,#1347),(#1348,#1349,#1350,
#1351,#1352,#1353,#1354,#1355,#1356,#1357,#1358,#1359,#1360,#1361),(#1362,
#1363,#1364,#1365,#1366,#1367,#1368,#1369,#1370,#1371,#1372,#1373,#1374,
#1375),(#1376,#1377,#1378,#1379,#1380,#1381,#1382,#1383,#1384,#1385,#1386,
#1387,#1388,#1389),(#1390,#1391,#1392,#1393,#1394,#1395,#1396,#1397,#1398,
#1399,#1400,#1401,#1402,#1403),(#1404,#1405,#1406,#1407,#1408,#1409,#1410,
#1411,#1412,#1413,#1414,#1415,#1416,#1417),(#1418,#1419,#1420,#1421,#1422,
#1423,#1424,#1425,#1426,#1427,#1428,#1429,#1430,#1431),(#1432,#1433,#1434,
#1435,#1436,#1437,#1438,#1439,#1440,#1441,#1442,#1443,#1444,#1445),(#1446,
#1447,#1448,#1449,#1450,#1451,#1452,#1453,#1454,#1455,#1456,#1457,#1458,
#1459),(#1460,#1461,#1462,#1463,#1464,#1465,#1466,#1467,#1468,#1469,#1470,
#1471,#1472,#1473),(#1474,#1475,#1476,#1477,#1478,#1479,#1480,#1481,#1482,
#1483,#1484,#1485,#1486,#1487),(#1488,#1489,#1490,#1491,#1492,#1493,#1494,
#1495,#1496,#1497,#1498,#1499,#1500,#1501),(#1502,#1503,#1504,#1505,#1506,
#1507,#1508,#1509,#1510,#1511,#1512,#1513,#1514,#1515),(#1516,#1517,#1518,
#1519,#1520,#1521,#1522,#1523,#1524,#1525,#1526,#1527,#1528,#1529),(#1530,
#1531,#1532,#1533,#1534,#1535,#1536,#1537,#1538,#1539,#1540,#1541,#1542,
#1543),(#1544,#1545,#1546,#1547,#1548,#1549,#1550,#1551,#1552,#1553,#1554,
#1555,#1556,#1557),(#1558,#1559,#1560,#1561,#1562,#1563,#1564,#1565,#1566,
#1567,#1568,#1569,#1570,#1571),(#1572,#1573,#1574,#1575,#1576,#1577,#1578,
#1579,#1580,#1581,#1582,#1583,#1584,#1585),(#1586,#1587,#1588,#1589,#1590,
#1591,#1592,#1593,#1594,#1595,#1596,#1597,#1598,#1599),(#1600,#1601,#1602,
#1603,#1604,#1605,#1606,#1607,#1608,#1609,#1610,#1611,#1612,#1613),(#1614,
#1615,#1616,#1617,#1618,#1619,#1620,#1621,#1622,#1623,#1624,#1625,#1626,
#1627),(#1628,#1629,#1630,#1631,#1632,#1633,#1634,#1635,#1636,#1637,#1638,
#1639,#1640,#1641),(#1642,#1643,#1644,#1645,#1646,#1647,#1648,#1649,#1650,
#1651,#1652,#1653,#1654,#1655),(#1656,#1657,#1658,#1659,#1660,#1661,#1662,
#1663,#1664,#1665,#1666,#1667,#1668,#1669),(#1670,#1671,#1672,#1673,#1674,
#1675,#1676,#1677,#1678,#1679,#1680,#1681,#1682,#1683),(#1684,#1685,#1686,
#1687,#1688,#1689,#1690,#1691,#1692,#1693,#1694,#1695,#1696,#1697),(#1698,
#1699,#1700,#1701,#1702,#1703,#1704,#1705,#1706,#1707,#1708,#1709,#1710,
#1711),(#1712,#1713,#1714,#1715,#1716,#1717,#1718,#1719,#1720,#1721,#1722,
#1723,#1724,#1725),(#1726,#1727,#1728,#1729,#1730,#1731,#1732,#1733,#1734,
#1735,#1736,#1737,#1738,#1739),(#1740,#1741,#1742,#1743,#1744,#1745,#1746,
#1747,#1748,#1749,#1750,#1751,#1752,#1753),(#1754,#1755,#1756,#1757,#1758,
#1759,#1760,#1761,#1762,#1763,#1764,#1765,#1766,#1767),(#1768,#1769,#1770,
#1771,#1772,#1773,#1774,#1775,#1776,#1777,#1778,#1779,#1780,#1781),(#1782,
#1783,#1784,#1785,#1786,#1787,#1788,#1789,#1790,#1791,#1792,#1793,#1794,
#1795),(#1796,#1797,#1798,#1799,#1800,#1801,#1802,#1803,#1804,#1805,#1806,
#1807,#1808,#1809),(#1810,#1811,#1812,#1813,#1814,#1815,#1816,#1817,#1818,
#1819,#1820,#1821,#1822,#1823),(#1824,#1825,#1826,#1827,#1828,#1829,#1830,
#1831,#1832,#1833,#1834,#1835,#1836,#1837),(#1838,#1839,#1840,#1841,#1842,
#1843,#1844,#1845,#1846,#1847,#1848,#1849,#1850,#1851),(#1852,#1853,#1854,
#1855,#1856,#1857,#1858,#1859,#1860,#1861,#1862,#1863,#1864,#1865),(#1866,
#1867,#1868,#1869,#1870,#1871,#1872,#1873,#1874,#1875,#1876,#1877,#1878,
#1879),(#1880,#1881,#1882,#1883,#1884,#1885,#1886,#1887,#1888,#1889,#1890,
#1891,#1892,#1893),(#1894,#1895,#1896,#1897,#1898,#1899,#1900,#1901,#1902,
#1903,#1904,#1905,#1906,#1907),(#1908,#1909,#1910,#1911,#1912,#1913,#1914,
#1915,#1916,#1917,#1918,#1919,#1920,#1921),(#1922,#1923,#1924,#1925,#1926,
#1927,#1928,#1929,#1930,#1931,#1932,#1933,#1934,#1935),(#1936,#1937,#1938,
#1939,#1940,#1941,#1942,#1943,#1944,#1945,#1946,#1947,#1948,#1949),(#1950,
#1951,#1952,#1953,#1954,#1955,#1956,#1957,#1958,#1959,#1960,#1961,#1962,
#1963),(#1964,#1965,#1966,#1967,#1968,#1969,#1970,#1971,#1972,#1973,#1974,
#1975,#1976,#1977),(#1978,#1979,#1980,#1981,#1982,#1983,#1984,#1985,#1986,
#1987,#1988,#1989,#1990,#1991),(#1992,#1993,#1994,#1995,#1996,#1997,#1998,
#1999,#2000,#2001,#2002,#2003,#2004,#2005),(#2006,#2007,#2008,#2009,#2010,
#2011,#2012,#2013,#2014,#2015,#2016,#2017,#2018,#2019),(#2020,#2021,#2022,
#2023,#2024,#2025,#2026,#2027,#2028,#2029,#2030,#2031,#2032,#2033),(#2034,
#2035,#2036,#2037,#2038,#2039,#2040,#2041,#2042,#2043,#2044,#2045,#2046,
#2047),(#2048,#2049,#2050,#2051,#2052,#2053,#2054,#2055,#2056,#2057,#2058,
#2059,#2060,#2061),(#2062,#2063,#2064,#2065,#2066,#2067,#2068,#2069,#2070,
#2071,#2072,#2073,#2074,#2075),(#2076,#2077,#2078,#2079,#2080,#2081,#2082,
#2083,#2084,#2085,#2086,#2087,#2088,#2089),(#2090,#2091,#2092,#2093,#2094,
#2095,#2096,#2097,#2098,#2099,#2100,#2101,#2102,#2103),(#2104,#2105,#2106,
#2107,#2108,#2109,#2110,#2111,#2112,#2113,#2114,#2115,#2116,#2117)),
 .UNSPECIFIED.,.F.,.F.,.F.,(4,2,2,2,2,2,2,2,2,2,2,2,2,2,2,2,2,2,2,2,2,2,
2,2,2,2,2,4),(4,2,2,2,2,2,4),(0.,0.0561534470321293,0.112306894064259,0.168460341096388,
0.196537064612453,0.224613788128517,0.270490144017935,0.316366499907353,
0.362242855796771,0.408119211686189,0.453995567575607,0.476933745520316,
0.499871923465025,0.522810101409734,0.545748279354443,0.568686457299152,
0.591624635243861,0.606172792883767,0.620720950523673,0.649817265803484,
0.678913581083296,0.708009896363108,0.766202526922732,0.824395157482355,
0.868296368111766,0.912197578741178,0.956098789370589,1.),(0.,0.25,0.375,
0.5,0.625,0.75,1.),.UNSPECIFIED.);
#101=B_SPLINE_SURFACE_WITH_KNOTS('',2,3,((#2186,#2187,#2188,#2189,#2190,
#2191,#2192,#2193,#2194,#2195,#2196,#2197,#2198,#2199,#2200,#2201),(#2202,
#2203,#2204,#2205,#2206,#2207,#2208,#2209,#2210,#2211,#2212,#2213,#2214,
#2215,#2216,#2217),(#2218,#2219,#2220,#2221,#2222,#2223,#2224,#2225,#2226,
#2227,#2228,#2229,#2230,#2231,#2232,#2233)),.UNSPECIFIED.,.F.,.F.,.F.,(3,
3),(4,2,2,2,2,2,2,4),(0.,1.),(0.,0.00301987115943781,0.00452980673915672,
0.00528477452901617,0.00603974231887562,0.00754967789859453,0.00905961347831344,
0.0120794846377512),.UNSPECIFIED.);
#102=B_SPLINE_SURFACE_WITH_KNOTS('',3,1,((#2437,#2438),(#2439,#2440),(#2441,
#2442),(#2443,#2444)),.SURF_OF_LINEAR_EXTRUSION.,.F.,.F.,.F.,(4,4),(2,2),
(0.5,0.740469433128858),(0.,1.),.PIECEWISE_BEZIER_KNOTS.);
#103=B_SPLINE_SURFACE_WITH_KNOTS('',3,1,((#2461,#2462),(#2463,#2464),(#2465,
#2466),(#2467,#2468)),.SURF_OF_LINEAR_EXTRUSION.,.F.,.F.,.F.,(4,4),(2,2),
(0.259530566871142,0.5),(0.,1.),.PIECEWISE_BEZIER_KNOTS.);
#104=B_SPLINE_SURFACE_WITH_KNOTS('',2,3,((#2512,#2513,#2514,#2515,#2516,
#2517,#2518,#2519),(#2520,#2521,#2522,#2523,#2524,#2525,#2526,#2527),(#2528,
#2529,#2530,#2531,#2532,#2533,#2534,#2535)),.UNSPECIFIED.,.F.,.F.,.F.,(3,
3),(4,2,2,4),(0.,1.),(0.,0.0372328310728372,0.0558492466092557,0.0578308142092849),
 .UNSPECIFIED.);
#105=B_SPLINE_SURFACE_WITH_KNOTS('',2,3,((#2544,#2545,#2546,#2547,#2548,
#2549,#2550,#2551),(#2552,#2553,#2554,#2555,#2556,#2557,#2558,#2559),(#2560,
#2561,#2562,#2563,#2564,#2565,#2566,#2567)),.UNSPECIFIED.,.F.,.F.,.F.,(3,
3),(4,2,2,4),(0.,1.),(0.,0.0372328310728372,0.0558492466092557,0.0578308147045183),
 .UNSPECIFIED.);
#106=B_SPLINE_SURFACE_WITH_KNOTS('',3,3,((#2572,#2573,#2574,#2575,#2576,
#2577,#2578,#2579,#2580,#2581,#2582,#2583,#2584,#2585),(#2586,#2587,#2588,
#2589,#2590,#2591,#2592,#2593,#2594,#2595,#2596,#2597,#2598,#2599),(#2600,
#2601,#2602,#2603,#2604,#2605,#2606,#2607,#2608,#2609,#2610,#2611,#2612,
#2613),(#2614,#2615,#2616,#2617,#2618,#2619,#2620,#2621,#2622,#2623,#2624,
#2625,#2626,#2627)),.UNSPECIFIED.,.F.,.F.,.F.,(4,4),(4,2,2,2,2,2,4),(0.,
1.),(0.,0.25,0.375,0.5,0.625,0.75,1.),.UNSPECIFIED.);
#107=B_SPLINE_SURFACE_WITH_KNOTS('',3,3,((#2640,#2641,#2642,#2643,#2644,
#2645,#2646,#2647,#2648,#2649,#2650,#2651,#2652,#2653),(#2654,#2655,#2656,
#2657,#2658,#2659,#2660,#2661,#2662,#2663,#2664,#2665,#2666,#2667),(#2668,
#2669,#2670,#2671,#2672,#2673,#2674,#2675,#2676,#2677,#2678,#2679,#2680,
#2681),(#2682,#2683,#2684,#2685,#2686,#2687,#2688,#2689,#2690,#2691,#2692,
#2693,#2694,#2695),(#2696,#2697,#2698,#2699,#2700,#2701,#2702,#2703,#2704,
#2705,#2706,#2707,#2708,#2709),(#2710,#2711,#2712,#2713,#2714,#2715,#2716,
#2717,#2718,#2719,#2720,#2721,#2722,#2723),(#2724,#2725,#2726,#2727,#2728,
#2729,#2730,#2731,#2732,#2733,#2734,#2735,#2736,#2737),(#2738,#2739,#2740,
#2741,#2742,#2743,#2744,#2745,#2746,#2747,#2748,#2749,#2750,#2751),(#2752,
#2753,#2754,#2755,#2756,#2757,#2758,#2759,#2760,#2761,#2762,#2763,#2764,
#2765),(#2766,#2767,#2768,#2769,#2770,#2771,#2772,#2773,#2774,#2775,#2776,
#2777,#2778,#2779),(#2780,#2781,#2782,#2783,#2784,#2785,#2786,#2787,#2788,
#2789,#2790,#2791,#2792,#2793),(#2794,#2795,#2796,#2797,#2798,#2799,#2800,
#2801,#2802,#2803,#2804,#2805,#2806,#2807),(#2808,#2809,#2810,#2811,#2812,
#2813,#2814,#2815,#2816,#2817,#2818,#2819,#2820,#2821),(#2822,#2823,#2824,
#2825,#2826,#2827,#2828,#2829,#2830,#2831,#2832,#2833,#2834,#2835),(#2836,
#2837,#2838,#2839,#2840,#2841,#2842,#2843,#2844,#2845,#2846,#2847,#2848,
#2849),(#2850,#2851,#2852,#2853,#2854,#2855,#2856,#2857,#2858,#2859,#2860,
#2861,#2862,#2863),(#2864,#2865,#2866,#2867,#2868,#2869,#2870,#2871,#2872,
#2873,#2874,#2875,#2876,#2877),(#2878,#2879,#2880,#2881,#2882,#2883,#2884,
#2885,#2886,#2887,#2888,#2889,#2890,#2891),(#2892,#2893,#2894,#2895,#2896,
#2897,#2898,#2899,#2900,#2901,#2902,#2903,#2904,#2905),(#2906,#2907,#2908,
#2909,#2910,#2911,#2912,#2913,#2914,#2915,#2916,#2917,#2918,#2919),(#2920,
#2921,#2922,#2923,#2924,#2925,#2926,#2927,#2928,#2929,#2930,#2931,#2932,
#2933),(#2934,#2935,#2936,#2937,#2938,#2939,#2940,#2941,#2942,#2943,#2944,
#2945,#2946,#2947),(#2948,#2949,#2950,#2951,#2952,#2953,#2954,#2955,#2956,
#2957,#2958,#2959,#2960,#2961),(#2962,#2963,#2964,#2965,#2966,#2967,#2968,
#2969,#2970,#2971,#2972,#2973,#2974,#2975),(#2976,#2977,#2978,#2979,#2980,
#2981,#2982,#2983,#2984,#2985,#2986,#2987,#2988,#2989),(#2990,#2991,#2992,
#2993,#2994,#2995,#2996,#2997,#2998,#2999,#3000,#3001,#3002,#3003),(#3004,
#3005,#3006,#3007,#3008,#3009,#3010,#3011,#3012,#3013,#3014,#3015,#3016,
#3017),(#3018,#3019,#3020,#3021,#3022,#3023,#3024,#3025,#3026,#3027,#3028,
#3029,#3030,#3031),(#3032,#3033,#3034,#3035,#3036,#3037,#3038,#3039,#3040,
#3041,#3042,#3043,#3044,#3045),(#3046,#3047,#3048,#3049,#3050,#3051,#3052,
#3053,#3054,#3055,#3056,#3057,#3058,#3059),(#3060,#3061,#3062,#3063,#3064,
#3065,#3066,#3067,#3068,#3069,#3070,#3071,#3072,#3073),(#3074,#3075,#3076,
#3077,#3078,#3079,#3080,#3081,#3082,#3083,#3084,#3085,#3086,#3087),(#3088,
#3089,#3090,#3091,#3092,#3093,#3094,#3095,#3096,#3097,#3098,#3099,#3100,
#3101),(#3102,#3103,#3104,#3105,#3106,#3107,#3108,#3109,#3110,#3111,#3112,
#3113,#3114,#3115),(#3116,#3117,#3118,#3119,#3120,#3121,#3122,#3123,#3124,
#3125,#3126,#3127,#3128,#3129),(#3130,#3131,#3132,#3133,#3134,#3135,#3136,
#3137,#3138,#3139,#3140,#3141,#3142,#3143),(#3144,#3145,#3146,#3147,#3148,
#3149,#3150,#3151,#3152,#3153,#3154,#3155,#3156,#3157),(#3158,#3159,#3160,
#3161,#3162,#3163,#3164,#3165,#3166,#3167,#3168,#3169,#3170,#3171),(#3172,
#3173,#3174,#3175,#3176,#3177,#3178,#3179,#3180,#3181,#3182,#3183,#3184,
#3185),(#3186,#3187,#3188,#3189,#3190,#3191,#3192,#3193,#3194,#3195,#3196,
#3197,#3198,#3199),(#3200,#3201,#3202,#3203,#3204,#3205,#3206,#3207,#3208,
#3209,#3210,#3211,#3212,#3213),(#3214,#3215,#3216,#3217,#3218,#3219,#3220,
#3221,#3222,#3223,#3224,#3225,#3226,#3227),(#3228,#3229,#3230,#3231,#3232,
#3233,#3234,#3235,#3236,#3237,#3238,#3239,#3240,#3241),(#3242,#3243,#3244,
#3245,#3246,#3247,#3248,#3249,#3250,#3251,#3252,#3253,#3254,#3255),(#3256,
#3257,#3258,#3259,#3260,#3261,#3262,#3263,#3264,#3265,#3266,#3267,#3268,
#3269),(#3270,#3271,#3272,#3273,#3274,#3275,#3276,#3277,#3278,#3279,#3280,
#3281,#3282,#3283),(#3284,#3285,#3286,#3287,#3288,#3289,#3290,#3291,#3292,
#3293,#3294,#3295,#3296,#3297),(#3298,#3299,#3300,#3301,#3302,#3303,#3304,
#3305,#3306,#3307,#3308,#3309,#3310,#3311),(#3312,#3313,#3314,#3315,#3316,
#3317,#3318,#3319,#3320,#3321,#3322,#3323,#3324,#3325),(#3326,#3327,#3328,
#3329,#3330,#3331,#3332,#3333,#3334,#3335,#3336,#3337,#3338,#3339),(#3340,
#3341,#3342,#3343,#3344,#3345,#3346,#3347,#3348,#3349,#3350,#3351,#3352,
#3353),(#3354,#3355,#3356,#3357,#3358,#3359,#3360,#3361,#3362,#3363,#3364,
#3365,#3366,#3367),(#3368,#3369,#3370,#3371,#3372,#3373,#3374,#3375,#3376,
#3377,#3378,#3379,#3380,#3381),(#3382,#3383,#3384,#3385,#3386,#3387,#3388,
#3389,#3390,#3391,#3392,#3393,#3394,#3395),(#3396,#3397,#3398,#3399,#3400,
#3401,#3402,#3403,#3404,#3405,#3406,#3407,#3408,#3409),(#3410,#3411,#3412,
#3413,#3414,#3415,#3416,#3417,#3418,#3419,#3420,#3421,#3422,#3423)),
 .UNSPECIFIED.,.F.,.F.,.F.,(4,2,2,2,2,2,2,2,2,2,2,2,2,2,2,2,2,2,2,2,2,2,
2,2,2,2,2,4),(4,2,2,2,2,2,4),(0.,0.0561534342638514,0.112306868527703,0.168460302791554,
0.19653701992348,0.224613737055406,0.27049009625311,0.316366455450815,0.36224281464852,
0.408119173846224,0.453995533043929,0.476933712642782,0.499871892241634,
0.522810071840486,0.545748251439339,0.568686431038191,0.591624610637044,
0.606172769433701,0.620720928230359,0.649817245823675,0.678913563416991,
0.708009881010306,0.766202516196938,0.824395151383569,0.868296363537677,
0.912197575691784,0.956098787845892,1.),(0.,0.25,0.375,0.5,0.625,0.75,1.),
 .UNSPECIFIED.);
#108=B_SPLINE_SURFACE_WITH_KNOTS('',3,1,((#3465,#3466),(#3467,#3468),(#3469,
#3470),(#3471,#3472)),.SURF_OF_LINEAR_EXTRUSION.,.F.,.F.,.F.,(4,4),(2,2),
(4.11251404342563E-16,0.999999999999998),(0.,1.),
 .PIECEWISE_BEZIER_KNOTS.);
#109=B_SPLINE_SURFACE_WITH_KNOTS('',3,1,((#3482,#3483),(#3484,#3485),(#3486,
#3487),(#3488,#3489)),.SURF_OF_LINEAR_EXTRUSION.,.F.,.F.,.F.,(4,4),(2,2),
(-3.79718003078771E-16,1.),(0.,1.),.PIECEWISE_BEZIER_KNOTS.);
#110=B_SPLINE_SURFACE_WITH_KNOTS('',3,3,((#3503,#3504,#3505,#3506,#3507,
#3508,#3509,#3510,#3511,#3512,#3513,#3514,#3515,#3516),(#3517,#3518,#3519,
#3520,#3521,#3522,#3523,#3524,#3525,#3526,#3527,#3528,#3529,#3530),(#3531,
#3532,#3533,#3534,#3535,#3536,#3537,#3538,#3539,#3540,#3541,#3542,#3543,
#3544),(#3545,#3546,#3547,#3548,#3549,#3550,#3551,#3552,#3553,#3554,#3555,
#3556,#3557,#3558)),.UNSPECIFIED.,.F.,.F.,.F.,(4,4),(4,2,2,2,2,2,4),(0.,
1.),(0.,0.25,0.375,0.5,0.625,0.75,1.),.UNSPECIFIED.);
#111=B_SPLINE_SURFACE_WITH_KNOTS('',3,1,((#3559,#3560),(#3561,#3562),(#3563,
#3564),(#3565,#3566)),.SURF_OF_LINEAR_EXTRUSION.,.F.,.F.,.F.,(4,4),(2,2),
(-2.85370907763794E-16,1.00000000000001),(0.,1.),
 .PIECEWISE_BEZIER_KNOTS.);
#112=B_SPLINE_SURFACE_WITH_KNOTS('',2,3,((#3578,#3579,#3580,#3581,#3582,
#3583,#3584,#3585,#3586,#3587,#3588,#3589,#3590,#3591,#3592,#3593),(#3594,
#3595,#3596,#3597,#3598,#3599,#3600,#3601,#3602,#3603,#3604,#3605,#3606,
#3607,#3608,#3609),(#3610,#3611,#3612,#3613,#3614,#3615,#3616,#3617,#3618,
#3619,#3620,#3621,#3622,#3623,#3624,#3625)),.UNSPECIFIED.,.F.,.F.,.F.,(3,
3),(4,2,2,2,2,2,2,4),(0.,1.),(0.,0.00301987115943782,0.00452980673915672,
0.00528477452901618,0.00603974231887563,0.00754967789859454,0.00905961347831344,
0.0120794846377513),.UNSPECIFIED.);
#113=B_SPLINE_SURFACE_WITH_KNOTS('',2,3,((#3630,#3631,#3632,#3633),(#3634,
#3635,#3636,#3637),(#3638,#3639,#3640,#3641)),.UNSPECIFIED.,.F.,.F.,.F.,
(3,3),(4,4),(0.,1.),(0.,0.0587199245987932),.PIECEWISE_BEZIER_KNOTS.);
#114=B_SPLINE_SURFACE_WITH_KNOTS('',2,3,((#3646,#3647,#3648,#3649),(#3650,
#3651,#3652,#3653),(#3654,#3655,#3656,#3657)),.UNSPECIFIED.,.F.,.F.,.F.,
(3,3),(4,4),(0.,1.),(0.,0.0587257933608127),.PIECEWISE_BEZIER_KNOTS.);
#115=B_SPLINE_SURFACE_WITH_KNOTS('',3,1,((#3658,#3659),(#3660,#3661),(#3662,
#3663),(#3664,#3665)),.SURF_OF_LINEAR_EXTRUSION.,.F.,.F.,.F.,(4,4),(2,2),
(-3.35378073439727E-16,1.),(0.,1.),.PIECEWISE_BEZIER_KNOTS.);
#116=B_SPLINE_SURFACE_WITH_KNOTS('',3,1,((#3712,#3713),(#3714,#3715),(#3716,
#3717),(#3718,#3719)),.SURF_OF_LINEAR_EXTRUSION.,.F.,.F.,.F.,(4,4),(2,2),
(9.80558800980962E-16,1.00000000000002),(0.,1.),
 .PIECEWISE_BEZIER_KNOTS.);
#117=B_SPLINE_SURFACE_WITH_KNOTS('',3,1,((#3751,#3752),(#3753,#3754),(#3755,
#3756),(#3757,#3758)),.SURF_OF_LINEAR_EXTRUSION.,.F.,.F.,.F.,(4,4),(2,2),
(-8.61048670112538E-15,1.00000000000002),(0.,1.),
 .PIECEWISE_BEZIER_KNOTS.);
#118=B_SPLINE_SURFACE_WITH_KNOTS('',3,1,((#3783,#3784),(#3785,#3786),(#3787,
#3788),(#3789,#3790)),.SURF_OF_LINEAR_EXTRUSION.,.F.,.F.,.F.,(4,4),(2,2),
(-4.42057381724593E-15,1.00000000000002),(0.,1.),
 .PIECEWISE_BEZIER_KNOTS.);
#119=CIRCLE('',#943,0.00397257135176595);
#120=CIRCLE('',#944,0.00397257135176595);
#121=CIRCLE('',#946,0.0023);
#122=CIRCLE('',#947,0.0023);
#123=CIRCLE('',#949,0.0023);
#124=CIRCLE('',#950,0.0023);
#125=CIRCLE('',#963,0.0055);
#126=CIRCLE('',#964,0.0055);
#127=CIRCLE('',#965,0.003);
#128=CIRCLE('',#966,0.003);
#129=CIRCLE('',#967,0.003);
#130=CIRCLE('',#968,0.003);
#131=CIRCLE('',#970,0.0055);
#132=CIRCLE('',#971,0.0055);
#133=CIRCLE('',#973,0.0015);
#134=CIRCLE('',#974,0.0015);
#135=CIRCLE('',#976,0.003);
#136=CIRCLE('',#980,0.0015);
#137=CIRCLE('',#981,0.0015);
#138=CIRCLE('',#983,0.003);
#139=CIRCLE('',#987,0.0015);
#140=CIRCLE('',#988,0.0015);
#141=CIRCLE('',#990,0.003);
#142=CIRCLE('',#994,0.003);
#143=CIRCLE('',#996,0.0015);
#144=CIRCLE('',#997,0.0015);
#145=CIRCLE('',#1001,0.0039);
#146=CIRCLE('',#1004,0.0039);
#147=ORIENTED_EDGE('',*,*,#399,.T.);
#148=ORIENTED_EDGE('',*,*,#400,.T.);
#149=ORIENTED_EDGE('',*,*,#401,.F.);
#150=ORIENTED_EDGE('',*,*,#402,.T.);
#151=ORIENTED_EDGE('',*,*,#403,.F.);
#152=ORIENTED_EDGE('',*,*,#404,.F.);
#153=ORIENTED_EDGE('',*,*,#402,.F.);
#154=ORIENTED_EDGE('',*,*,#405,.T.);
#155=ORIENTED_EDGE('',*,*,#406,.T.);
#156=ORIENTED_EDGE('',*,*,#407,.T.);
#157=ORIENTED_EDGE('',*,*,#408,.T.);
#158=ORIENTED_EDGE('',*,*,#409,.T.);
#159=ORIENTED_EDGE('',*,*,#410,.F.);
#160=ORIENTED_EDGE('',*,*,#411,.T.);
#161=ORIENTED_EDGE('',*,*,#412,.T.);
#162=ORIENTED_EDGE('',*,*,#413,.T.);
#163=ORIENTED_EDGE('',*,*,#414,.T.);
#164=ORIENTED_EDGE('',*,*,#415,.F.);
#165=ORIENTED_EDGE('',*,*,#416,.F.);
#166=ORIENTED_EDGE('',*,*,#417,.F.);
#167=ORIENTED_EDGE('',*,*,#418,.F.);
#168=ORIENTED_EDGE('',*,*,#419,.T.);
#169=ORIENTED_EDGE('',*,*,#420,.F.);
#170=ORIENTED_EDGE('',*,*,#421,.F.);
#171=ORIENTED_EDGE('',*,*,#422,.T.);
#172=ORIENTED_EDGE('',*,*,#423,.F.);
#173=ORIENTED_EDGE('',*,*,#420,.T.);
#174=ORIENTED_EDGE('',*,*,#424,.T.);
#175=ORIENTED_EDGE('',*,*,#418,.T.);
#176=ORIENTED_EDGE('',*,*,#425,.T.);
#177=ORIENTED_EDGE('',*,*,#426,.F.);
#178=ORIENTED_EDGE('',*,*,#414,.F.);
#179=ORIENTED_EDGE('',*,*,#427,.T.);
#180=ORIENTED_EDGE('',*,*,#412,.F.);
#181=ORIENTED_EDGE('',*,*,#428,.F.);
#182=ORIENTED_EDGE('',*,*,#429,.F.);
#183=ORIENTED_EDGE('',*,*,#430,.T.);
#184=ORIENTED_EDGE('',*,*,#431,.T.);
#185=ORIENTED_EDGE('',*,*,#432,.T.);
#186=ORIENTED_EDGE('',*,*,#433,.T.);
#187=ORIENTED_EDGE('',*,*,#434,.T.);
#188=ORIENTED_EDGE('',*,*,#435,.F.);
#189=ORIENTED_EDGE('',*,*,#436,.T.);
#190=ORIENTED_EDGE('',*,*,#437,.T.);
#191=ORIENTED_EDGE('',*,*,#438,.T.);
#192=ORIENTED_EDGE('',*,*,#439,.F.);
#193=ORIENTED_EDGE('',*,*,#440,.T.);
#194=ORIENTED_EDGE('',*,*,#441,.T.);
#195=ORIENTED_EDGE('',*,*,#442,.T.);
#196=ORIENTED_EDGE('',*,*,#443,.T.);
#197=ORIENTED_EDGE('',*,*,#429,.T.);
#198=ORIENTED_EDGE('',*,*,#444,.T.);
#199=ORIENTED_EDGE('',*,*,#445,.F.);
#200=ORIENTED_EDGE('',*,*,#446,.T.);
#201=ORIENTED_EDGE('',*,*,#447,.T.);
#202=ORIENTED_EDGE('',*,*,#448,.T.);
#203=ORIENTED_EDGE('',*,*,#449,.T.);
#204=ORIENTED_EDGE('',*,*,#450,.F.);
#205=ORIENTED_EDGE('',*,*,#451,.T.);
#206=ORIENTED_EDGE('',*,*,#452,.T.);
#207=ORIENTED_EDGE('',*,*,#453,.T.);
#208=ORIENTED_EDGE('',*,*,#454,.T.);
#209=ORIENTED_EDGE('',*,*,#455,.T.);
#210=ORIENTED_EDGE('',*,*,#415,.T.);
#211=ORIENTED_EDGE('',*,*,#456,.T.);
#212=ORIENTED_EDGE('',*,*,#457,.F.);
#213=ORIENTED_EDGE('',*,*,#458,.T.);
#214=ORIENTED_EDGE('',*,*,#459,.T.);
#215=ORIENTED_EDGE('',*,*,#457,.T.);
#216=ORIENTED_EDGE('',*,*,#460,.T.);
#217=ORIENTED_EDGE('',*,*,#421,.T.);
#218=ORIENTED_EDGE('',*,*,#461,.T.);
#219=ORIENTED_EDGE('',*,*,#462,.T.);
#220=ORIENTED_EDGE('',*,*,#463,.F.);
#221=ORIENTED_EDGE('',*,*,#464,.T.);
#222=ORIENTED_EDGE('',*,*,#423,.T.);
#223=ORIENTED_EDGE('',*,*,#465,.T.);
#224=ORIENTED_EDGE('',*,*,#466,.T.);
#225=ORIENTED_EDGE('',*,*,#467,.T.);
#226=ORIENTED_EDGE('',*,*,#468,.T.);
#227=ORIENTED_EDGE('',*,*,#417,.T.);
#228=ORIENTED_EDGE('',*,*,#469,.F.);
#229=ORIENTED_EDGE('',*,*,#470,.F.);
#230=ORIENTED_EDGE('',*,*,#438,.F.);
#231=ORIENTED_EDGE('',*,*,#471,.F.);
#232=ORIENTED_EDGE('',*,*,#462,.F.);
#233=ORIENTED_EDGE('',*,*,#472,.T.);
#234=ORIENTED_EDGE('',*,*,#448,.F.);
#235=ORIENTED_EDGE('',*,*,#473,.F.);
#236=ORIENTED_EDGE('',*,*,#447,.F.);
#237=ORIENTED_EDGE('',*,*,#474,.T.);
#238=ORIENTED_EDGE('',*,*,#458,.F.);
#239=ORIENTED_EDGE('',*,*,#473,.T.);
#240=ORIENTED_EDGE('',*,*,#475,.F.);
#241=ORIENTED_EDGE('',*,*,#459,.F.);
#242=ORIENTED_EDGE('',*,*,#474,.F.);
#243=ORIENTED_EDGE('',*,*,#476,.F.);
#244=ORIENTED_EDGE('',*,*,#416,.T.);
#245=ORIENTED_EDGE('',*,*,#475,.T.);
#246=ORIENTED_EDGE('',*,*,#477,.F.);
#247=ORIENTED_EDGE('',*,*,#478,.F.);
#248=ORIENTED_EDGE('',*,*,#466,.F.);
#249=ORIENTED_EDGE('',*,*,#477,.T.);
#250=ORIENTED_EDGE('',*,*,#476,.T.);
#251=ORIENTED_EDGE('',*,*,#446,.F.);
#252=ORIENTED_EDGE('',*,*,#479,.F.);
#253=ORIENTED_EDGE('',*,*,#449,.F.);
#254=ORIENTED_EDGE('',*,*,#480,.F.);
#255=ORIENTED_EDGE('',*,*,#425,.F.);
#256=ORIENTED_EDGE('',*,*,#464,.F.);
#257=ORIENTED_EDGE('',*,*,#472,.F.);
#258=ORIENTED_EDGE('',*,*,#461,.F.);
#259=ORIENTED_EDGE('',*,*,#426,.T.);
#260=ORIENTED_EDGE('',*,*,#480,.T.);
#261=ORIENTED_EDGE('',*,*,#481,.F.);
#262=ORIENTED_EDGE('',*,*,#465,.F.);
#263=ORIENTED_EDGE('',*,*,#482,.F.);
#264=ORIENTED_EDGE('',*,*,#440,.F.);
#265=ORIENTED_EDGE('',*,*,#482,.T.);
#266=ORIENTED_EDGE('',*,*,#422,.F.);
#267=ORIENTED_EDGE('',*,*,#483,.F.);
#268=ORIENTED_EDGE('',*,*,#441,.F.);
#269=ORIENTED_EDGE('',*,*,#483,.T.);
#270=ORIENTED_EDGE('',*,*,#460,.F.);
#271=ORIENTED_EDGE('',*,*,#484,.F.);
#272=ORIENTED_EDGE('',*,*,#442,.F.);
#273=ORIENTED_EDGE('',*,*,#484,.T.);
#274=ORIENTED_EDGE('',*,*,#456,.F.);
#275=ORIENTED_EDGE('',*,*,#430,.F.);
#276=ORIENTED_EDGE('',*,*,#443,.F.);
#277=ORIENTED_EDGE('',*,*,#485,.F.);
#278=ORIENTED_EDGE('',*,*,#444,.F.);
#279=ORIENTED_EDGE('',*,*,#428,.T.);
#280=ORIENTED_EDGE('',*,*,#468,.F.);
#281=ORIENTED_EDGE('',*,*,#486,.F.);
#282=ORIENTED_EDGE('',*,*,#487,.T.);
#283=ORIENTED_EDGE('',*,*,#488,.T.);
#284=ORIENTED_EDGE('',*,*,#407,.F.);
#285=ORIENTED_EDGE('',*,*,#488,.F.);
#286=ORIENTED_EDGE('',*,*,#489,.T.);
#287=ORIENTED_EDGE('',*,*,#490,.T.);
#288=ORIENTED_EDGE('',*,*,#408,.F.);
#289=ORIENTED_EDGE('',*,*,#490,.F.);
#290=ORIENTED_EDGE('',*,*,#491,.T.);
#291=ORIENTED_EDGE('',*,*,#492,.T.);
#292=ORIENTED_EDGE('',*,*,#409,.F.);
#293=ORIENTED_EDGE('',*,*,#493,.F.);
#294=ORIENTED_EDGE('',*,*,#410,.T.);
#295=ORIENTED_EDGE('',*,*,#492,.F.);
#296=ORIENTED_EDGE('',*,*,#494,.T.);
#297=ORIENTED_EDGE('',*,*,#406,.F.);
#298=ORIENTED_EDGE('',*,*,#495,.T.);
#299=ORIENTED_EDGE('',*,*,#496,.T.);
#300=ORIENTED_EDGE('',*,*,#486,.T.);
#301=ORIENTED_EDGE('',*,*,#497,.F.);
#302=ORIENTED_EDGE('',*,*,#455,.F.);
#303=ORIENTED_EDGE('',*,*,#498,.F.);
#304=ORIENTED_EDGE('',*,*,#496,.F.);
#305=ORIENTED_EDGE('',*,*,#498,.T.);
#306=ORIENTED_EDGE('',*,*,#454,.F.);
#307=ORIENTED_EDGE('',*,*,#499,.F.);
#308=ORIENTED_EDGE('',*,*,#487,.F.);
#309=ORIENTED_EDGE('',*,*,#499,.T.);
#310=ORIENTED_EDGE('',*,*,#453,.F.);
#311=ORIENTED_EDGE('',*,*,#500,.F.);
#312=ORIENTED_EDGE('',*,*,#489,.F.);
#313=ORIENTED_EDGE('',*,*,#500,.T.);
#314=ORIENTED_EDGE('',*,*,#452,.F.);
#315=ORIENTED_EDGE('',*,*,#501,.F.);
#316=ORIENTED_EDGE('',*,*,#491,.F.);
#317=ORIENTED_EDGE('',*,*,#502,.F.);
#318=ORIENTED_EDGE('',*,*,#494,.F.);
#319=ORIENTED_EDGE('',*,*,#501,.T.);
#320=ORIENTED_EDGE('',*,*,#451,.F.);
#321=ORIENTED_EDGE('',*,*,#404,.T.);
#322=ORIENTED_EDGE('',*,*,#503,.T.);
#323=ORIENTED_EDGE('',*,*,#435,.T.);
#324=ORIENTED_EDGE('',*,*,#470,.T.);
#325=ORIENTED_EDGE('',*,*,#504,.T.);
#326=ORIENTED_EDGE('',*,*,#399,.F.);
#327=ORIENTED_EDGE('',*,*,#505,.F.);
#328=ORIENTED_EDGE('',*,*,#506,.F.);
#329=ORIENTED_EDGE('',*,*,#507,.F.);
#330=ORIENTED_EDGE('',*,*,#508,.F.);
#331=ORIENTED_EDGE('',*,*,#437,.F.);
#332=ORIENTED_EDGE('',*,*,#509,.F.);
#333=ORIENTED_EDGE('',*,*,#411,.F.);
#334=ORIENTED_EDGE('',*,*,#493,.T.);
#335=ORIENTED_EDGE('',*,*,#502,.T.);
#336=ORIENTED_EDGE('',*,*,#450,.T.);
#337=ORIENTED_EDGE('',*,*,#479,.T.);
#338=ORIENTED_EDGE('',*,*,#463,.T.);
#339=ORIENTED_EDGE('',*,*,#481,.T.);
#340=ORIENTED_EDGE('',*,*,#439,.T.);
#341=ORIENTED_EDGE('',*,*,#485,.T.);
#342=ORIENTED_EDGE('',*,*,#467,.F.);
#343=ORIENTED_EDGE('',*,*,#478,.T.);
#344=ORIENTED_EDGE('',*,*,#445,.T.);
#345=ORIENTED_EDGE('',*,*,#497,.T.);
#346=ORIENTED_EDGE('',*,*,#495,.F.);
#347=ORIENTED_EDGE('',*,*,#405,.F.);
#348=ORIENTED_EDGE('',*,*,#401,.T.);
#349=ORIENTED_EDGE('',*,*,#510,.F.);
#350=ORIENTED_EDGE('',*,*,#471,.T.);
#351=ORIENTED_EDGE('',*,*,#433,.F.);
#352=ORIENTED_EDGE('',*,*,#431,.F.);
#353=ORIENTED_EDGE('',*,*,#511,.T.);
#354=ORIENTED_EDGE('',*,*,#512,.F.);
#355=ORIENTED_EDGE('',*,*,#513,.F.);
#356=ORIENTED_EDGE('',*,*,#508,.T.);
#357=ORIENTED_EDGE('',*,*,#511,.F.);
#358=ORIENTED_EDGE('',*,*,#513,.T.);
#359=ORIENTED_EDGE('',*,*,#512,.T.);
#360=ORIENTED_EDGE('',*,*,#514,.T.);
#361=ORIENTED_EDGE('',*,*,#515,.F.);
#362=ORIENTED_EDGE('',*,*,#516,.F.);
#363=ORIENTED_EDGE('',*,*,#507,.T.);
#364=ORIENTED_EDGE('',*,*,#514,.F.);
#365=ORIENTED_EDGE('',*,*,#516,.T.);
#366=ORIENTED_EDGE('',*,*,#515,.T.);
#367=ORIENTED_EDGE('',*,*,#517,.T.);
#368=ORIENTED_EDGE('',*,*,#518,.F.);
#369=ORIENTED_EDGE('',*,*,#519,.F.);
#370=ORIENTED_EDGE('',*,*,#506,.T.);
#371=ORIENTED_EDGE('',*,*,#517,.F.);
#372=ORIENTED_EDGE('',*,*,#519,.T.);
#373=ORIENTED_EDGE('',*,*,#518,.T.);
#374=ORIENTED_EDGE('',*,*,#520,.F.);
#375=ORIENTED_EDGE('',*,*,#505,.T.);
#376=ORIENTED_EDGE('',*,*,#521,.T.);
#377=ORIENTED_EDGE('',*,*,#522,.F.);
#378=ORIENTED_EDGE('',*,*,#520,.T.);
#379=ORIENTED_EDGE('',*,*,#521,.F.);
#380=ORIENTED_EDGE('',*,*,#522,.T.);
#381=ORIENTED_EDGE('',*,*,#523,.F.);
#382=ORIENTED_EDGE('',*,*,#424,.F.);
#383=ORIENTED_EDGE('',*,*,#419,.F.);
#384=ORIENTED_EDGE('',*,*,#434,.F.);
#385=ORIENTED_EDGE('',*,*,#523,.T.);
#386=ORIENTED_EDGE('',*,*,#524,.F.);
#387=ORIENTED_EDGE('',*,*,#427,.F.);
#388=ORIENTED_EDGE('',*,*,#413,.F.);
#389=ORIENTED_EDGE('',*,*,#432,.F.);
#390=ORIENTED_EDGE('',*,*,#524,.T.);
#391=ORIENTED_EDGE('',*,*,#504,.F.);
#392=ORIENTED_EDGE('',*,*,#469,.T.);
#393=ORIENTED_EDGE('',*,*,#510,.T.);
#394=ORIENTED_EDGE('',*,*,#400,.F.);
#395=ORIENTED_EDGE('',*,*,#503,.F.);
#396=ORIENTED_EDGE('',*,*,#403,.T.);
#397=ORIENTED_EDGE('',*,*,#509,.T.);
#398=ORIENTED_EDGE('',*,*,#436,.F.);
#399=EDGE_CURVE('',#525,#526,#611,.T.);
#400=EDGE_CURVE('',#526,#527,#612,.T.);
#401=EDGE_CURVE('',#528,#527,#613,.T.);
#402=EDGE_CURVE('',#528,#525,#614,.T.);
#403=EDGE_CURVE('',#529,#530,#615,.T.);
#404=EDGE_CURVE('',#525,#529,#616,.T.);
#405=EDGE_CURVE('',#528,#531,#617,.T.);
#406=EDGE_CURVE('',#531,#532,#618,.T.);
#407=EDGE_CURVE('',#532,#533,#119,.T.);
#408=EDGE_CURVE('',#533,#534,#619,.T.);
#409=EDGE_CURVE('',#534,#535,#120,.T.);
#410=EDGE_CURVE('',#536,#535,#620,.T.);
#411=EDGE_CURVE('',#536,#530,#621,.T.);
#412=EDGE_CURVE('',#537,#538,#30,.T.);
#413=EDGE_CURVE('',#538,#539,#31,.T.);
#414=EDGE_CURVE('',#539,#540,#32,.T.);
#415=EDGE_CURVE('',#541,#540,#33,.F.);
#416=EDGE_CURVE('',#542,#541,#34,.F.);
#417=EDGE_CURVE('',#537,#542,#35,.T.);
#418=EDGE_CURVE('',#543,#544,#36,.F.);
#419=EDGE_CURVE('',#543,#545,#37,.T.);
#420=EDGE_CURVE('',#546,#545,#38,.F.);
#421=EDGE_CURVE('',#547,#546,#39,.F.);
#422=EDGE_CURVE('',#547,#548,#40,.T.);
#423=EDGE_CURVE('',#544,#548,#41,.T.);
#424=EDGE_CURVE('',#545,#543,#42,.T.);
#425=EDGE_CURVE('',#544,#549,#43,.F.);
#426=EDGE_CURVE('',#546,#549,#44,.T.);
#427=EDGE_CURVE('',#539,#538,#45,.T.);
#428=EDGE_CURVE('',#550,#537,#46,.T.);
#429=EDGE_CURVE('',#551,#550,#47,.T.);
#430=EDGE_CURVE('',#551,#540,#48,.T.);
#431=EDGE_CURVE('',#552,#552,#121,.F.);
#432=EDGE_CURVE('',#553,#553,#122,.T.);
#433=EDGE_CURVE('',#554,#554,#123,.F.);
#434=EDGE_CURVE('',#555,#555,#124,.T.);
#435=EDGE_CURVE('',#556,#557,#622,.T.);
#436=EDGE_CURVE('',#556,#558,#623,.T.);
#437=EDGE_CURVE('',#558,#559,#624,.T.);
#438=EDGE_CURVE('',#559,#557,#625,.T.);
#439=EDGE_CURVE('',#560,#561,#626,.T.);
#440=EDGE_CURVE('',#560,#562,#49,.T.);
#441=EDGE_CURVE('',#562,#563,#50,.T.);
#442=EDGE_CURVE('',#563,#564,#51,.T.);
#443=EDGE_CURVE('',#564,#551,#52,.T.);
#444=EDGE_CURVE('',#550,#561,#53,.T.);
#445=EDGE_CURVE('',#565,#566,#627,.T.);
#446=EDGE_CURVE('',#565,#567,#54,.T.);
#447=EDGE_CURVE('',#567,#568,#55,.T.);
#448=EDGE_CURVE('',#568,#569,#56,.T.);
#449=EDGE_CURVE('',#569,#570,#57,.T.);
#450=EDGE_CURVE('',#571,#570,#628,.T.);
#451=EDGE_CURVE('',#571,#572,#58,.T.);
#452=EDGE_CURVE('',#572,#573,#59,.T.);
#453=EDGE_CURVE('',#573,#574,#60,.T.);
#454=EDGE_CURVE('',#574,#575,#61,.T.);
#455=EDGE_CURVE('',#575,#566,#62,.T.);
#456=EDGE_CURVE('',#540,#576,#63,.T.);
#457=EDGE_CURVE('',#577,#576,#629,.T.);
#458=EDGE_CURVE('',#577,#578,#64,.T.);
#459=EDGE_CURVE('',#578,#541,#65,.T.);
#460=EDGE_CURVE('',#576,#547,#66,.T.);
#461=EDGE_CURVE('',#546,#579,#67,.T.);
#462=EDGE_CURVE('',#579,#577,#68,.T.);
#463=EDGE_CURVE('',#580,#581,#630,.T.);
#464=EDGE_CURVE('',#580,#544,#69,.T.);
#465=EDGE_CURVE('',#548,#581,#70,.T.);
#466=EDGE_CURVE('',#542,#582,#71,.T.);
#467=EDGE_CURVE('',#582,#583,#631,.T.);
#468=EDGE_CURVE('',#583,#537,#72,.T.);
#469=EDGE_CURVE('',#584,#585,#632,.T.);
#470=EDGE_CURVE('',#557,#584,#633,.T.);
#471=EDGE_CURVE('',#585,#559,#634,.T.);
#472=EDGE_CURVE('',#579,#569,#73,.T.);
#473=EDGE_CURVE('',#577,#568,#74,.F.);
#474=EDGE_CURVE('',#567,#578,#75,.T.);
#475=EDGE_CURVE('',#541,#586,#76,.F.);
#476=EDGE_CURVE('',#586,#567,#77,.T.);
#477=EDGE_CURVE('',#542,#586,#78,.T.);
#478=EDGE_CURVE('',#582,#565,#79,.T.);
#479=EDGE_CURVE('',#570,#580,#80,.T.);
#480=EDGE_CURVE('',#549,#569,#81,.F.);
#481=EDGE_CURVE('',#581,#560,#82,.T.);
#482=EDGE_CURVE('',#562,#548,#83,.F.);
#483=EDGE_CURVE('',#563,#547,#84,.F.);
#484=EDGE_CURVE('',#564,#576,#85,.F.);
#485=EDGE_CURVE('',#561,#583,#86,.T.);
#486=EDGE_CURVE('',#587,#532,#635,.T.);
#487=EDGE_CURVE('',#587,#588,#87,.T.);
#488=EDGE_CURVE('',#588,#533,#636,.T.);
#489=EDGE_CURVE('',#588,#589,#88,.T.);
#490=EDGE_CURVE('',#589,#534,#637,.T.);
#491=EDGE_CURVE('',#589,#590,#89,.T.);
#492=EDGE_CURVE('',#590,#535,#638,.T.);
#493=EDGE_CURVE('',#536,#591,#639,.T.);
#494=EDGE_CURVE('',#590,#591,#90,.T.);
#495=EDGE_CURVE('',#531,#592,#640,.T.);
#496=EDGE_CURVE('',#592,#587,#91,.T.);
#497=EDGE_CURVE('',#566,#592,#92,.T.);
#498=EDGE_CURVE('',#587,#575,#93,.F.);
#499=EDGE_CURVE('',#588,#574,#94,.T.);
#500=EDGE_CURVE('',#589,#573,#95,.F.);
#501=EDGE_CURVE('',#590,#572,#96,.T.);
#502=EDGE_CURVE('',#591,#571,#97,.T.);
#503=EDGE_CURVE('',#529,#556,#125,.T.);
#504=EDGE_CURVE('',#584,#526,#126,.T.);
#505=EDGE_CURVE('',#593,#593,#127,.F.);
#506=EDGE_CURVE('',#594,#594,#128,.F.);
#507=EDGE_CURVE('',#595,#595,#129,.F.);
#508=EDGE_CURVE('',#596,#596,#130,.F.);
#509=EDGE_CURVE('',#530,#558,#131,.T.);
#510=EDGE_CURVE('',#585,#527,#132,.T.);
#511=EDGE_CURVE('',#597,#597,#133,.T.);
#512=EDGE_CURVE('',#598,#598,#134,.T.);
#513=EDGE_CURVE('',#599,#599,#135,.T.);
#514=EDGE_CURVE('',#600,#600,#136,.T.);
#515=EDGE_CURVE('',#601,#601,#137,.T.);
#516=EDGE_CURVE('',#602,#602,#138,.T.);
#517=EDGE_CURVE('',#603,#603,#139,.T.);
#518=EDGE_CURVE('',#604,#604,#140,.T.);
#519=EDGE_CURVE('',#605,#605,#141,.T.);
#520=EDGE_CURVE('',#606,#606,#142,.T.);
#521=EDGE_CURVE('',#607,#607,#143,.T.);
#522=EDGE_CURVE('',#608,#608,#144,.T.);
#523=EDGE_CURVE('',#609,#609,#145,.T.);
#524=EDGE_CURVE('',#610,#610,#146,.T.);
#525=VERTEX_POINT('',#1177);
#526=VERTEX_POINT('',#1178);
#527=VERTEX_POINT('',#1180);
#528=VERTEX_POINT('',#1182);
#529=VERTEX_POINT('',#1186);
#530=VERTEX_POINT('',#1187);
#531=VERTEX_POINT('',#1190);
#532=VERTEX_POINT('',#1192);
#533=VERTEX_POINT('',#1194);
#534=VERTEX_POINT('',#1196);
#535=VERTEX_POINT('',#1198);
#536=VERTEX_POINT('',#1200);
#537=VERTEX_POINT('',#1214);
#538=VERTEX_POINT('',#1215);
#539=VERTEX_POINT('',#1230);
#540=VERTEX_POINT('',#1235);
#541=VERTEX_POINT('',#1240);
#542=VERTEX_POINT('',#1280);
#543=VERTEX_POINT('',#1305);
#544=VERTEX_POINT('',#1306);
#545=VERTEX_POINT('',#1314);
#546=VERTEX_POINT('',#1319);
#547=VERTEX_POINT('',#1324);
#548=VERTEX_POINT('',#1329);
#549=VERTEX_POINT('',#2178);
#550=VERTEX_POINT('',#2245);
#551=VERTEX_POINT('',#2255);
#552=VERTEX_POINT('',#2262);
#553=VERTEX_POINT('',#2264);
#554=VERTEX_POINT('',#2267);
#555=VERTEX_POINT('',#2269);
#556=VERTEX_POINT('',#2272);
#557=VERTEX_POINT('',#2273);
#558=VERTEX_POINT('',#2275);
#559=VERTEX_POINT('',#2277);
#560=VERTEX_POINT('',#2281);
#561=VERTEX_POINT('',#2282);
#562=VERTEX_POINT('',#2287);
#563=VERTEX_POINT('',#2297);
#564=VERTEX_POINT('',#2317);
#565=VERTEX_POINT('',#2343);
#566=VERTEX_POINT('',#2344);
#567=VERTEX_POINT('',#2349);
#568=VERTEX_POINT('',#2374);
#569=VERTEX_POINT('',#2399);
#570=VERTEX_POINT('',#2404);
#571=VERTEX_POINT('',#2406);
#572=VERTEX_POINT('',#2411);
#573=VERTEX_POINT('',#2419);
#574=VERTEX_POINT('',#2424);
#575=VERTEX_POINT('',#2432);
#576=VERTEX_POINT('',#2449);
#577=VERTEX_POINT('',#2451);
#578=VERTEX_POINT('',#2456);
#579=VERTEX_POINT('',#2477);
#580=VERTEX_POINT('',#2484);
#581=VERTEX_POINT('',#2485);
#582=VERTEX_POINT('',#2499);
#583=VERTEX_POINT('',#2501);
#584=VERTEX_POINT('',#2508);
#585=VERTEX_POINT('',#2509);
#586=VERTEX_POINT('',#2635);
#587=VERTEX_POINT('',#3675);
#588=VERTEX_POINT('',#3681);
#589=VERTEX_POINT('',#3688);
#590=VERTEX_POINT('',#3696);
#591=VERTEX_POINT('',#3700);
#592=VERTEX_POINT('',#3707);
#593=VERTEX_POINT('',#3802);
#594=VERTEX_POINT('',#3804);
#595=VERTEX_POINT('',#3806);
#596=VERTEX_POINT('',#3808);
#597=VERTEX_POINT('',#3814);
#598=VERTEX_POINT('',#3816);
#599=VERTEX_POINT('',#3819);
#600=VERTEX_POINT('',#3824);
#601=VERTEX_POINT('',#3826);
#602=VERTEX_POINT('',#3829);
#603=VERTEX_POINT('',#3834);
#604=VERTEX_POINT('',#3836);
#605=VERTEX_POINT('',#3839);
#606=VERTEX_POINT('',#3844);
#607=VERTEX_POINT('',#3847);
#608=VERTEX_POINT('',#3849);
#609=VERTEX_POINT('',#3854);
#610=VERTEX_POINT('',#3858);
#611=LINE('',#1176,#641);
#612=LINE('',#1179,#642);
#613=LINE('',#1181,#643);
#614=LINE('',#1183,#644);
#615=LINE('',#1185,#645);
#616=LINE('',#1188,#646);
#617=LINE('',#1189,#647);
#618=LINE('',#1191,#648);
#619=LINE('',#1195,#649);
#620=LINE('',#1199,#650);
#621=LINE('',#1201,#651);
#622=LINE('',#2271,#652);
#623=LINE('',#2274,#653);
#624=LINE('',#2276,#654);
#625=LINE('',#2278,#655);
#626=LINE('',#2280,#656);
#627=LINE('',#2342,#657);
#628=LINE('',#2405,#658);
#629=LINE('',#2450,#659);
#630=LINE('',#2483,#660);
#631=LINE('',#2500,#661);
#632=LINE('',#2507,#662);
#633=LINE('',#2510,#663);
#634=LINE('',#2511,#664);
#635=LINE('',#3674,#665);
#636=LINE('',#3682,#666);
#637=LINE('',#3689,#667);
#638=LINE('',#3697,#668);
#639=LINE('',#3699,#669);
#640=LINE('',#3706,#670);
#641=VECTOR('',#1012,1.);
#642=VECTOR('',#1013,1.);
#643=VECTOR('',#1014,1.);
#644=VECTOR('',#1015,1.);
#645=VECTOR('',#1018,1.);
#646=VECTOR('',#1019,1.);
#647=VECTOR('',#1020,1.);
#648=VECTOR('',#1021,1.);
#649=VECTOR('',#1024,1.);
#650=VECTOR('',#1027,1.);
#651=VECTOR('',#1028,1.);
#652=VECTOR('',#1043,1.);
#653=VECTOR('',#1044,1.);
#654=VECTOR('',#1045,1.);
#655=VECTOR('',#1046,1.);
#656=VECTOR('',#1049,1.);
#657=VECTOR('',#1052,1.);
#658=VECTOR('',#1053,1.);
#659=VECTOR('',#1054,1.);
#660=VECTOR('',#1057,1.);
#661=VECTOR('',#1060,1.);
#662=VECTOR('',#1063,1.);
#663=VECTOR('',#1064,1.);
#664=VECTOR('',#1065,1.);
#665=VECTOR('',#1068,1.);
#666=VECTOR('',#1069,1.);
#667=VECTOR('',#1072,1.);
#668=VECTOR('',#1075,1.);
#669=VECTOR('',#1078,1.);
#670=VECTOR('',#1081,1.);
#671=EDGE_LOOP('',(#147,#148,#149,#150));
#672=EDGE_LOOP('',(#151,#152,#153,#154,#155,#156,#157,#158,#159,#160));
#673=EDGE_LOOP('',(#161,#162,#163,#164,#165,#166));
#674=EDGE_LOOP('',(#167,#168,#169,#170,#171,#172));
#675=EDGE_LOOP('',(#173,#174,#175,#176,#177));
#676=EDGE_LOOP('',(#178,#179,#180,#181,#182,#183));
#677=EDGE_LOOP('',(#184));
#678=EDGE_LOOP('',(#185));
#679=EDGE_LOOP('',(#186));
#680=EDGE_LOOP('',(#187));
#681=EDGE_LOOP('',(#188,#189,#190,#191));
#682=EDGE_LOOP('',(#192,#193,#194,#195,#196,#197,#198));
#683=EDGE_LOOP('',(#199,#200,#201,#202,#203,#204,#205,#206,#207,#208,#209));
#684=EDGE_LOOP('',(#210,#211,#212,#213,#214));
#685=EDGE_LOOP('',(#215,#216,#217,#218,#219));
#686=EDGE_LOOP('',(#220,#221,#222,#223));
#687=EDGE_LOOP('',(#224,#225,#226,#227));
#688=EDGE_LOOP('',(#228,#229,#230,#231));
#689=EDGE_LOOP('',(#232,#233,#234,#235));
#690=EDGE_LOOP('',(#236,#237,#238,#239));
#691=EDGE_LOOP('',(#240,#241,#242,#243));
#692=EDGE_LOOP('',(#244,#245,#246));
#693=EDGE_LOOP('',(#247,#248,#249,#250,#251));
#694=EDGE_LOOP('',(#252,#253,#254,#255,#256));
#695=EDGE_LOOP('',(#257,#258,#259,#260));
#696=EDGE_LOOP('',(#261,#262,#263,#264));
#697=EDGE_LOOP('',(#265,#266,#267,#268));
#698=EDGE_LOOP('',(#269,#270,#271,#272));
#699=EDGE_LOOP('',(#273,#274,#275,#276));
#700=EDGE_LOOP('',(#277,#278,#279,#280));
#701=EDGE_LOOP('',(#281,#282,#283,#284));
#702=EDGE_LOOP('',(#285,#286,#287,#288));
#703=EDGE_LOOP('',(#289,#290,#291,#292));
#704=EDGE_LOOP('',(#293,#294,#295,#296));
#705=EDGE_LOOP('',(#297,#298,#299,#300));
#706=EDGE_LOOP('',(#301,#302,#303,#304));
#707=EDGE_LOOP('',(#305,#306,#307,#308));
#708=EDGE_LOOP('',(#309,#310,#311,#312));
#709=EDGE_LOOP('',(#313,#314,#315,#316));
#710=EDGE_LOOP('',(#317,#318,#319,#320));
#711=EDGE_LOOP('',(#321,#322,#323,#324,#325,#326));
#712=EDGE_LOOP('',(#327));
#713=EDGE_LOOP('',(#328));
#714=EDGE_LOOP('',(#329));
#715=EDGE_LOOP('',(#330));
#716=EDGE_LOOP('',(#331,#332,#333,#334,#335,#336,#337,#338,#339,#340,#341,
#342,#343,#344,#345,#346,#347,#348,#349,#350));
#717=EDGE_LOOP('',(#351));
#718=EDGE_LOOP('',(#352));
#719=EDGE_LOOP('',(#353));
#720=EDGE_LOOP('',(#354));
#721=EDGE_LOOP('',(#355));
#722=EDGE_LOOP('',(#356));
#723=EDGE_LOOP('',(#357));
#724=EDGE_LOOP('',(#358));
#725=EDGE_LOOP('',(#359));
#726=EDGE_LOOP('',(#360));
#727=EDGE_LOOP('',(#361));
#728=EDGE_LOOP('',(#362));
#729=EDGE_LOOP('',(#363));
#730=EDGE_LOOP('',(#364));
#731=EDGE_LOOP('',(#365));
#732=EDGE_LOOP('',(#366));
#733=EDGE_LOOP('',(#367));
#734=EDGE_LOOP('',(#368));
#735=EDGE_LOOP('',(#369));
#736=EDGE_LOOP('',(#370));
#737=EDGE_LOOP('',(#371));
#738=EDGE_LOOP('',(#372));
#739=EDGE_LOOP('',(#373));
#740=EDGE_LOOP('',(#374));
#741=EDGE_LOOP('',(#375));
#742=EDGE_LOOP('',(#376));
#743=EDGE_LOOP('',(#377));
#744=EDGE_LOOP('',(#378));
#745=EDGE_LOOP('',(#379));
#746=EDGE_LOOP('',(#380));
#747=EDGE_LOOP('',(#381));
#748=EDGE_LOOP('',(#382,#383));
#749=EDGE_LOOP('',(#384));
#750=EDGE_LOOP('',(#385));
#751=EDGE_LOOP('',(#386));
#752=EDGE_LOOP('',(#387,#388));
#753=EDGE_LOOP('',(#389));
#754=EDGE_LOOP('',(#390));
#755=EDGE_LOOP('',(#391,#392,#393,#394));
#756=EDGE_LOOP('',(#395,#396,#397,#398));
#757=FACE_BOUND('',#671,.T.);
#758=FACE_BOUND('',#672,.T.);
#759=FACE_BOUND('',#673,.T.);
#760=FACE_BOUND('',#674,.T.);
#761=FACE_BOUND('',#675,.T.);
#762=FACE_BOUND('',#676,.T.);
#763=FACE_BOUND('',#677,.T.);
#764=FACE_BOUND('',#678,.T.);
#765=FACE_BOUND('',#679,.T.);
#766=FACE_BOUND('',#680,.T.);
#767=FACE_BOUND('',#681,.T.);
#768=FACE_BOUND('',#682,.T.);
#769=FACE_BOUND('',#683,.T.);
#770=FACE_BOUND('',#684,.T.);
#771=FACE_BOUND('',#685,.T.);
#772=FACE_BOUND('',#686,.T.);
#773=FACE_BOUND('',#687,.T.);
#774=FACE_BOUND('',#688,.T.);
#775=FACE_BOUND('',#689,.T.);
#776=FACE_BOUND('',#690,.T.);
#777=FACE_BOUND('',#691,.T.);
#778=FACE_BOUND('',#692,.T.);
#779=FACE_BOUND('',#693,.T.);
#780=FACE_BOUND('',#694,.T.);
#781=FACE_BOUND('',#695,.T.);
#782=FACE_BOUND('',#696,.T.);
#783=FACE_BOUND('',#697,.T.);
#784=FACE_BOUND('',#698,.T.);
#785=FACE_BOUND('',#699,.T.);
#786=FACE_BOUND('',#700,.T.);
#787=FACE_BOUND('',#701,.T.);
#788=FACE_BOUND('',#702,.T.);
#789=FACE_BOUND('',#703,.T.);
#790=FACE_BOUND('',#704,.T.);
#791=FACE_BOUND('',#705,.T.);
#792=FACE_BOUND('',#706,.T.);
#793=FACE_BOUND('',#707,.T.);
#794=FACE_BOUND('',#708,.T.);
#795=FACE_BOUND('',#709,.T.);
#796=FACE_BOUND('',#710,.T.);
#797=FACE_BOUND('',#711,.T.);
#798=FACE_BOUND('',#712,.T.);
#799=FACE_BOUND('',#713,.T.);
#800=FACE_BOUND('',#714,.T.);
#801=FACE_BOUND('',#715,.T.);
#802=FACE_BOUND('',#716,.T.);
#803=FACE_BOUND('',#717,.T.);
#804=FACE_BOUND('',#718,.T.);
#805=FACE_BOUND('',#719,.T.);
#806=FACE_BOUND('',#720,.T.);
#807=FACE_BOUND('',#721,.T.);
#808=FACE_BOUND('',#722,.T.);
#809=FACE_BOUND('',#723,.T.);
#810=FACE_BOUND('',#724,.T.);
#811=FACE_BOUND('',#725,.T.);
#812=FACE_BOUND('',#726,.T.);
#813=FACE_BOUND('',#727,.T.);
#814=FACE_BOUND('',#728,.T.);
#815=FACE_BOUND('',#729,.T.);
#816=FACE_BOUND('',#730,.T.);
#817=FACE_BOUND('',#731,.T.);
#818=FACE_BOUND('',#732,.T.);
#819=FACE_BOUND('',#733,.T.);
#820=FACE_BOUND('',#734,.T.);
#821=FACE_BOUND('',#735,.T.);
#822=FACE_BOUND('',#736,.T.);
#823=FACE_BOUND('',#737,.T.);
#824=FACE_BOUND('',#738,.T.);
#825=FACE_BOUND('',#739,.T.);
#826=FACE_BOUND('',#740,.T.);
#827=FACE_BOUND('',#741,.T.);
#828=FACE_BOUND('',#742,.T.);
#829=FACE_BOUND('',#743,.T.);
#830=FACE_BOUND('',#744,.T.);
#831=FACE_BOUND('',#745,.T.);
#832=FACE_BOUND('',#746,.T.);
#833=FACE_BOUND('',#747,.T.);
#834=FACE_BOUND('',#748,.T.);
#835=FACE_BOUND('',#749,.T.);
#836=FACE_BOUND('',#750,.T.);
#837=FACE_BOUND('',#751,.T.);
#838=FACE_BOUND('',#752,.T.);
#839=FACE_BOUND('',#753,.T.);
#840=FACE_BOUND('',#754,.T.);
#841=FACE_BOUND('',#755,.T.);
#842=FACE_BOUND('',#756,.T.);
#843=PLANE('',#941);
#844=PLANE('',#942);
#845=PLANE('',#951);
#846=PLANE('',#952);
#847=PLANE('',#953);
#848=PLANE('',#954);
#849=PLANE('',#955);
#850=PLANE('',#956);
#851=PLANE('',#958);
#852=PLANE('',#960);
#853=PLANE('',#961);
#854=PLANE('',#962);
#855=PLANE('',#969);
#856=PLANE('',#977);
#857=PLANE('',#978);
#858=PLANE('',#984);
#859=PLANE('',#985);
#860=PLANE('',#991);
#861=PLANE('',#992);
#862=PLANE('',#998);
#863=PLANE('',#999);
#864=PLANE('',#1002);
#865=PLANE('',#1005);
#866=ADVANCED_FACE('',(#757),#843,.T.);
#867=ADVANCED_FACE('',(#758),#844,.F.);
#868=ADVANCED_FACE('',(#759),#98,.T.);
#869=ADVANCED_FACE('',(#760),#99,.T.);
#870=ADVANCED_FACE('',(#761),#100,.T.);
#871=ADVANCED_FACE('',(#762),#101,.T.);
#872=ADVANCED_FACE('',(#763,#764),#14,.F.);
#873=ADVANCED_FACE('',(#765,#766),#15,.F.);
#874=ADVANCED_FACE('',(#767),#845,.F.);
#875=ADVANCED_FACE('',(#768),#846,.F.);
#876=ADVANCED_FACE('',(#769),#847,.T.);
#877=ADVANCED_FACE('',(#770),#102,.T.);
#878=ADVANCED_FACE('',(#771),#103,.T.);
#879=ADVANCED_FACE('',(#772),#848,.T.);
#880=ADVANCED_FACE('',(#773),#849,.F.);
#881=ADVANCED_FACE('',(#774),#850,.T.);
#882=ADVANCED_FACE('',(#775),#104,.T.);
#883=ADVANCED_FACE('',(#776),#105,.T.);
#884=ADVANCED_FACE('',(#777),#106,.T.);
#885=ADVANCED_FACE('',(#778),#107,.T.);
#886=ADVANCED_FACE('',(#779),#108,.T.);
#887=ADVANCED_FACE('',(#780),#109,.T.);
#888=ADVANCED_FACE('',(#781),#110,.T.);
#889=ADVANCED_FACE('',(#782),#111,.T.);
#890=ADVANCED_FACE('',(#783),#112,.T.);
#891=ADVANCED_FACE('',(#784),#113,.T.);
#892=ADVANCED_FACE('',(#785),#114,.T.);
#893=ADVANCED_FACE('',(#786),#115,.T.);
#894=ADVANCED_FACE('',(#787),#16,.F.);
#895=ADVANCED_FACE('',(#788),#851,.F.);
#896=ADVANCED_FACE('',(#789),#17,.F.);
#897=ADVANCED_FACE('',(#790),#852,.T.);
#898=ADVANCED_FACE('',(#791),#853,.F.);
#899=ADVANCED_FACE('',(#792),#116,.T.);
#900=ADVANCED_FACE('',(#793),#12,.T.);
#901=ADVANCED_FACE('',(#794),#117,.T.);
#902=ADVANCED_FACE('',(#795),#13,.T.);
#903=ADVANCED_FACE('',(#796),#118,.T.);
#904=ADVANCED_FACE('',(#797,#798,#799,#800,#801),#854,.F.);
#905=ADVANCED_FACE('',(#802,#803,#804),#855,.F.);
#906=ADVANCED_FACE('',(#805,#806),#18,.F.);
#907=ADVANCED_FACE('',(#807,#808),#19,.T.);
#908=ADVANCED_FACE('',(#809,#810),#856,.T.);
#909=ADVANCED_FACE('',(#811),#857,.F.);
#910=ADVANCED_FACE('',(#812,#813),#20,.F.);
#911=ADVANCED_FACE('',(#814,#815),#21,.T.);
#912=ADVANCED_FACE('',(#816,#817),#858,.T.);
#913=ADVANCED_FACE('',(#818),#859,.F.);
#914=ADVANCED_FACE('',(#819,#820),#22,.F.);
#915=ADVANCED_FACE('',(#821,#822),#23,.T.);
#916=ADVANCED_FACE('',(#823,#824),#860,.T.);
#917=ADVANCED_FACE('',(#825),#861,.F.);
#918=ADVANCED_FACE('',(#826,#827),#24,.T.);
#919=ADVANCED_FACE('',(#828,#829),#25,.F.);
#920=ADVANCED_FACE('',(#830,#831),#862,.T.);
#921=ADVANCED_FACE('',(#832),#863,.F.);
#922=ADVANCED_FACE('',(#833,#834),#26,.F.);
#923=ADVANCED_FACE('',(#835,#836),#864,.T.);
#924=ADVANCED_FACE('',(#837,#838),#27,.F.);
#925=ADVANCED_FACE('',(#839,#840),#865,.T.);
#926=ADVANCED_FACE('',(#841),#28,.T.);
#927=ADVANCED_FACE('',(#842),#29,.T.);
#928=CLOSED_SHELL('',(#866,#867,#868,#869,#870,#871,#872,#873,#874,#875,
#876,#877,#878,#879,#880,#881,#882,#883,#884,#885,#886,#887,#888,#889,#890,
#891,#892,#893,#894,#895,#896,#897,#898,#899,#900,#901,#902,#903,#904,#905,
#906,#907,#908,#909,#910,#911,#912,#913,#914,#915,#916,#917,#918,#919,#920,
#921,#922,#923,#924,#925,#926,#927));
#929=STYLED_ITEM('',(#930),#937);
#930=PRESENTATION_STYLE_ASSIGNMENT((#931));
#931=SURFACE_STYLE_USAGE(.BOTH.,#932);
#932=SURFACE_SIDE_STYLE('',(#933));
#933=SURFACE_STYLE_FILL_AREA(#934);
#934=FILL_AREA_STYLE('',(#935));
#935=FILL_AREA_STYLE_COLOUR('',#936);
#936=COLOUR_RGB('',0.615686274509804,0.811764705882353,0.929411764705882);
#937=MANIFOLD_SOLID_BREP('Part 1',#928);
#938=SHAPE_DEFINITION_REPRESENTATION(#3868,#939);
#939=SHAPE_REPRESENTATION('Part 1',(#940),#3863);
#940=AXIS2_PLACEMENT_3D('',#1174,#1008,#1009);
#941=AXIS2_PLACEMENT_3D('',#1175,#1010,#1011);
#942=AXIS2_PLACEMENT_3D('',#1184,#1016,#1017);
#943=AXIS2_PLACEMENT_3D('',#1193,#1022,#1023);
#944=AXIS2_PLACEMENT_3D('',#1197,#1025,#1026);
#945=AXIS2_PLACEMENT_3D('',#2260,#1029,#1030);
#946=AXIS2_PLACEMENT_3D('',#2261,#1031,#1032);
#947=AXIS2_PLACEMENT_3D('',#2263,#1033,#1034);
#948=AXIS2_PLACEMENT_3D('',#2265,#1035,#1036);
#949=AXIS2_PLACEMENT_3D('',#2266,#1037,#1038);
#950=AXIS2_PLACEMENT_3D('',#2268,#1039,#1040);
#951=AXIS2_PLACEMENT_3D('',#2270,#1041,#1042);
#952=AXIS2_PLACEMENT_3D('',#2279,#1047,#1048);
#953=AXIS2_PLACEMENT_3D('',#2341,#1050,#1051);
#954=AXIS2_PLACEMENT_3D('',#2482,#1055,#1056);
#955=AXIS2_PLACEMENT_3D('',#2494,#1058,#1059);
#956=AXIS2_PLACEMENT_3D('',#2506,#1061,#1062);
#957=AXIS2_PLACEMENT_3D('',#3673,#1066,#1067);
#958=AXIS2_PLACEMENT_3D('',#3683,#1070,#1071);
#959=AXIS2_PLACEMENT_3D('',#3690,#1073,#1074);
#960=AXIS2_PLACEMENT_3D('',#3698,#1076,#1077);
#961=AXIS2_PLACEMENT_3D('',#3705,#1079,#1080);
#962=AXIS2_PLACEMENT_3D('',#3798,#1082,#1083);
#963=AXIS2_PLACEMENT_3D('',#3799,#1084,#1085);
#964=AXIS2_PLACEMENT_3D('',#3800,#1086,#1087);
#965=AXIS2_PLACEMENT_3D('',#3801,#1088,#1089);
#966=AXIS2_PLACEMENT_3D('',#3803,#1090,#1091);
#967=AXIS2_PLACEMENT_3D('',#3805,#1092,#1093);
#968=AXIS2_PLACEMENT_3D('',#3807,#1094,#1095);
#969=AXIS2_PLACEMENT_3D('',#3809,#1096,#1097);
#970=AXIS2_PLACEMENT_3D('',#3810,#1098,#1099);
#971=AXIS2_PLACEMENT_3D('',#3811,#1100,#1101);
#972=AXIS2_PLACEMENT_3D('',#3812,#1102,#1103);
#973=AXIS2_PLACEMENT_3D('',#3813,#1104,#1105);
#974=AXIS2_PLACEMENT_3D('',#3815,#1106,#1107);
#975=AXIS2_PLACEMENT_3D('',#3817,#1108,#1109);
#976=AXIS2_PLACEMENT_3D('',#3818,#1110,#1111);
#977=AXIS2_PLACEMENT_3D('',#3820,#1112,#1113);
#978=AXIS2_PLACEMENT_3D('',#3821,#1114,#1115);
#979=AXIS2_PLACEMENT_3D('',#3822,#1116,#1117);
#980=AXIS2_PLACEMENT_3D('',#3823,#1118,#1119);
#981=AXIS2_PLACEMENT_3D('',#3825,#1120,#1121);
#982=AXIS2_PLACEMENT_3D('',#3827,#1122,#1123);
#983=AXIS2_PLACEMENT_3D('',#3828,#1124,#1125);
#984=AXIS2_PLACEMENT_3D('',#3830,#1126,#1127);
#985=AXIS2_PLACEMENT_3D('',#3831,#1128,#1129);
#986=AXIS2_PLACEMENT_3D('',#3832,#1130,#1131);
#987=AXIS2_PLACEMENT_3D('',#3833,#1132,#1133);
#988=AXIS2_PLACEMENT_3D('',#3835,#1134,#1135);
#989=AXIS2_PLACEMENT_3D('',#3837,#1136,#1137);
#990=AXIS2_PLACEMENT_3D('',#3838,#1138,#1139);
#991=AXIS2_PLACEMENT_3D('',#3840,#1140,#1141);
#992=AXIS2_PLACEMENT_3D('',#3841,#1142,#1143);
#993=AXIS2_PLACEMENT_3D('',#3842,#1144,#1145);
#994=AXIS2_PLACEMENT_3D('',#3843,#1146,#1147);
#995=AXIS2_PLACEMENT_3D('',#3845,#1148,#1149);
#996=AXIS2_PLACEMENT_3D('',#3846,#1150,#1151);
#997=AXIS2_PLACEMENT_3D('',#3848,#1152,#1153);
#998=AXIS2_PLACEMENT_3D('',#3850,#1154,#1155);
#999=AXIS2_PLACEMENT_3D('',#3851,#1156,#1157);
#1000=AXIS2_PLACEMENT_3D('',#3852,#1158,#1159);
#1001=AXIS2_PLACEMENT_3D('',#3853,#1160,#1161);
#1002=AXIS2_PLACEMENT_3D('',#3855,#1162,#1163);
#1003=AXIS2_PLACEMENT_3D('',#3856,#1164,#1165);
#1004=AXIS2_PLACEMENT_3D('',#3857,#1166,#1167);
#1005=AXIS2_PLACEMENT_3D('',#3859,#1168,#1169);
#1006=AXIS2_PLACEMENT_3D('',#3860,#1170,#1171);
#1007=AXIS2_PLACEMENT_3D('',#3861,#1172,#1173);
#1008=DIRECTION('',(0.,0.,1.));
#1009=DIRECTION('',(1.,0.,0.));
#1010=DIRECTION('',(1.,0.,0.));
#1011=DIRECTION('',(0.,0.,-1.));
#1012=DIRECTION('',(0.,0.,-1.));
#1013=DIRECTION('',(0.,1.,0.));
#1014=DIRECTION('',(0.,0.,-1.));
#1015=DIRECTION('',(0.,-1.,0.));
#1016=DIRECTION('',(0.,0.,1.));
#1017=DIRECTION('',(1.,0.,0.));
#1018=DIRECTION('',(0.,1.,0.));
#1019=DIRECTION('',(1.,0.,0.));
#1020=DIRECTION('',(1.,0.,0.));
#1021=DIRECTION('',(0.,-1.,0.));
#1022=DIRECTION('',(0.,0.,1.));
#1023=DIRECTION('',(1.,0.,0.));
#1024=DIRECTION('',(1.,0.,0.));
#1025=DIRECTION('',(0.,0.,1.));
#1026=DIRECTION('',(1.,0.,0.));
#1027=DIRECTION('',(0.,-1.,0.));
#1028=DIRECTION('',(1.,0.,0.));
#1029=DIRECTION('',(0.,1.,0.));
#1030=DIRECTION('',(0.,0.,1.));
#1031=DIRECTION('',(0.,-1.,0.));
#1032=DIRECTION('',(0.,0.,-1.));
#1033=DIRECTION('',(0.,-1.,0.));
#1034=DIRECTION('',(0.,0.,-1.));
#1035=DIRECTION('',(0.,1.,0.));
#1036=DIRECTION('',(0.,0.,1.));
#1037=DIRECTION('',(0.,-1.,0.));
#1038=DIRECTION('',(0.,0.,-1.));
#1039=DIRECTION('',(0.,-1.,0.));
#1040=DIRECTION('',(0.,0.,-1.));
#1041=DIRECTION('',(1.,0.,0.));
#1042=DIRECTION('',(0.,0.,-1.));
#1043=DIRECTION('',(0.,0.,-1.));
#1044=DIRECTION('',(0.,1.,0.));
#1045=DIRECTION('',(0.,0.,-1.));
#1046=DIRECTION('',(0.,-1.,0.));
#1047=DIRECTION('',(0.,0.,1.));
#1048=DIRECTION('',(1.,0.,0.));
#1049=DIRECTION('',(-1.,0.,0.));
#1050=DIRECTION('',(0.,0.,1.));
#1051=DIRECTION('',(1.,0.,0.));
#1052=DIRECTION('',(1.,0.,0.));
#1053=DIRECTION('',(1.,0.,0.));
#1054=DIRECTION('',(0.,0.,-1.));
#1055=DIRECTION('',(1.,0.,0.));
#1056=DIRECTION('',(0.,0.,-1.));
#1057=DIRECTION('',(0.,0.,-1.));
#1058=DIRECTION('',(1.,0.,0.));
#1059=DIRECTION('',(0.,0.,-1.));
#1060=DIRECTION('',(0.,0.,-1.));
#1061=DIRECTION('',(0.,0.,1.));
#1062=DIRECTION('',(1.,0.,0.));
#1063=DIRECTION('',(0.,1.,0.));
#1064=DIRECTION('',(-1.,0.,0.));
#1065=DIRECTION('',(1.,0.,0.));
#1066=DIRECTION('',(0.,0.,-1.));
#1067=DIRECTION('',(-1.,0.,0.));
#1068=DIRECTION('',(0.,0.,-1.));
#1069=DIRECTION('',(0.,0.,-1.));
#1070=DIRECTION('',(0.,-1.,0.));
#1071=DIRECTION('',(0.,0.,-1.));
#1072=DIRECTION('',(0.,0.,-1.));
#1073=DIRECTION('',(0.,0.,-1.));
#1074=DIRECTION('',(-1.,0.,0.));
#1075=DIRECTION('',(0.,0.,-1.));
#1076=DIRECTION('',(-1.,0.,0.));
#1077=DIRECTION('',(0.,0.,1.));
#1078=DIRECTION('',(0.,0.,1.));
#1079=DIRECTION('',(-1.,0.,0.));
#1080=DIRECTION('',(0.,0.,1.));
#1081=DIRECTION('',(0.,0.,1.));
#1082=DIRECTION('',(0.,-1.,0.));
#1083=DIRECTION('',(1.,0.,0.));
#1084=DIRECTION('',(0.,-1.,0.));
#1085=DIRECTION('',(0.,0.,-1.));
#1086=DIRECTION('',(0.,-1.,0.));
#1087=DIRECTION('',(0.,0.,-1.));
#1088=DIRECTION('',(0.,-1.,0.));
#1089=DIRECTION('',(0.,0.,-1.));
#1090=DIRECTION('',(0.,-1.,0.));
#1091=DIRECTION('',(0.,0.,-1.));
#1092=DIRECTION('',(0.,-1.,0.));
#1093=DIRECTION('',(0.,0.,-1.));
#1094=DIRECTION('',(0.,-1.,0.));
#1095=DIRECTION('',(0.,0.,-1.));
#1096=DIRECTION('',(0.,-1.,0.));
#1097=DIRECTION('',(0.,0.,-1.));
#1098=DIRECTION('',(0.,-1.,0.));
#1099=DIRECTION('',(0.,0.,-1.));
#1100=DIRECTION('',(0.,-1.,0.));
#1101=DIRECTION('',(0.,0.,-1.));
#1102=DIRECTION('',(0.,-1.,0.));
#1103=DIRECTION('',(0.,0.,-1.));
#1104=DIRECTION('',(0.,1.,0.));
#1105=DIRECTION('',(0.,0.,1.));
#1106=DIRECTION('',(0.,1.,0.));
#1107=DIRECTION('',(0.,0.,1.));
#1108=DIRECTION('',(0.,-1.,0.));
#1109=DIRECTION('',(0.,0.,-1.));
#1110=DIRECTION('',(0.,1.,0.));
#1111=DIRECTION('',(0.,0.,1.));
#1112=DIRECTION('',(0.,1.,0.));
#1113=DIRECTION('',(-1.,0.,0.));
#1114=DIRECTION('',(0.,-1.,0.));
#1115=DIRECTION('',(1.,0.,0.));
#1116=DIRECTION('',(0.,-1.,0.));
#1117=DIRECTION('',(0.,0.,-1.));
#1118=DIRECTION('',(0.,1.,0.));
#1119=DIRECTION('',(0.,0.,1.));
#1120=DIRECTION('',(0.,1.,0.));
#1121=DIRECTION('',(0.,0.,1.));
#1122=DIRECTION('',(0.,-1.,0.));
#1123=DIRECTION('',(0.,0.,-1.));
#1124=DIRECTION('',(0.,1.,0.));
#1125=DIRECTION('',(0.,0.,1.));
#1126=DIRECTION('',(0.,1.,0.));
#1127=DIRECTION('',(-1.,0.,0.));
#1128=DIRECTION('',(0.,-1.,0.));
#1129=DIRECTION('',(1.,0.,0.));
#1130=DIRECTION('',(0.,-1.,0.));
#1131=DIRECTION('',(0.,0.,-1.));
#1132=DIRECTION('',(0.,1.,0.));
#1133=DIRECTION('',(0.,0.,1.));
#1134=DIRECTION('',(0.,1.,0.));
#1135=DIRECTION('',(0.,0.,1.));
#1136=DIRECTION('',(0.,-1.,0.));
#1137=DIRECTION('',(0.,0.,-1.));
#1138=DIRECTION('',(0.,1.,0.));
#1139=DIRECTION('',(0.,0.,1.));
#1140=DIRECTION('',(0.,1.,0.));
#1141=DIRECTION('',(-1.,0.,0.));
#1142=DIRECTION('',(0.,-1.,0.));
#1143=DIRECTION('',(1.,0.,0.));
#1144=DIRECTION('',(0.,-1.,0.));
#1145=DIRECTION('',(0.,0.,-1.));
#1146=DIRECTION('',(0.,1.,0.));
#1147=DIRECTION('',(0.,0.,1.));
#1148=DIRECTION('',(0.,-1.,0.));
#1149=DIRECTION('',(0.,0.,-1.));
#1150=DIRECTION('',(0.,1.,0.));
#1151=DIRECTION('',(0.,0.,1.));
#1152=DIRECTION('',(0.,1.,0.));
#1153=DIRECTION('',(0.,0.,1.));
#1154=DIRECTION('',(0.,1.,0.));
#1155=DIRECTION('',(-1.,0.,0.));
#1156=DIRECTION('',(0.,-1.,0.));
#1157=DIRECTION('',(1.,0.,0.));
#1158=DIRECTION('',(0.,1.,0.));
#1159=DIRECTION('',(0.,0.,1.));
#1160=DIRECTION('',(0.,-1.,0.));
#1161=DIRECTION('',(0.,0.,-1.));
#1162=DIRECTION('',(0.,-1.,0.));
#1163=DIRECTION('',(1.,0.,0.));
#1164=DIRECTION('',(0.,1.,0.));
#1165=DIRECTION('',(0.,0.,1.));
#1166=DIRECTION('',(0.,-1.,0.));
#1167=DIRECTION('',(0.,0.,-1.));
#1168=DIRECTION('',(0.,-1.,0.));
#1169=DIRECTION('',(1.,0.,0.));
#1170=DIRECTION('',(0.,1.,0.));
#1171=DIRECTION('',(0.,0.,1.));
#1172=DIRECTION('',(0.,1.,0.));
#1173=DIRECTION('',(0.,0.,1.));
#1174=CARTESIAN_POINT('',(0.,0.,0.));
#1175=CARTESIAN_POINT('',(-0.0669954135328796,-0.00180848821876875,0.095));
#1176=CARTESIAN_POINT('',(-0.0669954135328796,-0.012054147659702,0.091));
#1177=CARTESIAN_POINT('',(-0.0669954038480984,-0.012054148829851,0.091));
#1178=CARTESIAN_POINT('',(-0.0669954135328796,-0.012054147659702,0.0125209265062882));
#1179=CARTESIAN_POINT('',(-0.0669954135328796,-0.0205941772867441,0.0125209265062882));
#1180=CARTESIAN_POINT('',(-0.0669954135328796,-0.001,0.0125209265062882));
#1181=CARTESIAN_POINT('',(-0.0669954135328796,-0.001,0.095));
#1182=CARTESIAN_POINT('',(-0.0669954135328796,-0.001,0.091));
#1183=CARTESIAN_POINT('',(-0.0669954135328796,-0.00180848821876875,0.091));
#1184=CARTESIAN_POINT('',(-0.000295413532879651,-0.00896196693784079,0.091));
#1185=CARTESIAN_POINT('',(0.0602118223815912,-0.0205941772867441,0.091));
#1186=CARTESIAN_POINT('',(0.0602118223815912,-0.01205415,0.091));
#1187=CARTESIAN_POINT('',(0.0602118223815912,-0.001,0.091));
#1188=CARTESIAN_POINT('',(-0.0336454135328796,-0.01205415,0.091));
#1189=CARTESIAN_POINT('',(-0.000295413532879651,-0.001,0.091));
#1190=CARTESIAN_POINT('',(0.0229906952210702,-0.001,0.091));
#1191=CARTESIAN_POINT('',(0.0229906952210702,-0.00896196693784079,0.091));
#1192=CARTESIAN_POINT('',(0.0229906952210702,-0.0021772952625751,0.091));
#1193=CARTESIAN_POINT('',(0.0269632665728361,-0.0021772952625751,0.091));
#1194=CARTESIAN_POINT('',(0.0269632665728361,-0.00614986661434106,0.091));
#1195=CARTESIAN_POINT('',(-0.000295413532879651,-0.00614986661434106,0.091));
#1196=CARTESIAN_POINT('',(0.0360181238693043,-0.00614986661434106,0.091));
#1197=CARTESIAN_POINT('',(0.0360181238693043,-0.0021772952625751,0.091));
#1198=CARTESIAN_POINT('',(0.0399906952210702,-0.0021772952625751,0.091));
#1199=CARTESIAN_POINT('',(0.0399906952210702,-0.00896196693784079,0.091));
#1200=CARTESIAN_POINT('',(0.0399906952210702,-0.001,0.091));
#1201=CARTESIAN_POINT('',(-0.000295413532879651,-0.001,0.091));
#1202=CARTESIAN_POINT('',(-0.0592920938123812,-0.0169741584617826,0.0884918874148558));
#1203=CARTESIAN_POINT('',(-0.0592920938123812,-0.0169741584617826,0.00499999999999962));
#1204=CARTESIAN_POINT('',(-0.0670930474570953,-0.0161527386200131,0.0884918874148558));
#1205=CARTESIAN_POINT('',(-0.0670930474570953,-0.0161527386200131,0.00499999999999962));
#1206=CARTESIAN_POINT('',(-0.0709954135328796,-0.0118420267671043,0.0884918874148558));
#1207=CARTESIAN_POINT('',(-0.0709954135328796,-0.0118420267671043,0.00499999999999963));
#1208=CARTESIAN_POINT('',(-0.0709954135328796,-0.00403864108501353,0.0884918874148558));
#1209=CARTESIAN_POINT('',(-0.0709954135328796,-0.00403864108501353,0.00499999999999962));
#1210=CARTESIAN_POINT('',(-0.0709954135328796,-0.00403864108501352,0.00500000000000001));
#1211=CARTESIAN_POINT('',(-0.0709954135328796,-0.00745313009644671,0.00500000000000001));
#1212=CARTESIAN_POINT('',(-0.0702484947359826,-0.0101991160295464,0.00499999999999999));
#1213=CARTESIAN_POINT('',(-0.0687546571421888,-0.0122765988843126,0.005));
#1214=CARTESIAN_POINT('',(-0.0709954135328796,-0.00403864108501352,0.005));
#1215=CARTESIAN_POINT('',(-0.0687546001824465,-0.0122765579509972,0.005));
#1216=CARTESIAN_POINT('',(-0.0687546334488654,-0.0122766318345205,0.00500004796359024));
#1217=CARTESIAN_POINT('',(-0.0689302375572646,-0.0120324209805773,0.00525443756226694));
#1218=CARTESIAN_POINT('',(-0.0692293732003862,-0.0115686214640514,0.0058083226175127));
#1219=CARTESIAN_POINT('',(-0.0694945180090751,-0.0110789077027331,0.00689909921385062));
#1220=CARTESIAN_POINT('',(-0.0693956864364136,-0.0112692903662494,0.00811597730957629));
#1221=CARTESIAN_POINT('',(-0.0690246301746433,-0.0119033898832517,0.0090572325241606));
#1222=CARTESIAN_POINT('',(-0.068502785814655,-0.012636625106889,0.00980999766078311));
#1223=CARTESIAN_POINT('',(-0.0676211251412734,-0.0136491788715216,0.0106089831314616));
#1224=CARTESIAN_POINT('',(-0.0661750400965405,-0.0148562117711235,0.011234492639368));
#1225=CARTESIAN_POINT('',(-0.0640047499301884,-0.015944358263211,0.0110314523972547));
#1226=CARTESIAN_POINT('',(-0.0621294765538026,-0.0164968978576719,0.00955535698611152));
#1227=CARTESIAN_POINT('',(-0.0614010531490861,-0.0166445129965488,0.00720377132800815));
#1228=CARTESIAN_POINT('',(-0.0618915368086146,-0.0165442685199902,0.00564324775465313));
#1229=CARTESIAN_POINT('',(-0.0623354072777951,-0.0164254592461828,0.00500017750027392));
#1230=CARTESIAN_POINT('',(-0.0623355348138954,-0.0164268964627369,0.00499999999999981));
#1231=CARTESIAN_POINT('',(-0.0623351673317329,-0.0164255234697833,0.00499999999999961));
#1232=CARTESIAN_POINT('',(-0.0614371019988227,-0.0166658910471757,0.00499999999999973));
#1233=CARTESIAN_POINT('',(-0.0604691898056059,-0.0168437446788476,0.00499999999999987));
#1234=CARTESIAN_POINT('',(-0.0594314307520826,-0.0169590843647989,0.005));
#1235=CARTESIAN_POINT('',(-0.0594314307520826,-0.016959084364799,0.005));
#1236=CARTESIAN_POINT('',(-0.0594314307520827,-0.0169590843647989,0.00499999999999998));
#1237=CARTESIAN_POINT('',(-0.0594314307520827,-0.0169590843647989,0.032664641290542));
#1238=CARTESIAN_POINT('',(-0.0594314307520827,-0.0169590843647989,0.0603292825810841));
#1239=CARTESIAN_POINT('',(-0.0594314307520827,-0.0169590843647989,0.0879939238716261));
#1240=CARTESIAN_POINT('',(-0.0594314307694071,-0.0169590845206748,0.0879939238716261));
#1241=CARTESIAN_POINT('',(-0.0594312722660905,-0.016959101978866,0.0879878564741296));
#1242=CARTESIAN_POINT('',(-0.0598469855090818,-0.0169129012154219,0.0879768635386707));
#1243=CARTESIAN_POINT('',(-0.0604790697614868,-0.0168253196180678,0.0879484404157985));
#1244=CARTESIAN_POINT('',(-0.0613144763138096,-0.0166697514445646,0.0878885303136325));
#1245=CARTESIAN_POINT('',(-0.0619690339245401,-0.0165228257141078,0.0878288817657775));
#1246=CARTESIAN_POINT('',(-0.0625148059462099,-0.0163800840443925,0.0877693559216076));
#1247=CARTESIAN_POINT('',(-0.0631356755291628,-0.0161938776178884,0.0876923440676651));
#1248=CARTESIAN_POINT('',(-0.0636646161988318,-0.0160090773062131,0.087618121403232));
#1249=CARTESIAN_POINT('',(-0.0640517013709778,-0.0158568847911689,0.0875590914713472));
#1250=CARTESIAN_POINT('',(-0.0642661287015453,-0.0157678512073725,0.0875251490118968));
#1251=CARTESIAN_POINT('',(-0.0644529366868939,-0.0156867185521423,0.0874946706000166));
#1252=CARTESIAN_POINT('',(-0.064545279808411,-0.015645191116829,0.087479266699783));
#1253=CARTESIAN_POINT('',(-0.0647048606640295,-0.0155721805476738,0.0874523988327761));
#1254=CARTESIAN_POINT('',(-0.064975208295505,-0.0154430623038456,0.0874057414017038));
#1255=CARTESIAN_POINT('',(-0.0653888719181602,-0.0152291227713157,0.0873311488900504));
#1256=CARTESIAN_POINT('',(-0.065814487251022,-0.0149818477248623,0.0872495217784776));
#1257=CARTESIAN_POINT('',(-0.0661732690861201,-0.0147512229842875,0.0871769723637547));
#1258=CARTESIAN_POINT('',(-0.066420069295546,-0.014583677535803,0.0871256627418889));
#1259=CARTESIAN_POINT('',(-0.0667665803174046,-0.0143294353598532,0.0870503262279372));
#1260=CARTESIAN_POINT('',(-0.0671430959121964,-0.0140278659543633,0.0869635355256473));
#1261=CARTESIAN_POINT('',(-0.0675594058166857,-0.0136572606408667,0.0868599162777298));
#1262=CARTESIAN_POINT('',(-0.067892278756183,-0.0133193139488117,0.0867669848033805));
#1263=CARTESIAN_POINT('',(-0.068083709301032,-0.0131104380744799,0.0867091457963317));
#1264=CARTESIAN_POINT('',(-0.068191863718992,-0.0129874277298586,0.0866746944490052));
#1265=CARTESIAN_POINT('',(-0.0682434199718305,-0.0129282705596223,0.0866580820485041));
#1266=CARTESIAN_POINT('',(-0.0683849935584218,-0.012759697985874,0.0866099891283127));
#1267=CARTESIAN_POINT('',(-0.0685343526242903,-0.0125731008873718,0.0865557203977438));
#1268=CARTESIAN_POINT('',(-0.0687951296550639,-0.0122291641615618,0.0864533441684354));
#1269=CARTESIAN_POINT('',(-0.0691159489631655,-0.0117519209922127,0.0863033825050159));
#1270=CARTESIAN_POINT('',(-0.0694451471557783,-0.0111840678425792,0.0861097917524172));
#1271=CARTESIAN_POINT('',(-0.0698021841039577,-0.010476883424452,0.0858463195654251));
#1272=CARTESIAN_POINT('',(-0.0701170793837615,-0.00969919187865669,0.0855132354620872));
#1273=CARTESIAN_POINT('',(-0.0703602770110211,-0.00894163065244942,0.085147473206194));
#1274=CARTESIAN_POINT('',(-0.0705253159537003,-0.00832528411357712,0.0848246366314229));
#1275=CARTESIAN_POINT('',(-0.0706285728981006,-0.0078670291568876,0.0845680911597591));
#1276=CARTESIAN_POINT('',(-0.070762132358405,-0.00717909756249714,0.0841648264116708));
#1277=CARTESIAN_POINT('',(-0.070935078347157,-0.0059581195929893,0.0833944406543108));
#1278=CARTESIAN_POINT('',(-0.0709954135328796,-0.0048252898432625,0.0825933244997426));
#1279=CARTESIAN_POINT('',(-0.0709954135328796,-0.00403864108501353,0.082));
#1280=CARTESIAN_POINT('',(-0.0709954135328796,-0.00403864108501352,0.082));
#1281=CARTESIAN_POINT('',(-0.0709954135328796,-0.00403864108501352,0.00499999999999999));
#1282=CARTESIAN_POINT('',(-0.0709954135328796,-0.00403864108501352,0.0306666666666667));
#1283=CARTESIAN_POINT('',(-0.0709954135328796,-0.00403864108501352,0.0563333333333333));
#1284=CARTESIAN_POINT('',(-0.0709954135328796,-0.00403864108501352,0.082));
#1285=CARTESIAN_POINT('',(0.0704045864671203,-0.0040386410850135,0.0884918874055776));
#1286=CARTESIAN_POINT('',(0.0704045864671203,-0.0040386410850135,0.00499999999999999));
#1287=CARTESIAN_POINT('',(0.0704045864671202,-0.0118420277042264,0.0884918874055777));
#1288=CARTESIAN_POINT('',(0.0704045864671202,-0.0118420277042264,0.00500000000000005));
#1289=CARTESIAN_POINT('',(0.0665022194037915,-0.0161527396103908,0.0884918874055776));
#1290=CARTESIAN_POINT('',(0.0665022194037915,-0.0161527396103908,0.00499999999999999));
#1291=CARTESIAN_POINT('',(0.0587012639361316,-0.0169741587577197,0.0884918874055776));
#1292=CARTESIAN_POINT('',(0.0587012639361316,-0.0169741587577197,0.00499999999999998));
#1293=CARTESIAN_POINT('',(0.0704045864671203,-0.0040386410850135,0.082));
#1294=CARTESIAN_POINT('',(0.0704045864671203,-0.00473092551814519,0.0825221508472263));
#1295=CARTESIAN_POINT('',(0.0703579662748667,-0.00573141918428809,0.0832359806648499));
#1296=CARTESIAN_POINT('',(0.0702245704937212,-0.00681900773936866,0.0839401600066807));
#1297=CARTESIAN_POINT('',(0.0701223284908226,-0.00743245326082952,0.0843140028202067));
#1298=CARTESIAN_POINT('',(0.0700419418031912,-0.00784788008217434,0.0845575518085077));
#1299=CARTESIAN_POINT('',(0.0699197232390128,-0.0083848434558786,0.0848565603469944));
#1300=CARTESIAN_POINT('',(0.0697388996688251,-0.00905087580467309,0.0852038996715716));
#1301=CARTESIAN_POINT('',(0.0694774260358326,-0.00984418696053724,0.0855825894678773));
#1302=CARTESIAN_POINT('',(0.0690143594830706,-0.0109120216958944,0.086018099117361));
#1303=CARTESIAN_POINT('',(0.0686163175074578,-0.011605515370709,0.0862565375997343));
#1304=CARTESIAN_POINT('',(0.0683884917882059,-0.0119506012458552,0.0863660556210359));
#1305=CARTESIAN_POINT('',(0.068388202238608,-0.0119505696092241,0.0863655533995306));
#1306=CARTESIAN_POINT('',(0.0704045864671204,-0.0040386410850135,0.082));
#1307=CARTESIAN_POINT('',(0.0683880172264633,-0.0119513199936121,0.0863652092741317));
#1308=CARTESIAN_POINT('',(0.0680222636542842,-0.0125052204180865,0.085686616317397));
#1309=CARTESIAN_POINT('',(0.0670160032897849,-0.0137733816110299,0.0846761671577866));
#1310=CARTESIAN_POINT('',(0.0646886269077783,-0.0154240270881328,0.0840453363569543));
#1311=CARTESIAN_POINT('',(0.0620603640629956,-0.0163899951997256,0.0851132486731528));
#1312=CARTESIAN_POINT('',(0.061159190234508,-0.0165712513870349,0.0869082801695063));
#1313=CARTESIAN_POINT('',(0.0610715048062061,-0.0165909768812288,0.087856475398729));
#1314=CARTESIAN_POINT('',(0.0610715036669328,-0.0165909936261954,0.0878564877999333));
#1315=CARTESIAN_POINT('',(0.0610715011589414,-0.016590977701708,0.0878564996814508));
#1316=CARTESIAN_POINT('',(0.0603265827268203,-0.0167585525222713,0.0879245605531265));
#1317=CARTESIAN_POINT('',(0.0595782532239885,-0.0168771049352682,0.0879683461690222));
#1318=CARTESIAN_POINT('',(0.0588404424228155,-0.0169591022875482,0.0879878565291378));
#1319=CARTESIAN_POINT('',(0.0588406009246257,-0.0169590848295434,0.0879939238624032));
#1320=CARTESIAN_POINT('',(0.0588406036863233,-0.0169590843647989,0.0879939238624032));
#1321=CARTESIAN_POINT('',(0.0588406036863233,-0.0169590843647989,0.0603292825749355));
#1322=CARTESIAN_POINT('',(0.0588406036863233,-0.0169590843647989,0.0326646412874677));
#1323=CARTESIAN_POINT('',(0.0588406036863233,-0.0169590843647989,0.005));
#1324=CARTESIAN_POINT('',(0.0588406036863233,-0.016959084364799,0.005));
#1325=CARTESIAN_POINT('',(0.0588406036863233,-0.0169590843647989,0.005));
#1326=CARTESIAN_POINT('',(0.0665499255401879,-0.0161022469722423,0.00500000000000007));
#1327=CARTESIAN_POINT('',(0.0704045864671202,-0.0117954325456471,0.00500000000000006));
#1328=CARTESIAN_POINT('',(0.0704045864671203,-0.00403864108501351,0.005));
#1329=CARTESIAN_POINT('',(0.0704045864671203,-0.00403864108501351,0.005));
#1330=CARTESIAN_POINT('',(0.0704045864671204,-0.0040386410850135,0.082));
#1331=CARTESIAN_POINT('',(0.0704045864671204,-0.0040386410850135,0.0563333333333334));
#1332=CARTESIAN_POINT('',(0.0704045864671204,-0.0040386410850135,0.0306666666666667));
#1333=CARTESIAN_POINT('',(0.0704045864671204,-0.0040386410850135,0.00500000000000002));
#1334=CARTESIAN_POINT('',(0.0588405981552339,-0.016959084979541,0.0879878524110134));
#1335=CARTESIAN_POINT('',(0.05887555079848,-0.0169552002368528,0.0889281310291366));
#1336=CARTESIAN_POINT('',(0.0589001470426195,-0.0168548666596056,0.0898780615164037));
#1337=CARTESIAN_POINT('',(0.0589058885190974,-0.0164482164790985,0.0912316446439345));
#1338=CARTESIAN_POINT('',(0.0589021554216354,-0.0162658277403284,0.0916711167512429));
#1339=CARTESIAN_POINT('',(0.058881565875348,-0.0158028820454933,0.0924912639658981));
#1340=CARTESIAN_POINT('',(0.0588647094265226,-0.0155223250894284,0.0928719390732449));
#1341=CARTESIAN_POINT('',(0.0588160436720546,-0.0148585520999107,0.0935391398250862));
#1342=CARTESIAN_POINT('',(0.0587845640924806,-0.0144798373147039,0.0938211332353355));
#1343=CARTESIAN_POINT('',(0.0587113942246724,-0.0136639562708595,0.0942864207534544));
#1344=CARTESIAN_POINT('',(0.0586697039364382,-0.013226790012222,0.094469714861324));
#1345=CARTESIAN_POINT('',(0.0585354410527748,-0.0118804216873609,0.0948783201748079));
#1346=CARTESIAN_POINT('',(0.0584342336117497,-0.010935728913181,0.0949789948273667));
#1347=CARTESIAN_POINT('',(0.0583304305124078,-0.0100004466291106,0.0949829011279748));
#1348=CARTESIAN_POINT('',(0.05917898134584,-0.016921476048742,0.0879789043406211));
#1349=CARTESIAN_POINT('',(0.0592325375581724,-0.0169152936699417,0.0889156409958815));
#1350=CARTESIAN_POINT('',(0.0592378769407305,-0.0168129880589484,0.0898664460181726));
#1351=CARTESIAN_POINT('',(0.0592427478617708,-0.0164018904823547,0.0912151689475058));
#1352=CARTESIAN_POINT('',(0.0592384910262078,-0.0162169592048551,0.0916519365126825));
#1353=CARTESIAN_POINT('',(0.0592175461222834,-0.0157537119240994,0.0924677912167786));
#1354=CARTESIAN_POINT('',(0.0592008949459419,-0.0154752619743146,0.0928473789680062));
#1355=CARTESIAN_POINT('',(0.0591524678581172,-0.0148149263657837,0.0935121017758359));
#1356=CARTESIAN_POINT('',(0.0591210569079461,-0.014437789424811,0.0937926523218933));
#1357=CARTESIAN_POINT('',(0.0590485483231436,-0.0136267769342074,0.0942593841179499));
#1358=CARTESIAN_POINT('',(0.059007350635335,-0.0131923719763024,0.0944454949381948));
#1359=CARTESIAN_POINT('',(0.0588739116963938,-0.0118511783745542,0.094859564912473));
#1360=CARTESIAN_POINT('',(0.0587931010757388,-0.0109038709848916,0.0949640162848987));
#1361=CARTESIAN_POINT('',(0.0586693353776856,-0.00997401979457519,0.0949701475176326));
#1362=CARTESIAN_POINT('',(0.059542461813184,-0.0168732350100239,0.0879639238709621));
#1363=CARTESIAN_POINT('',(0.0596157446864727,-0.0168631670619912,0.0888975783617114));
#1364=CARTESIAN_POINT('',(0.0596205348531476,-0.0167556582993032,0.0898460317951779));
#1365=CARTESIAN_POINT('',(0.0596349975240682,-0.016337989452167,0.0911872267683584));
#1366=CARTESIAN_POINT('',(0.0596331993385712,-0.0161507783123116,0.0916208028680456));
#1367=CARTESIAN_POINT('',(0.0596159155078843,-0.0156865704437587,0.0924313058877957));
#1368=CARTESIAN_POINT('',(0.0596004852007244,-0.0154093727952681,0.0928089837263208));
#1369=CARTESIAN_POINT('',(0.0595524529865803,-0.0147526870601451,0.0934709608298986));
#1370=CARTESIAN_POINT('',(0.0595202259399608,-0.0143779762454932,0.0937507418130841));
#1371=CARTESIAN_POINT('',(0.0594446456780281,-0.0135732457631325,0.0942191885738278));
#1372=CARTESIAN_POINT('',(0.0594011423829489,-0.0131424319830125,0.0944077487067547));
#1373=CARTESIAN_POINT('',(0.0592583197489043,-0.0118101624564823,0.0948288254366822));
#1374=CARTESIAN_POINT('',(0.059178448118115,-0.0108653306828936,0.0949391162397528));
#1375=CARTESIAN_POINT('',(0.059033714432196,-0.00994065847938165,0.0949486609983902));
#1376=CARTESIAN_POINT('',(0.0602991097096961,-0.0167507383022711,0.0879201548255523));
#1377=CARTESIAN_POINT('',(0.0604106608786872,-0.0167309162826435,0.0888374134785059));
#1378=CARTESIAN_POINT('',(0.0604353539002848,-0.0166077817904901,0.0897712807710678));
#1379=CARTESIAN_POINT('',(0.0604793772528916,-0.0161718834234231,0.0910902088593089));
#1380=CARTESIAN_POINT('',(0.0604854756182218,-0.0159794922412076,0.0915163146833313));
#1381=CARTESIAN_POINT('',(0.0604794584024309,-0.0155106450174614,0.0923149033859148));
#1382=CARTESIAN_POINT('',(0.0604674119938472,-0.0152339378261894,0.0926883249125536));
#1383=CARTESIAN_POINT('',(0.0604202499147968,-0.0145832076254716,0.0933461733228116));
#1384=CARTESIAN_POINT('',(0.0603854991622041,-0.0142137691474094,0.0936263394214336));
#1385=CARTESIAN_POINT('',(0.0603000418188362,-0.0134229710793777,0.0941008996500493));
#1386=CARTESIAN_POINT('',(0.0602491476283537,-0.0130006188488942,0.0942951617242537));
#1387=CARTESIAN_POINT('',(0.0600776478548513,-0.0116937621194922,0.0947358054132762));
#1388=CARTESIAN_POINT('',(0.0599781281305218,-0.0107650449880738,0.0948626633508968));
#1389=CARTESIAN_POINT('',(0.0597937588345927,-0.00985975911181255,0.0948819384861127));
#1390=CARTESIAN_POINT('',(0.0606922771388643,-0.0166764826332363,0.0878913662498016));
#1391=CARTESIAN_POINT('',(0.0608223798497238,-0.0166505168981494,0.0887985749778823));
#1392=CARTESIAN_POINT('',(0.0608675612348667,-0.0165175659094308,0.0897218310444746));
#1393=CARTESIAN_POINT('',(0.060931615066617,-0.0160713263038309,0.091026922105491));
#1394=CARTESIAN_POINT('',(0.0609431730331923,-0.0158765419267371,0.0914487942385916));
#1395=CARTESIAN_POINT('',(0.0609448017177374,-0.015405013526795,0.0922405541086347));
#1396=CARTESIAN_POINT('',(0.0609349369967423,-0.0151280350975213,0.0926113179171164));
#1397=CARTESIAN_POINT('',(0.0608882790415027,-0.0144804230488288,0.0932669588531085));
#1398=CARTESIAN_POINT('',(0.060851830883589,-0.0141141526659897,0.0935477664638137));
#1399=CARTESIAN_POINT('',(0.0607595746786351,-0.0133313277107645,0.0940256516068868));
#1400=CARTESIAN_POINT('',(0.0607035915385345,-0.0129138466738987,0.0942226058871846));
#1401=CARTESIAN_POINT('',(0.0605127584201383,-0.0116227710238231,0.094674289514192));
#1402=CARTESIAN_POINT('',(0.0603925864572657,-0.0107062743462674,0.0948110763148054));
#1403=CARTESIAN_POINT('',(0.0601894241824792,-0.00981222105943699,0.0948367024930778));
#1404=CARTESIAN_POINT('',(0.0614877913673735,-0.0164972062503722,0.0878182376846507));
#1405=CARTESIAN_POINT('',(0.0616531345593638,-0.0164564780863965,0.0887063635655463));
#1406=CARTESIAN_POINT('',(0.0617463481101114,-0.0163039833893083,0.0896065062790419));
#1407=CARTESIAN_POINT('',(0.0618531133748441,-0.0158398644421728,0.0908815548158245));
#1408=CARTESIAN_POINT('',(0.0618763775905732,-0.015641875884178,0.0912942620097978));
#1409=CARTESIAN_POINT('',(0.0618943714066917,-0.015167440691851,0.0920706033424628));
#1410=CARTESIAN_POINT('',(0.0618891471221059,-0.0148908266243577,0.0924348632465397));
#1411=CARTESIAN_POINT('',(0.061843748707246,-0.0142516671195303,0.0930839732498971));
#1412=CARTESIAN_POINT('',(0.061803871161405,-0.013892980461786,0.0933651494378321));
#1413=CARTESIAN_POINT('',(0.0616974532068655,-0.0131280983828051,0.0938472299169412));
#1414=CARTESIAN_POINT('',(0.0616307877316955,-0.0127212412012258,0.0940480461709223));
#1415=CARTESIAN_POINT('',(0.0613993651817059,-0.0114646261917767,0.0945190817189952));
#1416=CARTESIAN_POINT('',(0.0612308811683123,-0.0105753212283853,0.0946753315278537));
#1417=CARTESIAN_POINT('',(0.0609923790865391,-0.00970266044163813,0.0947161973772229));
#1418=CARTESIAN_POINT('',(0.0618903112617922,-0.0163925709588616,0.0877741676127427));
#1419=CARTESIAN_POINT('',(0.0620720495328619,-0.0163428100997762,0.0886531048537357));
#1420=CARTESIAN_POINT('',(0.0621924088408918,-0.0161803855831586,0.0895405104848767));
#1421=CARTESIAN_POINT('',(0.0623212982359859,-0.0157086165997646,0.0907990217053047));
#1422=CARTESIAN_POINT('',(0.0623506301990792,-0.0155098117410507,0.0912066904802066));
#1423=CARTESIAN_POINT('',(0.0623770316133389,-0.0150351834488184,0.091974257882459));
#1424=CARTESIAN_POINT('',(0.0623741333450228,-0.0147592428120874,0.0923345945455791));
#1425=CARTESIAN_POINT('',(0.0623293038030515,-0.0141255156596369,0.0929792803422988));
#1426=CARTESIAN_POINT('',(0.0622876404634755,-0.0137713047613215,0.0932601599018201));
#1427=CARTESIAN_POINT('',(0.0621738636735324,-0.0130165141563686,0.0937431400215281));
#1428=CARTESIAN_POINT('',(0.0621016626766352,-0.0126154712174913,0.0939451789556798));
#1429=CARTESIAN_POINT('',(0.0618493742735436,-0.0113776914190063,0.0944248350012735));
#1430=CARTESIAN_POINT('',(0.0616537794604698,-0.010503422691111,0.0945910243339429));
#1431=CARTESIAN_POINT('',(0.0613996994331512,-0.00964086461056201,0.0946414768721435));
#1432=CARTESIAN_POINT('',(0.062475924780415,-0.0162135033972791,0.0877007343747891));
#1433=CARTESIAN_POINT('',(0.062679136434121,-0.0161485185636552,0.0885662517704285));
#1434=CARTESIAN_POINT('',(0.0628338738150315,-0.015973606875552,0.0894344980764407));
#1435=CARTESIAN_POINT('',(0.0629907812020292,-0.0154949771702902,0.0906670997149714));
#1436=CARTESIAN_POINT('',(0.0630277735924734,-0.0152964938442848,0.0910666578608488));
#1437=CARTESIAN_POINT('',(0.0630648521133885,-0.0148247884691835,0.0918196279253694));
#1438=CARTESIAN_POINT('',(0.0630649532312426,-0.0145515120043101,0.0921732432177629));
#1439=CARTESIAN_POINT('',(0.0630211411571014,-0.0139282984071553,0.0928088879411681));
#1440=CARTESIAN_POINT('',(0.0629774620158847,-0.0135816067346848,0.0930876801279788));
#1441=CARTESIAN_POINT('',(0.0628549942130278,-0.0128432773613312,0.0935688263432388));
#1442=CARTESIAN_POINT('',(0.0627761649047845,-0.0124514245883367,0.0937711517596004));
#1443=CARTESIAN_POINT('',(0.0624987016521023,-0.0112427604914717,0.0942591655197112));
#1444=CARTESIAN_POINT('',(0.0622698378385819,-0.0103907530822133,0.0944380194028429));
#1445=CARTESIAN_POINT('',(0.0619967364231083,-0.00954297814565147,0.094504502328739));
#1446=CARTESIAN_POINT('',(0.0626680968535621,-0.016150100350313,0.0876750404788443));
#1447=CARTESIAN_POINT('',(0.0628779442839302,-0.0160797804944387,0.0885360223547501));
#1448=CARTESIAN_POINT('',(0.0630430835231548,-0.0159010895046429,0.0893978151675295));
#1449=CARTESIAN_POINT('',(0.0632084692058935,-0.0154208963624094,0.0906215669952334));
#1450=CARTESIAN_POINT('',(0.0632477752240633,-0.0152227596280951,0.0910183292821971));
#1451=CARTESIAN_POINT('',(0.0632880914693272,-0.0147525275629404,0.091766206599632));
#1452=CARTESIAN_POINT('',(0.063289111495864,-0.0144803966525533,0.0921174546052475));
#1453=CARTESIAN_POINT('',(0.0632456676340976,-0.0138610516592486,0.0927497162277385));
#1454=CARTESIAN_POINT('',(0.0632014280175111,-0.0135169887478917,0.0930275576810347));
#1455=CARTESIAN_POINT('',(0.0630764565170116,-0.0127843557454373,0.0935075993026629));
#1456=CARTESIAN_POINT('',(0.0629956980564733,-0.0123956450302669,0.0937097807630915));
#1457=CARTESIAN_POINT('',(0.0627108672628717,-0.0111968595379738,0.0941998633958087));
#1458=CARTESIAN_POINT('',(0.0624721489984632,-0.0103522806999329,0.0943825810606569));
#1459=CARTESIAN_POINT('',(0.06219343334804,-0.00950949063886319,0.0944546590694206));
#1460=CARTESIAN_POINT('',(0.0630405442099888,-0.0160191085990954,0.0876226820533999));
#1461=CARTESIAN_POINT('',(0.0632625755808524,-0.0159378703131553,0.0884744638688627));
#1462=CARTESIAN_POINT('',(0.0634446594111506,-0.0157527422129734,0.0893237126368896));
#1463=CARTESIAN_POINT('',(0.0636242772916948,-0.015271007525614,0.0905299729877228));
#1464=CARTESIAN_POINT('',(0.0636674388249296,-0.0150739712490454,0.0909211478387155));
#1465=CARTESIAN_POINT('',(0.0637131858997572,-0.0146076045883975,0.091658761376547));
#1466=CARTESIAN_POINT('',(0.0637157737471012,-0.0143382658326601,0.0920052313516549));
#1467=CARTESIAN_POINT('',(0.0636730931943967,-0.0137271372159743,0.0926302287555922));
#1468=CARTESIAN_POINT('',(0.0636280351551584,-0.013388364976352,0.0929056754604396));
#1469=CARTESIAN_POINT('',(0.063499186300212,-0.0126671522325428,0.09338259240463));
#1470=CARTESIAN_POINT('',(0.0634153892311804,-0.0122846786403387,0.0935840582421132));
#1471=CARTESIAN_POINT('',(0.0631188043557779,-0.0111053349693591,0.0940766456511719));
#1472=CARTESIAN_POINT('',(0.0628646324963922,-0.0102750387056656,0.0942660199443155));
#1473=CARTESIAN_POINT('',(0.0625761364518826,-0.00944242929550639,0.0943494108622165));
#1474=CARTESIAN_POINT('',(0.0632208194932684,-0.0159515198948438,0.0875960175239002));
#1475=CARTESIAN_POINT('',(0.0634485775937393,-0.0158645889127959,0.0884439933091712));
#1476=CARTESIAN_POINT('',(0.0636373379080856,-0.0156769319119815,0.0892875535687803));
#1477=CARTESIAN_POINT('',(0.0638228432905713,-0.0151955325395246,0.0904853626868592));
#1478=CARTESIAN_POINT('',(0.0638675800732618,-0.0149993746135239,0.0908737406666638));
#1479=CARTESIAN_POINT('',(0.0639155646676304,-0.0145356494978564,0.0916060803848878));
#1480=CARTESIAN_POINT('',(0.0639188124793086,-0.0142680823081894,0.0919500421233072));
#1481=CARTESIAN_POINT('',(0.0638765268502495,-0.0136615123385531,0.092570916569819));
#1482=CARTESIAN_POINT('',(0.0638311996384775,-0.0133254879179252,0.0928447749129051));
#1483=CARTESIAN_POINT('',(0.063700932431208,-0.0126100922821478,0.0933193815707268));
#1484=CARTESIAN_POINT('',(0.0636159924357104,-0.0122307210669983,0.0935201298854624));
#1485=CARTESIAN_POINT('',(0.0633148872897682,-0.0110607853454141,0.0940127813851273));
#1486=CARTESIAN_POINT('',(0.0630549827080464,-0.0102370033025086,0.0942047883215335));
#1487=CARTESIAN_POINT('',(0.0627621426307935,-0.00940885545893789,0.0942940059143308));
#1488=CARTESIAN_POINT('',(0.0636723097054062,-0.0157722509823389,0.0875264307940932));
#1489=CARTESIAN_POINT('',(0.0639129438524729,-0.0156709813014571,0.0883600740218994));
#1490=CARTESIAN_POINT('',(0.0641113767419205,-0.0154780433100581,0.0891878710268997));
#1491=CARTESIAN_POINT('',(0.064306952274244,-0.0149983285152257,0.090363655396281));
#1492=CARTESIAN_POINT('',(0.064354305988078,-0.0148043331256834,0.090744961815389));
#1493=CARTESIAN_POINT('',(0.0644061059562004,-0.0143474716876208,0.0914643261531138));
#1494=CARTESIAN_POINT('',(0.0644105522104887,-0.0140846056391005,0.0918023840717306));
#1495=CARTESIAN_POINT('',(0.0643693060605212,-0.0134893131399669,0.0924132463160196));
#1496=CARTESIAN_POINT('',(0.0643238198852306,-0.013159865048695,0.0926829962766855));
#1497=CARTESIAN_POINT('',(0.0641919384271995,-0.0124588338433603,0.0931518093035381));
#1498=CARTESIAN_POINT('',(0.064105543144459,-0.0120872507292974,0.0933508723697247));
#1499=CARTESIAN_POINT('',(0.063798219274809,-0.0109415018438507,0.0938430443692823));
#1500=CARTESIAN_POINT('',(0.0635316983946428,-0.0101349410688737,0.09404083329967));
#1501=CARTESIAN_POINT('',(0.0632300158659249,-0.00932245753781965,0.0941444453331228));
#1502=CARTESIAN_POINT('',(0.0639403323640816,-0.0156552130855442,0.0874823821532055));
#1503=CARTESIAN_POINT('',(0.06418723342909,-0.0155442855126044,0.0883056012569405));
#1504=CARTESIAN_POINT('',(0.0643897773288902,-0.015346889677649,0.08912189240432));
#1505=CARTESIAN_POINT('',(0.0645893428931351,-0.0148671305366986,0.0902814024265822));
#1506=CARTESIAN_POINT('',(0.064637676773935,-0.0146742645051424,0.0906574424570724));
#1507=CARTESIAN_POINT('',(0.0646909256372237,-0.0142216303841715,0.0913672203344664));
#1508=CARTESIAN_POINT('',(0.0646958406197125,-0.013961862294757,0.0917009581813703));
#1509=CARTESIAN_POINT('',(0.0646552087359646,-0.0133744146360235,0.0923047561285331));
#1510=CARTESIAN_POINT('',(0.0646098642222221,-0.0130496914544122,0.0925717862654831));
#1511=CARTESIAN_POINT('',(0.0644778955786729,-0.0123590554265897,0.0930370654733007));
#1512=CARTESIAN_POINT('',(0.0643912714488663,-0.0119931425803785,0.0932353145441684));
#1513=CARTESIAN_POINT('',(0.06408264592686,-0.0108648331046785,0.0937283250684185));
#1514=CARTESIAN_POINT('',(0.0638143973532434,-0.010070491881856,0.0939308955107793));
#1515=CARTESIAN_POINT('',(0.0635101063145364,-0.00926894940549326,0.0940441136551974));
#1516=CARTESIAN_POINT('',(0.0644570522532021,-0.0154079903733219,0.0873929621204311));
#1517=CARTESIAN_POINT('',(0.0647123027419788,-0.0152785815859712,0.0881859257511528));
#1518=CARTESIAN_POINT('',(0.0649194032075186,-0.0150702547456878,0.0889731871462804));
#1519=CARTESIAN_POINT('',(0.0651231199061727,-0.0145871295178637,0.0900943003344793));
#1520=CARTESIAN_POINT('',(0.0651724353753185,-0.0143954429397482,0.0904583795078782));
#1521=CARTESIAN_POINT('',(0.0652273861641996,-0.013949611296675,0.0911471459615718));
#1522=CARTESIAN_POINT('',(0.0652330214839348,-0.0136954662317173,0.0914718332418663));
#1523=CARTESIAN_POINT('',(0.0651941120187286,-0.013123548799133,0.0920616744615812));
#1524=CARTESIAN_POINT('',(0.0651497560186326,-0.0128086559184957,0.0923238838436329));
#1525=CARTESIAN_POINT('',(0.0650197646570139,-0.0121404616783425,0.0927838516471721));
#1526=CARTESIAN_POINT('',(0.0649341292954912,-0.0117871603188266,0.0929816100686597));
#1527=CARTESIAN_POINT('',(0.0646280889291223,-0.0106988332966793,0.0934796661348471));
#1528=CARTESIAN_POINT('',(0.0643609163741351,-0.0099340873484176,0.0936937599431955));
#1529=CARTESIAN_POINT('',(0.0640565173163719,-0.0091623671644666,0.0938248915367747));
#1530=CARTESIAN_POINT('',(0.0647057494836472,-0.0152778055578943,0.0873475907285445));
#1531=CARTESIAN_POINT('',(0.0649633013677584,-0.0151394768538716,0.0881222164987091));
#1532=CARTESIAN_POINT('',(0.0651710602969726,-0.0149249386467828,0.0888926975799457));
#1533=CARTESIAN_POINT('',(0.065375193654913,-0.0144390459337854,0.0899921023933349));
#1534=CARTESIAN_POINT('',(0.0654245850967665,-0.0142476211301742,0.0903495082591429));
#1535=CARTESIAN_POINT('',(0.0654799076112179,-0.0138047791902522,0.0910267289186551));
#1536=CARTESIAN_POINT('',(0.0654858386838159,-0.0135533620539413,0.0913465437123592));
#1537=CARTESIAN_POINT('',(0.0654480861120879,-0.0129894642478108,0.0919291159662032));
#1538=CARTESIAN_POINT('',(0.0654045815614296,-0.0126798081358959,0.0921889898732177));
#1539=CARTESIAN_POINT('',(0.0652766151764937,-0.0120237891046997,0.0926466890520582));
#1540=CARTESIAN_POINT('',(0.0651921533422162,-0.0116774261854183,0.0928445143238843));
#1541=CARTESIAN_POINT('',(0.0648897807829092,-0.0106113386320231,0.0933460808935202));
#1542=CARTESIAN_POINT('',(0.0646251502905587,-0.00986337237049732,0.0935665495106918));
#1543=CARTESIAN_POINT('',(0.064322837869596,-0.00910929305576633,0.0937060010962773));
#1544=CARTESIAN_POINT('',(0.0651886063420561,-0.0150028010618825,0.0872559642911235));
#1545=CARTESIAN_POINT('',(0.0654474565169266,-0.0148470035242209,0.087990117105044));
#1546=CARTESIAN_POINT('',(0.0656538423673782,-0.0146196654999548,0.088723618280951));
#1547=CARTESIAN_POINT('',(0.0658562167078832,-0.0141281336664923,0.0897749693723912));
#1548=CARTESIAN_POINT('',(0.0659051493322688,-0.0139373116778781,0.0901175592767758));
#1549=CARTESIAN_POINT('',(0.0659605993113656,-0.0135009728383042,0.0907690848019042));
#1550=CARTESIAN_POINT('',(0.0659671166660767,-0.0132554559873444,0.0910780204226479));
#1551=CARTESIAN_POINT('',(0.0659323718143821,-0.0127089886489873,0.0916443040157111));
#1552=CARTESIAN_POINT('',(0.0658912654428176,-0.0124107308896918,0.0918989148450888));
#1553=CARTESIAN_POINT('',(0.0657693072260008,-0.0117811675771228,0.0923512931666885));
#1554=CARTESIAN_POINT('',(0.0656884553807485,-0.0114498620238493,0.0925490606589104));
#1555=CARTESIAN_POINT('',(0.0653978652610799,-0.0104318742524457,0.0930574260255705));
#1556=CARTESIAN_POINT('',(0.0651421210298891,-0.0097200089152778,0.0932908142430803));
#1557=CARTESIAN_POINT('',(0.0648482430824206,-0.00900383627042886,0.0934462080001121));
#1558=CARTESIAN_POINT('',(0.0654233710431232,-0.014857921451158,0.0872096894755458));
#1559=CARTESIAN_POINT('',(0.0656812390503925,-0.0146936649725623,0.0879215818583348));
#1560=CARTESIAN_POINT('',(0.065885678752335,-0.0144597447106663,0.0886348477506707));
#1561=CARTESIAN_POINT('',(0.0660860360829561,-0.0139652938524441,0.0896598661482077));
#1562=CARTESIAN_POINT('',(0.0661344919021032,-0.0137747876564031,0.0899943286484111));
#1563=CARTESIAN_POINT('',(0.0661898127638833,-0.0133419043047202,0.0906317460175286));
#1564=CARTESIAN_POINT('',(0.0661966778065162,-0.0130995271490783,0.0909347008864428));
#1565=CARTESIAN_POINT('',(0.0661638862542066,-0.0125624094051933,0.0914920159596438));
#1566=CARTESIAN_POINT('',(0.0661243719264566,-0.0122702846443336,0.0917437244269294));
#1567=CARTESIAN_POINT('',(0.0660064646666322,-0.0116549602358315,0.0921930889240464));
#1568=CARTESIAN_POINT('',(0.0659280717345577,-0.0113317605881891,0.0923907449538778));
#1569=CARTESIAN_POINT('',(0.0656456127801466,-0.0103396346516646,0.0929024029389538));
#1570=CARTESIAN_POINT('',(0.0653961560072498,-0.00964714567596784,0.0931422919274504));
#1571=CARTESIAN_POINT('',(0.0651084573212399,-0.00895139402262424,0.0933051714239497));
#1572=CARTESIAN_POINT('',(0.065885252334087,-0.014546248796848,0.0871140934069003));
#1573=CARTESIAN_POINT('',(0.0661383501527617,-0.0143656970335251,0.0877793944690126));
#1574=CARTESIAN_POINT('',(0.0663370962323735,-0.0141195068391248,0.0884492483831048));
#1575=CARTESIAN_POINT('',(0.0665321461428484,-0.0136212112621643,0.0894165991722759));
#1576=CARTESIAN_POINT('',(0.0665794684344543,-0.0134321282160492,0.0897330382668805));
#1577=CARTESIAN_POINT('',(0.0666346533023186,-0.0130079704434457,0.090338716647653));
#1578=CARTESIAN_POINT('',(0.066642515878577,-0.0127728957169573,0.0906279559338208));
#1579=CARTESIAN_POINT('',(0.0666147102908371,-0.0122567319441568,0.0911640572261876));
#1580=CARTESIAN_POINT('',(0.0665791553204984,-0.0119780939379746,0.0914084505081149));
#1581=CARTESIAN_POINT('',(0.0664712507563397,-0.0113936828471561,0.091849064976249));
#1582=CARTESIAN_POINT('',(0.0663989011625197,-0.0110879097625196,0.0920452861624558));
#1583=CARTESIAN_POINT('',(0.0661364250400224,-0.0101508536325932,0.0925604055266825));
#1584=CARTESIAN_POINT('',(0.0659024622504154,-0.00949896154857657,0.0928118202578209));
#1585=CARTESIAN_POINT('',(0.0656300648451866,-0.00884512185292791,0.0929887117949903));
#1586=CARTESIAN_POINT('',(0.0661123689239837,-0.0143794557532626,0.0870647721538326));
#1587=CARTESIAN_POINT('',(0.0663619392688614,-0.0141910324559466,0.0877056446592158));
#1588=CARTESIAN_POINT('',(0.0665572053144368,-0.0139390777165273,0.0883522438814755));
#1589=CARTESIAN_POINT('',(0.0667492952801495,-0.0134397354451356,0.0892881776055985));
#1590=CARTESIAN_POINT('',(0.0667960592222562,-0.0132517184686831,0.0895946991227831));
#1591=CARTESIAN_POINT('',(0.0668513968888924,-0.0128327557642561,0.0901827160242874));
#1592=CARTESIAN_POINT('',(0.0668599706134219,-0.0126018100362816,0.0904642114086072));
#1593=CARTESIAN_POINT('',(0.066835269720255,-0.0120972001825989,0.0909880626932301));
#1594=CARTESIAN_POINT('',(0.0668020927903338,-0.0118258992104853,0.0912280474760508));
#1595=CARTESIAN_POINT('',(0.0667000973372331,-0.0112581555628662,0.0916629486731143));
#1596=CARTESIAN_POINT('',(0.0666312788140536,-0.0109617128873606,0.0918578650873572));
#1597=CARTESIAN_POINT('',(0.0663803779147539,-0.0100539478864847,0.0923732318028252));
#1598=CARTESIAN_POINT('',(0.0661552821809691,-0.00942340364031639,0.09262975424955));
#1599=CARTESIAN_POINT('',(0.0658914581303139,-0.00879129193103619,0.0928132887421935));
#1600=CARTESIAN_POINT('',(0.0665646333377105,-0.0140167975258073,0.0869609599664514));
#1601=CARTESIAN_POINT('',(0.0668041710676495,-0.0138130338827111,0.0875519206972662));
#1602=CARTESIAN_POINT('',(0.0669907136914397,-0.0135512903123074,0.0881489801582294));
#1603=CARTESIAN_POINT('',(0.0671757496265934,-0.0130534562693553,0.089016121402679));
#1604=CARTESIAN_POINT('',(0.0672212706376127,-0.0128689371761157,0.0893005861846426));
#1605=CARTESIAN_POINT('',(0.0672771133039736,-0.0124632573259663,0.0898486245044144));
#1606=CARTESIAN_POINT('',(0.0672874349593151,-0.0122420965690564,0.0901121980422225));
#1607=CARTESIAN_POINT('',(0.0672699948267068,-0.0117636405524071,0.0906067272285674));
#1608=CARTESIAN_POINT('',(0.0672422997147637,-0.0115085326731918,0.0908355069731998));
#1609=CARTESIAN_POINT('',(0.0671539222974527,-0.010976984832793,0.0912545100162885));
#1610=CARTESIAN_POINT('',(0.067093239992085,-0.0107005448716096,0.0914447333147448));
#1611=CARTESIAN_POINT('',(0.0668691566326249,-0.00985486835482748,0.0919551884172053));
#1612=CARTESIAN_POINT('',(0.0666648328912512,-0.00926866465210005,0.0922194479515594));
#1613=CARTESIAN_POINT('',(0.0664215795283709,-0.00868028444935031,0.0924159497394905));
#1614=CARTESIAN_POINT('',(0.0667896427674947,-0.0138203764685006,0.0869062769720743));
#1615=CARTESIAN_POINT('',(0.0670233783775853,-0.0136093110361256,0.0874715180076522));
#1616=CARTESIAN_POINT('',(0.0672054993570347,-0.0133434601805117,0.0880421522675833));
#1617=CARTESIAN_POINT('',(0.0673875126323236,-0.0128479256928673,0.0888717872281391));
#1618=CARTESIAN_POINT('',(0.0674326793388685,-0.0126657314792076,0.0891440824505595));
#1619=CARTESIAN_POINT('',(0.0674894244852909,-0.0122679226183086,0.0896697584419666));
#1620=CARTESIAN_POINT('',(0.0675010029251685,-0.0120523079710692,0.0899231392109532));
#1621=CARTESIAN_POINT('',(0.0674879920420249,-0.0115882699116543,0.0904005713709222));
#1622=CARTESIAN_POINT('',(0.0674634538891263,-0.0113419459934675,0.0906225444647893));
#1623=CARTESIAN_POINT('',(0.0673826683936119,-0.0108298607805556,0.0910313362489701));
#1624=CARTESIAN_POINT('',(0.0673264210509962,-0.0105640994858305,0.0912181549392838));
#1625=CARTESIAN_POINT('',(0.067116649587978,-0.00975141813747831,0.091723376757917));
#1626=CARTESIAN_POINT('',(0.0669230506804693,-0.00918857732204853,0.0919901820824355));
#1627=CARTESIAN_POINT('',(0.0666898285439073,-0.00862297190323573,0.0921928471323691));
#1628=CARTESIAN_POINT('',(0.0671232952163328,-0.0134993104978669,0.0868173592994631));
#1629=CARTESIAN_POINT('',(0.0673463021007977,-0.013277748835044,0.087343469888009));
#1630=CARTESIAN_POINT('',(0.0675202914817859,-0.0130074437013218,0.0878724971771474));
#1631=CARTESIAN_POINT('',(0.067696152640422,-0.0125185792627539,0.0886419403550856));
#1632=CARTESIAN_POINT('',(0.0677403487709676,-0.0123410421627864,0.0888945094819129));
#1633=CARTESIAN_POINT('',(0.0677977388961634,-0.011957416919762,0.0893834948590805));
#1634=CARTESIAN_POINT('',(0.0678109328908134,-0.0117513287767052,0.0896199111094208));
#1635=CARTESIAN_POINT('',(0.067804165119655,-0.011311214978636,0.090068261722098));
#1636=CARTESIAN_POINT('',(0.0677842327188194,-0.0110791652271722,0.090278255046867));
#1637=CARTESIAN_POINT('',(0.0677147715370688,-0.0105983421096782,0.0906683357423593));
#1638=CARTESIAN_POINT('',(0.0676652427561539,-0.0103495687436479,0.0908484231130826));
#1639=CARTESIAN_POINT('',(0.0674775128189414,-0.00958905635914502,0.091341513307824));
#1640=CARTESIAN_POINT('',(0.0673008989706002,-0.00906272440451557,0.0916101283703021));
#1641=CARTESIAN_POINT('',(0.067084302981662,-0.00853202888143201,0.0918220667183316));
#1642=CARTESIAN_POINT('',(0.0672338155813768,-0.0133877453320693,0.0867865515537606));
#1643=CARTESIAN_POINT('',(0.0674530163806774,-0.0131628181829455,0.0872994856669958));
#1644=CARTESIAN_POINT('',(0.0676241480964108,-0.0128913033573605,0.0878142541484421));
#1645=CARTESIAN_POINT('',(0.0677978043146271,-0.0124051470976059,0.0885628867939452));
#1646=CARTESIAN_POINT('',(0.0678416357790394,-0.0122293336996681,0.0888086050624503));
#1647=CARTESIAN_POINT('',(0.0678991688056027,-0.0118507829394887,0.0892847810363692));
#1648=CARTESIAN_POINT('',(0.0679128703677538,-0.011648045577247,0.0895152387417829));
#1649=CARTESIAN_POINT('',(0.0679081215708537,-0.0112162455468612,0.0899532849197528));
#1650=CARTESIAN_POINT('',(0.0678896935506713,-0.0109891189586795,0.0901589765828174));
#1651=CARTESIAN_POINT('',(0.0678239496098868,-0.0105190437093874,0.0905422440223201));
#1652=CARTESIAN_POINT('',(0.0677766336892847,-0.010276095048277,0.0907198197987582));
#1653=CARTESIAN_POINT('',(0.0675961830914159,-0.00953346256512668,0.0912081937459545));
#1654=CARTESIAN_POINT('',(0.0674252043846938,-0.00901963111339551,0.0914771480628612));
#1655=CARTESIAN_POINT('',(0.0672141495408223,-0.00850088224837374,0.0916923176762256));
#1656=CARTESIAN_POINT('',(0.0674521704651768,-0.0131561138235655,0.0867221648077795));
#1657=CARTESIAN_POINT('',(0.0676632957961464,-0.0129247965320801,0.0872086608474189));
#1658=CARTESIAN_POINT('',(0.0678283796925013,-0.0126515461596092,0.0876947084752352));
#1659=CARTESIAN_POINT('',(0.067997202121738,-0.0121719241820305,0.0884012833981035));
#1660=CARTESIAN_POINT('',(0.0680401730026066,-0.011999939240563,0.0886331334955428));
#1661=CARTESIAN_POINT('',(0.0680977269472485,-0.0116322697457083,0.0890832869457672));
#1662=CARTESIAN_POINT('',(0.0681123100110218,-0.0114365851923211,0.0893015902985524));
#1663=CARTESIAN_POINT('',(0.068111307028798,-0.0110220387595896,0.0897184532685152));
#1664=CARTESIAN_POINT('',(0.0680957299963005,-0.0108050374327164,0.0899151999570355));
#1665=CARTESIAN_POINT('',(0.0680371018069632,-0.0103569647086311,0.0902840849296775));
#1666=CARTESIAN_POINT('',(0.0679940506501235,-0.0101258933114191,0.0904562232137991));
#1667=CARTESIAN_POINT('',(0.0678277014307338,-0.00941965324028948,0.0909338672423507));
#1668=CARTESIAN_POINT('',(0.067667729692474,-0.00893117250848903,0.0912025908457449));
#1669=CARTESIAN_POINT('',(0.0674675905396438,-0.00843651933930314,0.0914235127279684));
#1670=CARTESIAN_POINT('',(0.0675600049839329,-0.0130360474808593,0.0866885858075009));
#1671=CARTESIAN_POINT('',(0.0677668609317358,-0.0128017055333132,0.0871618202488552));
#1672=CARTESIAN_POINT('',(0.0679287397411834,-0.0125279168637757,0.0876333681943581));
#1673=CARTESIAN_POINT('',(0.0680949053228909,-0.0120520976607285,0.0883186253588225));
#1674=CARTESIAN_POINT('',(0.0681373700200608,-0.0118822089197968,0.0885434322685099));
#1675=CARTESIAN_POINT('',(0.0681947823821352,-0.0115203298772402,0.0889803232005457));
#1676=CARTESIAN_POINT('',(0.0682097300470398,-0.0113283395756153,0.0891924072228941));
#1677=CARTESIAN_POINT('',(0.0682104389724506,-0.0109227205308113,0.0895983537831815));
#1678=CARTESIAN_POINT('',(0.0681962029471908,-0.0107109166361983,0.0897904430452214));
#1679=CARTESIAN_POINT('',(0.0681409686018399,-0.0102740946809795,0.0901517470456248));
#1680=CARTESIAN_POINT('',(0.0680999702817486,-0.0100490766203736,0.0903209617839885));
#1681=CARTESIAN_POINT('',(0.0679404599008759,-0.00936136305721077,0.0907926344823631));
#1682=CARTESIAN_POINT('',(0.0677858898550265,-0.00888575742652938,0.0910608633905671));
#1683=CARTESIAN_POINT('',(0.0675911849793051,-0.00840330306329081,0.0912844568218172));
#1684=CARTESIAN_POINT('',(0.0677716965646739,-0.0127879987928023,0.0866182223407893));
#1685=CARTESIAN_POINT('',(0.0679695468367165,-0.0125480226792524,0.0870650293255581));
#1686=CARTESIAN_POINT('',(0.0681245507258919,-0.0122738489117195,0.0875075257215112));
#1687=CARTESIAN_POINT('',(0.0682846869530192,-0.0118066651188535,0.088149969744768));
#1688=CARTESIAN_POINT('',(0.0683258944137467,-0.0116413015679789,0.0883606159328484));
#1689=CARTESIAN_POINT('',(0.0683825146054015,-0.011291609378031,0.0887707745280543));
#1690=CARTESIAN_POINT('',(0.068397927336329,-0.0111072807389579,0.0889702869351798));
#1691=CARTESIAN_POINT('',(0.0684015059018803,-0.0107199645242534,0.0893540478268651));
#1692=CARTESIAN_POINT('',(0.0683896628213252,-0.0105187358822867,0.0895365962406176));
#1693=CARTESIAN_POINT('',(0.0683406643780573,-0.0101047353146582,0.0898822459198574));
#1694=CARTESIAN_POINT('',(0.0683035090153446,-0.00989196338899642,0.0900453471853449));
#1695=CARTESIAN_POINT('',(0.0681570031707261,-0.00924172936476913,0.0905043056332829));
#1696=CARTESIAN_POINT('',(0.0680129510368631,-0.00879216368438596,0.0907711053760555));
#1697=CARTESIAN_POINT('',(0.0678291594598123,-0.0083343958102721,0.0910000424229446));
#1698=CARTESIAN_POINT('',(0.0678751502541533,-0.0126600841533516,0.0865814013903487));
#1699=CARTESIAN_POINT('',(0.0680682898276369,-0.0124174206209048,0.0870149981733743));
#1700=CARTESIAN_POINT('',(0.0682196371415347,-0.0121433476171867,0.0874429834447187));
#1701=CARTESIAN_POINT('',(0.0683763985803446,-0.0116809471634416,0.0880640572455798));
#1702=CARTESIAN_POINT('',(0.0684168505331735,-0.011518001062638,0.088267638294352));
#1703=CARTESIAN_POINT('',(0.0684728032264541,-0.0111746905038543,0.088664442611726));
#1704=CARTESIAN_POINT('',(0.068488303966906,-0.0109943260458741,0.0888576658803279));
#1705=CARTESIAN_POINT('',(0.0684930067432713,-0.0106163856480044,0.0892302839602203));
#1706=CARTESIAN_POINT('',(0.068482194533858,-0.010420538430783,0.0894080122530373));
#1707=CARTESIAN_POINT('',(0.0684359867943326,-0.0100181210489542,0.0897457047425972));
#1708=CARTESIAN_POINT('',(0.0684005912642205,-0.00981155088434691,0.08990566893934));
#1709=CARTESIAN_POINT('',(0.068260145504576,-0.00918030260322693,0.0903580114827334));
#1710=CARTESIAN_POINT('',(0.0681211195168793,-0.00874393134543362,0.0906239193531994));
#1711=CARTESIAN_POINT('',(0.0679426947800954,-0.00829868259043336,0.0908554865970006));
#1712=CARTESIAN_POINT('',(0.0680764580330501,-0.0123978063359118,0.0865041460736687));
#1713=CARTESIAN_POINT('',(0.0682597842818216,-0.012150782899666,0.086911697447981));
#1714=CARTESIAN_POINT('',(0.0684034108989673,-0.0118779858543631,0.0873112765743112));
#1715=CARTESIAN_POINT('',(0.0685527637749149,-0.0114264313196381,0.0878905957175278));
#1716=CARTESIAN_POINT('',(0.0685914730730091,-0.0112686795472457,0.088080387130039));
#1717=CARTESIAN_POINT('',(0.0686455957421823,-0.0109386864667934,0.0884510773195671));
#1718=CARTESIAN_POINT('',(0.0686610091132613,-0.0107664451587336,0.088631976096584));
#1719=CARTESIAN_POINT('',(0.0686673939891656,-0.0104074506595805,0.0889826183167511));
#1720=CARTESIAN_POINT('',(0.068658341799766,-0.010222372635298,0.0891507547205649));
#1721=CARTESIAN_POINT('',(0.0686171382968715,-0.00984302829574037,0.089472414387794));
#1722=CARTESIAN_POINT('',(0.0685849869833767,-0.00964876198046517,0.0896259376512094));
#1723=CARTESIAN_POINT('',(0.0684559695526626,-0.00905514048577933,0.0900642221390692));
#1724=CARTESIAN_POINT('',(0.0683267263999137,-0.00864486055094092,0.0903274083049766));
#1725=CARTESIAN_POINT('',(0.0681591683124626,-0.00822434744150178,0.0905630658073928));
#1726=CARTESIAN_POINT('',(0.0681743121224674,-0.0122634431579228,0.0864637117074293));
#1727=CARTESIAN_POINT('',(0.0683525256316258,-0.0120146507119608,0.0868583779673951));
#1728=CARTESIAN_POINT('',(0.0684920868389194,-0.0117429569326937,0.0872439957347583));
#1729=CARTESIAN_POINT('',(0.0686374101615725,-0.0112973934562182,0.0878028388096397));
#1730=CARTESIAN_POINT('',(0.0686751347455503,-0.0111424007834821,0.0879858764932949));
#1731=CARTESIAN_POINT('',(0.068728100625067,-0.0108193200293663,0.0883437564141767));
#1732=CARTESIAN_POINT('',(0.068743341920606,-0.0106512319479865,0.0885185986514032));
#1733=CARTESIAN_POINT('',(0.0687502909819531,-0.0103018079957611,0.0888583789156089));
#1734=CARTESIAN_POINT('',(0.0687419709347855,-0.0101221239468653,0.089021735830055));
#1735=CARTESIAN_POINT('',(0.0687029854608688,-0.00975429374030925,0.0893353233077186));
#1736=CARTESIAN_POINT('',(0.0686723200341196,-0.00956614758264895,0.089485553870936));
#1737=CARTESIAN_POINT('',(0.06854867134865,-0.00899123900172393,0.089916466159872));
#1738=CARTESIAN_POINT('',(0.0684241798763423,-0.00859392743076953,0.0901779177401176));
#1739=CARTESIAN_POINT('',(0.0682621065245467,-0.00818572551240893,0.090415200843729));
#1740=CARTESIAN_POINT('',(0.0683636053029601,-0.0119896003157128,0.086378894577522));
#1741=CARTESIAN_POINT('',(0.0685313102649086,-0.0117380194632794,0.0867480195181747));
#1742=CARTESIAN_POINT('',(0.0686625647352298,-0.011469358160191,0.0871062841306484));
#1743=CARTESIAN_POINT('',(0.068799552148012,-0.0110366934497341,0.0876252237550719));
#1744=CARTESIAN_POINT('',(0.0688352080425855,-0.0108874569137354,0.0877951380631593));
#1745=CARTESIAN_POINT('',(0.068885614384275,-0.0105785161946711,0.0881281087444951));
#1746=CARTESIAN_POINT('',(0.068900364831391,-0.0104188120116055,0.0882911651177435));
#1747=CARTESIAN_POINT('',(0.0689080679834158,-0.0100884982830328,0.0886096931280028));
#1748=CARTESIAN_POINT('',(0.0689009860915248,-0.00991950210911638,0.0887636263554509));
#1749=CARTESIAN_POINT('',(0.0688659584199475,-0.00957443294612463,0.0890611436877776));
#1750=CARTESIAN_POINT('',(0.0688380126402612,-0.00939835995704931,0.0892047277926563));
#1751=CARTESIAN_POINT('',(0.0687243840415275,-0.00886042847323696,0.089620425072629));
#1752=CARTESIAN_POINT('',(0.0686089845446851,-0.00848881657928653,0.0898777673105991));
#1753=CARTESIAN_POINT('',(0.0684576925722579,-0.00810518342237381,0.0901175498939769));
#1754=CARTESIAN_POINT('',(0.0684550443940355,-0.0118501206514917,0.0863345118138542));
#1755=CARTESIAN_POINT('',(0.0686173073348129,-0.0115976335354585,0.086691097214736));
#1756=CARTESIAN_POINT('',(0.0687442901510049,-0.0113309824319496,0.0870360570638408));
#1757=CARTESIAN_POINT('',(0.068876944671727,-0.0109053030408224,0.0875356559306449));
#1758=CARTESIAN_POINT('',(0.0689115109050231,-0.0107590821003259,0.0876992221461336));
#1759=CARTESIAN_POINT('',(0.0689605086324364,-0.0104573923064514,0.0880201224107932));
#1760=CARTESIAN_POINT('',(0.0689749401265535,-0.0103019234530734,0.0881774564599641));
#1761=CARTESIAN_POINT('',(0.0689828375169854,-0.00998114554079591,0.0884855937058951));
#1762=CARTESIAN_POINT('',(0.0689762661514265,-0.00981743474798879,0.0886348752692592));
#1763=CARTESIAN_POINT('',(0.0689429911607206,-0.00948358300588667,0.0889243653337836));
#1764=CARTESIAN_POINT('',(0.0689162875355737,-0.00931344205659167,0.0890645738349438));
#1765=CARTESIAN_POINT('',(0.0688073400636939,-0.00879369424924823,0.0894723413306163));
#1766=CARTESIAN_POINT('',(0.0686963068557126,-0.00843473653941091,0.0897272222457623));
#1767=CARTESIAN_POINT('',(0.0685503404078849,-0.00806326326143153,0.0899677639078885));
#1768=CARTESIAN_POINT('',(0.0686306921795641,-0.0115673768891239,0.0862414629074608));
#1769=CARTESIAN_POINT('',(0.0687818506711828,-0.0113142489024542,0.0865734891420415));
#1770=CARTESIAN_POINT('',(0.0689001355999111,-0.0110527466331758,0.0868927957959742));
#1771=CARTESIAN_POINT('',(0.0690238657385322,-0.0106421739390084,0.0873553503486433));
#1772=CARTESIAN_POINT('',(0.0690561563497624,-0.0105022538917052,0.0875068023813605));
#1773=CARTESIAN_POINT('',(0.0691020978791743,-0.010215360871717,0.0878046377118765));
#1774=CARTESIAN_POINT('',(0.0691157487973561,-0.010068387899032,0.0879510210096752));
#1775=CARTESIAN_POINT('',(0.0691236767842433,-0.00976646106805913,0.0882391157717806));
#1776=CARTESIAN_POINT('',(0.0691179129568833,-0.00961308487745704,0.0883793284792825));
#1777=CARTESIAN_POINT('',(0.069087720649018,-0.00930106609985315,0.0886529546129289));
#1778=CARTESIAN_POINT('',(0.0690632921685128,-0.00914242351285137,0.0887863680390733));
#1779=CARTESIAN_POINT('',(0.0689631962299719,-0.00865793488799403,0.0891777144940867));
#1780=CARTESIAN_POINT('',(0.0688607282191619,-0.00832352253526955,0.0894267915792076));
#1781=CARTESIAN_POINT('',(0.068725652434424,-0.00797573518510219,0.0896676590285828));
#1782=CARTESIAN_POINT('',(0.0687149008740174,-0.0114241127909771,0.0861927967647352));
#1783=CARTESIAN_POINT('',(0.0688603969376483,-0.0111712501972708,0.0865128033727857));
#1784=CARTESIAN_POINT('',(0.0689742770635075,-0.0109128671090375,0.0868197560689923));
#1785=CARTESIAN_POINT('',(0.06909345589421,-0.0105103793169889,0.0872645967040403));
#1786=CARTESIAN_POINT('',(0.0691245752780964,-0.010373731193023,0.0874102788475126));
#1787=CARTESIAN_POINT('',(0.0691688973512691,-0.0100943584888735,0.0876971124077872));
#1788=CARTESIAN_POINT('',(0.0691821000405553,-0.00995163390868996,0.0878382638245895));
#1789=CARTESIAN_POINT('',(0.0691898858159559,-0.00965900288912064,0.0881167013412747));
#1790=CARTESIAN_POINT('',(0.0691844270368872,-0.00951066862451203,0.0882524947847771));
#1791=CARTESIAN_POINT('',(0.0691555714280114,-0.00920925931126491,0.088518282528497));
#1792=CARTESIAN_POINT('',(0.0691321745982043,-0.00905618426262639,0.0886482768287145));
#1793=CARTESIAN_POINT('',(0.069036224956875,-0.00858879302909291,0.0890311382440322));
#1794=CARTESIAN_POINT('',(0.0689379129934448,-0.00826631075658005,0.089276883873798));
#1795=CARTESIAN_POINT('',(0.068808316625336,-0.00793012726971513,0.0895173401353655));
#1796=CARTESIAN_POINT('',(0.0688459431783711,-0.0111879819407588,0.086109491191306));
#1797=CARTESIAN_POINT('',(0.0689821321404565,-0.0109366704140971,0.0864103268804565));
#1798=CARTESIAN_POINT('',(0.0690889386242462,-0.0106842889272676,0.0866980515904671));
#1799=CARTESIAN_POINT('',(0.0692008717655282,-0.0102957455921904,0.0871156319535322));
#1800=CARTESIAN_POINT('',(0.0692301367152218,-0.0101645692963592,0.0872524909575621));
#1801=CARTESIAN_POINT('',(0.0692718739419815,-0.00989749864232237,0.0875224833594315));
#1802=CARTESIAN_POINT('',(0.0692843462190477,-0.00976160428411673,0.087655616757271));
#1803=CARTESIAN_POINT('',(0.069291797622726,-0.00948370314456748,0.0879191012412194));
#1804=CARTESIAN_POINT('',(0.069286734884155,-0.00934326853800108,0.0880479596709479));
#1805=CARTESIAN_POINT('',(0.0692598002397374,-0.00905843901912384,0.0883012382770181));
#1806=CARTESIAN_POINT('',(0.0692379283338907,-0.00891404410681302,0.0884256584533597));
#1807=CARTESIAN_POINT('',(0.0691482504357542,-0.00847343056302266,0.088794255658961));
#1808=CARTESIAN_POINT('',(0.0690563822628679,-0.00816978312468525,0.0890337693647971));
#1809=CARTESIAN_POINT('',(0.068935502036698,-0.00785226168189392,0.0892723827904866));
#1810=CARTESIAN_POINT('',(0.068895076315043,-0.0110961946636752,0.0860763094060973));
#1811=CARTESIAN_POINT('',(0.0690276201059969,-0.0108458157677695,0.0863698534844964));
#1812=CARTESIAN_POINT('',(0.0691316514668069,-0.0105959426486796,0.0866503575231793));
#1813=CARTESIAN_POINT('',(0.0692407379794742,-0.0102129238944974,0.0870577351102543));
#1814=CARTESIAN_POINT('',(0.0692692733956053,-0.0100838827971788,0.087191297894121));
#1815=CARTESIAN_POINT('',(0.0693099920711298,-0.00982156962056381,0.0874549942363087));
#1816=CARTESIAN_POINT('',(0.0693221753305231,-0.00968829754126749,0.0875851277946297));
#1817=CARTESIAN_POINT('',(0.0693294910453499,-0.00941602777723529,0.0878429959504965));
#1818=CARTESIAN_POINT('',(0.069324581799136,-0.00927859612596889,0.087969243722351));
#1819=CARTESIAN_POINT('',(0.0692983929084806,-0.00900004521926141,0.0882177814872055));
#1820=CARTESIAN_POINT('',(0.069277113264039,-0.00885892596382033,0.0883400714802056));
#1821=CARTESIAN_POINT('',(0.0691898644469126,-0.00842839569272399,0.0887031270408794));
#1822=CARTESIAN_POINT('',(0.069100485390426,-0.00813181217229564,0.0889400781902269));
#1823=CARTESIAN_POINT('',(0.0689829483916438,-0.00782128904947354,0.0891776027816867));
#1824=CARTESIAN_POINT('',(0.0689900177523894,-0.0109125179976434,0.0860083246526616));
#1825=CARTESIAN_POINT('',(0.0691152234048166,-0.0106645808567485,0.0862875459175256));
#1826=CARTESIAN_POINT('',(0.0692136135569213,-0.0104199126672684,0.0865539675803045));
#1827=CARTESIAN_POINT('',(0.06931686792562,-0.0100479003887979,0.086941485209982));
#1828=CARTESIAN_POINT('',(0.0693438975719432,-0.00992306129693266,0.087068638609126));
#1829=CARTESIAN_POINT('',(0.0693824953099409,-0.00967006087822342,0.0873200878756897));
#1830=CARTESIAN_POINT('',(0.0693940634016154,-0.00954189955137939,0.0874443837431095));
#1831=CARTESIAN_POINT('',(0.0694010534288201,-0.0092806024258171,0.0876912987026642));
#1832=CARTESIAN_POINT('',(0.0693964342759624,-0.00914900963066435,0.0878124528341914));
#1833=CARTESIAN_POINT('',(0.0693717239853705,-0.00888267800595234,0.0880517140702981));
#1834=CARTESIAN_POINT('',(0.0693516328476361,-0.00874793917639308,0.0881698211748775));
#1835=CARTESIAN_POINT('',(0.0692692859791829,-0.0083371172816106,0.0885219114525232));
#1836=CARTESIAN_POINT('',(0.0691849567932139,-0.00805442881028267,0.0887536635894967));
#1837=CARTESIAN_POINT('',(0.0690742217257512,-0.00775790285216192,0.0889886796898904));
#1838=CARTESIAN_POINT('',(0.0690358260530638,-0.0108206286086953,0.0859735216844346));
#1839=CARTESIAN_POINT('',(0.0691573387380958,-0.0105742005920552,0.086245711746515));
#1840=CARTESIAN_POINT('',(0.0692528742221624,-0.0103322507881785,0.0865052901784549));
#1841=CARTESIAN_POINT('',(0.0693531644836712,-0.00996576132402504,0.0868831852649827));
#1842=CARTESIAN_POINT('',(0.0693794257434088,-0.00984300404291748,0.0870072382002616));
#1843=CARTESIAN_POINT('',(0.0694169360808298,-0.00959458754834227,0.0872527606976636));
#1844=CARTESIAN_POINT('',(0.0694281851585131,-0.00946892833487463,0.0873742302597867));
#1845=CARTESIAN_POINT('',(0.0694349966046347,-0.00921299429599867,0.0876158268248482));
#1846=CARTESIAN_POINT('',(0.0694305183344088,-0.00908424558555962,0.0877345049015737));
#1847=CARTESIAN_POINT('',(0.0694065444581453,-0.00882386145059005,0.087969236223191));
#1848=CARTESIAN_POINT('',(0.0693870488521077,-0.00869222602605952,0.0880852894680829));
#1849=CARTESIAN_POINT('',(0.0693071620064194,-0.00829100468319671,0.0884319353246732));
#1850=CARTESIAN_POINT('',(0.0692253707391933,-0.0080151036955932,0.0886610140582865));
#1851=CARTESIAN_POINT('',(0.0691180487049127,-0.00772548928727068,0.088894536606894));
#1852=CARTESIAN_POINT('',(0.0691684465591327,-0.0105450942537225,0.0858668038352441));
#1853=CARTESIAN_POINT('',(0.0692788364236608,-0.0103039310695371,0.0861182360879575));
#1854=CARTESIAN_POINT('',(0.069365761718819,-0.0100704253120548,0.0863578587271593));
#1855=CARTESIAN_POINT('',(0.0694571037938564,-0.00972052873245094,0.0867078084513046));
#1856=CARTESIAN_POINT('',(0.0694810435075856,-0.00960395688201955,0.0868228776535768));
#1857=CARTESIAN_POINT('',(0.0695152661435363,-0.00936907985279067,0.0870512263441706));
#1858=CARTESIAN_POINT('',(0.069525549065758,-0.00925077467399319,0.0871645058324921));
#1859=CARTESIAN_POINT('',(0.0695318166164196,-0.00901057697412625,0.0873906467927861));
#1860=CARTESIAN_POINT('',(0.069527762323322,-0.00889014608429496,0.0875021205607798));
#1861=CARTESIAN_POINT('',(0.0695060010571614,-0.00864714006486613,0.0877236053006932));
#1862=CARTESIAN_POINT('',(0.0694882940840983,-0.00852456493526859,0.0878336162726128));
#1863=CARTESIAN_POINT('',(0.0694157793302977,-0.00815140294687067,0.0881640509366088));
#1864=CARTESIAN_POINT('',(0.0693415777149486,-0.00789537948846502,0.0883848763769225));
#1865=CARTESIAN_POINT('',(0.0692444114810157,-0.00762618659070318,0.0886131599944815));
#1866=CARTESIAN_POINT('',(0.0692504543685727,-0.0103615830995696,0.0857925800097714));
#1867=CARTESIAN_POINT('',(0.0693534649542372,-0.0101250314167578,0.0860307067738746));
#1868=CARTESIAN_POINT('',(0.069434635790012,-0.00989759937639237,0.0862578334104508));
#1869=CARTESIAN_POINT('',(0.0695199644969002,-0.00955883058991175,0.0865904065783954));
#1870=CARTESIAN_POINT('',(0.0695423361414006,-0.00944630420676279,0.0866999115032236));
#1871=CARTESIAN_POINT('',(0.0695743255944866,-0.00922016116688702,0.086917612991302));
#1872=CARTESIAN_POINT('',(0.0695839434030723,-0.00910654451016022,0.0870258095545522));
#1873=CARTESIAN_POINT('',(0.0695898138640055,-0.00887633755819508,0.0872422915535361));
#1874=CARTESIAN_POINT('',(0.0695860292301743,-0.00876114748111769,0.087349247592181));
#1875=CARTESIAN_POINT('',(0.0695657165215329,-0.00852906890562631,0.0875623308313504));
#1876=CARTESIAN_POINT('',(0.0695491884467228,-0.00841218040721233,0.0876684580318749));
#1877=CARTESIAN_POINT('',(0.0694815334922488,-0.00805667945124508,0.0879882080016275));
#1878=CARTESIAN_POINT('',(0.0694123358825414,-0.00781323153296653,0.0882031991390349));
#1879=CARTESIAN_POINT('',(0.0693218291165758,-0.00755723545713316,0.088426979101642));
#1880=CARTESIAN_POINT('',(0.0694026335077974,-0.00999644818115407,0.0856386302668984));
#1881=CARTESIAN_POINT('',(0.0694916724998041,-0.00977135389848884,0.0858514317338235));
#1882=CARTESIAN_POINT('',(0.0695618879276763,-0.00955699901018557,0.0860553315255294));
#1883=CARTESIAN_POINT('',(0.0696357241506138,-0.00924063436969869,0.0863558027165436));
#1884=CARTESIAN_POINT('',(0.0696550884051145,-0.00913604077153105,0.0864550633641242));
#1885=CARTESIAN_POINT('',(0.0696827793457143,-0.0089267525725893,0.0866531208298179));
#1886=CARTESIAN_POINT('',(0.0696911060318133,-0.00882205797181518,0.0867519176479309));
#1887=CARTESIAN_POINT('',(0.0696961799068313,-0.00861074420106462,0.0869503764574032));
#1888=CARTESIAN_POINT('',(0.0696928937344326,-0.00850537785786375,0.0870488489882094));
#1889=CARTESIAN_POINT('',(0.0696753032060402,-0.00829372313544527,0.0872459169595019));
#1890=CARTESIAN_POINT('',(0.0696609988500466,-0.00818743475622765,0.0873445123999882));
#1891=CARTESIAN_POINT('',(0.0696025005610046,-0.0078649318840013,0.0876429380722778));
#1892=CARTESIAN_POINT('',(0.0695427214068951,-0.00764507965641908,0.0878454076549116));
#1893=CARTESIAN_POINT('',(0.0694646741029203,-0.00741436463460985,0.0880579430021469));
#1894=CARTESIAN_POINT('',(0.0694728048375821,-0.00981482441689145,0.0855589043494981));
#1895=CARTESIAN_POINT('',(0.0695550977230893,-0.00959640609157782,0.0857597894168754));
#1896=CARTESIAN_POINT('',(0.069620003942555,-0.009388985745219,0.0859529664678502));
#1897=CARTESIAN_POINT('',(0.0696882589882096,-0.00908387980728367,0.0862386595663031));
#1898=CARTESIAN_POINT('',(0.0697061599561704,-0.00898318192490571,0.0863332118527858));
#1899=CARTESIAN_POINT('',(0.0697317564168306,-0.0087820489562125,0.0865222071908473));
#1900=CARTESIAN_POINT('',(0.0697394519095298,-0.00868161386989725,0.086616650242426));
#1901=CARTESIAN_POINT('',(0.0697441333722531,-0.00847926109552459,0.0868066753684451));
#1902=CARTESIAN_POINT('',(0.0697410882704615,-0.00837851025593461,0.0869011496119781));
#1903=CARTESIAN_POINT('',(0.0697248120264415,-0.00817641272896477,0.0870905562591165));
#1904=CARTESIAN_POINT('',(0.0697115808842131,-0.0080750660415849,0.087185488662722));
#1905=CARTESIAN_POINT('',(0.069657486835677,-0.00776796179328654,0.087473275312185));
#1906=CARTESIAN_POINT('',(0.0696022233075187,-0.00755914004620929,0.0876691189966894));
#1907=CARTESIAN_POINT('',(0.0695301014537047,-0.00734044494565657,0.0878750877954913));
#1908=CARTESIAN_POINT('',(0.0696022862603859,-0.00945499483648887,0.0853946055162006));
#1909=CARTESIAN_POINT('',(0.0696718449525501,-0.00925117483973099,0.085573463586391));
#1910=CARTESIAN_POINT('',(0.0697266596724889,-0.00905808228299237,0.0857468656341445));
#1911=CARTESIAN_POINT('',(0.069784263518542,-0.00877536790440586,0.086005142483073));
#1912=CARTESIAN_POINT('',(0.0697993617615839,-0.00868228385429725,0.0860909303955988));
#1913=CARTESIAN_POINT('',(0.0698209351237964,-0.0084968961223359,0.0862629571149088));
#1914=CARTESIAN_POINT('',(0.0698274102429671,-0.00840459244048317,0.086349195921693));
#1915=CARTESIAN_POINT('',(0.0698313203115177,-0.00821923766111563,0.0865231840646785));
#1916=CARTESIAN_POINT('',(0.0698287290951581,-0.00812716917283658,0.0866100004906421));
#1917=CARTESIAN_POINT('',(0.0698149547348568,-0.00794297354554665,0.0867845789845728));
#1918=CARTESIAN_POINT('',(0.069803771590915,-0.00785084640653578,0.0868723410525399));
#1919=CARTESIAN_POINT('',(0.0697580851282476,-0.0075724623330935,0.0871389971190391));
#1920=CARTESIAN_POINT('',(0.0697114447786798,-0.00738420274225248,0.0873212609801691));
#1921=CARTESIAN_POINT('',(0.0696506240160724,-0.0071881671287002,0.0875132217236771));
#1922=CARTESIAN_POINT('',(0.069661596353405,-0.00927678902034892,0.0853100326003033));
#1923=CARTESIAN_POINT('',(0.0697251669587257,-0.00908089139479518,0.0854787800728545));
#1924=CARTESIAN_POINT('',(0.0697752198073905,-0.00889520662350176,0.0856431575323434));
#1925=CARTESIAN_POINT('',(0.069827791918337,-0.00862365236003024,0.0858888481134814));
#1926=CARTESIAN_POINT('',(0.069841564761644,-0.00853429642111783,0.0859705990391782));
#1927=CARTESIAN_POINT('',(0.0698612363063969,-0.00835651777646223,0.0861347555897898));
#1928=CARTESIAN_POINT('',(0.0698671350078426,-0.00826809507071903,0.0862171612147046));
#1929=CARTESIAN_POINT('',(0.0698706865143615,-0.00809079182774819,0.0863835737323352));
#1930=CARTESIAN_POINT('',(0.0698683157702693,-0.00800279563883272,0.086466741005837));
#1931=CARTESIAN_POINT('',(0.0698557353905163,-0.00782694925882702,0.0866341613189093));
#1932=CARTESIAN_POINT('',(0.0698455257548556,-0.00773909906773679,0.0867184143584799));
#1933=CARTESIAN_POINT('',(0.0698038196652237,-0.00747402019023199,0.0869745477313382));
#1934=CARTESIAN_POINT('',(0.0697612460286026,-0.00729526319958329,0.0871498023187726));
#1935=CARTESIAN_POINT('',(0.0697057192276556,-0.00710980900069713,0.0873342108585185));
#1936=CARTESIAN_POINT('',(0.0698246976416489,-0.00874959433146168,0.085050025995012));
#1937=CARTESIAN_POINT('',(0.0698718589744191,-0.0085783612892431,0.0851916203332477));
#1938=CARTESIAN_POINT('',(0.0699088778676368,-0.00841521830988631,0.0853315546972134));
#1939=CARTESIAN_POINT('',(0.0699477237812386,-0.00817684112110916,0.0855426337434247));
#1940=CARTESIAN_POINT('',(0.0699578920147351,-0.00809843827155978,0.0856131896755389));
#1941=CARTESIAN_POINT('',(0.0699724228785039,-0.00794277869687459,0.0857553052834662));
#1942=CARTESIAN_POINT('',(0.0699767855087761,-0.00786552197173877,0.0858268649592792));
#1943=CARTESIAN_POINT('',(0.0699794603716137,-0.00771118834354157,0.0859715992982155));
#1944=CARTESIAN_POINT('',(0.0699777569047353,-0.00763470100602165,0.086044214215196));
#1945=CARTESIAN_POINT('',(0.0699685739516658,-0.00748226978002601,0.086190695566535));
#1946=CARTESIAN_POINT('',(0.0699610944654747,-0.00740632589155031,0.0862645620008933));
#1947=CARTESIAN_POINT('',(0.0699304506438543,-0.00717808614351985,0.0864891726135648));
#1948=CARTESIAN_POINT('',(0.0698990809453782,-0.00702538220136176,0.0866429281014743));
#1949=CARTESIAN_POINT('',(0.0698579938719657,-0.0068688721326134,0.0868037227582576));
#1950=CARTESIAN_POINT('',(0.069915277971311,-0.00840564921494626,0.0848683133066635));
#1951=CARTESIAN_POINT('',(0.0699535118989062,-0.00825199303207144,0.0849959964392903));
#1952=CARTESIAN_POINT('',(0.0699833813593044,-0.00810439277321549,0.0851229571950149));
#1953=CARTESIAN_POINT('',(0.0700146757601508,-0.00788799689940565,0.0853148016256579));
#1954=CARTESIAN_POINT('',(0.0700228555954745,-0.00781669902721472,0.0853789836520483));
#1955=CARTESIAN_POINT('',(0.0700345514880459,-0.00767509155906519,0.0855082299475827));
#1956=CARTESIAN_POINT('',(0.0700380675452935,-0.00760478196310658,0.0855732942167266));
#1957=CARTESIAN_POINT('',(0.0700402753668868,-0.00746447115216265,0.0857047194748365));
#1958=CARTESIAN_POINT('',(0.0700389566649367,-0.00739486298087162,0.0857707072997072));
#1959=CARTESIAN_POINT('',(0.0700316805685599,-0.00725616174354308,0.0859037443373097));
#1960=CARTESIAN_POINT('',(0.0700257231741332,-0.00718706867750556,0.0859707935500415));
#1961=CARTESIAN_POINT('',(0.0700012027516638,-0.00697969309261071,0.0861742997643726));
#1962=CARTESIAN_POINT('',(0.0699759914844316,-0.00684131418697108,0.0863131153421076));
#1963=CARTESIAN_POINT('',(0.069942742030348,-0.00670048931318821,0.0864571196729412));
#1964=CARTESIAN_POINT('',(0.0700677059135209,-0.00773101769890513,0.0844913734704072));
#1965=CARTESIAN_POINT('',(0.0700915685578854,-0.00760990909640451,0.084596416922919));
#1966=CARTESIAN_POINT('',(0.0701099727074811,-0.00749192158717701,0.0847008999999134));
#1967=CARTESIAN_POINT('',(0.0701291757433754,-0.00731770247818841,0.0848580588301928));
#1968=CARTESIAN_POINT('',(0.0701341762239237,-0.00726008980100098,0.0849105174760839));
#1969=CARTESIAN_POINT('',(0.0701413402144628,-0.00714546525073418,0.0850157919691393));
#1970=CARTESIAN_POINT('',(0.0701435037244537,-0.0070884533776548,0.0850686078163036));
#1971=CARTESIAN_POINT('',(0.0701449578661539,-0.00697471052142791,0.0851748091749161));
#1972=CARTESIAN_POINT('',(0.0701442458812892,-0.00691807779920397,0.0852281013953405));
#1973=CARTESIAN_POINT('',(0.0701399996543665,-0.0068049949853966,0.0853353055112267));
#1974=CARTESIAN_POINT('',(0.0701364654123086,-0.00674854489381318,0.0853892174066884));
#1975=CARTESIAN_POINT('',(0.0701217130816998,-0.00657902639331591,0.0855522374948309));
#1976=CARTESIAN_POINT('',(0.0701063453887136,-0.00646578975865508,0.0856626300892691));
#1977=CARTESIAN_POINT('',(0.0700856683067594,-0.00635114969844422,0.0857756815905875));
#1978=CARTESIAN_POINT('',(0.0701295535260689,-0.00740033129937942,0.0842961463224994));
#1979=CARTESIAN_POINT('',(0.0701481099502654,-0.00729424201779144,0.0843930686508729));
#1980=CARTESIAN_POINT('',(0.0701622954500267,-0.00719052308022166,0.0844883601699499));
#1981=CARTESIAN_POINT('',(0.070177050598514,-0.00703683979465824,0.084630255402827));
#1982=CARTESIAN_POINT('',(0.0701808817978172,-0.00698592788626898,0.0846773801394963));
#1983=CARTESIAN_POINT('',(0.0701863753769553,-0.00688445904388152,0.0847715162922897));
#1984=CARTESIAN_POINT('',(0.07018803775679,-0.00683390210988333,0.0848185277084138));
#1985=CARTESIAN_POINT('',(0.0701891992445739,-0.00673286648373868,0.0849126712481514));
#1986=CARTESIAN_POINT('',(0.070188698352523,-0.00668238779159221,0.0849598033717649));
#1987=CARTESIAN_POINT('',(0.0701855388441188,-0.00658123191661166,0.0850544223545153));
#1988=CARTESIAN_POINT('',(0.0701828802277654,-0.00653055473377757,0.0851019092136524));
#1989=CARTESIAN_POINT('',(0.070171676113626,-0.00637781035043486,0.0852452529364005));
#1990=CARTESIAN_POINT('',(0.0701599023507607,-0.0062750303150858,0.0853419929453485));
#1991=CARTESIAN_POINT('',(0.0701438464247884,-0.00617019290312541,0.0854408465935501));
#1992=CARTESIAN_POINT('',(0.0702195000430101,-0.00683024272373847,0.0839446206850017));
#1993=CARTESIAN_POINT('',(0.070231113090848,-0.00674794524458301,0.0840260267821263));
#1994=CARTESIAN_POINT('',(0.070240003119685,-0.00666694522166575,0.0841049150039023));
#1995=CARTESIAN_POINT('',(0.0702492669178738,-0.00654596919584539,0.0842209011445776));
#1996=CARTESIAN_POINT('',(0.070251676309759,-0.00650573118866452,0.0842591721594713));
#1997=CARTESIAN_POINT('',(0.0702551402257462,-0.006425192814521,0.0843351705621013));
#1998=CARTESIAN_POINT('',(0.0702561947498482,-0.00638489244755834,0.0843728979498377));
#1999=CARTESIAN_POINT('',(0.0702569511441749,-0.00630399232455094,0.0844480475349922));
#2000=CARTESIAN_POINT('',(0.0702566530143996,-0.0062633925685062,0.0844854697324103));
#2001=CARTESIAN_POINT('',(0.0702547063148774,-0.00618165663803434,0.0845602473737672));
#2002=CARTESIAN_POINT('',(0.0702530577451305,-0.00614052046360721,0.0845976028177061));
#2003=CARTESIAN_POINT('',(0.0702460896967911,-0.00601595176880182,0.0847099266745622));
#2004=CARTESIAN_POINT('',(0.0702387478791,-0.00593135907689954,0.0847851526125191));
#2005=CARTESIAN_POINT('',(0.0702287184649003,-0.0058442713724307,0.0848616756645514));
#2006=CARTESIAN_POINT('',(0.0702536985894174,-0.00657486676235165,0.0837817976142497));
#2007=CARTESIAN_POINT('',(0.0702628423411059,-0.0065017846392415,0.0838560892952334));
#2008=CARTESIAN_POINT('',(0.0702698498754938,-0.00642996728719563,0.0839274845189752));
#2009=CARTESIAN_POINT('',(0.070277161445165,-0.00632260826277176,0.084031810401693));
#2010=CARTESIAN_POINT('',(0.0702790653464037,-0.00628688308857129,0.0840661245371165));
#2011=CARTESIAN_POINT('',(0.0702818073372509,-0.00621530004922674,0.0841340934458264));
#2012=CARTESIAN_POINT('',(0.0702826454268594,-0.00617944218408267,0.0841677482191129));
#2013=CARTESIAN_POINT('',(0.0702832565601198,-0.00610733873735899,0.0842346613590436));
#2014=CARTESIAN_POINT('',(0.0702830296037716,-0.00607109315577939,0.0842679197256879));
#2015=CARTESIAN_POINT('',(0.0702815114107919,-0.00599795925069274,0.0843343030078287));
#2016=CARTESIAN_POINT('',(0.0702802201741604,-0.00596107092718569,0.0843674279233254));
#2017=CARTESIAN_POINT('',(0.070274751192351,-0.00584905930553552,0.0844669969263359));
#2018=CARTESIAN_POINT('',(0.0702689781752581,-0.00577258935626335,0.0845336352703703));
#2019=CARTESIAN_POINT('',(0.0702610811916391,-0.00569330377018479,0.0846015844450777));
#2020=CARTESIAN_POINT('',(0.0703118334117883,-0.00605661896516148,0.0834415023718693));
#2021=CARTESIAN_POINT('',(0.0703170730567246,-0.00600140098791111,0.083500066879057));
#2022=CARTESIAN_POINT('',(0.0703210965833077,-0.00594691183740878,0.0835559694167606));
#2023=CARTESIAN_POINT('',(0.0703253045437864,-0.00586506876365033,0.0836371460543728));
#2024=CARTESIAN_POINT('',(0.07032640264238,-0.00583776951439668,0.0836637587387531));
#2025=CARTESIAN_POINT('',(0.0703279892044575,-0.00578293413519989,0.083716311015413));
#2026=CARTESIAN_POINT('',(0.0703284776679414,-0.00575539800525674,0.0837422506076926));
#2027=CARTESIAN_POINT('',(0.0703288444344886,-0.00569988843332644,0.0837936759976986));
#2028=CARTESIAN_POINT('',(0.0703287227375519,-0.00567191499133928,0.0838191617954249));
#2029=CARTESIAN_POINT('',(0.0703278686579468,-0.00561533036396646,0.0838698988938713));
#2030=CARTESIAN_POINT('',(0.0703271362752784,-0.00558671917858079,0.0838951501945913));
#2031=CARTESIAN_POINT('',(0.0703240223107091,-0.00549962836029423,0.0839708812975629));
#2032=CARTESIAN_POINT('',(0.0703207239122442,-0.00543989146526381,0.0840213383006258));
#2033=CARTESIAN_POINT('',(0.07031620099045,-0.00537767649530929,0.0840726420949592));
#2034=CARTESIAN_POINT('',(0.0703357696877519,-0.00579374712935815,0.083264030200241));
#2035=CARTESIAN_POINT('',(0.0703395591431805,-0.00574692273583847,0.0833143715698858));
#2036=CARTESIAN_POINT('',(0.0703424708697161,-0.00570056556607624,0.0833624028531606));
#2037=CARTESIAN_POINT('',(0.0703455182543791,-0.00563076351445659,0.0834320756283795));
#2038=CARTESIAN_POINT('',(0.0703463140150767,-0.00560745178108732,0.0834549041951702));
#2039=CARTESIAN_POINT('',(0.0703474648661249,-0.00556057835992126,0.0834999517754975));
#2040=CARTESIAN_POINT('',(0.0703478199564755,-0.00553701667212446,0.083522170789034));
#2041=CARTESIAN_POINT('',(0.0703480888648628,-0.0054894821533346,0.0835661810928298));
#2042=CARTESIAN_POINT('',(0.0703480026828996,-0.00546550932234153,0.0835879723830891));
#2043=CARTESIAN_POINT('',(0.0703473884446925,-0.00541699132839037,0.0836313090703073));
#2044=CARTESIAN_POINT('',(0.0703468603884485,-0.00539244616543227,0.0836528544672662));
#2045=CARTESIAN_POINT('',(0.0703446125053455,-0.00531771039545732,0.0837173945631579));
#2046=CARTESIAN_POINT('',(0.070342228964115,-0.0052664195073398,0.0837602931671057));
#2047=CARTESIAN_POINT('',(0.0703389580625221,-0.00521301682267971,0.0838037909643143));
#2048=CARTESIAN_POINT('',(0.0703720761239916,-0.00527347786430102,0.082903115833699));
#2049=CARTESIAN_POINT('',(0.0703737502272148,-0.00524212061355089,0.0829376078313768));
#2050=CARTESIAN_POINT('',(0.0703750390443915,-0.00521084674267682,0.0829705433914733));
#2051=CARTESIAN_POINT('',(0.0703763909471956,-0.00516351625894759,0.0830182763824397));
#2052=CARTESIAN_POINT('',(0.0703767446943035,-0.00514766948480149,0.0830339089878987));
#2053=CARTESIAN_POINT('',(0.0703772578485504,-0.0051157452528312,0.0830647281336231));
#2054=CARTESIAN_POINT('',(0.0703774172556894,-0.00509966779500702,0.0830799146738884));
#2055=CARTESIAN_POINT('',(0.0703775411643501,-0.00506719140447518,0.0831099524070909));
#2056=CARTESIAN_POINT('',(0.0703775056658717,-0.00505079247176753,0.0831248036000281));
#2057=CARTESIAN_POINT('',(0.070377239197649,-0.0050175823402634,0.08315428135644));
#2058=CARTESIAN_POINT('',(0.0703770082279048,-0.00500077114146692,0.0831689079199147));
#2059=CARTESIAN_POINT('',(0.0703760212633002,-0.00494958295913615,0.0832126167429436));
#2060=CARTESIAN_POINT('',(0.0703749712130683,-0.00491445138966055,0.0832415281351025));
#2061=CARTESIAN_POINT('',(0.0703735268264133,-0.00487795054077503,0.0832706545755304));
#2062=CARTESIAN_POINT('',(0.0703847420143037,-0.00501565801029753,0.0827196567166668));
#2063=CARTESIAN_POINT('',(0.0703857344455269,-0.00499140331041869,0.0827463642566462));
#2064=CARTESIAN_POINT('',(0.0703864988311553,-0.00496710069923902,0.0827719817841015));
#2065=CARTESIAN_POINT('',(0.0703873011810098,-0.00493022835268682,0.0828091992336018));
#2066=CARTESIAN_POINT('',(0.07038751125953,-0.00491786783220564,0.0828214035764881));
#2067=CARTESIAN_POINT('',(0.0703878163136751,-0.00489294955417714,0.0828454803445503));
#2068=CARTESIAN_POINT('',(0.0703879112893,-0.00488039179662982,0.0828573527697262));
#2069=CARTESIAN_POINT('',(0.0703879857776217,-0.00485502128399715,0.082880836731885));
#2070=CARTESIAN_POINT('',(0.0703879652903187,-0.00484220852891178,0.0828924482688679));
#2071=CARTESIAN_POINT('',(0.0703878084927519,-0.00481627026073111,0.0829154814841576));
#2072=CARTESIAN_POINT('',(0.0703876721824883,-0.0048031447476358,0.0829269031624646));
#2073=CARTESIAN_POINT('',(0.0703870889772075,-0.00476321243062709,0.0829609899536475));
#2074=CARTESIAN_POINT('',(0.0703864678077005,-0.0047358498489909,0.0829834768227855));
#2075=CARTESIAN_POINT('',(0.0703856128320765,-0.00470751518850337,0.0830060101516751));
#2076=CARTESIAN_POINT('',(0.0704009971858681,-0.00451416261960429,0.0823555329370277));
#2077=CARTESIAN_POINT('',(0.0704011536201814,-0.00450292391434992,0.0823678259437642));
#2078=CARTESIAN_POINT('',(0.0704012741245723,-0.00449152938017805,0.0823797843901412));
#2079=CARTESIAN_POINT('',(0.0704014008196597,-0.00447414096184909,0.0823972988288219));
#2080=CARTESIAN_POINT('',(0.0704014340411056,-0.00446829538622758,0.082403066436568));
#2081=CARTESIAN_POINT('',(0.0704014824357286,-0.00445649488367836,0.0824144736767077));
#2082=CARTESIAN_POINT('',(0.0704014976089057,-0.00445053995675065,0.0824201133091013));
#2083=CARTESIAN_POINT('',(0.0704015098792218,-0.00443851027263988,0.0824312777001451));
#2084=CARTESIAN_POINT('',(0.0704015069763607,-0.00443243551545681,0.0824368024587953));
#2085=CARTESIAN_POINT('',(0.0704014830668313,-0.00442015569188619,0.0824477502039614));
#2086=CARTESIAN_POINT('',(0.0704014620601629,-0.00441395062549863,0.0824531731904772));
#2087=CARTESIAN_POINT('',(0.070401371842793,-0.00439512424410547,0.0824693091442371));
#2088=CARTESIAN_POINT('',(0.0704012754347265,-0.00438229174686939,0.0824798891056932));
#2089=CARTESIAN_POINT('',(0.07040114265243,-0.00436913575752941,0.0824903441325353));
#2090=CARTESIAN_POINT('',(0.0704045864671204,-0.00427048708291455,0.0821748682744207));
#2091=CARTESIAN_POINT('',(0.0704045864671204,-0.00426482970801542,0.0821809899313106));
#2092=CARTESIAN_POINT('',(0.0704045864671204,-0.004259205934458,0.0821868366920992));
#2093=CARTESIAN_POINT('',(0.0704045864671204,-0.00425074990028208,0.082195292678029));
#2094=CARTESIAN_POINT('',(0.0704045864671204,-0.00424792782658348,0.0821980589807967));
#2095=CARTESIAN_POINT('',(0.0704045864671204,-0.00424226509193096,0.0822035032327309));
#2096=CARTESIAN_POINT('',(0.0704045864671204,-0.00423942443097705,0.0822061811818974));
#2097=CARTESIAN_POINT('',(0.0704045864671204,-0.0042337127258385,0.0822114650914455));
#2098=CARTESIAN_POINT('',(0.0704045864671204,-0.00423084168165388,0.0822140710518271));
#2099=CARTESIAN_POINT('',(0.0704045864671204,-0.00422505741407854,0.082219227348622));
#2100=CARTESIAN_POINT('',(0.0704045864671204,-0.00422214419068782,0.0822217776850353));
#2101=CARTESIAN_POINT('',(0.0704045864671204,-0.00421332355774344,0.0822293698055472));
#2102=CARTESIAN_POINT('',(0.0704045864671204,-0.00420733518541754,0.082234352700918));
#2103=CARTESIAN_POINT('',(0.0704045864671204,-0.00420119167882712,0.0822393225372508));
#2104=CARTESIAN_POINT('',(0.0704045864671204,-0.0040386410850135,0.082));
#2105=CARTESIAN_POINT('',(0.0704045864671204,-0.0040386410850135,0.082));
#2106=CARTESIAN_POINT('',(0.0704045864671204,-0.0040386410850135,0.082));
#2107=CARTESIAN_POINT('',(0.0704045864671204,-0.0040386410850135,0.082));
#2108=CARTESIAN_POINT('',(0.0704045864671204,-0.0040386410850135,0.082));
#2109=CARTESIAN_POINT('',(0.0704045864671204,-0.0040386410850135,0.082));
#2110=CARTESIAN_POINT('',(0.0704045864671204,-0.0040386410850135,0.082));
#2111=CARTESIAN_POINT('',(0.0704045864671204,-0.0040386410850135,0.082));
#2112=CARTESIAN_POINT('',(0.0704045864671204,-0.0040386410850135,0.082));
#2113=CARTESIAN_POINT('',(0.0704045864671204,-0.0040386410850135,0.082));
#2114=CARTESIAN_POINT('',(0.0704045864671204,-0.0040386410850135,0.082));
#2115=CARTESIAN_POINT('',(0.0704045864671204,-0.0040386410850135,0.082));
#2116=CARTESIAN_POINT('',(0.0704045864671204,-0.0040386410850135,0.082));
#2117=CARTESIAN_POINT('',(0.0704045864671204,-0.0040386410850135,0.082));
#2118=CARTESIAN_POINT('',(0.0610715025124962,-0.016591010370478,0.0878565002028564));
#2119=CARTESIAN_POINT('',(0.0610013969917048,-0.0166066792451057,0.0886146461394511));
#2120=CARTESIAN_POINT('',(0.0613376552046121,-0.0163505433563133,0.0901425768756767));
#2121=CARTESIAN_POINT('',(0.0625198770898724,-0.0153946938291894,0.0913681208150162));
#2122=CARTESIAN_POINT('',(0.0635986807668809,-0.0144833141729176,0.091908719622595));
#2123=CARTESIAN_POINT('',(0.0647454345743327,-0.0135355418452905,0.092182112089498));
#2124=CARTESIAN_POINT('',(0.0657618231430549,-0.012404793078624,0.0920803090693137));
#2125=CARTESIAN_POINT('',(0.0666270805567642,-0.011221675721191,0.0917610867510714));
#2126=CARTESIAN_POINT('',(0.0671336714878351,-0.0104985956118069,0.0914670300497088));
#2127=CARTESIAN_POINT('',(0.0675353927386255,-0.00994850414940404,0.0911487021879315));
#2128=CARTESIAN_POINT('',(0.0678369298393437,-0.00956150878590631,0.0908566253555869));
#2129=CARTESIAN_POINT('',(0.0681673300297017,-0.00927811966152984,0.0904520787232727));
#2130=CARTESIAN_POINT('',(0.0684645554617116,-0.0093801555747213,0.0899454304741637));
#2131=CARTESIAN_POINT('',(0.0686501626794896,-0.0096670155417522,0.0894915147783509));
#2132=CARTESIAN_POINT('',(0.0688184623222092,-0.0100929706107115,0.0888874830037471));
#2133=CARTESIAN_POINT('',(0.0688897250633915,-0.0106427132643675,0.0881337796228914));
#2134=CARTESIAN_POINT('',(0.0687609142478169,-0.0112956580258502,0.0872090231873622));
#2135=CARTESIAN_POINT('',(0.0685343507231943,-0.0117287099713696,0.0866368361470232));
#2136=CARTESIAN_POINT('',(0.0683883881820937,-0.0119498181982448,0.0863658976561858));
#2137=CARTESIAN_POINT('',(0.0583304305124078,-0.0100004466291106,0.0949829011279748));
#2138=CARTESIAN_POINT('',(0.0587382614216323,-0.00996864513830678,0.0949675537044507));
#2139=CARTESIAN_POINT('',(0.0593652370843427,-0.00990946246505036,0.0949277507661197));
#2140=CARTESIAN_POINT('',(0.0601084961676806,-0.00982128604372829,0.0948448623966684));
#2141=CARTESIAN_POINT('',(0.0604886027117617,-0.00977145454512072,0.0947920550996777));
#2142=CARTESIAN_POINT('',(0.0606976368971434,-0.00974284828538031,0.0947602675971041));
#2143=CARTESIAN_POINT('',(0.0608796806222808,-0.0097170730795751,0.0947305180744661));
#2144=CARTESIAN_POINT('',(0.0609665303367063,-0.00970440894097565,0.0947155552190499));
#2145=CARTESIAN_POINT('',(0.0611284661433782,-0.00968042598886972,0.0946869400824662));
#2146=CARTESIAN_POINT('',(0.0614215725916958,-0.00963553903592588,0.094631566827798));
#2147=CARTESIAN_POINT('',(0.0619194848967911,-0.00955542170649702,0.0945255186807051));
#2148=CARTESIAN_POINT('',(0.0625043669758427,-0.00945468658152593,0.0943724502771846));
#2149=CARTESIAN_POINT('',(0.0630044356969366,-0.00936425886072479,0.0942189442870947));
#2150=CARTESIAN_POINT('',(0.0634298589287827,-0.00928423999576527,0.0940719512975866));
#2151=CARTESIAN_POINT('',(0.063752747223965,-0.00922187482921464,0.0939481231647936));
#2152=CARTESIAN_POINT('',(0.0641831359173744,-0.00913790246259565,0.093769529711259));
#2153=CARTESIAN_POINT('',(0.0646587857515352,-0.00904307472934867,0.0935459255832362));
#2154=CARTESIAN_POINT('',(0.0651681469372637,-0.00893960565044665,0.0932699741747679));
#2155=CARTESIAN_POINT('',(0.0655773828811257,-0.0088556288265851,0.0930212051405328));
#2156=CARTESIAN_POINT('',(0.066042394485571,-0.00876036820062809,0.092706823354246));
#2157=CARTESIAN_POINT('',(0.0665354605555646,-0.00865694770277426,0.0923279174632925));
#2158=CARTESIAN_POINT('',(0.0670303806890954,-0.00854500175170692,0.0918774882012085));
#2159=CARTESIAN_POINT('',(0.0673096823739873,-0.00847674209179868,0.0915942671828043));
#2160=CARTESIAN_POINT('',(0.067499761319012,-0.00842751360454655,0.0913872000012092));
#2161=CARTESIAN_POINT('',(0.0676340231006195,-0.00839059991882868,0.0912326149129002));
#2162=CARTESIAN_POINT('',(0.0676988431934029,-0.0083724320718294,0.0911567231377754));
#2163=CARTESIAN_POINT('',(0.0678439501959012,-0.00832930498172736,0.0909799948214551));
#2164=CARTESIAN_POINT('',(0.0680004565420481,-0.00827915261791787,0.0907791832459716));
#2165=CARTESIAN_POINT('',(0.0682702190083169,-0.00818467732823827,0.0904116019650881));
#2166=CARTESIAN_POINT('',(0.0687331714049779,-0.00798698117698918,0.0896910478074365));
#2167=CARTESIAN_POINT('',(0.0692259463331624,-0.00767311334481745,0.0887050774300133));
#2168=CARTESIAN_POINT('',(0.0695713988258729,-0.00730869349558053,0.0877831855351916));
#2169=CARTESIAN_POINT('',(0.0697772142353344,-0.00700188369850872,0.0870935387016283));
#2170=CARTESIAN_POINT('',(0.0698795220489724,-0.00681902329717762,0.0867050991371752));
#2171=CARTESIAN_POINT('',(0.0699554472075529,-0.00666359454249842,0.0863875556140895));
#2172=CARTESIAN_POINT('',(0.0700055972959761,-0.00654794920937163,0.0861587638610572));
#2173=CARTESIAN_POINT('',(0.0700755301785472,-0.00637105174409281,0.0858167278023746));
#2174=CARTESIAN_POINT('',(0.0701819670444951,-0.00605041954142005,0.0852206004990491));
#2175=CARTESIAN_POINT('',(0.0703480220733985,-0.00533046400415703,0.0839674054533607));
#2176=CARTESIAN_POINT('',(0.0704045864671204,-0.00458919614706365,0.0828105798401277));
#2177=CARTESIAN_POINT('',(0.0704045864671204,-0.0040386410850135,0.082));
#2178=CARTESIAN_POINT('',(0.0583304305124078,-0.0100004466291106,0.0949829011279748));
#2179=CARTESIAN_POINT('',(0.0588408233871028,-0.0169590585932018,0.087993915483823));
#2180=CARTESIAN_POINT('',(0.0588757127060265,-0.0169547612145968,0.0889337300609369));
#2181=CARTESIAN_POINT('',(0.0589259050750946,-0.0167646618226981,0.090828949956721));
#2182=CARTESIAN_POINT('',(0.0588697213465975,-0.0153862659994178,0.0934069632835709));
#2183=CARTESIAN_POINT('',(0.0586365268461529,-0.012820061781142,0.0947893356932759));
#2184=CARTESIAN_POINT('',(0.058434177834672,-0.0109352263529204,0.0949789969263602));
#2185=CARTESIAN_POINT('',(0.0583304305124078,-0.0100004466291106,0.0949829011279748));
#2186=CARTESIAN_POINT('',(-0.0709954135328796,-0.00403864108501352,0.005));
#2187=CARTESIAN_POINT('',(-0.0709954135328796,-0.00533261984255874,0.005));
#2188=CARTESIAN_POINT('',(-0.0709105488506372,-0.00667084274590927,0.005));
#2189=CARTESIAN_POINT('',(-0.0703772476734051,-0.00894312808304123,0.005));
#2190=CARTESIAN_POINT('',(-0.0701265332184304,-0.00974831523526225,0.00499999999999956));
#2191=CARTESIAN_POINT('',(-0.0695455211174206,-0.0110019664064235,0.00500000000000022));
#2192=CARTESIAN_POINT('',(-0.0693161033201443,-0.0114289941623118,0.005));
#2193=CARTESIAN_POINT('',(-0.068765294239051,-0.0122839784601596,0.005));
#2194=CARTESIAN_POINT('',(-0.0684504982236467,-0.0126996590933665,0.005));
#2195=CARTESIAN_POINT('',(-0.0674125219235437,-0.0138594223847661,0.005));
#2196=CARTESIAN_POINT('',(-0.0665932699957886,-0.0145051321814883,0.00500000000000022));
#2197=CARTESIAN_POINT('',(-0.0650140556196975,-0.0154631071904075,0.00499999999999978));
#2198=CARTESIAN_POINT('',(-0.0642534951055429,-0.0157963020012459,0.00500000000000044));
#2199=CARTESIAN_POINT('',(-0.0620547556364838,-0.0165800455423099,0.00499999999999912));
#2200=CARTESIAN_POINT('',(-0.0607107920674232,-0.0168168922713369,0.005));
#2201=CARTESIAN_POINT('',(-0.0594314307520826,-0.016959084364799,0.005));
#2202=CARTESIAN_POINT('',(-0.0709954135328796,-0.00403864108501352,-4.33680868994202E-18));
#2203=CARTESIAN_POINT('',(-0.0709954135386135,-0.00533261984016045,-4.33680868994202E-18));
#2204=CARTESIAN_POINT('',(-0.0709105488639991,-0.00667084274904529,-8.81901685526349E-16));
#2205=CARTESIAN_POINT('',(-0.0703772476667241,-0.00894312808147321,4.35746672335245E-16));
#2206=CARTESIAN_POINT('',(-0.0701265332306899,-0.009748315240944,-8.80527936778177E-16));
#2207=CARTESIAN_POINT('',(-0.0695455211112908,-0.0110019664035827,4.33758755354176E-16));
#2208=CARTESIAN_POINT('',(-0.0693161033237629,-0.0114289941646428,4.37492377220784E-16));
#2209=CARTESIAN_POINT('',(-0.0687652942354324,-0.0122839784578286,-4.49635441552622E-16));
#2210=CARTESIAN_POINT('',(-0.068450498223317,-0.0126996590930715,1.053915173394E-16));
#2211=CARTESIAN_POINT('',(-0.0674125219242029,-0.0138594223853561,-2.21191375534661E-16));
#2212=CARTESIAN_POINT('',(-0.0665932699882238,-0.0145051321690178,2.16043291071304E-16));
#2213=CARTESIAN_POINT('',(-0.0650140556272623,-0.0154631072028779,-2.22982184975211E-16));
#2214=CARTESIAN_POINT('',(-0.0642534951035371,-0.0157963019956295,-4.33680868994202E-18));
#2215=CARTESIAN_POINT('',(-0.0620547556404954,-0.0165800455535427,-4.33680868994202E-18));
#2216=CARTESIAN_POINT('',(-0.0607107920659821,-0.0168168922773779,3.94438599962899E-15));
#2217=CARTESIAN_POINT('',(-0.0594314307520826,-0.016959084364799,-6.93889390390723E-18));
#2218=CARTESIAN_POINT('',(-0.0659954135328796,-0.00403864108501352,-4.33680868994202E-18));
#2219=CARTESIAN_POINT('',(-0.065995413535925,-0.00505222936382698,-4.33680868994202E-18));
#2220=CARTESIAN_POINT('',(-0.065918688740143,-0.00605727980561437,-3.46944695195361E-18));
#2221=CARTESIAN_POINT('',(-0.0655715799652576,-0.00753623802643928,-3.46944695195361E-18));
#2222=CARTESIAN_POINT('',(-0.0654150964580286,-0.00802335720282484,-4.33680868994202E-18));
#2223=CARTESIAN_POINT('',(-0.0650965172188899,-0.00871075635912723,-4.33680868994202E-18));
#2224=CARTESIAN_POINT('',(-0.0649759183141549,-0.00893365535270191,-6.07153216591882E-18));
#2225=CARTESIAN_POINT('',(-0.0646989595375723,-0.00936356003666244,-6.07153216591882E-18));
#2226=CARTESIAN_POINT('',(-0.0645461705431396,-0.00956470499620779,-3.46944695195361E-18));
#2227=CARTESIAN_POINT('',(-0.0640439625975512,-0.0101258375971015,-3.46944695195361E-18));
#2228=CARTESIAN_POINT('',(-0.063643183548279,-0.0104466612236762,-3.46944695195361E-18));
#2229=CARTESIAN_POINT('',(-0.0627776591443461,-0.0109717012549028,-3.46944695195361E-18));
#2230=CARTESIAN_POINT('',(-0.0623183180337239,-0.0111779500952774,-4.33680868994202E-18));
#2231=CARTESIAN_POINT('',(-0.0608887306088277,-0.0116875283975572,-4.33680868994202E-18));
#2232=CARTESIAN_POINT('',(-0.059882176738274,-0.0118781999450137,-5.20417042793042E-18));
#2233=CARTESIAN_POINT('',(-0.0588791164370046,-0.011989683103343,-5.20417042793042E-18));
#2234=CARTESIAN_POINT('',(-0.06233565713213,-0.0164283357984903,0.00499981556019405));
#2235=CARTESIAN_POINT('',(-0.0627468855619113,-0.0163170625087251,0.00440418009881696));
#2236=CARTESIAN_POINT('',(-0.0638564466482594,-0.0158667862922196,0.00350973173383512));
#2237=CARTESIAN_POINT('',(-0.0658113635605926,-0.014824908801136,0.00317328863846598));
#2238=CARTESIAN_POINT('',(-0.0675779334164773,-0.0136240636222569,0.00373319954787515));
#2239=CARTESIAN_POINT('',(-0.0684295959250649,-0.0127281545616143,0.00452921121925697));
#2240=CARTESIAN_POINT('',(-0.0687545670626869,-0.0122764838826224,0.00499995179606718));
#2241=CARTESIAN_POINT('',(-0.0659954135328796,-0.00403864108501352,4.33188049825006E-18));
#2242=CARTESIAN_POINT('',(-0.0693287468662131,-0.00403864108501352,-5.32079444161745E-16));
#2243=CARTESIAN_POINT('',(-0.0709954135328795,-0.00403864108501352,0.00166666666666613));
#2244=CARTESIAN_POINT('',(-0.0709954135328796,-0.00403864108501352,0.005));
#2245=CARTESIAN_POINT('',(-0.0659954135328796,-0.00403864108501352,0.));
#2246=CARTESIAN_POINT('',(-0.0588791164370046,-0.011989683103343,0.));
#2247=CARTESIAN_POINT('',(-0.0601732418345888,-0.0118458500891022,0.));
#2248=CARTESIAN_POINT('',(-0.0618302400861392,-0.0114594128521672,0.));
#2249=CARTESIAN_POINT('',(-0.0634775047715853,-0.0105957121991712,0.));
#2250=CARTESIAN_POINT('',(-0.064419293381298,-0.00978786235275351,0.));
#2251=CARTESIAN_POINT('',(-0.0651179290708837,-0.00876333356884894,0.));
#2252=CARTESIAN_POINT('',(-0.0657944136826392,-0.00703087133086175,0.));
#2253=CARTESIAN_POINT('',(-0.0659954135367929,-0.00534109991940471,0.));
#2254=CARTESIAN_POINT('',(-0.0659954135328796,-0.00403864108501351,0.));
#2255=CARTESIAN_POINT('',(-0.0588791164370439,-0.0119896831033386,0.));
#2256=CARTESIAN_POINT('',(-0.0588791164370046,-0.011989683103343,-5.20417042793042E-18));
#2257=CARTESIAN_POINT('',(-0.0592473259803899,-0.015302617277647,-6.36065274524829E-18));
#2258=CARTESIAN_POINT('',(-0.0594314307520826,-0.016959084364799,0.00166666666666666));
#2259=CARTESIAN_POINT('',(-0.0594314307520826,-0.016959084364799,0.005));
#2260=CARTESIAN_POINT('',(-0.0655450650707246,-0.0203,0.0072156));
#2261=CARTESIAN_POINT('',(-0.0655450650707246,-0.001,0.0072156));
#2262=CARTESIAN_POINT('',(-0.0655450650707246,-0.001,0.0049156));
#2263=CARTESIAN_POINT('',(-0.0655450650707246,-0.0053,0.0072156));
#2264=CARTESIAN_POINT('',(-0.0655450650707246,-0.0053,0.0049156));
#2265=CARTESIAN_POINT('',(0.0649549349292754,-0.0203,0.0882156));
#2266=CARTESIAN_POINT('',(0.0649549349292754,-0.001,0.0882156));
#2267=CARTESIAN_POINT('',(0.0649549349292754,-0.001,0.0859156));
#2268=CARTESIAN_POINT('',(0.0649549349292754,-0.0053,0.0882156));
#2269=CARTESIAN_POINT('',(0.0649549349292754,-0.0053,0.0859156));
#2270=CARTESIAN_POINT('',(0.0664045864671204,-0.00870139910736754,0.095));
#2271=CARTESIAN_POINT('',(0.0664045864671204,-0.0120541476597019,0.091));
#2272=CARTESIAN_POINT('',(0.0664045864671204,-0.0120541476597019,0.0829100830205884));
#2273=CARTESIAN_POINT('',(0.0664045767823391,-0.012054148829851,0.004));
#2274=CARTESIAN_POINT('',(0.0664045864671204,-0.0205941772867441,0.0829100830205884));
#2275=CARTESIAN_POINT('',(0.0664045864671204,-0.001,0.0829100830205884));
#2276=CARTESIAN_POINT('',(0.0664045864671204,-0.001,0.095));
#2277=CARTESIAN_POINT('',(0.0664045864671204,-0.001,0.004));
#2278=CARTESIAN_POINT('',(0.0664045864671204,-0.00870139910736754,0.004));
#2279=CARTESIAN_POINT('',(-0.000295413532879651,-0.00896196693784079,0.));
#2280=CARTESIAN_POINT('',(0.,-0.001,0.));
#2281=CARTESIAN_POINT('',(0.0654045864671204,-0.001,0.));
#2282=CARTESIAN_POINT('',(-0.0659954135328796,-0.001,0.));
#2283=CARTESIAN_POINT('',(0.0654045864671204,-0.000999999999999999,0.));
#2284=CARTESIAN_POINT('',(0.0654045864671204,-0.00201288036167117,0.));
#2285=CARTESIAN_POINT('',(0.0654045864671204,-0.00302576072334233,0.));
#2286=CARTESIAN_POINT('',(0.0654045864671204,-0.0040386410850135,0.));
#2287=CARTESIAN_POINT('',(0.0654045864671204,-0.00403864108501351,0.));
#2288=CARTESIAN_POINT('',(0.0654045864671203,-0.0040386410850135,0.));
#2289=CARTESIAN_POINT('',(0.06540458647115,-0.00534073496820932,0.));
#2290=CARTESIAN_POINT('',(0.0652035509034826,-0.00703027977207401,0.));
#2291=CARTESIAN_POINT('',(0.0645270974538825,-0.00876287046015262,0.));
#2292=CARTESIAN_POINT('',(0.0638282241109007,-0.00978813296810683,0.));
#2293=CARTESIAN_POINT('',(0.0628871384831763,-0.0105956655662267,0.));
#2294=CARTESIAN_POINT('',(0.0612400049040071,-0.0114593830017011,0.));
#2295=CARTESIAN_POINT('',(0.0595827774866177,-0.0118458097754159,0.));
#2296=CARTESIAN_POINT('',(0.0582882893712452,-0.011989683103343,0.));
#2297=CARTESIAN_POINT('',(0.0582882893712452,-0.011989683103343,0.));
#2298=CARTESIAN_POINT('',(0.0582882893712845,-0.0119896831033386,0.));
#2299=CARTESIAN_POINT('',(0.0556973266063543,-0.0122776505565062,0.));
#2300=CARTESIAN_POINT('',(0.0505923353189566,-0.0128184354752077,0.));
#2301=CARTESIAN_POINT('',(0.0444038792548895,-0.0134065132128958,0.));
#2302=CARTESIAN_POINT('',(0.0395679788405028,-0.013824284551521,0.));
#2303=CARTESIAN_POINT('',(0.0360004992237484,-0.0141111396425074,0.));
#2304=CARTESIAN_POINT('',(0.0330703141763866,-0.0143285581086446,0.));
#2305=CARTESIAN_POINT('',(0.0310550581648246,-0.0144685417793836,0.));
#2306=CARTESIAN_POINT('',(0.029894135049478,-0.0145462898319198,0.));
#2307=CARTESIAN_POINT('',(0.0290737196921452,-0.0145999865785517,0.));
#2308=CARTESIAN_POINT('',(0.0280785250785581,-0.0146633748039112,0.));
#2309=CARTESIAN_POINT('',(0.0268170148060624,-0.0147412574665588,0.));
#2310=CARTESIAN_POINT('',(0.024589798020194,-0.0148726700762055,0.));
#2311=CARTESIAN_POINT('',(0.0214495946924344,-0.0150400673638707,0.));
#2312=CARTESIAN_POINT('',(0.0177172334976975,-0.0152104114629443,0.));
#2313=CARTESIAN_POINT('',(0.0127994542050733,-0.0153961152008439,0.));
#2314=CARTESIAN_POINT('',(0.00675729039015299,-0.0155509071973285,0.));
#2315=CARTESIAN_POINT('',(0.00203669171509393,-0.0155921772867441,0.));
#2316=CARTESIAN_POINT('',(-0.000295413532879638,-0.0155921772867441,0.));
#2317=CARTESIAN_POINT('',(-0.000295413532879638,-0.0155921772867441,0.));
#2318=CARTESIAN_POINT('',(-0.000295413532879641,-0.0155921772867441,0.));
#2319=CARTESIAN_POINT('',(-0.00262727043604045,-0.0155921772867441,0.));
#2320=CARTESIAN_POINT('',(-0.00734744163341487,-0.0155509101561707,0.));
#2321=CARTESIAN_POINT('',(-0.0133892441649023,-0.015396129256308,0.));
#2322=CARTESIAN_POINT('',(-0.0183068382081066,-0.0152104388328124,0.));
#2323=CARTESIAN_POINT('',(-0.0220391125066352,-0.0150401069424329,0.));
#2324=CARTESIAN_POINT('',(-0.0251792862725019,-0.0148727216663881,0.));
#2325=CARTESIAN_POINT('',(-0.0274065058786675,-0.0147413184586462,0.));
#2326=CARTESIAN_POINT('',(-0.0286680229995906,-0.0146634414102279,0.));
#2327=CARTESIAN_POINT('',(-0.0296632295215238,-0.0146000576347847,0.));
#2328=CARTESIAN_POINT('',(-0.0304836465478125,-0.0145463650924463,0.));
#2329=CARTESIAN_POINT('',(-0.0316445794640396,-0.0144686220379954,0.));
#2330=CARTESIAN_POINT('',(-0.0336598589072369,-0.014328645698406,0.));
#2331=CARTESIAN_POINT('',(-0.0365901023035112,-0.0141112335695741,0.));
#2332=CARTESIAN_POINT('',(-0.0401576895646314,-0.0138243794948265,0.));
#2333=CARTESIAN_POINT('',(-0.0449937844447352,-0.0134066007162906,0.));
#2334=CARTESIAN_POINT('',(-0.0511825787471568,-0.0128184971929839,0.));
#2335=CARTESIAN_POINT('',(-0.0562879422011605,-0.0122776740600062,0.));
#2336=CARTESIAN_POINT('',(-0.0588791164370438,-0.0119896831033386,0.));
#2337=CARTESIAN_POINT('',(-0.0659954135328796,-0.00403864108501351,0.));
#2338=CARTESIAN_POINT('',(-0.0659954135328796,-0.00302576072334234,0.));
#2339=CARTESIAN_POINT('',(-0.0659954135328796,-0.00201288036167117,0.));
#2340=CARTESIAN_POINT('',(-0.0659954135328796,-0.000999999999999999,0.));
#2341=CARTESIAN_POINT('',(-0.000295413532879651,-0.00896196693784079,0.095));
#2342=CARTESIAN_POINT('',(-0.000295413532879651,-0.001,0.095));
#2343=CARTESIAN_POINT('',(-0.0579954135328796,-0.001,0.095));
#2344=CARTESIAN_POINT('',(0.0209906952210702,-0.001,0.095));
#2345=CARTESIAN_POINT('',(-0.0579954135328797,-0.001,0.095));
#2346=CARTESIAN_POINT('',(-0.0579954135328797,-0.00402467606600521,0.095));
#2347=CARTESIAN_POINT('',(-0.0579954135328797,-0.00704935213201042,0.095));
#2348=CARTESIAN_POINT('',(-0.0579954135328797,-0.0100740281980156,0.095));
#2349=CARTESIAN_POINT('',(-0.0579954820590646,-0.0100746542183132,0.095));
#2350=CARTESIAN_POINT('',(-0.0579954127728923,-0.0100740282821402,0.095));
#2351=CARTESIAN_POINT('',(-0.0574200303479239,-0.0101377185552675,0.095));
#2352=CARTESIAN_POINT('',(-0.056279439968454,-0.0102626478769888,0.095));
#2353=CARTESIAN_POINT('',(-0.0548985839676723,-0.0104106631257304,0.095));
#2354=CARTESIAN_POINT('',(-0.0539249206723554,-0.0105131758268295,0.095));
#2355=CARTESIAN_POINT('',(-0.0534102763777921,-0.0105668995369231,0.095));
#2356=CARTESIAN_POINT('',(-0.0527601105393894,-0.0106343406696247,0.095));
#2357=CARTESIAN_POINT('',(-0.051990690938801,-0.0107133428428604,0.095));
#2358=CARTESIAN_POINT('',(-0.05074142890485,-0.0108399743728242,0.095));
#2359=CARTESIAN_POINT('',(-0.0491966585097624,-0.0109933801641335,0.095));
#2360=CARTESIAN_POINT('',(-0.0467394861036952,-0.0112306361866887,0.095));
#2361=CARTESIAN_POINT('',(-0.0437064518689142,-0.0115107092427698,0.095));
#2362=CARTESIAN_POINT('',(-0.0407157288180844,-0.0117695309584839,0.095));
#2363=CARTESIAN_POINT('',(-0.0383621477638991,-0.0119628044990322,0.095));
#2364=CARTESIAN_POINT('',(-0.0368795663257386,-0.0120799453204945,0.095));
#2365=CARTESIAN_POINT('',(-0.0357543980104488,-0.0121663801183343,0.095));
#2366=CARTESIAN_POINT('',(-0.0344377392891907,-0.0122653543099501,0.095));
#2367=CARTESIAN_POINT('',(-0.0322301545334596,-0.0124252858465377,0.095));
#2368=CARTESIAN_POINT('',(-0.0277909436315176,-0.0127236988743301,0.095));
#2369=CARTESIAN_POINT('',(-0.0215895818710093,-0.0130725949319507,0.095));
#2370=CARTESIAN_POINT('',(-0.0143069185796833,-0.0133724774080474,0.095));
#2371=CARTESIAN_POINT('',(-0.00720083097587211,-0.0135522094132985,0.095));
#2372=CARTESIAN_POINT('',(-0.00257795548023874,-0.0135921772867441,0.095));
#2373=CARTESIAN_POINT('',(-0.000295413532879641,-0.0135921772867441,0.095));
#2374=CARTESIAN_POINT('',(-0.000295413532879638,-0.0135921772867441,0.095));
#2375=CARTESIAN_POINT('',(-0.000295413532879639,-0.0135921772867441,0.095));
#2376=CARTESIAN_POINT('',(0.0019870525897952,-0.0135921772867441,0.095));
#2377=CARTESIAN_POINT('',(0.00660981396636289,-0.01355220892663,0.095));
#2378=CARTESIAN_POINT('',(0.0137158416444868,-0.0133724748279096,0.0950000000000001));
#2379=CARTESIAN_POINT('',(0.0209985602770281,-0.0130725886052607,0.095));
#2380=CARTESIAN_POINT('',(0.027200051945995,-0.0127236889328826,0.095));
#2381=CARTESIAN_POINT('',(0.0316394217743388,-0.0124252713844653,0.095));
#2382=CARTESIAN_POINT('',(0.0338470724051154,-0.0122653392968067,0.095));
#2383=CARTESIAN_POINT('',(0.0351638138910674,-0.0121663617429168,0.095));
#2384=CARTESIAN_POINT('',(0.0362887267859919,-0.0120799488086141,0.095));
#2385=CARTESIAN_POINT('',(0.0377711511240489,-0.0119628224084843,0.095));
#2386=CARTESIAN_POINT('',(0.0401244958113221,-0.0117695694286915,0.095));
#2387=CARTESIAN_POINT('',(0.0431151036161814,-0.0115107572127959,0.095));
#2388=CARTESIAN_POINT('',(0.0461482243762294,-0.0112306749189513,0.095));
#2389=CARTESIAN_POINT('',(0.0486055906721912,-0.0109934000902378,0.095));
#2390=CARTESIAN_POINT('',(0.0501505403703832,-0.0108399771118364,0.095));
#2391=CARTESIAN_POINT('',(0.0513999634594858,-0.0107133303892081,0.095));
#2392=CARTESIAN_POINT('',(0.0521695282973489,-0.0106343142091799,0.095));
#2393=CARTESIAN_POINT('',(0.0528197460038463,-0.0105668687249071,0.095));
#2394=CARTESIAN_POINT('',(0.0533343166713166,-0.0105131534984556,0.095));
#2395=CARTESIAN_POINT('',(0.0543079185184177,-0.0104106485426498,0.095));
#2396=CARTESIAN_POINT('',(0.0556886768439109,-0.0102626448828298,0.095));
#2397=CARTESIAN_POINT('',(0.0568292217232869,-0.0101377209513001,0.095));
#2398=CARTESIAN_POINT('',(0.0574045859589314,-0.0100740327730413,0.095));
#2399=CARTESIAN_POINT('',(0.0574046549979361,-0.010074656477083,0.095));
#2400=CARTESIAN_POINT('',(0.0574045864671203,-0.0100740327167889,0.095));
#2401=CARTESIAN_POINT('',(0.0574045864671203,-0.00704935514452594,0.095));
#2402=CARTESIAN_POINT('',(0.0574045864671203,-0.00402467757226297,0.095));
#2403=CARTESIAN_POINT('',(0.0574045864671203,-0.000999999999999997,0.095));
#2404=CARTESIAN_POINT('',(0.0574045864671204,-0.001,0.095));
#2405=CARTESIAN_POINT('',(-0.000295413532879651,-0.001,0.095));
#2406=CARTESIAN_POINT('',(0.0419906952210702,-0.001,0.095));
#2407=CARTESIAN_POINT('',(0.0419906952210702,-0.000999999999999999,0.095));
#2408=CARTESIAN_POINT('',(0.0419906952210702,-0.0013924317541917,0.095));
#2409=CARTESIAN_POINT('',(0.0419906952210702,-0.00178486350838341,0.095));
#2410=CARTESIAN_POINT('',(0.0419906952210702,-0.00217729526257511,0.095));
#2411=CARTESIAN_POINT('',(0.0419906952210702,-0.00217729526257512,0.095));
#2412=CARTESIAN_POINT('',(0.0419906952210702,-0.00217729526257512,0.095));
#2413=CARTESIAN_POINT('',(0.0419906952210702,-0.00296904925816289,0.095));
#2414=CARTESIAN_POINT('',(0.0416793371878215,-0.00451773619187909,0.095));
#2415=CARTESIAN_POINT('',(0.040352638797004,-0.00651174564626468,0.095));
#2416=CARTESIAN_POINT('',(0.0383583250637133,-0.00783852702223811,0.095));
#2417=CARTESIAN_POINT('',(0.0368103942169735,-0.00814986661434106,0.095));
#2418=CARTESIAN_POINT('',(0.0360181238693042,-0.00814986661434106,0.095));
#2419=CARTESIAN_POINT('',(0.0360181238693043,-0.00814986661434106,0.095));
#2420=CARTESIAN_POINT('',(0.0360181238693042,-0.00814986661434106,0.095));
#2421=CARTESIAN_POINT('',(0.0329998381038149,-0.00814986661434106,0.095));
#2422=CARTESIAN_POINT('',(0.0299815523383255,-0.00814986661434106,0.095));
#2423=CARTESIAN_POINT('',(0.0269632665728361,-0.00814986661434106,0.095));
#2424=CARTESIAN_POINT('',(0.0269632665728361,-0.00814986661434106,0.095));
#2425=CARTESIAN_POINT('',(0.0269632665728361,-0.00814986661434106,0.095));
#2426=CARTESIAN_POINT('',(0.0261715125772521,-0.00814986661434106,0.095));
#2427=CARTESIAN_POINT('',(0.0246228256435304,-0.00783850858109247,0.095));
#2428=CARTESIAN_POINT('',(0.0226288161891471,-0.00651181019027442,0.095));
#2429=CARTESIAN_POINT('',(0.021302034813173,-0.0045174964569858,0.095));
#2430=CARTESIAN_POINT('',(0.0209906952210702,-0.00296956561024071,0.095));
#2431=CARTESIAN_POINT('',(0.0209906952210702,-0.0021772952625751,0.095));
#2432=CARTESIAN_POINT('',(0.0209906952210702,-0.0021772952625751,0.095));
#2433=CARTESIAN_POINT('',(0.0209906952210702,-0.0021772952625751,0.095));
#2434=CARTESIAN_POINT('',(0.0209906952210702,-0.0017848635083834,0.095));
#2435=CARTESIAN_POINT('',(0.0209906952210702,-0.0013924317541917,0.095));
#2436=CARTESIAN_POINT('',(0.0209906952210702,-0.001,0.095));
#2437=CARTESIAN_POINT('',(-0.000295413532879641,-0.0205921772867441,0.0880000000000128));
#2438=CARTESIAN_POINT('',(-0.000295413532879641,-0.0205921772867441,0.005));
#2439=CARTESIAN_POINT('',(-0.0200074192726272,-0.0205921772867441,0.0880000000000128));
#2440=CARTESIAN_POINT('',(-0.0200074192726272,-0.0205921772867441,0.005));
#2441=CARTESIAN_POINT('',(-0.0397194250123748,-0.0191499364164115,0.0880000000000128));
#2442=CARTESIAN_POINT('',(-0.0397194250123748,-0.0191499364164115,0.005));
#2443=CARTESIAN_POINT('',(-0.0594314307521224,-0.0169590843647946,0.0880000000000128));
#2444=CARTESIAN_POINT('',(-0.0594314307521224,-0.0169590843647946,0.005));
#2445=CARTESIAN_POINT('',(-0.0594314307521223,-0.0169590843647946,0.005));
#2446=CARTESIAN_POINT('',(-0.0397194250123748,-0.0191499364164115,0.005));
#2447=CARTESIAN_POINT('',(-0.0200074192726272,-0.0205921772867441,0.005));
#2448=CARTESIAN_POINT('',(-0.000295413532879641,-0.0205921772867441,0.005));
#2449=CARTESIAN_POINT('',(-0.000295413532879638,-0.0205921772867441,0.005));
#2450=CARTESIAN_POINT('',(-0.000295413532879638,-0.0205921772867441,0.095));
#2451=CARTESIAN_POINT('',(-0.000295413532879638,-0.0205921772867441,0.088));
#2452=CARTESIAN_POINT('',(-0.000295413532879641,-0.0205921772867441,0.088));
#2453=CARTESIAN_POINT('',(-0.0197845620378489,-0.0205921772867441,0.0880000000000042));
#2454=CARTESIAN_POINT('',(-0.0392737105428181,-0.0191823630419742,0.0880000000000084));
#2455=CARTESIAN_POINT('',(-0.0587628590477874,-0.0170331033898251,0.0880000000000127));
#2456=CARTESIAN_POINT('',(-0.0587628590711338,-0.017033103601527,0.088000000000004));
#2457=CARTESIAN_POINT('',(-0.0587628590477873,-0.0170331033898251,0.0880000000000127));
#2458=CARTESIAN_POINT('',(-0.0589857162825524,-0.0170085267356553,0.0880000000000127));
#2459=CARTESIAN_POINT('',(-0.0592085735173175,-0.0169838533931997,0.0880000000000127));
#2460=CARTESIAN_POINT('',(-0.0594314307520826,-0.016959084364799,0.0880000000000128));
#2461=CARTESIAN_POINT('',(0.0588406036863629,-0.0169590843647945,0.088));
#2462=CARTESIAN_POINT('',(0.0588406036863629,-0.0169590843647945,0.005));
#2463=CARTESIAN_POINT('',(0.0391285979466154,-0.0191499364164115,0.088));
#2464=CARTESIAN_POINT('',(0.0391285979466154,-0.0191499364164115,0.005));
#2465=CARTESIAN_POINT('',(0.0194165922068679,-0.0205921772867441,0.088));
#2466=CARTESIAN_POINT('',(0.0194165922068679,-0.0205921772867441,0.005));
#2467=CARTESIAN_POINT('',(-0.000295413532879638,-0.0205921772867441,0.088));
#2468=CARTESIAN_POINT('',(-0.000295413532879638,-0.0205921772867441,0.005));
#2469=CARTESIAN_POINT('',(-0.000295413532879638,-0.0205921772867441,0.005));
#2470=CARTESIAN_POINT('',(0.0194165922068679,-0.0205921772867441,0.005));
#2471=CARTESIAN_POINT('',(0.0391285979466154,-0.0191499364164115,0.005));
#2472=CARTESIAN_POINT('',(0.0588406036863629,-0.0169590843647945,0.005));
#2473=CARTESIAN_POINT('',(0.0588406009073012,-0.0169590846736679,0.088));
#2474=CARTESIAN_POINT('',(0.0586177444332945,-0.0169838536167201,0.088));
#2475=CARTESIAN_POINT('',(0.0583948879592879,-0.0170085268744764,0.088));
#2476=CARTESIAN_POINT('',(0.0581720314852812,-0.0170331034446062,0.088));
#2477=CARTESIAN_POINT('',(0.0581720315086276,-0.0170331036563081,0.088));
#2478=CARTESIAN_POINT('',(0.0581720314852812,-0.0170331034446062,0.088));
#2479=CARTESIAN_POINT('',(0.0386828831458942,-0.0191823630659301,0.088));
#2480=CARTESIAN_POINT('',(0.0191937348065073,-0.0205921772867441,0.088));
#2481=CARTESIAN_POINT('',(-0.000295413532879638,-0.0205921772867441,0.088));
#2482=CARTESIAN_POINT('',(0.0704045864671204,-0.00870139910736754,0.095));
#2483=CARTESIAN_POINT('',(0.0704045864671204,-0.001,0.095));
#2484=CARTESIAN_POINT('',(0.0704045864671204,-0.001,0.082));
#2485=CARTESIAN_POINT('',(0.0704045864671204,-0.001,0.005));
#2486=CARTESIAN_POINT('',(0.0704045864671204,-0.001,0.082));
#2487=CARTESIAN_POINT('',(0.0704045864671204,-0.00201288036167117,0.082));
#2488=CARTESIAN_POINT('',(0.0704045864671204,-0.00302576072334234,0.082));
#2489=CARTESIAN_POINT('',(0.0704045864671204,-0.00403864108501351,0.082));
#2490=CARTESIAN_POINT('',(0.0704045864671204,-0.0040386410850135,0.005));
#2491=CARTESIAN_POINT('',(0.0704045864671204,-0.00302576072334233,0.005));
#2492=CARTESIAN_POINT('',(0.0704045864671204,-0.00201288036167117,0.005));
#2493=CARTESIAN_POINT('',(0.0704045864671204,-0.001,0.005));
#2494=CARTESIAN_POINT('',(-0.0709954135328796,-0.00180848821876875,0.095));
#2495=CARTESIAN_POINT('',(-0.0709954135328796,-0.00403864108501352,0.082));
#2496=CARTESIAN_POINT('',(-0.0709954135328796,-0.00302576072334235,0.082));
#2497=CARTESIAN_POINT('',(-0.0709954135328796,-0.00201288036167117,0.082));
#2498=CARTESIAN_POINT('',(-0.0709954135328796,-0.000999999999999996,0.082));
#2499=CARTESIAN_POINT('',(-0.0709954135328796,-0.001,0.082));
#2500=CARTESIAN_POINT('',(-0.0709954135328796,-0.001,0.095));
#2501=CARTESIAN_POINT('',(-0.0709954135328796,-0.001,0.005));
#2502=CARTESIAN_POINT('',(-0.0709954135328796,-0.001,0.005));
#2503=CARTESIAN_POINT('',(-0.0709954135328796,-0.00201288036167117,0.005));
#2504=CARTESIAN_POINT('',(-0.0709954135328796,-0.00302576072334235,0.005));
#2505=CARTESIAN_POINT('',(-0.0709954135328796,-0.00403864108501352,0.005));
#2506=CARTESIAN_POINT('',(-0.000295413532879651,-0.00896196693784079,0.004));
#2507=CARTESIAN_POINT('',(-0.0610830121082419,-0.0205941772867441,0.004));
#2508=CARTESIAN_POINT('',(-0.0610830121082419,-0.01205415,0.004));
#2509=CARTESIAN_POINT('',(-0.0610830121082419,-0.001,0.004));
#2510=CARTESIAN_POINT('',(-0.0336454135328796,-0.01205415,0.004));
#2511=CARTESIAN_POINT('',(-0.000295413532879651,-0.001,0.004));
#2512=CARTESIAN_POINT('',(-0.000295413532879638,-0.0135921772867441,0.095));
#2513=CARTESIAN_POINT('',(0.0121182141639131,-0.0135921772865072,0.095));
#2514=CARTESIAN_POINT('',(0.0245239500949697,-0.0130099763529161,0.095));
#2515=CARTESIAN_POINT('',(0.0430854202884286,-0.0115424193649899,0.095));
#2516=CARTESIAN_POINT('',(0.0492638149837067,-0.010954326422095,0.095));
#2517=CARTESIAN_POINT('',(0.0560913731567018,-0.0102192740351617,0.095));
#2518=CARTESIAN_POINT('',(0.0567480975656948,-0.0101476976914581,0.095));
#2519=CARTESIAN_POINT('',(0.0574047245913429,-0.0100752851505066,0.095));
#2520=CARTESIAN_POINT('',(-0.000295413532879638,-0.0205921772867441,0.095));
#2521=CARTESIAN_POINT('',(0.0123371531104661,-0.0205921772865072,0.095));
#2522=CARTESIAN_POINT('',(0.0249267486097462,-0.0199999744156045,0.095));
#2523=CARTESIAN_POINT('',(0.0437116176165997,-0.0185147544685423,0.095));
#2524=CARTESIAN_POINT('',(0.0499557755575473,-0.01792028041566,0.095));
#2525=CARTESIAN_POINT('',(0.0568467627303442,-0.0171783992860815,0.095));
#2526=CARTESIAN_POINT('',(0.0575094934720409,-0.0171061682332026,0.094999999999999));
#2527=CARTESIAN_POINT('',(0.0581720315319746,-0.0170331038680144,0.0949999999999977));
#2528=CARTESIAN_POINT('',(-0.000295413532879638,-0.0205921772867441,0.088));
#2529=CARTESIAN_POINT('',(0.012337153110464,-0.0205921772867441,0.088));
#2530=CARTESIAN_POINT('',(0.024926748609749,-0.0199999744156385,0.088));
#2531=CARTESIAN_POINT('',(0.0437116176165983,-0.0185147544685253,0.088));
#2532=CARTESIAN_POINT('',(0.0499557755575509,-0.0179202804156933,0.088));
#2533=CARTESIAN_POINT('',(0.0568467627303438,-0.0171783992860779,0.088));
#2534=CARTESIAN_POINT('',(0.0575094934720403,-0.0171061682331979,0.088));
#2535=CARTESIAN_POINT('',(0.0581720315319741,-0.0170331038680098,0.088));
#2536=CARTESIAN_POINT('',(0.0581720315319741,-0.0170331038680098,0.088));
#2537=CARTESIAN_POINT('',(0.058172031531643,-0.0170331038680494,0.0926666666666652));
#2538=CARTESIAN_POINT('',(0.0579162625511012,-0.0147138309622516,0.0949999999999985));
#2539=CARTESIAN_POINT('',(0.0574047245903576,-0.0100752851506153,0.095));
#2540=CARTESIAN_POINT('',(-0.000295413532879638,-0.0135921772867441,0.095));
#2541=CARTESIAN_POINT('',(-0.000295413532879638,-0.0182588439534108,0.095));
#2542=CARTESIAN_POINT('',(-0.000295413532879638,-0.0205921772867441,0.0926666666666667));
#2543=CARTESIAN_POINT('',(-0.000295413532879638,-0.0205921772867441,0.088));
#2544=CARTESIAN_POINT('',(-0.000295413532879641,-0.0205921772867441,0.088));
#2545=CARTESIAN_POINT('',(-0.0129279801760935,-0.0205921772867441,0.088));
#2546=CARTESIAN_POINT('',(-0.0255175756756811,-0.0199999744156249,0.088));
#2547=CARTESIAN_POINT('',(-0.0443024446822711,-0.0185147544685321,0.088));
#2548=CARTESIAN_POINT('',(-0.0505466026233091,-0.0179202804156934,0.088));
#2549=CARTESIAN_POINT('',(-0.0574375899617819,-0.017178399268241,0.088));
#2550=CARTESIAN_POINT('',(-0.0581003208690601,-0.0171061681970938,0.087999999999998));
#2551=CARTESIAN_POINT('',(-0.0587628590944803,-0.0170331038132288,0.0879999999999954));
#2552=CARTESIAN_POINT('',(-0.000295413532879641,-0.0205921772867441,0.095));
#2553=CARTESIAN_POINT('',(-0.012927980176096,-0.0205921772865072,0.095));
#2554=CARTESIAN_POINT('',(-0.0255175756756778,-0.019999974415583,0.095));
#2555=CARTESIAN_POINT('',(-0.0443024446822728,-0.0185147544685531,0.095));
#2556=CARTESIAN_POINT('',(-0.0505466026233066,-0.0179202804156707,0.095));
#2557=CARTESIAN_POINT('',(-0.0574375899617821,-0.0171783992682434,0.095));
#2558=CARTESIAN_POINT('',(-0.0581003208690604,-0.0171061681970951,0.0949999999999971));
#2559=CARTESIAN_POINT('',(-0.0587628590944806,-0.0170331038132275,0.0949999999999931));
#2560=CARTESIAN_POINT('',(-0.000295413532879641,-0.0135921772867441,0.095));
#2561=CARTESIAN_POINT('',(-0.012709041229543,-0.0135921772864642,0.095));
#2562=CARTESIAN_POINT('',(-0.0251147771609012,-0.0130099763528838,0.095));
#2563=CARTESIAN_POINT('',(-0.0436762473541017,-0.0115424193650061,0.095));
#2564=CARTESIAN_POINT('',(-0.049854642049466,-0.0109543264221004,0.095));
#2565=CARTESIAN_POINT('',(-0.0566822003866148,-0.0102192740174884,0.095));
#2566=CARTESIAN_POINT('',(-0.0573389249597122,-0.0101476976556805,0.095));
#2567=CARTESIAN_POINT('',(-0.0579955521494172,-0.0100752850962136,0.095));
#2568=CARTESIAN_POINT('',(-0.057995552148427,-0.0100752850963228,0.095));
#2569=CARTESIAN_POINT('',(-0.0585070901121268,-0.0147138309076296,0.0949999999999954));
#2570=CARTESIAN_POINT('',(-0.0587628590941475,-0.0170331038132647,0.0926666666666605));
#2571=CARTESIAN_POINT('',(-0.0587628590944804,-0.0170331038132288,0.0879999999999954));
#2572=CARTESIAN_POINT('',(-0.0579954135378913,-0.0100740281977814,0.095));
#2573=CARTESIAN_POINT('',(-0.0580989407940875,-0.0110127970749173,0.095));
#2574=CARTESIAN_POINT('',(-0.0582036666678447,-0.0119624348280133,0.0949077140769911));
#2575=CARTESIAN_POINT('',(-0.0583531248764122,-0.0133176983585096,0.094509359113844));
#2576=CARTESIAN_POINT('',(-0.0584015950972533,-0.0137572186984085,0.0943321270932903));
#2577=CARTESIAN_POINT('',(-0.0584922269553489,-0.0145790541344669,0.0938704386370463));
#2578=CARTESIAN_POINT('',(-0.0585342765356061,-0.0149603531153988,0.0935852280729918));
#2579=CARTESIAN_POINT('',(-0.0586076868831614,-0.0156260266024123,0.0929156957112099));
#2580=CARTESIAN_POINT('',(-0.0586389603892239,-0.0159096098373336,0.0925321730052493));
#2581=CARTESIAN_POINT('',(-0.0586895900711549,-0.0163687118311974,0.0917054651601956));
#2582=CARTESIAN_POINT('',(-0.0587090323268929,-0.0165450111488594,0.0912631994154951));
#2583=CARTESIAN_POINT('',(-0.0587527225409853,-0.0169411871399153,0.0898997847767838));
#2584=CARTESIAN_POINT('',(-0.0587628590711339,-0.0170331036015269,0.0889445272638021));
#2585=CARTESIAN_POINT('',(-0.058762859071134,-0.0170331036015269,0.088000000000004));
#2586=CARTESIAN_POINT('',(-0.0582978841114875,-0.0100495610873062,0.095));
#2587=CARTESIAN_POINT('',(-0.0584011876347783,-0.0109874576322985,0.0949993030339991));
#2588=CARTESIAN_POINT('',(-0.0585042834386448,-0.0119362710714746,0.0949064486408404));
#2589=CARTESIAN_POINT('',(-0.0586489701531816,-0.0132905584744377,0.0945074851801152));
#2590=CARTESIAN_POINT('',(-0.05869546214448,-0.01372979682905,0.09433009102831));
#2591=CARTESIAN_POINT('',(-0.0587813259331391,-0.0145511864616529,0.0938681682894232));
#2592=CARTESIAN_POINT('',(-0.0588205856735026,-0.0149323216244158,0.0935828855739776));
#2593=CARTESIAN_POINT('',(-0.0588875685836332,-0.0155978170282107,0.0929133074665856));
#2594=CARTESIAN_POINT('',(-0.0589152044921648,-0.0158813859980824,0.092529811166406));
#2595=CARTESIAN_POINT('',(-0.0589576750741106,-0.0163406404009686,0.091703263267398));
#2596=CARTESIAN_POINT('',(-0.0589725958273943,-0.0165171063927023,0.0912611310629623));
#2597=CARTESIAN_POINT('',(-0.0590013414558097,-0.0169141008936587,0.0898982906127382));
#2598=CARTESIAN_POINT('',(-0.0589996748244214,-0.017006987678784,0.0889436473156721));
#2599=CARTESIAN_POINT('',(-0.0589858869693209,-0.0170085081965518,0.088000000000627));
#2600=CARTESIAN_POINT('',(-0.0586059171570747,-0.0100250314876846,0.094994767955476));
#2601=CARTESIAN_POINT('',(-0.0587094669258189,-0.0109615889820038,0.0949924664570779));
#2602=CARTESIAN_POINT('',(-0.0588118596128395,-0.0119084053433912,0.0948956293059707));
#2603=CARTESIAN_POINT('',(-0.0589518611575413,-0.0132587329166156,0.0944916867679092));
#2604=CARTESIAN_POINT('',(-0.0589961562139469,-0.0136969243185356,0.0943112883142453));
#2605=CARTESIAN_POINT('',(-0.0590761103233635,-0.0145155388433822,0.0938475676279033));
#2606=CARTESIAN_POINT('',(-0.0591117133478758,-0.0148954539086949,0.093563868331043));
#2607=CARTESIAN_POINT('',(-0.0591700066355267,-0.0155600918956902,0.09289534582671));
#2608=CARTESIAN_POINT('',(-0.0591924874269964,-0.0158421620094175,0.0925131816348131));
#2609=CARTESIAN_POINT('',(-0.0592244572154381,-0.0163032746614371,0.0916896846041821));
#2610=CARTESIAN_POINT('',(-0.0592339892523449,-0.016482707479089,0.0912488114626442));
#2611=CARTESIAN_POINT('',(-0.0592460177537974,-0.0168845253151749,0.0898904450764986));
#2612=CARTESIAN_POINT('',(-0.0592331224142346,-0.0169811309060558,0.088938153612704));
#2613=CARTESIAN_POINT('',(-0.0592087509593693,-0.0169838336701633,0.0879961578280801));
#2614=CARTESIAN_POINT('',(-0.0589212568638524,-0.0100004421311002,0.0949829011548558));
#2615=CARTESIAN_POINT('',(-0.0590250528780499,-0.0109356605747463,0.0949789951240605));
#2616=CARTESIAN_POINT('',(-0.0591262739223404,-0.0118804789580611,0.094878310935631));
#2617=CARTESIAN_POINT('',(-0.0592605361139679,-0.0132268446759075,0.0944696946916423));
#2618=CARTESIAN_POINT('',(-0.0593022242753321,-0.0136639883373868,0.0942864106916677));
#2619=CARTESIAN_POINT('',(-0.0593753902194733,-0.0144798260664445,0.0938211465340446));
#2620=CARTESIAN_POINT('',(-0.0594068680022502,-0.0148585201340229,0.093539166376396));
#2621=CARTESIAN_POINT('',(-0.0594555346156531,-0.0155222989036504,0.0928719709163744));
#2622=CARTESIAN_POINT('',(-0.0594723917641767,-0.0158028692609495,0.0924912745533867));
#2623=CARTESIAN_POINT('',(-0.0594929822730815,-0.01626583847407,0.0916710828673068));
#2624=CARTESIAN_POINT('',(-0.0594967156334627,-0.0164482373298915,0.0912315875442147));
#2625=CARTESIAN_POINT('',(-0.0594909728247129,-0.0168548764754677,0.0898780005935567));
#2626=CARTESIAN_POINT('',(-0.0594663802510914,-0.0169551999718204,0.0889281966836597));
#2627=CARTESIAN_POINT('',(-0.0594314251964614,-0.0169590849822675,0.0879878524294571));
#2628=CARTESIAN_POINT('',(-0.0589212568638524,-0.0100004421311002,0.0949829011548558));
#2629=CARTESIAN_POINT('',(-0.0590249971077631,-0.0109351580756743,0.0949789972227968));
#2630=CARTESIAN_POINT('',(-0.0592273684770027,-0.0128202137273514,0.0947892796208086));
#2631=CARTESIAN_POINT('',(-0.059460541228948,-0.015386170280322,0.0934070598650994));
#2632=CARTESIAN_POINT('',(-0.0595167325068193,-0.0167647188753849,0.090828794093125));
#2633=CARTESIAN_POINT('',(-0.0594665421380733,-0.0169547610160895,0.088933794976903));
#2634=CARTESIAN_POINT('',(-0.0594316504317518,-0.0169590585958284,0.0879939155984282));
#2635=CARTESIAN_POINT('',(-0.0589212568638524,-0.0100004421311002,0.0949829011548558));
#2636=CARTESIAN_POINT('',(-0.0589212568638524,-0.0100004421311002,0.0949829011548557));
#2637=CARTESIAN_POINT('',(-0.0586203182680264,-0.0100239085271288,0.094994226015756));
#2638=CARTESIAN_POINT('',(-0.0583117839008778,-0.0100484367369975,0.0949999997837713));
#2639=CARTESIAN_POINT('',(-0.0579954313034989,-0.0100740267607062,0.0949999999999939));
#2640=CARTESIAN_POINT('',(-0.0589212568638524,-0.0100004421311002,0.0949829011548558));
#2641=CARTESIAN_POINT('',(-0.0590250528780499,-0.0109356605747463,0.0949789951240605));
#2642=CARTESIAN_POINT('',(-0.0591262739238732,-0.0118804789578907,0.094878310935631));
#2643=CARTESIAN_POINT('',(-0.0592605361189494,-0.0132268446753539,0.0944696946916422));
#2644=CARTESIAN_POINT('',(-0.0593022242816548,-0.0136639883366841,0.0942864106916677));
#2645=CARTESIAN_POINT('',(-0.0593753902286699,-0.0144798260654223,0.0938211465340446));
#2646=CARTESIAN_POINT('',(-0.0594068680129797,-0.0148585201328303,0.093539166376396));
#2647=CARTESIAN_POINT('',(-0.0594555346294481,-0.0155222989021173,0.0928719709163744));
#2648=CARTESIAN_POINT('',(-0.0594723917795044,-0.015802869259246,0.0924912745533866));
#2649=CARTESIAN_POINT('',(-0.0594929822912832,-0.0162658384720471,0.0916710828673068));
#2650=CARTESIAN_POINT('',(-0.0594967156530056,-0.0164482373277196,0.0912315875442148));
#2651=CARTESIAN_POINT('',(-0.0594909728477045,-0.0168548764729125,0.0898780005935567));
#2652=CARTESIAN_POINT('',(-0.0594663802755884,-0.0169551999688482,0.0889281966836597));
#2653=CARTESIAN_POINT('',(-0.0594314252209858,-0.0169590849795418,0.0879878524294571));
#2654=CARTESIAN_POINT('',(-0.0592601616214431,-0.00997401531204111,0.0949701475589681));
#2655=CARTESIAN_POINT('',(-0.0593839191420108,-0.0109038035310186,0.094964016735289));
#2656=CARTESIAN_POINT('',(-0.0594647444684249,-0.0118512356253402,0.0948595555663382));
#2657=CARTESIAN_POINT('',(-0.0595981827204284,-0.013192426521146,0.0944454746775572));
#2658=CARTESIAN_POINT('',(-0.0596393787758762,-0.0136268106566418,0.0942593776623285));
#2659=CARTESIAN_POINT('',(-0.0597118835206991,-0.0144377803146828,0.093792668889216));
#2660=CARTESIAN_POINT('',(-0.0597432921519432,-0.014814894532348,0.0935121282908793));
#2661=CARTESIAN_POINT('',(-0.05979172010423,-0.0154752358844677,0.0928474107345405));
#2662=CARTESIAN_POINT('',(-0.0598083713441907,-0.0157536958505302,0.0924677996016007));
#2663=CARTESIAN_POINT('',(-0.0598293171853641,-0.0162169660284052,0.0916519007997726));
#2664=CARTESIAN_POINT('',(-0.0598335749548301,-0.0164019112600039,0.091215111925021));
#2665=CARTESIAN_POINT('',(-0.0598287027233713,-0.0168129978579315,0.0898663851193614));
#2666=CARTESIAN_POINT('',(-0.0598233681289857,-0.0169152932654833,0.088915705866982));
#2667=CARTESIAN_POINT('',(-0.0597698084081014,-0.0169214760491308,0.0879789043687167));
#2668=CARTESIAN_POINT('',(-0.0596245405602426,-0.00994065403782711,0.0949486610604069));
#2669=CARTESIAN_POINT('',(-0.0597692647947731,-0.0108652638825848,0.0949391169374529));
#2670=CARTESIAN_POINT('',(-0.0598491525097002,-0.0118102166941792,0.0948288160877809));
#2671=CARTESIAN_POINT('',(-0.059991974326413,-0.013142483254508,0.0944077292528779));
#2672=CARTESIAN_POINT('',(-0.0600354761753808,-0.0135732775843335,0.0942191848408951));
#2673=CARTESIAN_POINT('',(-0.0601110525827176,-0.0143779665215022,0.093750760983142));
#2674=CARTESIAN_POINT('',(-0.0601432770538904,-0.0147526541715255,0.0934709882766925));
#2675=CARTESIAN_POINT('',(-0.0601913103088343,-0.0154093457985597,0.092809016595144));
#2676=CARTESIAN_POINT('',(-0.0602067403162191,-0.0156865517324295,0.0924313148729792));
#2677=CARTESIAN_POINT('',(-0.0602240249287709,-0.0161507822045216,0.0916207689849908));
#2678=CARTESIAN_POINT('',(-0.0602258242863179,-0.0163380092724232,0.0911871730103721));
#2679=CARTESIAN_POINT('',(-0.0602113602643257,-0.0167556679819628,0.0898459739429053));
#2680=CARTESIAN_POINT('',(-0.06020657653992,-0.0168631664009287,0.0888976427268604));
#2681=CARTESIAN_POINT('',(-0.0601332888800775,-0.0168732350098329,0.0879639239127333));
#2682=CARTESIAN_POINT('',(-0.0603845847078329,-0.00985975479629925,0.0948819386109094));
#2683=CARTESIAN_POINT('',(-0.0605689425901444,-0.0107649825411369,0.0948626646844969));
#2684=CARTESIAN_POINT('',(-0.0606684815028036,-0.01169381241975,0.0947357954079));
#2685=CARTESIAN_POINT('',(-0.0608399800421678,-0.0130006664748595,0.0942951424251846));
#2686=CARTESIAN_POINT('',(-0.0608908727266787,-0.0134230014325924,0.0941008970696437));
#2687=CARTESIAN_POINT('',(-0.0609763258912258,-0.0142137610215339,0.093626358630503));
#2688=CARTESIAN_POINT('',(-0.0610110737622667,-0.0145831769560923,0.0933461989710542));
#2689=CARTESIAN_POINT('',(-0.0610582371450237,-0.0152339126993301,0.09268835566643));
#2690=CARTESIAN_POINT('',(-0.0610702827432921,-0.0155106262672174,0.0923149108114176));
#2691=CARTESIAN_POINT('',(-0.0610763000690928,-0.0159794948076925,0.0915162822225378));
#2692=CARTESIAN_POINT('',(-0.0610702027371,-0.0161719029423793,0.0910901587276765));
#2693=CARTESIAN_POINT('',(-0.0610261777229421,-0.0166077920390289,0.0897712268936199));
#2694=CARTESIAN_POINT('',(-0.0610014949138281,-0.0167309150416971,0.0888374737758167));
#2695=CARTESIAN_POINT('',(-0.0608899367971583,-0.016750738298124,0.0879201549051036));
#2696=CARTESIAN_POINT('',(-0.0607802499166237,-0.00981221682898538,0.0948367026599732));
#2697=CARTESIAN_POINT('',(-0.0609833999778817,-0.0107062147114158,0.0948110780456327));
#2698=CARTESIAN_POINT('',(-0.0611035928153546,-0.0116228190618288,0.0946742790937023));
#2699=CARTESIAN_POINT('',(-0.0612944244122843,-0.0129138923282608,0.094222586600261));
#2700=CARTESIAN_POINT('',(-0.0613504058097317,-0.0133313568795905,0.0940256482756806));
#2701=CARTESIAN_POINT('',(-0.0614426575563015,-0.0141141451955168,0.0935477842239976));
#2702=CARTESIAN_POINT('',(-0.061479102803695,-0.0144803941765732,0.0932669830261026));
#2703=CARTESIAN_POINT('',(-0.0615257621933559,-0.0151280114856841,0.0926113469322912));
#2704=CARTESIAN_POINT('',(-0.0615356259804187,-0.015404996250045,0.0922405609358949));
#2705=CARTESIAN_POINT('',(-0.0615339969311039,-0.0158765452627951,0.0914487629996822));
#2706=CARTESIAN_POINT('',(-0.0615224396391696,-0.0160713457958103,0.0910268739496049));
#2707=CARTESIAN_POINT('',(-0.0614583839100666,-0.016517576580331,0.0897217794513105));
#2708=CARTESIAN_POINT('',(-0.0614132148489222,-0.0166505153086497,0.0887986326158651));
#2709=CARTESIAN_POINT('',(-0.061283104242263,-0.0166764826257129,0.0878913663534573));
#2710=CARTESIAN_POINT('',(-0.0615832045117702,-0.00970265641846775,0.0947161976586981));
#2711=CARTESIAN_POINT('',(-0.061821693043958,-0.0105752670184321,0.0946753341626432));
#2712=CARTESIAN_POINT('',(-0.0619902010301897,-0.0114646696913852,0.0945190707033117));
#2713=CARTESIAN_POINT('',(-0.0622216214929976,-0.0127212828583444,0.0940480271772899));
#2714=CARTESIAN_POINT('',(-0.0622882846333019,-0.0131281246628768,0.0938472244327466));
#2715=CARTESIAN_POINT('',(-0.0623946975604215,-0.0138929736205922,0.0933651637281384));
#2716=CARTESIAN_POINT('',(-0.0624345722745733,-0.0142516416426752,0.0930839947175075));
#2717=CARTESIAN_POINT('',(-0.0624799723965419,-0.0148908058236479,0.0924348890132424));
#2718=CARTESIAN_POINT('',(-0.0624851956653854,-0.0151674269789514,0.0920706097164234));
#2719=CARTESIAN_POINT('',(-0.0624672005529722,-0.0156418815236641,0.0912942338262609));
#2720=CARTESIAN_POINT('',(-0.062443936132032,-0.0158398836878061,0.0908815107255881));
#2721=CARTESIAN_POINT('',(-0.0623371685051317,-0.0163039947329603,0.0896064593207169));
#2722=CARTESIAN_POINT('',(-0.0622439712253479,-0.0164564757170171,0.0887064161142183));
#2723=CARTESIAN_POINT('',(-0.0620786185090091,-0.0164972062324381,0.0878182378493246));
#2724=CARTESIAN_POINT('',(-0.0619905246873126,-0.00964086070816411,0.0946414772241013));
#2725=CARTESIAN_POINT('',(-0.0622445906961077,-0.010503371138613,0.0945910275092702));
#2726=CARTESIAN_POINT('',(-0.0624402109206699,-0.0113777327054453,0.0944248238428383));
#2727=CARTESIAN_POINT('',(-0.0626924969640914,-0.0126155109161238,0.0939451602636861));
#2728=CARTESIAN_POINT('',(-0.0627646952668705,-0.0130165387967345,0.0937431331463401));
#2729=CARTESIAN_POINT('',(-0.0628784667255472,-0.0137712979489534,0.093260172160737));
#2730=CARTESIAN_POINT('',(-0.0629201273305805,-0.0141254918287916,0.0929793005570839));
#2731=CARTESIAN_POINT('',(-0.06296495869784,-0.0147592233391126,0.0923346187566246));
#2732=CARTESIAN_POINT('',(-0.062967855979081,-0.0150351718490179,0.0919742643445715));
#2733=CARTESIAN_POINT('',(-0.062941452787456,-0.0155098189207424,0.0912066640573276));
#2734=CARTESIAN_POINT('',(-0.0629121200868117,-0.0157086356248745,0.0907989796270064));
#2735=CARTESIAN_POINT('',(-0.0627832280765836,-0.0161803971601812,0.0895404657989634));
#2736=CARTESIAN_POINT('',(-0.0626628868717995,-0.0163428072803404,0.088653154914464));
#2737=CARTESIAN_POINT('',(-0.0624811384233592,-0.0163925709345274,0.0877741678143795));
#2738=CARTESIAN_POINT('',(-0.0625875613709853,-0.00954297443447917,0.094504502837385));
#2739=CARTESIAN_POINT('',(-0.0628606482261463,-0.010390704515843,0.0944380235009939));
#2740=CARTESIAN_POINT('',(-0.0630895390276737,-0.0112427992556794,0.0942591546475865));
#2741=CARTESIAN_POINT('',(-0.0633669996779085,-0.0124514619326529,0.0937711339168092));
#2742=CARTESIAN_POINT('',(-0.0634458258942709,-0.0128432998790224,0.0935688182415982));
#2743=CARTESIAN_POINT('',(-0.0635682880851933,-0.0135815995716975,0.0930876904323832));
#2744=CARTESIAN_POINT('',(-0.0636119646611377,-0.0139282761003954,0.0928089072069452));
#2745=CARTESIAN_POINT('',(-0.063655778759652,-0.0145514936375169,0.092173266074852));
#2746=CARTESIAN_POINT('',(-0.0636556767476753,-0.0148247789948562,0.0918196349416136));
#2747=CARTESIAN_POINT('',(-0.0636185959559829,-0.0152965025145463,0.0910666337704754));
#2748=CARTESIAN_POINT('',(-0.0635816022133701,-0.0154949955286852,0.0906670601176935));
#2749=CARTESIAN_POINT('',(-0.0634246919342009,-0.0159736183593801,0.0894344560440532));
#2750=CARTESIAN_POINT('',(-0.0632699746197414,-0.0161485150053672,0.088566299100378));
#2751=CARTESIAN_POINT('',(-0.0630667519660925,-0.0162135033603545,0.0877007346438774));
#2752=CARTESIAN_POINT('',(-0.0627842581854252,-0.00950948699307239,0.094454659638957));
#2753=CARTESIAN_POINT('',(-0.0630629591236173,-0.0103522329849591,0.0943825854845483));
#2754=CARTESIAN_POINT('',(-0.0633017048051082,-0.0111968976286873,0.0941998526959451));
#2755=CARTESIAN_POINT('',(-0.0635865329427536,-0.012395681728268,0.0937097632520337));
#2756=CARTESIAN_POINT('',(-0.0636672882021018,-0.0127843776534774,0.0935075909141597));
#2757=CARTESIAN_POINT('',(-0.0637922540256485,-0.0135169814427213,0.0930275674872231));
#2758=CARTESIAN_POINT('',(-0.063836491136906,-0.013861029741397,0.0927497352999152));
#2759=CARTESIAN_POINT('',(-0.0638799370922239,-0.014480378539869,0.0921174771364437));
#2760=CARTESIAN_POINT('',(-0.0638789162104601,-0.0147525186525754,0.0917662138310446));
#2761=CARTESIAN_POINT('',(-0.0638385975672998,-0.0152227686807167,0.0910183058764903));
#2762=CARTESIAN_POINT('',(-0.0637992900224707,-0.0154209144607824,0.0906215280945277));
#2763=CARTESIAN_POINT('',(-0.0636339013719365,-0.015901100890787,0.0893977738595527));
#2764=CARTESIAN_POINT('',(-0.0634687827230692,-0.0160797766802861,0.0885360689185821));
#2765=CARTESIAN_POINT('',(-0.06325892404633,-0.0161501003086875,0.0876750407724399));
#2766=CARTESIAN_POINT('',(-0.0631669610517419,-0.0094424257812116,0.0943494115704416));
#2767=CARTESIAN_POINT('',(-0.0634554421024064,-0.0102749922666075,0.0942660250471734));
#2768=CARTESIAN_POINT('',(-0.0637096419720238,-0.0111053721873138,0.0940766354862701));
#2769=CARTESIAN_POINT('',(-0.0640062241669063,-0.0122847144343249,0.0935840415063767));
#2770=CARTESIAN_POINT('',(-0.0640900179039812,-0.0126671732467128,0.0933825838935963));
#2771=CARTESIAN_POINT('',(-0.0642188610480567,-0.0133883573654438,0.0929056848148441));
#2772=CARTESIAN_POINT('',(-0.0642639167014242,-0.0137271157152319,0.0926302477963439));
#2773=CARTESIAN_POINT('',(-0.0643065995057516,-0.01433824788948,0.0920052536057408));
#2774=CARTESIAN_POINT('',(-0.0643040108905922,-0.01460759627659,0.0916587690676534));
#2775=CARTESIAN_POINT('',(-0.0642582612845234,-0.0150739806158327,0.0909211254833518));
#2776=CARTESIAN_POINT('',(-0.0642150979916298,-0.0152710250067021,0.0905299351117711));
#2777=CARTESIAN_POINT('',(-0.0640354770481589,-0.015752753226663,0.0893236723236395));
#2778=CARTESIAN_POINT('',(-0.0638534144945338,-0.015937865974213,0.0884745093284333));
#2779=CARTESIAN_POINT('',(-0.0636313714107325,-0.0160191085499961,0.0876226823996338));
#2780=CARTESIAN_POINT('',(-0.0633529671036189,-0.00940885201075761,0.0942940067003544));
#2781=CARTESIAN_POINT('',(-0.0636457920116493,-0.0102369570971243,0.0942047938071837));
#2782=CARTESIAN_POINT('',(-0.0639057247554287,-0.011060822071185,0.0940127716772801));
#2783=CARTESIAN_POINT('',(-0.06420682725681,-0.0122307562442195,0.093520113789743));
#2784=CARTESIAN_POINT('',(-0.0642917639054623,-0.0126101126454792,0.0933193734552952));
#2785=CARTESIAN_POINT('',(-0.0644220254504336,-0.0133254797830231,0.0928447846083334));
#2786=CARTESIAN_POINT('',(-0.0644673503467527,-0.0136614905193072,0.0925709360958193));
#2787=CARTESIAN_POINT('',(-0.0645096383383413,-0.0142680639747608,0.0919500647918624));
#2788=CARTESIAN_POINT('',(-0.064506389818474,-0.0145356409423258,0.0916060887003387));
#2789=CARTESIAN_POINT('',(-0.0644584027049381,-0.0149993836943412,0.0908737190627209));
#2790=CARTESIAN_POINT('',(-0.0644136641112696,-0.0151955494787916,0.0904853255166268));
#2791=CARTESIAN_POINT('',(-0.0642281556558459,-0.0156769425632834,0.0892875138332688));
#2792=CARTESIAN_POINT('',(-0.0640394167708166,-0.0158645842783246,0.0884440386306186));
#2793=CARTESIAN_POINT('',(-0.0638116466948976,-0.0159515198429718,0.0875960178982652));
#2794=CARTESIAN_POINT('',(-0.0638208400696194,-0.00932245424534279,0.0941444463180014));
#2795=CARTESIAN_POINT('',(-0.0641225071760679,-0.0101348956514028,0.0940408396444857));
#2796=CARTESIAN_POINT('',(-0.0643890562368202,-0.0109415394968575,0.0938430356718215));
#2797=CARTESIAN_POINT('',(-0.064696377670716,-0.0120872866756453,0.0933508571314735));
#2798=CARTESIAN_POINT('',(-0.0647827697063822,-0.0124588548619333,0.0931518019313104));
#2799=CARTESIAN_POINT('',(-0.0649146457242706,-0.0131598572809396,0.092683006424187));
#2800=CARTESIAN_POINT('',(-0.0649601297064928,-0.0134892915136579,0.0924132661172266));
#2801=CARTESIAN_POINT('',(-0.0650013784486469,-0.0140845871519047,0.0918024066631383));
#2802=CARTESIAN_POINT('',(-0.0649969315934421,-0.0143474628058287,0.0914643342159296));
#2803=CARTESIAN_POINT('',(-0.0649451292678614,-0.0148043415990051,0.0907449396731951));
#2804=CARTESIAN_POINT('',(-0.0648977737974854,-0.0149983447382576,0.0903636175776694));
#2805=CARTESIAN_POINT('',(-0.0647021952196903,-0.0154780531075986,0.0891878305066355));
#2806=CARTESIAN_POINT('',(-0.0645037835967479,-0.0156709759731296,0.0883601187263596));
#2807=CARTESIAN_POINT('',(-0.0642631369793991,-0.0157722508962645,0.0875264312338412));
#2808=CARTESIAN_POINT('',(-0.0641009303705192,-0.00926894619973554,0.0940441147700651));
#2809=CARTESIAN_POINT('',(-0.0644052059436863,-0.0100704468368425,0.0939309024760791));
#2810=CARTESIAN_POINT('',(-0.0646734822563649,-0.0108648696033414,0.0937283175043871));
#2811=CARTESIAN_POINT('',(-0.0649821055564015,-0.0119931771707201,0.0932353007147398));
#2812=CARTESIAN_POINT('',(-0.0650687265780331,-0.0123590752654447,0.0930370594041084));
#2813=CARTESIAN_POINT('',(-0.0652006900607734,-0.0130496828643532,0.0925717974287604));
#2814=CARTESIAN_POINT('',(-0.0652460325218822,-0.0133743923685372,0.0923047767640438));
#2815=CARTESIAN_POINT('',(-0.0652866671464824,-0.0139618430512937,0.0917009814879384));
#2816=CARTESIAN_POINT('',(-0.0652817516697735,-0.014221620569085,0.0913672292985721));
#2817=CARTESIAN_POINT('',(-0.0652285006433372,-0.0146742717658371,0.0906574215858025));
#2818=CARTESIAN_POINT('',(-0.0651801650936098,-0.014867145444798,0.0902813660623992));
#2819=CARTESIAN_POINT('',(-0.0649805965923992,-0.0153468984359511,0.0891218531440188));
#2820=CARTESIAN_POINT('',(-0.0647780735079825,-0.0155442796568368,0.0883056456621281));
#2821=CARTESIAN_POINT('',(-0.0645311597189242,-0.0156552129584489,0.0874823826305167));
#2822=CARTESIAN_POINT('',(-0.0646473410471178,-0.00916236412390631,0.0938248929655259));
#2823=CARTESIAN_POINT('',(-0.0649517250213302,-0.00993404436980924,0.0936937679893744));
#2824=CARTESIAN_POINT('',(-0.0652189238193423,-0.0106988672080791,0.0934796607518852));
#2825=CARTESIAN_POINT('',(-0.0655249624473427,-0.0117871923228625,0.0929815987061908));
#2826=CARTESIAN_POINT('',(-0.0656105950421904,-0.0121404797287545,0.0927838475094702));
#2827=CARTESIAN_POINT('',(-0.0657405818831146,-0.012808647041184,0.0923238957212571));
#2828=CARTESIAN_POINT('',(-0.0657849361291912,-0.0131235269477217,0.0920616951297646));
#2829=CARTESIAN_POINT('',(-0.065823848486107,-0.0136954470268267,0.0914718561868809));
#2830=CARTESIAN_POINT('',(-0.0658182128690238,-0.0139496008564932,0.0911471552848745));
#2831=CARTESIAN_POINT('',(-0.0657632603248973,-0.014395448394087,0.0904583605410653));
#2832=CARTESIAN_POINT('',(-0.0657139433978539,-0.0145871421020141,0.0900942666992625));
#2833=CARTESIAN_POINT('',(-0.0655102240734663,-0.0150702614902352,0.088973150646159));
#2834=CARTESIAN_POINT('',(-0.0653031430897875,-0.0152785748363687,0.0881859681539052));
#2835=CARTESIAN_POINT('',(-0.0650478797836846,-0.0154079901406352,0.0873929626776007));
#2836=CARTESIAN_POINT('',(-0.0649136614228166,-0.00910929009368432,0.0937060027089228));
#2837=CARTESIAN_POINT('',(-0.0652159591066856,-0.00986333077363783,0.0935665580571668));
#2838=CARTESIAN_POINT('',(-0.0654806147650086,-0.0106113706320189,0.0933460767003001));
#2839=CARTESIAN_POINT('',(-0.0657829858652163,-0.0116774563737641,0.092844504327096));
#2840=CARTESIAN_POINT('',(-0.0658674451457811,-0.0120238059491147,0.0926466859075257));
#2841=CARTESIAN_POINT('',(-0.0659954073990906,-0.0126797992073838,0.0921890019189639));
#2842=CARTESIAN_POINT('',(-0.0660389103718353,-0.0129894428903023,0.0919291363499724));
#2843=CARTESIAN_POINT('',(-0.0660766658740271,-0.0135533431484042,0.0913465661701518));
#2844=CARTESIAN_POINT('',(-0.0660707346128931,-0.0138047686077444,0.0910267383139663));
#2845=CARTESIAN_POINT('',(-0.0660154105879139,-0.0142476256395155,0.0903494905525752));
#2846=CARTESIAN_POINT('',(-0.0659660178240688,-0.0144390572119465,0.0899920706473697));
#2847=CARTESIAN_POINT('',(-0.0657618820610901,-0.0149249442776444,0.0888926630835193));
#2848=CARTESIAN_POINT('',(-0.0655541417173134,-0.0151394696971279,0.088122257527301));
#2849=CARTESIAN_POINT('',(-0.06529657710892,-0.0152778052606371,0.0873475913280093));
#2850=CARTESIAN_POINT('',(-0.0654390662484838,-0.00900383345637449,0.0934462100539973));
#2851=CARTESIAN_POINT('',(-0.065732930401179,-0.00971997049275014,0.0932908237572589));
#2852=CARTESIAN_POINT('',(-0.0659886972201167,-0.0104319015321693,0.0930574243675193));
#2853=CARTESIAN_POINT('',(-0.0662792864894274,-0.0114498878058626,0.0925490536086143));
#2854=CARTESIAN_POINT('',(-0.0663601362596487,-0.0117811815183411,0.0923512920909576));
#2855=CARTESIAN_POINT('',(-0.0664820912040007,-0.0124107219170035,0.0918989270357101));
#2856=CARTESIAN_POINT('',(-0.0665231963781314,-0.0127089686031874,0.0916443234981194));
#2857=CARTESIAN_POINT('',(-0.0665579441733093,-0.0132554380138048,0.0910780415791136));
#2858=CARTESIAN_POINT('',(-0.0665514268533947,-0.0135009621673332,0.0907690942849629));
#2859=CARTESIAN_POINT('',(-0.0664959758939243,-0.0139373142275901,0.0901175445941926));
#2860=CARTESIAN_POINT('',(-0.0664470422543685,-0.0141281421343187,0.089774942197573));
#2861=CARTESIAN_POINT('',(-0.0662446660292883,-0.0146196687694454,0.0887235887042502));
#2862=CARTESIAN_POINT('',(-0.0660382966718566,-0.0148469956139848,0.0879901549441481));
#2863=CARTESIAN_POINT('',(-0.0657794341765654,-0.0150028006027033,0.0872559649808196));
#2864=CARTESIAN_POINT('',(-0.0656992802665679,-0.00895139127882774,0.0933051737449312));
#2865=CARTESIAN_POINT('',(-0.0659869657483401,-0.00964710908455217,0.0931423019098389));
#2866=CARTESIAN_POINT('',(-0.0662364436056208,-0.0103396591814352,0.0929024026130618));
#2867=CARTESIAN_POINT('',(-0.0665189020387977,-0.0113317838518773,0.0923907394503987));
#2868=CARTESIAN_POINT('',(-0.066597293161934,-0.011654972553772,0.0921930888831073));
#2869=CARTESIAN_POINT('',(-0.0667151976208174,-0.0122702757515706,0.0917437365412411));
#2870=CARTESIAN_POINT('',(-0.0667547109565644,-0.0125623902474745,0.0914920347666663));
#2871=CARTESIAN_POINT('',(-0.0667875054291253,-0.0130995098704728,0.0909347211624244));
#2872=CARTESIAN_POINT('',(-0.0667806405372551,-0.0133418937445427,0.0906317554473839));
#2873=CARTESIAN_POINT('',(-0.0667253189835222,-0.0137747892364559,0.0899943156596541));
#2874=CARTESIAN_POINT('',(-0.0666768623216594,-0.0139653008542992,0.0896598415869648));
#2875=CARTESIAN_POINT('',(-0.0664765034105451,-0.0144597467514368,0.0886348210347089));
#2876=CARTESIAN_POINT('',(-0.066272079008101,-0.0146936567225154,0.0879216178465048));
#2877=CARTESIAN_POINT('',(-0.0660141989921173,-0.0148579208952395,0.0872096902136295));
#2878=CARTESIAN_POINT('',(-0.0662208873631396,-0.00884511924035505,0.0929887147361035));
#2879=CARTESIAN_POINT('',(-0.0664932728635814,-0.00949892882027941,0.0928118311563199));
#2880=CARTESIAN_POINT('',(-0.0667272535084956,-0.0101508722187859,0.0925604079118132));
#2881=CARTESIAN_POINT('',(-0.0669897297775427,-0.01108792762417,0.0920452838117083));
#2882=CARTESIAN_POINT('',(-0.0670620781157792,-0.0113936917011464,0.0918490669958106));
#2883=CARTESIAN_POINT('',(-0.0671699808530647,-0.011978085273626,0.0914084623254556));
#2884=CARTESIAN_POINT('',(-0.0672055352521136,-0.012256714769129,0.0911640744709984));
#2885=CARTESIAN_POINT('',(-0.0672333436747278,-0.0127728800468249,0.0906279742500236));
#2886=CARTESIAN_POINT('',(-0.0672254814816332,-0.013007960257166,0.090338725913909));
#2887=CARTESIAN_POINT('',(-0.0671702965171125,-0.0134321278759493,0.0897330289013859));
#2888=CARTESIAN_POINT('',(-0.0671229737456863,-0.0136212152843917,0.0894165802249776));
#2889=CARTESIAN_POINT('',(-0.0669279229096187,-0.014119506389543,0.0884492278517529));
#2890=CARTESIAN_POINT('',(-0.0667291896051531,-0.0143656881434882,0.0877794265482429));
#2891=CARTESIAN_POINT('',(-0.0664760805340934,-0.0145462479946906,0.0871140942501083));
#2892=CARTESIAN_POINT('',(-0.0664822804416271,-0.00879128937942912,0.0928132920363419));
#2893=CARTESIAN_POINT('',(-0.0667460932667598,-0.00942337296304915,0.0926297655992916));
#2894=CARTESIAN_POINT('',(-0.0669712051168882,-0.0100539633079513,0.0923732355696531));
#2895=CARTESIAN_POINT('',(-0.067222106496013,-0.0109617279002293,0.0918578643422131));
#2896=CARTESIAN_POINT('',(-0.0672909240514906,-0.0112581626116626,0.091662951716628));
#2897=CARTESIAN_POINT('',(-0.0673929181846463,-0.0118258907290952,0.0912280590678527));
#2898=CARTESIAN_POINT('',(-0.0674260947623243,-0.0120971841350944,0.0909880790446624));
#2899=CARTESIAN_POINT('',(-0.067450798437209,-0.0126017953082096,0.0904642286359485));
#2900=CARTESIAN_POINT('',(-0.0674422252175018,-0.012832745866766,0.0901827251692417));
#2901=CARTESIAN_POINT('',(-0.0673868877713063,-0.0132517171976467,0.0895946916740416));
#2902=CARTESIAN_POINT('',(-0.0673401235448179,-0.013439737969971,0.0892881616455482));
#2903=CARTESIAN_POINT('',(-0.0671480330164576,-0.0139390760122513,0.0883522266617578));
#2904=CARTESIAN_POINT('',(-0.0669527784194589,-0.0141910232671854,0.0877056746717257));
#2905=CARTESIAN_POINT('',(-0.0667031972605173,-0.0143794548016056,0.0870647730537773));
#2906=CARTESIAN_POINT('',(-0.0670124015089081,-0.00868028200860255,0.0924159538186343));
#2907=CARTESIAN_POINT('',(-0.0672556450799408,-0.00926863799298267,0.0922194602405319));
#2908=CARTESIAN_POINT('',(-0.0674599814707184,-0.0098548773379917,0.0919551949765622));
#2909=CARTESIAN_POINT('',(-0.0676840659464777,-0.0107005540776271,0.0914447358217384));
#2910=CARTESIAN_POINT('',(-0.0677447478421219,-0.0109769881679303,0.0912545151564385));
#2911=CARTESIAN_POINT('',(-0.0678331249105354,-0.0115085244729924,0.0908355181812235));
#2912=CARTESIAN_POINT('',(-0.0678608200833047,-0.0117636266877513,0.0906067418713083));
#2913=CARTESIAN_POINT('',(-0.0678782628423108,-0.0122420836786645,0.090112213189631));
#2914=CARTESIAN_POINT('',(-0.0678679419111261,-0.0124632479728433,0.0898486335135137));
#2915=CARTESIAN_POINT('',(-0.0678121000607562,-0.0128689340313393,0.0893005826874915));
#2916=CARTESIAN_POINT('',(-0.067766579141571,-0.0130534557956564,0.0890161115375865));
#2917=CARTESIAN_POINT('',(-0.0675815433520774,-0.0135512861028557,0.0881489696723444));
#2918=CARTESIAN_POINT('',(-0.0673950095472063,-0.0138130240841742,0.0875519466575941));
#2919=CARTESIAN_POINT('',(-0.0671554619716506,-0.0140167962011869,0.0869609609900243));
#2920=CARTESIAN_POINT('',(-0.067280650430557,-0.00862296950939585,0.0921928516270184));
#2921=CARTESIAN_POINT('',(-0.0675138634370391,-0.00918855265575627,0.0919901948270831));
#2922=CARTESIAN_POINT('',(-0.0677074732271123,-0.00975142388791491,0.0917233846862212));
#2923=CARTESIAN_POINT('',(-0.0679172460970691,-0.0105641057840207,0.0912181590437225));
#2924=CARTESIAN_POINT('',(-0.0679734933034941,-0.0108298622583806,0.0910313424115055));
#2925=CARTESIAN_POINT('',(-0.0680542789305254,-0.0113419379412008,0.0906225554638594));
#2926=CARTESIAN_POINT('',(-0.0680788173511317,-0.0115882571496611,0.0904005851484303));
#2927=CARTESIAN_POINT('',(-0.0680918307878279,-0.0120522960167999,0.0899231533205831));
#2928=CARTESIAN_POINT('',(-0.0680802531862424,-0.0122679135567952,0.0896697673922237));
#2929=CARTESIAN_POINT('',(-0.0680235091649608,-0.0126657274177766,0.0891440809500373));
#2930=CARTESIAN_POINT('',(-0.0679783427452645,-0.0128479237387628,0.0888717804362103));
#2931=CARTESIAN_POINT('',(-0.0677963299916445,-0.0133434547254169,0.0880421451816335));
#2932=CARTESIAN_POINT('',(-0.0676142165323682,-0.0136093009212273,0.0874715419701713));
#2933=CARTESIAN_POINT('',(-0.0673804715717509,-0.0138203749100745,0.0869062780603159));
#2934=CARTESIAN_POINT('',(-0.0676751249365318,-0.0085320265453584,0.0918220717151977));
#2935=CARTESIAN_POINT('',(-0.0678917127740768,-0.00906270245283342,0.0916101416768493));
#2936=CARTESIAN_POINT('',(-0.0680683350138766,-0.00958905743572818,0.0913415231071317));
#2937=CARTESIAN_POINT('',(-0.0682560667183301,-0.0103495708005064,0.0908484294564295));
#2938=CARTESIAN_POINT('',(-0.0683055957251269,-0.0105983408212809,0.0906683433522114));
#2939=CARTESIAN_POINT('',(-0.0683750576631136,-0.0110791572321491,0.0902782657951296));
#2940=CARTESIAN_POINT('',(-0.0683949905943036,-0.0113112036222428,0.0900682743422659));
#2941=CARTESIAN_POINT('',(-0.0684017607615121,-0.0117513180093713,0.0896199238472159));
#2942=CARTESIAN_POINT('',(-0.0683885677388731,-0.0119574081486024,0.0893835038259204));
#2943=CARTESIAN_POINT('',(-0.0683311791286845,-0.012341036712168,0.0888945109036391));
#2944=CARTESIAN_POINT('',(-0.0682869835411349,-0.0125185751365025,0.0886419380026532));
#2945=CARTESIAN_POINT('',(-0.0681111234024837,-0.0130074364278154,0.087872494981935));
#2946=CARTESIAN_POINT('',(-0.0679371397267825,-0.0132777382164769,0.0873434911206424));
#2947=CARTESIAN_POINT('',(-0.0677141242600389,-0.0134993085362242,0.0868173604882244));
#2948=CARTESIAN_POINT('',(-0.0678049715577126,-0.00850087992933164,0.0916923228152873));
#2949=CARTESIAN_POINT('',(-0.0680160185619124,-0.00901961002747319,0.0914771615345163));
#2950=CARTESIAN_POINT('',(-0.068187004851217,-0.00953346212360068,0.0912082041379138));
#2951=CARTESIAN_POINT('',(-0.0683674573222518,-0.010276095725054,0.0907198268621167));
#2952=CARTESIAN_POINT('',(-0.0684147735818641,-0.010519041516337,0.0905422521000913));
#2953=CARTESIAN_POINT('',(-0.068480518473296,-0.0109891109696476,0.090158987257383));
#2954=CARTESIAN_POINT('',(-0.0684989471051156,-0.0112162346316751,0.0899532971767001));
#2955=CARTESIAN_POINT('',(-0.0685036982413012,-0.0116480351822891,0.0895152510515384));
#2956=CARTESIAN_POINT('',(-0.0684899976915822,-0.0118507742526884,0.0892847900242632));
#2957=CARTESIAN_POINT('',(-0.0684324663014883,-0.0122293277936297,0.088808607443592));
#2958=CARTESIAN_POINT('',(-0.0683886354611133,-0.0124051422641716,0.0885628858901958));
#2959=CARTESIAN_POINT('',(-0.0682149804214556,-0.0128912954909482,0.0878142535457278));
#2960=CARTESIAN_POINT('',(-0.0680438538282036,-0.0131628073936056,0.0872995060319166));
#2961=CARTESIAN_POINT('',(-0.067824644701441,-0.0133877432268372,0.0867865527766462));
#2962=CARTESIAN_POINT('',(-0.0680584127419487,-0.00843651705049163,0.0914235180924424));
#2963=CARTESIAN_POINT('',(-0.0682585446496961,-0.00893115302938033,0.0912026045603899));
#2964=CARTESIAN_POINT('',(-0.0684185224283574,-0.00941964986801209,0.0909338786841665));
#2965=CARTESIAN_POINT('',(-0.0685848737025813,-0.0101258913096864,0.0904562315791795));
#2966=CARTESIAN_POINT('',(-0.0686279254053992,-0.0103569607380864,0.090284093837673));
#2967=CARTESIAN_POINT('',(-0.0686865548982654,-0.0108050293953541,0.0899152104500733));
#2968=CARTESIAN_POINT('',(-0.0687021326883136,-0.0110220286242217,0.0897184648039802));
#2969=CARTESIAN_POINT('',(-0.068703137886717,-0.0114365754538749,0.0893016017823089));
#2970=CARTESIAN_POINT('',(-0.0686885559048315,-0.0116322611736777,0.0890832959686651));
#2971=CARTESIAN_POINT('',(-0.0686310038153444,-0.0119999324346842,0.0886331377073142));
#2972=CARTESIAN_POINT('',(-0.0685880337077427,-0.012171917975888,0.088401285259607));
#2973=CARTESIAN_POINT('',(-0.0684192127510503,-0.0126515371487743,0.0876947109227199));
#2974=CARTESIAN_POINT('',(-0.0682541328762169,-0.01292478540357,0.0872086795942027));
#2975=CARTESIAN_POINT('',(-0.0680429997210735,-0.0131561114257621,0.0867221660991291));
#2976=CARTESIAN_POINT('',(-0.0681820073050039,-0.00840330078767838,0.0912844622695076));
#2977=CARTESIAN_POINT('',(-0.0683767052196802,-0.0088857386929635,0.0910608771888561));
#2978=CARTESIAN_POINT('',(-0.0685312805732116,-0.00936135827902468,0.0907926463900264));
#2979=CARTESIAN_POINT('',(-0.0686907930849907,-0.0100490733282086,0.0903209707416426));
#2980=CARTESIAN_POINT('',(-0.0687317920449181,-0.0102740898456597,0.0901517563262788));
#2981=CARTESIAN_POINT('',(-0.0687870278521768,-0.0107109085522299,0.0897904534403314));
#2982=CARTESIAN_POINT('',(-0.0688012646995082,-0.010922710741349,0.089598364969748));
#2983=CARTESIAN_POINT('',(-0.0688005579236431,-0.0113283301274772,0.0891924183166138));
#2984=CARTESIAN_POINT('',(-0.0687856113694781,-0.0115203213410908,0.0889803322444156));
#2985=CARTESIAN_POINT('',(-0.0687282009593976,-0.0118822016734957,0.0885434373566272));
#2986=CARTESIAN_POINT('',(-0.0686857371034821,-0.0120520907922872,0.088318628541037));
#2987=CARTESIAN_POINT('',(-0.0685195731291822,-0.0125279073025466,0.0876333721009842));
#2988=CARTESIAN_POINT('',(-0.0683576978228091,-0.0128016942364058,0.0871618382452146));
#2989=CARTESIAN_POINT('',(-0.0681508342993038,-0.0130360449340741,0.0866885871331904));
#2990=CARTESIAN_POINT('',(-0.0684199820764849,-0.00833439355784077,0.0910000479695295));
#2991=CARTESIAN_POINT('',(-0.0686037672331428,-0.00879214629510943,0.0907711192804652));
#2992=CARTESIAN_POINT('',(-0.0687478233180405,-0.00924172194260862,0.0905043183671301));
#2993=CARTESIAN_POINT('',(-0.0688943314140546,-0.00989195765533539,0.0900453572268547));
#2994=CARTESIAN_POINT('',(-0.0689314875808873,-0.0101047288224051,0.0898822558874442));
#2995=CARTESIAN_POINT('',(-0.0689804877584963,-0.0105187276525898,0.089536606470215));
#2996=CARTESIAN_POINT('',(-0.0689923317692725,-0.0107199553157048,0.0893540583923962));
#2997=CARTESIAN_POINT('',(-0.0689887552090561,-0.0111072717750374,0.0889702973452464));
#2998=CARTESIAN_POINT('',(-0.0689733436319043,-0.0112916008603286,0.0887707836525782));
#2999=CARTESIAN_POINT('',(-0.0689167255540134,-0.0116412934692754,0.0883606226879542));
#3000=CARTESIAN_POINT('',(-0.0688755190532743,-0.0118066569929312,0.0881499754159983));
#3001=CARTESIAN_POINT('',(-0.0687153846714257,-0.0122738383121173,0.0875075323695471));
#3002=CARTESIAN_POINT('',(-0.0685603833331027,-0.0125480110560669,0.0870650459711459));
#3003=CARTESIAN_POINT('',(-0.0683625259721418,-0.0127879959556369,0.0866182237343537));
#3004=CARTESIAN_POINT('',(-0.0685335175570499,-0.00829868034786984,0.0908554921603353));
#3005=CARTESIAN_POINT('',(-0.0687119361267554,-0.00874391455451309,0.090623933278822));
#3006=CARTESIAN_POINT('',(-0.0688509654405415,-0.00918029394173486,0.0903580245745139));
#3007=CARTESIAN_POINT('',(-0.0689914134963392,-0.00981154399699476,0.0899056794693997));
#3008=CARTESIAN_POINT('',(-0.0690268099014218,-0.0100181137614534,0.0897457150213966));
#3009=CARTESIAN_POINT('',(-0.0690730194905553,-0.0104205300980758,0.0894080224121695));
#3010=CARTESIAN_POINT('',(-0.0690838326746061,-0.0106163766702394,0.0892302942509456));
#3011=CARTESIAN_POINT('',(-0.0690791318276776,-0.0109943172712327,0.0888576759946533));
#3012=CARTESIAN_POINT('',(-0.0690636322560769,-0.0111746819640176,0.0886644517941402));
#3013=CARTESIAN_POINT('',(-0.0690076817431176,-0.0115179925475243,0.0882676458389772));
#3014=CARTESIAN_POINT('',(-0.068967230801759,-0.0116809384382462,0.0880640640843273));
#3015=CARTESIAN_POINT('',(-0.0688104713128188,-0.012143336527358,0.0874429913750684));
#3016=CARTESIAN_POINT('',(-0.0686591261162229,-0.0124174088399206,0.0870150142189827));
#3017=CARTESIAN_POINT('',(-0.0684659796904905,-0.0126600811788664,0.0865814028174296));
#3018=CARTESIAN_POINT('',(-0.0687499914249293,-0.00822434521658431,0.0905630713544638));
#3019=CARTESIAN_POINT('',(-0.0689175438318647,-0.0086448448020334,0.0903274221978397));
#3020=CARTESIAN_POINT('',(-0.0690467892068465,-0.0090551296022338,0.0900642357886857));
#3021=CARTESIAN_POINT('',(-0.069175808994182,-0.00964875302312143,0.0896259489760305));
#3022=CARTESIAN_POINT('',(-0.0692079612978084,-0.00984301957537972,0.0894724251512525));
#3023=CARTESIAN_POINT('',(-0.0692491668297107,-0.010222364102052,0.0891507646991871));
#3024=CARTESIAN_POINT('',(-0.0692582200579867,-0.010407442076466,0.0889826280718996));
#3025=CARTESIAN_POINT('',(-0.0692518369481418,-0.0107664367123471,0.0886319856534248));
#3026=CARTESIAN_POINT('',(-0.0692364247583073,-0.0109386778841507,0.0884510865794201));
#3027=CARTESIAN_POINT('',(-0.0691823043631792,-0.0112686702965689,0.0880803960639569));
#3028=CARTESIAN_POINT('',(-0.0691435961578854,-0.0114264215371836,0.0878906046224984));
#3029=CARTESIAN_POINT('',(-0.0689942454003621,-0.0118779739038716,0.0873112867900639));
#3030=CARTESIAN_POINT('',(-0.0688506201379708,-0.012150770844017,0.0869117124461817));
#3031=CARTESIAN_POINT('',(-0.0686672874966968,-0.0123978031082593,0.0865041475656823));
#3032=CARTESIAN_POINT('',(-0.0688529298122437,-0.00818572329526971,0.0904152063577864));
#3033=CARTESIAN_POINT('',(-0.0690149977170762,-0.00859391213920792,0.0901779315825921));
#3034=CARTESIAN_POINT('',(-0.0691394909323269,-0.00899122715548467,0.0899164800117592));
#3035=CARTESIAN_POINT('',(-0.0692631419892193,-0.00956613773193566,0.0894855654997053));
#3036=CARTESIAN_POINT('',(-0.0692938084500507,-0.00975428440513391,0.0893353342403485));
#3037=CARTESIAN_POINT('',(-0.069332796016388,-0.0101221153371557,0.0890217456901299));
#3038=CARTESIAN_POINT('',(-0.0693411171218939,-0.0103017995959793,0.0888583883992681));
#3039=CARTESIAN_POINT('',(-0.0693341697385203,-0.0106512236561145,0.0885186079318787));
#3040=CARTESIAN_POINT('',(-0.0693189296212973,-0.0108193114392621,0.0883437656772687));
#3041=CARTESIAN_POINT('',(-0.0692659660427262,-0.0111423912222133,0.0879858860085607));
#3042=CARTESIAN_POINT('',(-0.0692282425813781,-0.0112973832220171,0.0878028485944627));
#3043=CARTESIAN_POINT('',(-0.0690829214415672,-0.011742944612157,0.0872440069364507));
#3044=CARTESIAN_POINT('',(-0.0689433612610159,-0.012014638537425,0.086858392506137));
#3045=CARTESIAN_POINT('',(-0.0687651415845545,-0.0122634398144227,0.086463713230859));
#3046=CARTESIAN_POINT('',(-0.069048516210722,-0.00810518122005743,0.0901175553078759));
#3047=CARTESIAN_POINT('',(-0.0691998031607524,-0.00848880199455863,0.089877781029543));
#3048=CARTESIAN_POINT('',(-0.0693152036128539,-0.00886041496508356,0.0896204392329819));
#3049=CARTESIAN_POINT('',(-0.0694288345823721,-0.00939834853404697,0.0892047399248936));
#3050=CARTESIAN_POINT('',(-0.0694567814555874,-0.00957442249264328,0.0890611549116942));
#3051=CARTESIAN_POINT('',(-0.069491811293875,-0.00991949326363797,0.0887636360517571));
#3052=CARTESIAN_POINT('',(-0.0694988942589473,-0.0100884900760364,0.0886097022050194));
#3053=CARTESIAN_POINT('',(-0.0694911926060539,-0.0104188038705536,0.0882911739988074));
#3054=CARTESIAN_POINT('',(-0.0694764433158837,-0.0105785074934487,0.0881281180749318));
#3055=CARTESIAN_POINT('',(-0.0694260392919553,-0.0108874467546806,0.0877951486055877));
#3056=CARTESIAN_POINT('',(-0.0693903845581971,-0.0110366823930174,0.0876252350601191));
#3057=CARTESIAN_POINT('',(-0.0692533994173298,-0.0114693451774438,0.0871062970212435));
#3058=CARTESIAN_POINT('',(-0.0691221454432198,-0.0117380070606407,0.0867480333474277));
#3059=CARTESIAN_POINT('',(-0.0689544347354287,-0.0119895967677206,0.0863788961604258));
#3060=CARTESIAN_POINT('',(-0.0691411642218861,-0.00806326106615974,0.0899677692546427));
#3061=CARTESIAN_POINT('',(-0.069287125837145,-0.00843472217686422,0.0897272358936148));
#3062=CARTESIAN_POINT('',(-0.0693981596916046,-0.0087936799969528,0.0894723556166398));
#3063=CARTESIAN_POINT('',(-0.0695071095188819,-0.00931342989464,0.0890645862175025));
#3064=CARTESIAN_POINT('',(-0.0695338142531773,-0.00948357198573381,0.0889243767419237));
#3065=CARTESIAN_POINT('',(-0.0695670914218335,-0.00981742567695858,0.0886348850038166));
#3066=CARTESIAN_POINT('',(-0.0695736638561942,-0.00998113727708953,0.0884856027412883));
#3067=CARTESIAN_POINT('',(-0.0695657678746402,-0.0103019152450295,0.0881774653273985));
#3068=CARTESIAN_POINT('',(-0.0695513375192896,-0.0104573834410556,0.0880201319205819));
#3069=CARTESIAN_POINT('',(-0.0695023421000057,-0.0107590716012823,0.0876992332540751));
#3070=CARTESIAN_POINT('',(-0.0694677770360722,-0.0109052915654829,0.0875356679943849));
#3071=CARTESIAN_POINT('',(-0.0693351248122434,-0.0113309691264403,0.0870360707563093));
#3072=CARTESIAN_POINT('',(-0.0692081422896279,-0.0115976210077569,0.0866911108595573));
#3073=CARTESIAN_POINT('',(-0.0690458737984453,-0.0118501170148551,0.0863345134248158));
#3074=CARTESIAN_POINT('',(-0.0693164765851641,-0.00797573300454187,0.0896676642225476));
#3075=CARTESIAN_POINT('',(-0.0694515478825703,-0.00832350836373462,0.0894268050997961));
#3076=CARTESIAN_POINT('',(-0.0695540161288086,-0.00865791944330949,0.0891777289432907));
#3077=CARTESIAN_POINT('',(-0.0696541143606259,-0.00914241011858359,0.0887863807777523));
#3078=CARTESIAN_POINT('',(-0.0696785439485058,-0.00930105407522637,0.0886529662930033));
#3079=CARTESIAN_POINT('',(-0.0697087383945133,-0.0096130752658683,0.0883793382956909));
#3080=CARTESIAN_POINT('',(-0.0697145032526408,-0.00976645249986744,0.0882391247831273));
#3081=CARTESIAN_POINT('',(-0.0697065764881756,-0.010068379392809,0.0879510298948432));
#3082=CARTESIAN_POINT('',(-0.0696929266526503,-0.010215351590115,0.0878046475031395));
#3083=CARTESIAN_POINT('',(-0.0696469873660659,-0.0105022427700934,0.0875068142965778));
#3084=CARTESIAN_POINT('',(-0.0696146979150067,-0.0106421617527658,0.0873553634817197));
#3085=CARTESIAN_POINT('',(-0.0694909700751058,-0.0110527328043769,0.0868928106103676));
#3086=CARTESIAN_POINT('',(-0.0693726851825529,-0.011314236159268,0.0865735025567037));
#3087=CARTESIAN_POINT('',(-0.0692215215052872,-0.011567373108133,0.0862414645699216));
#3088=CARTESIAN_POINT('',(-0.0693991409372781,-0.00793012509682169,0.0895173452436857));
#3089=CARTESIAN_POINT('',(-0.069528732976459,-0.0082662965941528,0.0892768973324049));
#3090=CARTESIAN_POINT('',(-0.0696270450745458,-0.00858877719657697,0.0890311527220326));
#3091=CARTESIAN_POINT('',(-0.0697229969632597,-0.00905617044673543,0.0886482896628451));
#3092=CARTESIAN_POINT('',(-0.069746394883095,-0.00920924692120862,0.0885182942858444));
#3093=CARTESIAN_POINT('',(-0.0697752525788308,-0.00951065876714285,0.0882525046348011));
#3094=CARTESIAN_POINT('',(-0.0697807123547314,-0.00965899413860388,0.0881167103607587));
#3095=CARTESIAN_POINT('',(-0.0697729277048019,-0.0099516252266609,0.0878382727331333));
#3096=CARTESIAN_POINT('',(-0.0697597260597733,-0.0100943490043262,0.087697122294093));
#3097=CARTESIAN_POINT('',(-0.0697154061727755,-0.0103737198247034,0.0874102909993189));
#3098=CARTESIAN_POINT('',(-0.0696842879308063,-0.0105103668674153,0.087264610143585));
#3099=CARTESIAN_POINT('',(-0.0695651113742685,-0.0109128530897804,0.086819771201985));
#3100=CARTESIAN_POINT('',(-0.0694512312290697,-0.0111712373636629,0.0865128167417206));
#3101=CARTESIAN_POINT('',(-0.0693057301491125,-0.0114241089542763,0.0861927984506374));
#3102=CARTESIAN_POINT('',(-0.0695263265887698,-0.00785225952292276,0.0892723877557971));
#3103=CARTESIAN_POINT('',(-0.0696472027529317,-0.00816976915738906,0.0890337826553825));
#3104=CARTESIAN_POINT('',(-0.0697390711080651,-0.00847341500818658,0.0887942699274644));
#3105=CARTESIAN_POINT('',(-0.0698287511597366,-0.00891403060272715,0.0884256710207722));
#3106=CARTESIAN_POINT('',(-0.0698506240967891,-0.00905842693729806,0.0883012497494057));
#3107=CARTESIAN_POINT('',(-0.0698775606826368,-0.00934325896152921,0.0880479692061409));
#3108=CARTESIAN_POINT('',(-0.069882624331432,-0.00948369465118946,0.0879191099342427));
#3109=CARTESIAN_POINT('',(-0.0698751738795178,-0.00976159580124055,0.0876556253276548));
#3110=CARTESIAN_POINT('',(-0.0698627025596096,-0.00989748932270073,0.0875224929075077));
#3111=CARTESIAN_POINT('',(-0.0698209673716267,-0.0101645580237575,0.0872525027875076));
#3112=CARTESIAN_POINT('',(-0.069791703503552,-0.010295733203354,0.0871156450876544));
#3113=CARTESIAN_POINT('',(-0.069679772536681,-0.0106842748772489,0.0866980664995363));
#3114=CARTESIAN_POINT('',(-0.0695729660752378,-0.0109366575066524,0.0864103401227124));
#3115=CARTESIAN_POINT('',(-0.0694367723558737,-0.0111879780439313,0.0861094929104774));
#3116=CARTESIAN_POINT('',(-0.0695737730328378,-0.0078212868963583,0.0891776076907304));
#3117=CARTESIAN_POINT('',(-0.0696913060531716,-0.00813179823574598,0.0889400914128192));
#3118=CARTESIAN_POINT('',(-0.0697806852962581,-0.00842838015383936,0.0887031412458135));
#3119=CARTESIAN_POINT('',(-0.0698679362209776,-0.00885891244154887,0.0883400839938019));
#3120=CARTESIAN_POINT('',(-0.0698892168725658,-0.00900003310588029,0.0882177929095476));
#3121=CARTESIAN_POINT('',(-0.0699154076500988,-0.00927858649515143,0.087969253212561));
#3122=CARTESIAN_POINT('',(-0.0699203177760436,-0.00941601922009116,0.0878430045998289));
#3123=CARTESIAN_POINT('',(-0.0699130029566168,-0.00968828898766409,0.0875851363179099));
#3124=CARTESIAN_POINT('',(-0.0699008206249341,-0.00982156023175307,0.0874550037315682));
#3125=CARTESIAN_POINT('',(-0.0698601039381703,-0.0100838714638501,0.0871913096602468));
#3126=CARTESIAN_POINT('',(-0.0698315695830893,-0.0102129114518582,0.087057748175267));
#3127=CARTESIAN_POINT('',(-0.0697224852135592,-0.010595928566732,0.0866503723605593));
#3128=CARTESIAN_POINT('',(-0.0696184538948231,-0.0108458028444475,0.0863698666710631));
#3129=CARTESIAN_POINT('',(-0.0694859054525325,-0.0110961907498853,0.0860763111370466));
#3130=CARTESIAN_POINT('',(-0.0696650465372226,-0.00775790071220518,0.0889886844856172));
#3131=CARTESIAN_POINT('',(-0.0697757778271953,-0.00805441502816983,0.0887536766592416));
#3132=CARTESIAN_POINT('',(-0.0698601072179953,-0.00833710187370852,0.0885219255372908));
#3133=CARTESIAN_POINT('',(-0.069942456104488,-0.00874792568687893,0.0881698336293138));
#3134=CARTESIAN_POINT('',(-0.0699625482000344,-0.00888266588207947,0.0880517254558131));
#3135=CARTESIAN_POINT('',(-0.0699872602660667,-0.00914899991251824,0.0878124623201799));
#3136=CARTESIAN_POINT('',(-0.0699918802365526,-0.00928059374775647,0.0876913073580475));
#3137=CARTESIAN_POINT('',(-0.0699848909939726,-0.00954189085002085,0.0874443922648697));
#3138=CARTESIAN_POINT('',(-0.0699733237679237,-0.00967005134495196,0.0873200973478042));
#3139=CARTESIAN_POINT('',(-0.0699347279086448,-0.0099230498426525,0.0870686503019516));
#3140=CARTESIAN_POINT('',(-0.0699076992754149,-0.0100478878454219,0.0869414981731645));
#3141=CARTESIAN_POINT('',(-0.0698044469684583,-0.0104198985458483,0.0865539822630688));
#3142=CARTESIAN_POINT('',(-0.069706056887465,-0.0106645679356234,0.0862875589580254));
#3143=CARTESIAN_POINT('',(-0.0695808468061297,-0.0109125140625178,0.0860083264049295));
#3144=CARTESIAN_POINT('',(-0.0697088735975393,-0.00772548715461653,0.0888945413455707));
#3145=CARTESIAN_POINT('',(-0.0698161919590044,-0.00801509000982575,0.0886610270432009));
#3146=CARTESIAN_POINT('',(-0.0698979834385776,-0.00829098934930837,0.0884319493528795));
#3147=CARTESIAN_POINT('',(-0.0699778722551153,-0.00869221253878012,0.088085301917218));
#3148=CARTESIAN_POINT('',(-0.0699973687934908,-0.00882384929864534,0.0879692476219675));
#3149=CARTESIAN_POINT('',(-0.0700213443893039,-0.00908423578743135,0.0877345144283647));
#3150=CARTESIAN_POINT('',(-0.0700258234467414,-0.00921298551635214,0.0876158355300122));
#3151=CARTESIAN_POINT('',(-0.0700190127340143,-0.0094689195188889,0.0873742388271634));
#3152=CARTESIAN_POINT('',(-0.0700077644913073,-0.00959457790647258,0.0872527701994788));
#3153=CARTESIAN_POINT('',(-0.0699702559767547,-0.00984299250405867,0.0870072498836281));
#3154=CARTESIAN_POINT('',(-0.069943995704909,-0.00996574871406109,0.0868831981954619));
#3155=CARTESIAN_POINT('',(-0.0698437074609855,-0.0103322366523787,0.0865053047782987));
#3156=CARTESIAN_POINT('',(-0.0697481720605216,-0.0105741876890043,0.0862457246966369));
#3157=CARTESIAN_POINT('',(-0.0696266550630683,-0.0108206246691963,0.0859735234462431));
#3158=CARTESIAN_POINT('',(-0.0698352366060883,-0.00762618448252803,0.0886131645606635));
#3159=CARTESIAN_POINT('',(-0.0699323994900997,-0.00789536617686419,0.0883848890641214));
#3160=CARTESIAN_POINT('',(-0.0700066013348904,-0.00815138791488787,0.0881640647620248));
#3161=CARTESIAN_POINT('',(-0.0700791179105439,-0.00852455149441616,0.0878336287015133));
#3162=CARTESIAN_POINT('',(-0.0700968257371729,-0.00864712784967439,0.0877236167467817));
#3163=CARTESIAN_POINT('',(-0.0701185885544698,-0.00889013603551535,0.0875021302350238));
#3164=CARTESIAN_POINT('',(-0.0701226435451376,-0.00901056786609809,0.0873906556779974));
#3165=CARTESIAN_POINT('',(-0.0701163765850618,-0.00925076548708167,0.0871645145618109));
#3166=CARTESIAN_POINT('',(-0.0701060944070945,-0.00936906986550791,0.0870512359466396));
#3167=CARTESIAN_POINT('',(-0.0700718734249833,-0.00960394509120317,0.0868228892877311));
#3168=CARTESIAN_POINT('',(-0.0700479346208395,-0.00972051593847219,0.0867078212439939));
#3169=CARTESIAN_POINT('',(-0.0699565944236668,-0.0100704111830042,0.0863578729983187));
#3170=CARTESIAN_POINT('',(-0.0698696692458966,-0.0103039182829922,0.0861182486819171));
#3171=CARTESIAN_POINT('',(-0.0697592754338676,-0.010545090318509,0.0858668056219248));
#3172=CARTESIAN_POINT('',(-0.0699126543819197,-0.00755723336870564,0.0884269835510352));
#3173=CARTESIAN_POINT('',(-0.0700031580250537,-0.00781321858431744,0.0882032115701255));
#3174=CARTESIAN_POINT('',(-0.0700723558691874,-0.00805666472822169,0.0879882216486569));
#3175=CARTESIAN_POINT('',(-0.0701400125378937,-0.00841216705373432,0.0876684704442397));
#3176=CARTESIAN_POINT('',(-0.0701565414112134,-0.00852905668051458,0.0875623423223982));
#3177=CARTESIAN_POINT('',(-0.0701768555588557,-0.00876113725683012,0.0873492574027479));
#3178=CARTESIAN_POINT('',(-0.0701806408331783,-0.0088763282063654,0.0872423006049391));
#3179=CARTESIAN_POINT('',(-0.0701747708829938,-0.00910653504772727,0.0870258184314581));
#3180=CARTESIAN_POINT('',(-0.0701651537601381,-0.00922015093144373,0.0869176226828005));
#3181=CARTESIAN_POINT('',(-0.0701331658465054,-0.00944629225899453,0.0866999230836117));
#3182=CARTESIAN_POINT('',(-0.0701107950557283,-0.00955881770282886,0.0865904192330806));
#3183=CARTESIAN_POINT('',(-0.0700254681229236,-0.00989758532557884,0.0862578473616179));
#3184=CARTESIAN_POINT('',(-0.0699442974204223,-0.0101250187957415,0.0860307190208172));
#3185=CARTESIAN_POINT('',(-0.0698412831477122,-0.0103615791904207,0.0857925818080336));
#3186=CARTESIAN_POINT('',(-0.0700554996243854,-0.00741436259467406,0.0880579472134756));
#3187=CARTESIAN_POINT('',(-0.0701335442635471,-0.00764506780868595,0.0878454193625061));
#3188=CARTESIAN_POINT('',(-0.0701933236508934,-0.00786491829107833,0.0876429510489238));
#3189=CARTESIAN_POINT('',(-0.0702518234310288,-0.00818742214925851,0.0873445243780038));
#3190=CARTESIAN_POINT('',(-0.0702661284742598,-0.00829371145775049,0.0872459281209393));
#3191=CARTESIAN_POINT('',(-0.0702837202232337,-0.00850536782493517,0.0870488586221905));
#3192=CARTESIAN_POINT('',(-0.0702870069289766,-0.00861073488362786,0.086950385380506));
#3193=CARTESIAN_POINT('',(-0.070281933432447,-0.00882204845655075,0.0867519263280793));
#3194=CARTESIAN_POINT('',(-0.0702736073211258,-0.00892674233194559,0.0866531301836132));
#3195=CARTESIAN_POINT('',(-0.0702459176948144,-0.00913602897892195,0.08645507428982));
#3196=CARTESIAN_POINT('',(-0.0702265541798243,-0.00924062175050349,0.0863558145404928));
#3197=CARTESIAN_POINT('',(-0.0701527195130165,-0.00955698548700805,0.0860553443326863));
#3198=CARTESIAN_POINT('',(-0.0700825042393614,-0.00977134187369101,0.085851442914382));
#3199=CARTESIAN_POINT('',(-0.0699934620930322,-0.00999644436266694,0.0856386320762222));
#3200=CARTESIAN_POINT('',(-0.0701209270910197,-0.00734044293446487,0.0878750918855444));
#3201=CARTESIAN_POINT('',(-0.070193046512989,-0.00755912886087287,0.0876691302649946));
#3202=CARTESIAN_POINT('',(-0.0702483102693659,-0.00776794889934132,0.087473287862647));
#3203=CARTESIAN_POINT('',(-0.0703024056943057,-0.00807505393381111,0.0871855003410125));
#3204=CARTESIAN_POINT('',(-0.0703156374676814,-0.00817640144142889,0.0870905671807821));
#3205=CARTESIAN_POINT('',(-0.0703319148260181,-0.00837850041703293,0.0869011590967141));
#3206=CARTESIAN_POINT('',(-0.0703349604109792,-0.00847925188501918,0.0868066841728765));
#3207=CARTESIAN_POINT('',(-0.0703302792739473,-0.00868160441613956,0.0866166587706912));
#3208=CARTESIAN_POINT('',(-0.0703225843033303,-0.00878203880584859,0.0865222163148556));
#3209=CARTESIAN_POINT('',(-0.0702969890455533,-0.0089831703137692,0.0863332223726766));
#3210=CARTESIAN_POINT('',(-0.0702790887583932,-0.00908386743198078,0.0862386708863331));
#3211=CARTESIAN_POINT('',(-0.0702108351535866,-0.0093889725996766,0.0859529786000071));
#3212=CARTESIAN_POINT('',(-0.0701459290926136,-0.00959639446222196,0.0857597999727292));
#3213=CARTESIAN_POINT('',(-0.0700636333245077,-0.00981482066300156,0.0855589061583019));
#3214=CARTESIAN_POINT('',(-0.0702414498656305,-0.00718816518613301,0.0875132255657903));
#3215=CARTESIAN_POINT('',(-0.0703022686446613,-0.00738419292279258,0.087321271293045));
#3216=CARTESIAN_POINT('',(-0.0703489092033908,-0.00757245086864149,0.0871390087356454));
#3217=CARTESIAN_POINT('',(-0.0703945968158656,-0.0078508353125436,0.0868723520722249));
#3218=CARTESIAN_POINT('',(-0.0704057804824206,-0.00794296304803243,0.0867845893798646));
#3219=CARTESIAN_POINT('',(-0.0704195557577962,-0.00812715972927715,0.0866100096526468));
#3220=CARTESIAN_POINT('',(-0.0704221473666169,-0.00821922867503304,0.0865231926177894));
#3221=CARTESIAN_POINT('',(-0.0704182375439959,-0.00840458314536934,0.0863492041388543));
#3222=CARTESIAN_POINT('',(-0.0704117628505552,-0.00849688620811808,0.0862629657663658));
#3223=CARTESIAN_POINT('',(-0.0703901904799998,-0.00868227270085041,0.0860909400737861));
#3224=CARTESIAN_POINT('',(-0.0703750928028852,-0.00877535613083398,0.0860051527536949));
#3225=CARTESIAN_POINT('',(-0.0703174901669099,-0.0090580700397474,0.0857468763496762));
#3226=CARTESIAN_POINT('',(-0.070262675603418,-0.00925116413763992,0.0855734728220036));
#3227=CARTESIAN_POINT('',(-0.0701931145560971,-0.00945499124244386,0.0853946073097614));
#3228=CARTESIAN_POINT('',(-0.070296545173607,-0.00710980709801034,0.0873342145739673));
#3229=CARTESIAN_POINT('',(-0.0703520702056952,-0.00729525409328289,0.0871498121077235));
#3230=CARTESIAN_POINT('',(-0.0703946440371485,-0.00747400947081495,0.0869745588285953));
#3231=CARTESIAN_POINT('',(-0.0704363511645172,-0.0077390885055728,0.0867184250054174));
#3232=CARTESIAN_POINT('',(-0.0704465612703382,-0.00782693917856872,0.0866341714136105));
#3233=CARTESIAN_POINT('',(-0.0704591424722334,-0.00800278641322559,0.086466749980975));
#3234=CARTESIAN_POINT('',(-0.0704615135683075,-0.00809078297488653,0.0863835821401464));
#3235=CARTESIAN_POINT('',(-0.0704579622808991,-0.00826808588605188,0.086217169261941));
#3236=CARTESIAN_POINT('',(-0.0704520639616174,-0.00835650801990778,0.0861347639889944));
#3237=CARTESIAN_POINT('',(-0.0704323933088919,-0.00853428555250903,0.0859706082745335));
#3238=CARTESIAN_POINT('',(-0.0704186209754482,-0.00862364095125437,0.0858888578330191));
#3239=CARTESIAN_POINT('',(-0.0703660499593639,-0.00889519490733901,0.0856431675043038));
#3240=CARTESIAN_POINT('',(-0.0703159972609701,-0.00908088122452692,0.0854787886129308));
#3241=CARTESIAN_POINT('',(-0.0702524245562112,-0.00927678552155155,0.085310034379141));
#3242=CARTESIAN_POINT('',(-0.0704488200853579,-0.00686887036948209,0.0868037260842771));
#3243=CARTESIAN_POINT('',(-0.0704899059830334,-0.00702537522114672,0.0866429362280629));
#3244=CARTESIAN_POINT('',(-0.0705212758264892,-0.00717807765079884,0.0864891820422971));
#3245=CARTESIAN_POINT('',(-0.0705519203712389,-0.00740631694799906,0.0862645714347221));
#3246=CARTESIAN_POINT('',(-0.0705594001827499,-0.00748226098918615,0.086190704677376));
#3247=CARTESIAN_POINT('',(-0.0705685837091097,-0.00763469250342451,0.0860442225806085));
#3248=CARTESIAN_POINT('',(-0.0705702874239587,-0.00771117997647578,0.085971607241187));
#3249=CARTESIAN_POINT('',(-0.0705676127338105,-0.00786551323539932,0.0858268725078355));
#3250=CARTESIAN_POINT('',(-0.0705632503716139,-0.00794276954417259,0.085755312956859));
#3251=CARTESIAN_POINT('',(-0.0705487201276603,-0.00809842840740864,0.0856131976449688));
#3252=CARTESIAN_POINT('',(-0.0705385522459034,-0.00817683096187143,0.085542641884055));
#3253=CARTESIAN_POINT('',(-0.0704997070933187,-0.00841520832439384,0.0853315625244043));
#3254=CARTESIAN_POINT('',(-0.0704626883151772,-0.00857835283158752,0.085191626848758));
#3255=CARTESIAN_POINT('',(-0.0704155255860225,-0.00874959115255932,0.0850500277052232));
#3256=CARTESIAN_POINT('',(-0.0705335683941311,-0.00670048767144013,0.0864571227183212));
#3257=CARTESIAN_POINT('',(-0.0705668170029455,-0.006841308635481,0.0863131222216139));
#3258=CARTESIAN_POINT('',(-0.0705920283713188,-0.00697968612262111,0.0861743078938976));
#3259=CARTESIAN_POINT('',(-0.0706165493309989,-0.007187060913504,0.0859708019752513));
#3260=CARTESIAN_POINT('',(-0.0706225069687457,-0.00725615393716043,0.0859037525978572));
#3261=CARTESIAN_POINT('',(-0.0706297835079098,-0.00739485513378485,0.0857707150872854));
#3262=CARTESIAN_POINT('',(-0.0706311024093271,-0.00746446330675285,0.0857047269541077));
#3263=CARTESIAN_POINT('',(-0.0706288947704626,-0.00760477376458776,0.0855733013185421));
#3264=CARTESIAN_POINT('',(-0.0706253789253811,-0.007675083064722,0.08550823704479));
#3265=CARTESIAN_POINT('',(-0.070613683503796,-0.00781669010741784,0.0853789907259855));
#3266=CARTESIAN_POINT('',(-0.0706055039272923,-0.00788798784997944,0.0853148086809333));
#3267=CARTESIAN_POINT('',(-0.0705742100804621,-0.00810438419129599,0.0851229635997842));
#3268=CARTESIAN_POINT('',(-0.0705443406928165,-0.00825198590368266,0.0849960016176951));
#3269=CARTESIAN_POINT('',(-0.0705061057615831,-0.0084056463008868,0.0848683149368376));
#3270=CARTESIAN_POINT('',(-0.0706764949242131,-0.00635114835332249,0.085775684033918));
#3271=CARTESIAN_POINT('',(-0.0706971716194083,-0.00646578630003788,0.085662634800742));
#3272=CARTESIAN_POINT('',(-0.070712539336228,-0.00657902161194033,0.0855522433805755));
#3273=CARTESIAN_POINT('',(-0.0707272919264192,-0.00674853882905454,0.0853892241066708));
#3274=CARTESIAN_POINT('',(-0.0707308262923099,-0.00680498860963604,0.0853353123247601));
#3275=CARTESIAN_POINT('',(-0.0707350727761659,-0.00691807095413258,0.0852281082358587));
#3276=CARTESIAN_POINT('',(-0.0707357848941313,-0.00697470351804761,0.0851748159288681));
#3277=CARTESIAN_POINT('',(-0.0707343309625576,-0.0070884461294579,0.0850686143126121));
#3278=CARTESIAN_POINT('',(-0.0707321675868187,-0.00714545793076999,0.0850157983105056));
#3279=CARTESIAN_POINT('',(-0.0707250038521686,-0.00726008255920634,0.0849105233796572));
#3280=CARTESIAN_POINT('',(-0.0707200034932576,-0.0073176953863306,0.0848580644509152));
#3281=CARTESIAN_POINT('',(-0.0707008006968649,-0.0074919154583191,0.0847009044667178));
#3282=CARTESIAN_POINT('',(-0.0706823965397236,-0.00760990429379902,0.0845964202132912));
#3283=CARTESIAN_POINT('',(-0.0706585334366316,-0.00773101538849308,0.0844913748745217));
#3284=CARTESIAN_POINT('',(-0.0707346731455219,-0.00617019173324681,0.0854408487154707));
#3285=CARTESIAN_POINT('',(-0.0707507288028026,-0.00627502726134916,0.0853419968406359));
#3286=CARTESIAN_POINT('',(-0.070762502554014,-0.00637780581900117,0.0852452580969242));
#3287=CARTESIAN_POINT('',(-0.070773706838787,-0.00653054864915312,0.0851019155624764));
#3288=CARTESIAN_POINT('',(-0.0707763655433706,-0.0065812254248161,0.0850544289811805));
#3289=CARTESIAN_POINT('',(-0.0707795252580331,-0.00668238071559166,0.0849598103263676));
#3290=CARTESIAN_POINT('',(-0.0707800262681121,-0.00673285923070424,0.0849126782528507));
#3291=CARTESIAN_POINT('',(-0.0707788650132752,-0.00683389474193725,0.0848185345943352));
#3292=CARTESIAN_POINT('',(-0.0707772027483595,-0.00688445173805768,0.0847715230093366));
#3293=CARTESIAN_POINT('',(-0.0707717093630432,-0.00698592095286467,0.0846773863085968));
#3294=CARTESIAN_POINT('',(-0.0707678782426427,-0.00703683317155123,0.0846302611928556));
#3295=CARTESIAN_POINT('',(-0.0707531232274792,-0.00719051777379749,0.0844883645206269));
#3296=CARTESIAN_POINT('',(-0.0707389376787542,-0.00729423810354376,0.0843930716391343));
#3297=CARTESIAN_POINT('',(-0.0707203809361196,-0.00740032932777188,0.0842961475805916));
#3298=CARTESIAN_POINT('',(-0.0708195453314964,-0.00584427056103828,0.0848616771990896));
#3299=CARTESIAN_POINT('',(-0.0708295745696348,-0.00593135650666139,0.0847851555007219));
#3300=CARTESIAN_POINT('',(-0.0708369163752401,-0.00601594791701096,0.0847099306288187));
#3301=CARTESIAN_POINT('',(-0.070843884525446,-0.00614051535106384,0.0845976078688426));
#3302=CARTESIAN_POINT('',(-0.0708455331491477,-0.00618165121550289,0.0845602527068304));
#3303=CARTESIAN_POINT('',(-0.0708474799755833,-0.00626338673746367,0.084485475450129));
#3304=CARTESIAN_POINT('',(-0.0708477781783173,-0.0063039863949854,0.0844480533554398));
#3305=CARTESIAN_POINT('',(-0.0708470219279173,-0.00638488652335137,0.0843729037847485));
#3306=CARTESIAN_POINT('',(-0.0708459674747832,-0.00642518699419561,0.0843351763087462));
#3307=CARTESIAN_POINT('',(-0.0708425036777466,-0.00650572576944642,0.0842591775267921));
#3308=CARTESIAN_POINT('',(-0.0708400943338441,-0.006545964073853,0.0842209062208403));
#3309=CARTESIAN_POINT('',(-0.0708308306136335,-0.00666694126777595,0.084104918885106));
#3310=CARTESIAN_POINT('',(-0.0708219405488222,-0.00674794243799557,0.0840260294374446));
#3311=CARTESIAN_POINT('',(-0.0708103272930718,-0.00683024139677883,0.083944621638066));
#3312=CARTESIAN_POINT('',(-0.0708519080697304,-0.00569330341525015,0.0846015861046301));
#3313=CARTESIAN_POINT('',(-0.0708598049121027,-0.00577258714206311,0.0845336382051533));
#3314=CARTESIAN_POINT('',(-0.070865577918635,-0.00584905579821131,0.0844670009252623));
#3315=CARTESIAN_POINT('',(-0.0708710469796137,-0.00596106621035359,0.0843674330664749));
#3316=CARTESIAN_POINT('',(-0.0708723382584699,-0.00599795425238769,0.0843343084570539));
#3317=CARTESIAN_POINT('',(-0.0708738565507324,-0.0060710878180821,0.0842679256138401));
#3318=CARTESIAN_POINT('',(-0.0708740835641388,-0.00610733334174242,0.0842346673800472));
#3319=CARTESIAN_POINT('',(-0.0708734725429916,-0.00617943687634215,0.0841677543100347));
#3320=CARTESIAN_POINT('',(-0.0708726345084382,-0.00621529488728156,0.084134099473815));
#3321=CARTESIAN_POINT('',(-0.0708698926088615,-0.00628687840209236,0.0840661302208939));
#3322=CARTESIAN_POINT('',(-0.0708679887438382,-0.00632260390596375,0.0840318158041925));
#3323=CARTESIAN_POINT('',(-0.0708606772292989,-0.00642996416545518,0.0839274887162832));
#3324=CARTESIAN_POINT('',(-0.0708536696603133,-0.00650178266895249,0.0838560922072704));
#3325=CARTESIAN_POINT('',(-0.0708445257353285,-0.00657486619223103,0.0837817986689644));
#3326=CARTESIAN_POINT('',(-0.070907027867683,-0.00537767718148491,0.0840726442772828));
#3327=CARTESIAN_POINT('',(-0.0709115507169481,-0.00543989064236738,0.0840213413728907));
#3328=CARTESIAN_POINT('',(-0.0709148491099859,-0.0054996265513747,0.0839708851727433));
#3329=CARTESIAN_POINT('',(-0.0709179631140914,-0.00558671652094168,0.0838951549737495));
#3330=CARTESIAN_POINT('',(-0.0709186955178847,-0.00561532752847334,0.0838699039242895));
#3331=CARTESIAN_POINT('',(-0.0709195496468025,-0.0056719119845335,0.0838191671999219));
#3332=CARTESIAN_POINT('',(-0.070919671371927,-0.00569988543306199,0.0837936815250144));
#3333=CARTESIAN_POINT('',(-0.070919304659989,-0.00575539517676059,0.0837422562238953));
#3334=CARTESIAN_POINT('',(-0.0709188162229264,-0.0057829314719307,0.0837163165976837));
#3335=CARTESIAN_POINT('',(-0.0709172297030957,-0.00583776731455737,0.0836637640680999));
#3336=CARTESIAN_POINT('',(-0.0709161316203275,-0.00586506686201391,0.0836371511647277));
#3337=CARTESIAN_POINT('',(-0.0709119236781873,-0.00594691099128042,0.083555973550085));
#3338=CARTESIAN_POINT('',(-0.0709079001249794,-0.00600140105998723,0.0835000699342887));
#3339=CARTESIAN_POINT('',(-0.0709026603792502,-0.00605662006713576,0.0834415038090315));
#3340=CARTESIAN_POINT('',(-0.0709297849274017,-0.0052130180935078,0.083803793544395));
#3341=CARTESIAN_POINT('',(-0.0709330557842915,-0.00526641953276789,0.0837602964206179));
#3342=CARTESIAN_POINT('',(-0.0709354393227497,-0.00531770963819727,0.0837173984522462));
#3343=CARTESIAN_POINT('',(-0.0709376872306542,-0.00539244477541945,0.0836528590859141));
#3344=CARTESIAN_POINT('',(-0.0709382152999919,-0.0054169898176732,0.083631313894841));
#3345=CARTESIAN_POINT('',(-0.0709388295683838,-0.00546550772517745,0.0835879775169561));
#3346=CARTESIAN_POINT('',(-0.0709389157674379,-0.00548948059042796,0.0835661863301443));
#3347=CARTESIAN_POINT('',(-0.0709386468915734,-0.00553701530722977,0.0835221761029683));
#3348=CARTESIAN_POINT('',(-0.0709382918166547,-0.00556057715878108,0.0834999570626041));
#3349=CARTESIAN_POINT('',(-0.0709371409891554,-0.00560745101148853,0.0834549092705094));
#3350=CARTESIAN_POINT('',(-0.0709363452365747,-0.00563076301264468,0.0834320805187789));
#3351=CARTESIAN_POINT('',(-0.0709332978568056,-0.00570056598547645,0.0833624069098175));
#3352=CARTESIAN_POINT('',(-0.0709303861075902,-0.0057469239265154,0.0833143746988165));
#3353=CARTESIAN_POINT('',(-0.0709265965809151,-0.00579374914658831,0.0832640319182002));
#3354=CARTESIAN_POINT('',(-0.0709643537194795,-0.00487795263984069,0.0832706577541379));
#3355=CARTESIAN_POINT('',(-0.0709657980966054,-0.00491445273984277,0.0832415316230394));
#3356=CARTESIAN_POINT('',(-0.0709668481481403,-0.00494958388895736,0.0832126205674901));
#3357=CARTESIAN_POINT('',(-0.0709678351209712,-0.00500077180078679,0.0831689121492003));
#3358=CARTESIAN_POINT('',(-0.0709680660945029,-0.00501758296942285,0.0831542857039428));
#3359=CARTESIAN_POINT('',(-0.0709683325707284,-0.00505079313849563,0.0831248081270576));
#3360=CARTESIAN_POINT('',(-0.0709683680734221,-0.00506719213893235,0.0831099569954299));
#3361=CARTESIAN_POINT('',(-0.0709682441719573,-0.0050996687406879,0.0830799193044228));
#3362=CARTESIAN_POINT('',(-0.0709680847677987,-0.00511574634200674,0.0830647327450434));
#3363=CARTESIAN_POINT('',(-0.0709675716166154,-0.005147670914608,0.0830339134571512));
#3364=CARTESIAN_POINT('',(-0.0709672178695905,-0.00516351788589042,0.0830182807286385));
#3365=CARTESIAN_POINT('',(-0.0709658659601949,-0.00521084900830528,0.0829705471773281));
#3366=CARTESIAN_POINT('',(-0.0709645771295033,-0.0052421233680053,0.0829376109887581));
#3367=CARTESIAN_POINT('',(-0.0709629029969939,-0.0052734810821213,0.0829031180136321));
#3368=CARTESIAN_POINT('',(-0.0709764397718392,-0.00470751747138942,0.0830060135011546));
#3369=CARTESIAN_POINT('',(-0.0709772947447131,-0.00473585164007319,0.0829834803245202));
#3370=CARTESIAN_POINT('',(-0.0709779159153943,-0.00476321397189166,0.0829609936455892));
#3371=CARTESIAN_POINT('',(-0.0709784991241871,-0.00480314616951855,0.0829269070871551));
#3372=CARTESIAN_POINT('',(-0.0709786354359132,-0.00481627168537737,0.0829154854776708));
#3373=CARTESIAN_POINT('',(-0.0709787922362991,-0.00484221002626095,0.0828924523642575));
#3374=CARTESIAN_POINT('',(-0.0709788127249589,-0.0048550228512857,0.0828808408603285));
#3375=CARTESIAN_POINT('',(-0.0709787382385556,-0.00488039355303398,0.0828573569102604));
#3376=CARTESIAN_POINT('',(-0.0709786432634925,-0.00489295142975752,0.0828454844641214));
#3377=CARTESIAN_POINT('',(-0.0709783382089868,-0.00491786997743622,0.0828214075818677));
#3378=CARTESIAN_POINT('',(-0.0709781281295441,-0.00493023064839139,0.0828092031457531));
#3379=CARTESIAN_POINT('',(-0.0709773257736619,-0.00496710346640366,0.0827719852807979));
#3380=CARTESIAN_POINT('',(-0.070976561379668,-0.0049914064186075,0.0827463672953458));
#3381=CARTESIAN_POINT('',(-0.0709755689329751,-0.00501566141447178,0.0827196590433499));
#3382=CARTESIAN_POINT('',(-0.0709919696785393,-0.00436913759593976,0.0824903467834189));
#3383=CARTESIAN_POINT('',(-0.0709921024628503,-0.00438229347571193,0.0824798917199385));
#3384=CARTESIAN_POINT('',(-0.070992198871504,-0.00439512595276349,0.0824693117564486));
#3385=CARTESIAN_POINT('',(-0.0709922890883939,-0.00441395238690801,0.0824531758046337));
#3386=CARTESIAN_POINT('',(-0.0709923100946754,-0.00442015748471739,0.0824477528195987));
#3387=CARTESIAN_POINT('',(-0.0709923340031074,-0.0044324373902999,0.0824368050712413));
#3388=CARTESIAN_POINT('',(-0.0709923369052579,-0.00443851219807304,0.0824312803079188));
#3389=CARTESIAN_POINT('',(-0.0709923246333271,-0.00445054199402444,0.0824201158935586));
#3390=CARTESIAN_POINT('',(-0.0709923094592457,-0.00445649698220271,0.0824144762425209));
#3391=CARTESIAN_POINT('',(-0.0709922610627505,-0.00446829760940573,0.0824030689433028));
#3392=CARTESIAN_POINT('',(-0.0709922278403365,-0.00447414324843047,0.0823973012951224));
#3393=CARTESIAN_POINT('',(-0.0709921011424445,-0.00449153184743649,0.0823797866907256));
#3394=CARTESIAN_POINT('',(-0.0709919806363163,-0.00450292648934953,0.0823678280746538));
#3395=CARTESIAN_POINT('',(-0.070991824200918,-0.0045141652556037,0.0823555348077308));
#3396=CARTESIAN_POINT('',(-0.0709954135328796,-0.00420119288894136,0.0822393243186666));
#3397=CARTESIAN_POINT('',(-0.0709954135328796,-0.00420733641112027,0.082234354413876));
#3398=CARTESIAN_POINT('',(-0.0709954135328796,-0.00421332481320103,0.0822293714837117));
#3399=CARTESIAN_POINT('',(-0.0709954135328796,-0.00422214550275325,0.0822217793308537));
#3400=CARTESIAN_POINT('',(-0.0709954135328796,-0.00422505874700917,0.0822192289869657));
#3401=CARTESIAN_POINT('',(-0.0709954135328796,-0.0042308430587611,0.0822140726767274));
#3402=CARTESIAN_POINT('',(-0.0709954135328796,-0.0042337141262571,0.082211466710377));
#3403=CARTESIAN_POINT('',(-0.0709954135328796,-0.00423942587891892,0.0822061827852886));
#3404=CARTESIAN_POINT('',(-0.0709954135328796,-0.00424226656408472,0.0822035048265506));
#3405=CARTESIAN_POINT('',(-0.0709954135328796,-0.00424792934651586,0.0821980605467619));
#3406=CARTESIAN_POINT('',(-0.0709954135328796,-0.00425075144378119,0.0821952942257111));
#3407=CARTESIAN_POINT('',(-0.0709954135328796,-0.00425920754537103,0.0821868381642017));
#3408=CARTESIAN_POINT('',(-0.0709954135328796,-0.0042648313594894,0.0821809913253861));
#3409=CARTESIAN_POINT('',(-0.0709954135328796,-0.00427048876438513,0.0821748695423938));
#3410=CARTESIAN_POINT('',(-0.0709954135328796,-0.00403864108501352,0.082));
#3411=CARTESIAN_POINT('',(-0.0709954135328796,-0.00403864108501352,0.082));
#3412=CARTESIAN_POINT('',(-0.0709954135328796,-0.00403864108501352,0.082));
#3413=CARTESIAN_POINT('',(-0.0709954135328796,-0.00403864108501352,0.082));
#3414=CARTESIAN_POINT('',(-0.0709954135328796,-0.00403864108501352,0.082));
#3415=CARTESIAN_POINT('',(-0.0709954135328796,-0.00403864108501352,0.082));
#3416=CARTESIAN_POINT('',(-0.0709954135328796,-0.00403864108501352,0.082));
#3417=CARTESIAN_POINT('',(-0.0709954135328796,-0.00403864108501352,0.082));
#3418=CARTESIAN_POINT('',(-0.0709954135328796,-0.00403864108501352,0.082));
#3419=CARTESIAN_POINT('',(-0.0709954135328796,-0.00403864108501352,0.082));
#3420=CARTESIAN_POINT('',(-0.0709954135328796,-0.00403864108501352,0.082));
#3421=CARTESIAN_POINT('',(-0.0709954135328796,-0.00403864108501352,0.082));
#3422=CARTESIAN_POINT('',(-0.0709954135328796,-0.00403864108501352,0.082));
#3423=CARTESIAN_POINT('',(-0.0709954135328796,-0.00403864108501352,0.082));
#3424=CARTESIAN_POINT('',(-0.0709954135328796,-0.00403864108501352,0.082));
#3425=CARTESIAN_POINT('',(-0.0709954135328796,-0.00458915339840539,0.0828105169006833));
#3426=CARTESIAN_POINT('',(-0.070938857427314,-0.00533039007634254,0.0839673067718653));
#3427=CARTESIAN_POINT('',(-0.0707728060097097,-0.00605036113059452,0.0852205277995712));
#3428=CARTESIAN_POINT('',(-0.0706663636971025,-0.00637101982396287,0.0858166937003049));
#3429=CARTESIAN_POINT('',(-0.0705964296488114,-0.00654792872893002,0.0861587404834035));
#3430=CARTESIAN_POINT('',(-0.0705462670569961,-0.00666360629718739,0.0863875858888999));
#3431=CARTESIAN_POINT('',(-0.0704703688653426,-0.00681898645704299,0.0867050180825357));
#3432=CARTESIAN_POINT('',(-0.0703680772794037,-0.00700182558307539,0.0870934079627933));
#3433=CARTESIAN_POINT('',(-0.0701622973073684,-0.00730860180313565,0.0877829848354751));
#3434=CARTESIAN_POINT('',(-0.0698167113016423,-0.00767315992440271,0.0887052168696581));
#3435=CARTESIAN_POINT('',(-0.0693241041256091,-0.00798692178701252,0.0896908512157828));
#3436=CARTESIAN_POINT('',(-0.0688611299876715,-0.00818463781566349,0.0904114833471513));
#3437=CARTESIAN_POINT('',(-0.0685913291439022,-0.00827912958052771,0.0907791231181066));
#3438=CARTESIAN_POINT('',(-0.068434805000716,-0.00832929057594523,0.0909799610311996));
#3439=CARTESIAN_POINT('',(-0.0682896434649568,-0.00837243655013733,0.0911567551354417));
#3440=CARTESIAN_POINT('',(-0.0682249049637917,-0.00839058198414961,0.0912325502163068));
#3441=CARTESIAN_POINT('',(-0.0680906834313639,-0.00842748631575125,0.0913870935245742));
#3442=CARTESIAN_POINT('',(-0.0679006348219883,-0.00847670786788638,0.0915941344463945));
#3443=CARTESIAN_POINT('',(-0.0676213219326892,-0.00854497216131952,0.0918773827763546));
#3444=CARTESIAN_POINT('',(-0.0671262016050769,-0.00865696342032357,0.0923279939633282));
#3445=CARTESIAN_POINT('',(-0.0666333571231778,-0.00876033664499425,0.0927067205345514));
#3446=CARTESIAN_POINT('',(-0.0661681485121285,-0.00885563823738084,0.093021247997732));
#3447=CARTESIAN_POINT('',(-0.0657590612356704,-0.00893958296963787,0.0932699203043085));
#3448=CARTESIAN_POINT('',(-0.0652497081970875,-0.00904305141686656,0.0935458787711585));
#3449=CARTESIAN_POINT('',(-0.0647740424548325,-0.00913788300972962,0.0937694944526384));
#3450=CARTESIAN_POINT('',(-0.0643436259942771,-0.0092218612301023,0.0939481034644974));
#3451=CARTESIAN_POINT('',(-0.0640206575964469,-0.00928424162401816,0.0940719615947165));
#3452=CARTESIAN_POINT('',(-0.0635953122810099,-0.00936424549633853,0.0942189272960231));
#3453=CARTESIAN_POINT('',(-0.0630952754482808,-0.00945466764847155,0.0943724271043244));
#3454=CARTESIAN_POINT('',(-0.0625104240861542,-0.00955539775101883,0.0945254918227439));
#3455=CARTESIAN_POINT('',(-0.0620124935284924,-0.00963551882726256,0.0946315482631659));
#3456=CARTESIAN_POINT('',(-0.06171934570906,-0.00968041281553426,0.0946869305189821));
#3457=CARTESIAN_POINT('',(-0.0615573861292799,-0.00970439995760599,0.0947155503180286));
#3458=CARTESIAN_POINT('',(-0.0614704940856874,-0.00971707065108083,0.0947305203503837));
#3459=CARTESIAN_POINT('',(-0.06128848375958,-0.00974284213224615,0.0947602643791282));
#3460=CARTESIAN_POINT('',(-0.0610794643368044,-0.00977144734733341,0.0947920500439215));
#3461=CARTESIAN_POINT('',(-0.0606993889892947,-0.00982127601700272,0.0948448539232659));
#3462=CARTESIAN_POINT('',(-0.0599561526965154,-0.00990945079294627,0.0949277432290835));
#3463=CARTESIAN_POINT('',(-0.0593291417986961,-0.0099686364360528,0.0949675517107681));
#3464=CARTESIAN_POINT('',(-0.0589212568638524,-0.0100004421311002,0.0949829011548557));
#3465=CARTESIAN_POINT('',(-0.0709954135328796,-0.0101291021436231,0.082));
#3466=CARTESIAN_POINT('',(-0.0709954135328796,-0.000999999999999997,0.082));
#3467=CARTESIAN_POINT('',(-0.0709954135328795,-0.0101291021436231,0.0906666666666666));
#3468=CARTESIAN_POINT('',(-0.0709954135328795,-0.000999999999999997,0.0906666666666666));
#3469=CARTESIAN_POINT('',(-0.0666620801995463,-0.0101291021436231,0.0949999999999998));
#3470=CARTESIAN_POINT('',(-0.0666620801995463,-0.00100000000000001,0.0949999999999998));
#3471=CARTESIAN_POINT('',(-0.0579954135328797,-0.0101291021436231,0.095));
#3472=CARTESIAN_POINT('',(-0.0579954135328797,-0.000999999999999997,0.095));
#3473=CARTESIAN_POINT('',(-0.0709954135328796,-0.001,0.0820000000000013));
#3474=CARTESIAN_POINT('',(-0.0709954135328794,-0.001,0.0837606283609234));
#3475=CARTESIAN_POINT('',(-0.070750781789559,-0.001,0.0863545919273731));
#3476=CARTESIAN_POINT('',(-0.0694461914531021,-0.001,0.0896708756726045));
#3477=CARTESIAN_POINT('',(-0.0678555330841058,-0.001,0.0918234428464531));
#3478=CARTESIAN_POINT('',(-0.065719911912195,-0.001,0.0934192538468103));
#3479=CARTESIAN_POINT('',(-0.0624320192801873,-0.001,0.0947404326902989));
#3480=CARTESIAN_POINT('',(-0.0597660517778869,-0.001,0.0949999999999999));
#3481=CARTESIAN_POINT('',(-0.0579954135328808,-0.001,0.095));
#3482=CARTESIAN_POINT('',(0.0704045864671204,-0.000999999999999998,0.082));
#3483=CARTESIAN_POINT('',(0.0704045864671204,-0.0101291044159455,0.082));
#3484=CARTESIAN_POINT('',(0.0704045864671203,-0.00100000000000001,0.0906666666666668));
#3485=CARTESIAN_POINT('',(0.0704045864671203,-0.0101291044159455,0.0906666666666668));
#3486=CARTESIAN_POINT('',(0.066071253133787,-0.000999999999999999,0.0949999999999999));
#3487=CARTESIAN_POINT('',(0.066071253133787,-0.0101291044159455,0.0949999999999999));
#3488=CARTESIAN_POINT('',(0.0574045864671203,-0.000999999999999997,0.095));
#3489=CARTESIAN_POINT('',(0.0574045864671203,-0.0101291044159455,0.095));
#3490=CARTESIAN_POINT('',(0.0574045864671216,-0.001,0.095));
#3491=CARTESIAN_POINT('',(0.0591652148280438,-0.001,0.0949999999999998));
#3492=CARTESIAN_POINT('',(0.0617591783944935,-0.001,0.0947553682566794));
#3493=CARTESIAN_POINT('',(0.0650754621397249,-0.001,0.0934507779202225));
#3494=CARTESIAN_POINT('',(0.0672280293135735,-0.000999999999999998,0.0918601195512262));
#3495=CARTESIAN_POINT('',(0.0688238403139307,-0.00100000000000001,0.0897244983793154));
#3496=CARTESIAN_POINT('',(0.0701450191574192,-0.000999999999999995,0.0864366057473077));
#3497=CARTESIAN_POINT('',(0.0704045864671203,-0.001,0.0837706382450073));
#3498=CARTESIAN_POINT('',(0.0704045864671204,-0.001,0.0820000000000013));
#3499=CARTESIAN_POINT('',(0.0574046044240286,-0.0100740312644134,0.0949999999999938));
#3500=CARTESIAN_POINT('',(0.057720957470767,-0.0100484412363986,0.0949999997815042));
#3501=CARTESIAN_POINT('',(0.0580294920042098,-0.010023913024631,0.0949942259948143));
#3502=CARTESIAN_POINT('',(0.0583304305124078,-0.0100004466291106,0.0949829011279748));
#3503=CARTESIAN_POINT('',(0.0581720315086277,-0.0170331036563081,0.088));
#3504=CARTESIAN_POINT('',(0.0581720315086277,-0.0170331036563081,0.0889444576388586));
#3505=CARTESIAN_POINT('',(0.0581618938568457,-0.0169411770233612,0.0898998495247816));
#3506=CARTESIAN_POINT('',(0.0581182023428166,-0.0165449892423619,0.0912632601202008));
#3507=CARTESIAN_POINT('',(0.0580987651910356,-0.0163687362055465,0.0917054109878099));
#3508=CARTESIAN_POINT('',(0.0580481364979664,-0.0159096431758355,0.0925321234495161));
#3509=CARTESIAN_POINT('',(0.058016862367872,-0.0156260542806313,0.0929156620220054));
#3510=CARTESIAN_POINT('',(0.0579434526966086,-0.0149603869222292,0.0935852000301366));
#3511=CARTESIAN_POINT('',(0.0579014045573468,-0.0145791010057851,0.093870406790417));
#3512=CARTESIAN_POINT('',(0.0578107732525613,-0.0137572705822451,0.0943321035221836));
#3513=CARTESIAN_POINT('',(0.0577622908970148,-0.0133176402041735,0.094509380390852));
#3514=CARTESIAN_POINT('',(0.0576128323785188,-0.0119623738553654,0.0949077236788138));
#3515=CARTESIAN_POINT('',(0.0575081211960847,-0.0110128693153233,0.095));
#3516=CARTESIAN_POINT('',(0.0574045864721646,-0.0100740327165532,0.095));
#3517=CARTESIAN_POINT('',(0.0583950595727155,-0.0170085082331812,0.088000000000751));
#3518=CARTESIAN_POINT('',(0.0584088474186321,-0.017006987716368,0.0889435776748762));
#3519=CARTESIAN_POINT('',(0.0584105129326477,-0.0169140907447926,0.089898355354456));
#3520=CARTESIAN_POINT('',(0.0583817660198449,-0.0165170844256271,0.0912611917898204));
#3521=CARTESIAN_POINT('',(0.0583668503772277,-0.0163406647043857,0.0917032091289878));
#3522=CARTESIAN_POINT('',(0.0583243807987806,-0.0158814192461648,0.0925297616689431));
#3523=CARTESIAN_POINT('',(0.0582967442741448,-0.0155978446068769,0.0929132738481232));
#3524=CARTESIAN_POINT('',(0.0582297620555444,-0.0149323553177323,0.0935828576234142));
#3525=CARTESIAN_POINT('',(0.0581905037634872,-0.0145512332146295,0.0938681365441637));
#3526=CARTESIAN_POINT('',(0.0581046405403085,-0.0137298485922809,0.0943300675692924));
#3527=CARTESIAN_POINT('',(0.0580581364191641,-0.0132905002020593,0.0945075065708538));
#3528=CARTESIAN_POINT('',(0.0579134494028481,-0.0119362100041888,0.0949064583440996));
#3529=CARTESIAN_POINT('',(0.0578103682871651,-0.0109875298146219,0.0949993031042815));
#3530=CARTESIAN_POINT('',(0.0577070572770998,-0.0100495656178434,0.095));
#3531=CARTESIAN_POINT('',(0.0586179237280877,-0.01698383368856,0.0879961578224572));
#3532=CARTESIAN_POINT('',(0.0586422939726828,-0.0169811310589325,0.0889380859685814));
#3533=CARTESIAN_POINT('',(0.0586551905892614,-0.0168845153347649,0.0898905079124417));
#3534=CARTESIAN_POINT('',(0.0586431607805072,-0.016482686073254,0.091248870379872));
#3535=CARTESIAN_POINT('',(0.0586336314307929,-0.0163032814498194,0.0916896744809921));
#3536=CARTESIAN_POINT('',(0.0586016626262658,-0.0158421850302294,0.0925131515966164));
#3537=CARTESIAN_POINT('',(0.05857918187705,-0.0155601187829197,0.0928953131003167));
#3538=CARTESIAN_POINT('',(0.0585208893655453,-0.0148954867443224,0.0935638410847564));
#3539=CARTESIAN_POINT('',(0.0584852861672445,-0.0145155678505345,0.0938475451106926));
#3540=CARTESIAN_POINT('',(0.0584053303795912,-0.0136969341743759,0.0943112816206353));
#3541=CARTESIAN_POINT('',(0.0583610281952273,-0.0132586764565173,0.0944917075532332));
#3542=CARTESIAN_POINT('',(0.0582210261546458,-0.011908346183477,0.0948956387825807));
#3543=CARTESIAN_POINT('',(0.0581186476138065,-0.0109616592519706,0.0949924663493878));
#3544=CARTESIAN_POINT('',(0.0580150905591029,-0.0100250360115461,0.0949947679475511));
#3545=CARTESIAN_POINT('',(0.0588405981307095,-0.0169590849822667,0.0879878524110134));
#3546=CARTESIAN_POINT('',(0.058875550773983,-0.0169552002398249,0.0889281310291366));
#3547=CARTESIAN_POINT('',(0.058900147019628,-0.0168548666621609,0.0898780615164037));
#3548=CARTESIAN_POINT('',(0.0589058884995546,-0.0164482164812705,0.0912316446439345));
#3549=CARTESIAN_POINT('',(0.0589021554034337,-0.0162658277423514,0.0916711167512428));
#3550=CARTESIAN_POINT('',(0.0588815658600202,-0.015802882047197,0.092491263965898));
#3551=CARTESIAN_POINT('',(0.0588647094127276,-0.0155223250909616,0.0928719390732449));
#3552=CARTESIAN_POINT('',(0.0588160436613252,-0.0148585521011032,0.0935391398250862));
#3553=CARTESIAN_POINT('',(0.0587845640832839,-0.014479837315726,0.0938211332353355));
#3554=CARTESIAN_POINT('',(0.0587113942183497,-0.0136639562715623,0.0942864207534544));
#3555=CARTESIAN_POINT('',(0.0586697039314567,-0.0132267900127756,0.0944697148613241));
#3556=CARTESIAN_POINT('',(0.058535441051242,-0.0118804216875313,0.0948783201748079));
#3557=CARTESIAN_POINT('',(0.0584342336117496,-0.010935728913181,0.0949789948273667));
#3558=CARTESIAN_POINT('',(0.0583304305124078,-0.0100004466291106,0.0949829011279748));
#3559=CARTESIAN_POINT('',(0.0704045864671204,-0.00403864108501351,0.005));
#3560=CARTESIAN_POINT('',(0.0704045864671204,-0.001,0.005));
#3561=CARTESIAN_POINT('',(0.0704045864671204,-0.00403864108501351,0.00166666666666663));
#3562=CARTESIAN_POINT('',(0.0704045864671204,-0.001,0.00166666666666663));
#3563=CARTESIAN_POINT('',(0.0687379198004537,-0.00403864108501351,-3.51201995725986E-17));
#3564=CARTESIAN_POINT('',(0.0687379198004537,-0.001,-3.51201995725986E-17));
#3565=CARTESIAN_POINT('',(0.0654045864671203,-0.00403864108501351,-1.90967428102743E-20));
#3566=CARTESIAN_POINT('',(0.0654045864671203,-0.001,-1.90967428102743E-20));
#3567=CARTESIAN_POINT('',(0.0704045864671204,-0.001,0.00499999999999676));
#3568=CARTESIAN_POINT('',(0.07040458646712,-0.001,0.00432283524579643));
#3569=CARTESIAN_POINT('',(0.0702876132711053,-0.000999999999999999,0.00299269315698814));
#3570=CARTESIAN_POINT('',(0.0693086529208815,-0.001,0.00110639415476509));
#3571=CARTESIAN_POINT('',(0.0674498148113384,-0.001,0.000126383721941309));
#3572=CARTESIAN_POINT('',(0.0660856011767409,-0.001,2.20972688861847E-16));
#3573=CARTESIAN_POINT('',(0.0654045864671237,-0.001,-6.16023908984532E-21));
#3574=CARTESIAN_POINT('',(0.0704045864671204,-0.00403864108501351,0.005));
#3575=CARTESIAN_POINT('',(0.0704045864671204,-0.00403864108501351,0.00166666666666663));
#3576=CARTESIAN_POINT('',(0.0687379198004537,-0.00403864108501351,-3.51201995725986E-17));
#3577=CARTESIAN_POINT('',(0.0654045864671203,-0.00403864108501351,-1.90967428102743E-20));
#3578=CARTESIAN_POINT('',(0.0588406036863233,-0.016959084364799,0.005));
#3579=CARTESIAN_POINT('',(0.0601266636203227,-0.0168161477665601,0.005));
#3580=CARTESIAN_POINT('',(0.061447322541378,-0.0165839785015,0.005));
#3581=CARTESIAN_POINT('',(0.06364679209062,-0.0158029378490037,0.005));
#3582=CARTESIAN_POINT('',(0.0644193570641321,-0.0154648144251339,0.005));
#3583=CARTESIAN_POINT('',(0.0656011559462702,-0.0147488760740187,0.005));
#3584=CARTESIAN_POINT('',(0.0660002282533189,-0.014473691547276,0.005));
#3585=CARTESIAN_POINT('',(0.0667891363148972,-0.0138318092654205,0.005));
#3586=CARTESIAN_POINT('',(0.0671674998183748,-0.0134730224493649,0.00500000000000022));
#3587=CARTESIAN_POINT('',(0.0682055078171736,-0.0123132875287621,0.00499999999999956));
#3588=CARTESIAN_POINT('',(0.0687567691193757,-0.0114277222632946,0.00500000000000044));
#3589=CARTESIAN_POINT('',(0.0695344370216358,-0.00975235161856919,0.00499999999999956));
#3590=CARTESIAN_POINT('',(0.0697815790724008,-0.00895963989013874,0.005));
#3591=CARTESIAN_POINT('',(0.0703176472439486,-0.00668778159648666,0.005));
#3592=CARTESIAN_POINT('',(0.0704045864671203,-0.00532587997762038,0.005));
#3593=CARTESIAN_POINT('',(0.0704045864671203,-0.00403864108501351,0.005));
#3594=CARTESIAN_POINT('',(0.0588406036863233,-0.016959084364799,-2.60208521396521E-18));
#3595=CARTESIAN_POINT('',(0.0601266636185753,-0.0168161477725265,8.82409495262982E-15));
#3596=CARTESIAN_POINT('',(0.0614473225459693,-0.0165839785144511,8.74095429884455E-16));
#3597=CARTESIAN_POINT('',(0.0636467920883244,-0.0158029378425282,-4.4355292797714E-16));
#3598=CARTESIAN_POINT('',(0.0644193570711329,-0.01546481443669,-3.46944695195361E-18));
#3599=CARTESIAN_POINT('',(0.0656011559427698,-0.0147488760682406,-3.46944695195361E-18));
#3600=CARTESIAN_POINT('',(0.066000228256037,-0.0144736915506169,-6.07153216591882E-18));
#3601=CARTESIAN_POINT('',(0.0667891363121792,-0.0138318092620797,-6.07153216591882E-18));
#3602=CARTESIAN_POINT('',(0.0671674998180464,-0.0134730224490707,2.13385119892766E-16));
#3603=CARTESIAN_POINT('',(0.0682055078178304,-0.0123132875293504,-4.39780665855358E-16));
#3604=CARTESIAN_POINT('',(0.0687567691061446,-0.0114277222571526,2.14308567595326E-16));
#3605=CARTESIAN_POINT('',(0.0695344370348668,-0.00975235162471116,-2.24716908451188E-16));
#3606=CARTESIAN_POINT('',(0.069781579066597,-0.00895963988876883,4.33591938604773E-16));
#3607=CARTESIAN_POINT('',(0.0703176472555562,-0.00668778159922647,-8.82796388493337E-16));
#3608=CARTESIAN_POINT('',(0.0704045864729437,-0.00532587997552585,-2.19344577282191E-15));
#3609=CARTESIAN_POINT('',(0.0704045864671203,-0.00403864108501351,1.7347234759768E-18));
#3610=CARTESIAN_POINT('',(0.0582882893712452,-0.011989683103343,-8.67361737988404E-19));
#3611=CARTESIAN_POINT('',(0.0592956747458373,-0.0118777192431681,-8.67361737988404E-19));
#3612=CARTESIAN_POINT('',(0.0602860992919057,-0.01169044323452,-4.33680868994202E-18));
#3613=CARTESIAN_POINT('',(0.0617176640324733,-0.0111820887183954,-4.33680868994202E-18));
#3614=CARTESIAN_POINT('',(0.0621845165461867,-0.010972754271898,-3.46944695195361E-18));
#3615=CARTESIAN_POINT('',(0.0628325178182138,-0.0105801925784963,-3.46944695195361E-18));
#3616=CARTESIAN_POINT('',(0.0630407310258924,-0.0104357096476405,-6.07153216591882E-18));
#3617=CARTESIAN_POINT('',(0.0634374111422514,-0.0101129572866734,-6.07153216591882E-18));
#3618=CARTESIAN_POINT('',(0.0636204476356298,-0.00993888427423136,-4.33680868994202E-18));
#3619=CARTESIAN_POINT('',(0.0641226709190714,-0.00937776540094059,-4.33680868994202E-18));
#3620=CARTESIAN_POINT('',(0.0643972599847762,-0.0089439999220229,-5.20417042793042E-18));
#3621=CARTESIAN_POINT('',(0.0648234785998062,-0.00802577488403069,-5.20417042793042E-18));
#3622=CARTESIAN_POINT('',(0.0649777251151333,-0.00754646198771989,-5.20417042793042E-18));
#3623=CARTESIAN_POINT('',(0.0653262686068777,-0.00606933379898082,-5.20417042793042E-18));
#3624=CARTESIAN_POINT('',(0.0654045864702437,-0.0050478776591548,1.7347234759768E-18));
#3625=CARTESIAN_POINT('',(0.0654045864671203,-0.00403864108501351,1.7347234759768E-18));
#3626=CARTESIAN_POINT('',(0.0588406036863233,-0.016959084364799,0.005));
#3627=CARTESIAN_POINT('',(0.0588406036863233,-0.016959084364799,0.00166666666666666));
#3628=CARTESIAN_POINT('',(0.0586564989146306,-0.015302617277647,-2.02384405530627E-18));
#3629=CARTESIAN_POINT('',(0.0582882893712452,-0.011989683103343,-8.67361737988404E-19));
#3630=CARTESIAN_POINT('',(-0.000295413532879638,-0.0205921772867441,0.005));
#3631=CARTESIAN_POINT('',(0.0195289756840549,-0.0205921772867441,0.00499999999836972));
#3632=CARTESIAN_POINT('',(0.0392669677135662,-0.0191345575812078,0.005));
#3633=CARTESIAN_POINT('',(0.0588406036863629,-0.0169590843647946,0.005));
#3634=CARTESIAN_POINT('',(-0.000295413532879638,-0.0205921772867441,6.07153216591882E-18));
#3635=CARTESIAN_POINT('',(0.0195289756839019,-0.0205921772876951,-2.44542695991518E-12));
#3636=CARTESIAN_POINT('',(0.03926696771377,-0.0191345575812925,-1.35785412750633E-13));
#3637=CARTESIAN_POINT('',(0.0588406036863629,-0.0169590843647946,8.67361737988404E-18));
#3638=CARTESIAN_POINT('',(-0.000295413532879638,-0.0155921772867441,6.07153216591882E-18));
#3639=CARTESIAN_POINT('',(0.0192835230326554,-0.0155921772867441,6.07153216591882E-18));
#3640=CARTESIAN_POINT('',(0.0388377578641505,-0.0141514741165785,8.67361737988404E-18));
#3641=CARTESIAN_POINT('',(0.0582882893712846,-0.0119896831033386,8.67361737988404E-18));
#3642=CARTESIAN_POINT('',(-0.000295413532879638,-0.0205921772867441,0.005));
#3643=CARTESIAN_POINT('',(-0.000295413532879638,-0.0205921772867441,0.00166666666666667));
#3644=CARTESIAN_POINT('',(-0.000295413532879638,-0.0189255106200774,6.07153216591882E-18));
#3645=CARTESIAN_POINT('',(-0.000295413532879638,-0.0155921772867441,6.07153216591882E-18));
#3646=CARTESIAN_POINT('',(-0.0594314307521222,-0.0169590843647946,0.005));
#3647=CARTESIAN_POINT('',(-0.0398560790786529,-0.0191347482693797,0.005));
#3648=CARTESIAN_POINT('',(-0.0201179680622253,-0.0205921772867441,0.005));
#3649=CARTESIAN_POINT('',(-0.000295413532879641,-0.0205921772867441,0.005));
#3650=CARTESIAN_POINT('',(-0.0594314307521222,-0.0169590843647946,6.07153216591882E-18));
#3651=CARTESIAN_POINT('',(-0.0398560790786643,-0.019134748269399,6.07153216591882E-18));
#3652=CARTESIAN_POINT('',(-0.0201179680622167,-0.0205921772867781,-2.54639643766938E-14));
#3653=CARTESIAN_POINT('',(-0.000295413532879641,-0.0205921772867441,6.93889390390723E-18));
#3654=CARTESIAN_POINT('',(-0.0588791164370439,-0.0119896831033386,6.07153216591882E-18));
#3655=CARTESIAN_POINT('',(-0.0394268810498425,-0.0141516634908027,6.07153216591882E-18));
#3656=CARTESIAN_POINT('',(-0.0198725367972933,-0.0155921772866422,8.67361737988404E-18));
#3657=CARTESIAN_POINT('',(-0.000295413532879641,-0.0155921772867441,8.67361737988404E-18));
#3658=CARTESIAN_POINT('',(-0.0709954135328796,-0.001,0.005));
#3659=CARTESIAN_POINT('',(-0.0709954135328796,-0.00403864108501352,0.005));
#3660=CARTESIAN_POINT('',(-0.0709954135328796,-0.001,0.00166666666666613));
#3661=CARTESIAN_POINT('',(-0.0709954135328796,-0.00403864108501352,0.00166666666666613));
#3662=CARTESIAN_POINT('',(-0.0693287468662131,-0.000999999999999999,-5.32801884209344E-16));
#3663=CARTESIAN_POINT('',(-0.0693287468662131,-0.00403864108501352,-5.32801884209344E-16));
#3664=CARTESIAN_POINT('',(-0.0659954135328796,-0.000999999999999999,4.33218851023111E-18));
#3665=CARTESIAN_POINT('',(-0.0659954135328796,-0.00403864108501352,4.33218851023111E-18));
#3666=CARTESIAN_POINT('',(-0.0659954135328829,-0.001,4.33557664272191E-18));
#3667=CARTESIAN_POINT('',(-0.0666725782870832,-0.001,3.34565133390157E-16));
#3668=CARTESIAN_POINT('',(-0.0680027203758916,-0.001,0.000116973196014794));
#3669=CARTESIAN_POINT('',(-0.0698890193781147,-0.001,0.00109593354623854));
#3670=CARTESIAN_POINT('',(-0.0708690298109383,-0.001,0.002954771655782));
#3671=CARTESIAN_POINT('',(-0.0709954135328794,-0.001,0.00431898529037946));
#3672=CARTESIAN_POINT('',(-0.0709954135328796,-0.001,0.00499999999999676));
#3673=CARTESIAN_POINT('',(0.0269632665728361,-0.0021772952625751,0.223502935804603));
#3674=CARTESIAN_POINT('',(0.0229906952210702,-0.0021772952625751,0.223502935804603));
#3675=CARTESIAN_POINT('',(0.0229906952210702,-0.0021772952625751,0.093));
#3676=CARTESIAN_POINT('',(0.0229906952210702,-0.00217729526257509,0.0929999999999999));
#3677=CARTESIAN_POINT('',(0.0229906952210702,-0.00321731201045586,0.0929999999999999));
#3678=CARTESIAN_POINT('',(0.0238514963394973,-0.00528906549591397,0.0929999999999999));
#3679=CARTESIAN_POINT('',(0.0259232498249554,-0.00614986661434106,0.0929999999999999));
#3680=CARTESIAN_POINT('',(0.0269632665728361,-0.00614986661434106,0.0929999999999999));
#3681=CARTESIAN_POINT('',(0.0269632665728361,-0.00614986661434106,0.093));
#3682=CARTESIAN_POINT('',(0.0269632665728361,-0.00614986661434106,0.223502935804603));
#3683=CARTESIAN_POINT('',(0.0314906952210702,-0.00614986661434106,0.223502935804603));
#3684=CARTESIAN_POINT('',(0.0269632665728362,-0.00614986661434106,0.0929999999999999));
#3685=CARTESIAN_POINT('',(0.0299815523383255,-0.00614986661434106,0.0929999999999999));
#3686=CARTESIAN_POINT('',(0.0329998381038149,-0.00614986661434106,0.0929999999999999));
#3687=CARTESIAN_POINT('',(0.0360181238693043,-0.00614986661434106,0.0929999999999999));
#3688=CARTESIAN_POINT('',(0.0360181238693043,-0.00614986661434106,0.093));
#3689=CARTESIAN_POINT('',(0.0360181238693043,-0.00614986661434106,0.223502935804603));
#3690=CARTESIAN_POINT('',(0.0360181238693043,-0.0021772952625751,0.223502935804603));
#3691=CARTESIAN_POINT('',(0.0360181238693043,-0.00614986661434106,0.0929999999999999));
#3692=CARTESIAN_POINT('',(0.037058140617185,-0.00614986661434106,0.0929999999999999));
#3693=CARTESIAN_POINT('',(0.0391298941026431,-0.00528906549591398,0.0929999999999999));
#3694=CARTESIAN_POINT('',(0.0399906952210702,-0.00321731201045588,0.0929999999999999));
#3695=CARTESIAN_POINT('',(0.0399906952210702,-0.00217729526257511,0.0929999999999999));
#3696=CARTESIAN_POINT('',(0.0399906952210702,-0.0021772952625751,0.093));
#3697=CARTESIAN_POINT('',(0.0399906952210702,-0.0021772952625751,0.223502935804603));
#3698=CARTESIAN_POINT('',(0.0399906952210702,-0.00044483061473036,0.223502935804603));
#3699=CARTESIAN_POINT('',(0.0399906952210702,-0.001,0.223502935804603));
#3700=CARTESIAN_POINT('',(0.0399906952210702,-0.001,0.093));
#3701=CARTESIAN_POINT('',(0.0399906952210702,-0.00217729526257511,0.0929999999999999));
#3702=CARTESIAN_POINT('',(0.0399906952210702,-0.00178486350838341,0.0929999999999999));
#3703=CARTESIAN_POINT('',(0.0399906952210702,-0.0013924317541917,0.0929999999999999));
#3704=CARTESIAN_POINT('',(0.0399906952210702,-0.001,0.0929999999999999));
#3705=CARTESIAN_POINT('',(0.0229906952210702,-0.00044483061473036,0.223502935804603));
#3706=CARTESIAN_POINT('',(0.0229906952210702,-0.001,0.223502935804603));
#3707=CARTESIAN_POINT('',(0.0229906952210702,-0.001,0.093));
#3708=CARTESIAN_POINT('',(0.0229906952210702,-0.001,0.0929999999999999));
#3709=CARTESIAN_POINT('',(0.0229906952210702,-0.0013924317541917,0.0929999999999999));
#3710=CARTESIAN_POINT('',(0.0229906952210702,-0.0017848635083834,0.0929999999999999));
#3711=CARTESIAN_POINT('',(0.0229906952210702,-0.0021772952625751,0.0929999999999999));
#3712=CARTESIAN_POINT('',(0.0209906952210702,-0.0021772952625751,0.095));
#3713=CARTESIAN_POINT('',(0.0209906952210702,-0.001,0.095));
#3714=CARTESIAN_POINT('',(0.0223240285544035,-0.0021772952625751,0.0949999999999999));
#3715=CARTESIAN_POINT('',(0.0223240285544035,-0.001,0.0949999999999999));
#3716=CARTESIAN_POINT('',(0.0229906952210702,-0.0021772952625751,0.0943333333333333));
#3717=CARTESIAN_POINT('',(0.0229906952210702,-0.001,0.0943333333333333));
#3718=CARTESIAN_POINT('',(0.0229906952210702,-0.0021772952625751,0.0929999999999999));
#3719=CARTESIAN_POINT('',(0.0229906952210702,-0.001,0.0929999999999999));
#3720=CARTESIAN_POINT('',(0.0209906952210783,-0.001,0.095));
#3721=CARTESIAN_POINT('',(0.0212615611227572,-0.001,0.0949999999999989));
#3722=CARTESIAN_POINT('',(0.0217936179582782,-0.000999999999999999,0.0949532107215929));
#3723=CARTESIAN_POINT('',(0.0225481375591635,-0.001,0.094561626581504));
#3724=CARTESIAN_POINT('',(0.0229401417322924,-0.000999999999999999,0.0938180913376905));
#3725=CARTESIAN_POINT('',(0.0229906952210697,-0.001,0.0932724058838539));
#3726=CARTESIAN_POINT('',(0.0229906952210702,-0.001,0.0930000000000081));
#3727=CARTESIAN_POINT('',(0.0209906952210702,-0.0021772952625751,0.095));
#3728=CARTESIAN_POINT('',(0.0223240285544035,-0.0021772952625751,0.0949999999999999));
#3729=CARTESIAN_POINT('',(0.0229906952210702,-0.0021772952625751,0.0943333333333333));
#3730=CARTESIAN_POINT('',(0.0229906952210702,-0.0021772952625751,0.093));
#3731=CARTESIAN_POINT('',(0.0229907645761685,-0.00213976857748511,0.093));
#3732=CARTESIAN_POINT('',(0.0229686049072489,-0.00450172677073261,0.093));
#3733=CARTESIAN_POINT('',(0.0246388350646785,-0.00617195692816251,0.093));
#3734=CARTESIAN_POINT('',(0.027000793257926,-0.00614979725924344,0.093));
#3735=CARTESIAN_POINT('',(0.0229907645761685,-0.00213976857748512,0.094333298173886));
#3736=CARTESIAN_POINT('',(0.022968604907249,-0.00450172677073261,0.0943332981738861));
#3737=CARTESIAN_POINT('',(0.0246388350646786,-0.00617195692816249,0.0943332981738861));
#3738=CARTESIAN_POINT('',(0.027000793257926,-0.00614979725924341,0.0943332981738861));
#3739=CARTESIAN_POINT('',(0.0223241624050528,-0.00213351457880936,0.0949999648400891));
#3740=CARTESIAN_POINT('',(0.0222982844909195,-0.00489179366381152,0.0949999648400891));
#3741=CARTESIAN_POINT('',(0.0242487681715997,-0.00684227734449195,0.0949999648400892));
#3742=CARTESIAN_POINT('',(0.0270070472566018,-0.00681639943035912,0.0949999648400892));
#3743=CARTESIAN_POINT('',(0.0209909580628213,-0.00212100658145784,0.0949999999986093));
#3744=CARTESIAN_POINT('',(0.0209576436582606,-0.00567192744996935,0.0949999999986093));
#3745=CARTESIAN_POINT('',(0.0234686343854419,-0.00818291817715086,0.0949999999986093));
#3746=CARTESIAN_POINT('',(0.0270195552539534,-0.00814960377259055,0.0949999999986093));
#3747=CARTESIAN_POINT('',(0.0269632665660753,-0.00614986661434106,0.093));
#3748=CARTESIAN_POINT('',(0.0269632665683289,-0.00614986661434106,0.0943333333333332));
#3749=CARTESIAN_POINT('',(0.0269632665705825,-0.00681653328100775,0.0949999999999999));
#3750=CARTESIAN_POINT('',(0.0269632665728361,-0.0081498666143411,0.095));
#3751=CARTESIAN_POINT('',(0.0360181238693043,-0.0081498666143411,0.095));
#3752=CARTESIAN_POINT('',(0.0269632665660753,-0.0081498666143411,0.095));
#3753=CARTESIAN_POINT('',(0.0360181238693043,-0.00681653328100772,0.0949999999999999));
#3754=CARTESIAN_POINT('',(0.0269632665660753,-0.00681653328100772,0.0949999999999999));
#3755=CARTESIAN_POINT('',(0.0360181238693043,-0.00614986661434103,0.0943333333333332));
#3756=CARTESIAN_POINT('',(0.0269632665660753,-0.00614986661434103,0.0943333333333332));
#3757=CARTESIAN_POINT('',(0.0360181238693043,-0.00614986661434106,0.0929999999999999));
#3758=CARTESIAN_POINT('',(0.0269632665660753,-0.00614986661434106,0.0929999999999999));
#3759=CARTESIAN_POINT('',(0.0360181238693043,-0.00814986661434106,0.095));
#3760=CARTESIAN_POINT('',(0.0360181238693043,-0.00681653328100774,0.0949999999999999));
#3761=CARTESIAN_POINT('',(0.0360181238693042,-0.00614986661434106,0.0943333333333332));
#3762=CARTESIAN_POINT('',(0.0360181238693043,-0.00614986661434106,0.093));
#3763=CARTESIAN_POINT('',(0.0359805971842146,-0.00614979725924343,0.093));
#3764=CARTESIAN_POINT('',(0.038342555377462,-0.00617195692816258,0.093));
#3765=CARTESIAN_POINT('',(0.0400127855348914,-0.00450172677073265,0.093));
#3766=CARTESIAN_POINT('',(0.0399906258659715,-0.00213976857748527,0.093));
#3767=CARTESIAN_POINT('',(0.0359805971842146,-0.00614979725924342,0.0943332981738862));
#3768=CARTESIAN_POINT('',(0.0383425553774619,-0.00617195692816256,0.0943332981738862));
#3769=CARTESIAN_POINT('',(0.0400127855348914,-0.00450172677073265,0.0943332981738862));
#3770=CARTESIAN_POINT('',(0.0399906258659715,-0.00213976857748528,0.0943332981738862));
#3771=CARTESIAN_POINT('',(0.0359743431855387,-0.00681639943035927,0.0949999648400893));
#3772=CARTESIAN_POINT('',(0.0387326222705409,-0.00684227734449219,0.0949999648400893));
#3773=CARTESIAN_POINT('',(0.040683105951221,-0.00489179366381165,0.0949999648400893));
#3774=CARTESIAN_POINT('',(0.0406572280370874,-0.00213351457880947,0.0949999648400893));
#3775=CARTESIAN_POINT('',(0.035961835188187,-0.00814960377259097,0.0949999999986093));
#3776=CARTESIAN_POINT('',(0.0395127560566988,-0.00818291817715146,0.0949999999986093));
#3777=CARTESIAN_POINT('',(0.0420237467838802,-0.00567192744996966,0.0949999999986093));
#3778=CARTESIAN_POINT('',(0.0419904323793191,-0.00212100658145786,0.0949999999986093));
#3779=CARTESIAN_POINT('',(0.0399906952210702,-0.00217729526933597,0.093));
#3780=CARTESIAN_POINT('',(0.0399906952210703,-0.00217729526708235,0.094333333333333));
#3781=CARTESIAN_POINT('',(0.0406573618877369,-0.00217729526482873,0.0949999999999998));
#3782=CARTESIAN_POINT('',(0.0419906952210702,-0.00217729526257511,0.095));
#3783=CARTESIAN_POINT('',(0.0419906952210702,-0.000999999999999999,0.095));
#3784=CARTESIAN_POINT('',(0.0419906952210702,-0.00217729526933597,0.095));
#3785=CARTESIAN_POINT('',(0.0406573618877369,-0.000999999999999998,0.0949999999999998));
#3786=CARTESIAN_POINT('',(0.0406573618877369,-0.00217729526933597,0.0949999999999998));
#3787=CARTESIAN_POINT('',(0.0399906952210702,-0.001,0.094333333333333));
#3788=CARTESIAN_POINT('',(0.0399906952210702,-0.00217729526933598,0.094333333333333));
#3789=CARTESIAN_POINT('',(0.0399906952210702,-0.001,0.0929999999999999));
#3790=CARTESIAN_POINT('',(0.0399906952210702,-0.00217729526933597,0.0929999999999999));
#3791=CARTESIAN_POINT('',(0.0399906952210702,-0.001,0.0930000000000081));
#3792=CARTESIAN_POINT('',(0.0399906952210713,-0.001,0.093270865901687));
#3793=CARTESIAN_POINT('',(0.0400374844994774,-0.000999999999999999,0.093802922737208));
#3794=CARTESIAN_POINT('',(0.0404290686395663,-0.001,0.0945574423380932));
#3795=CARTESIAN_POINT('',(0.0411726038833798,-0.001,0.0949494465112221));
#3796=CARTESIAN_POINT('',(0.0417182893372163,-0.001,0.0949999999999994));
#3797=CARTESIAN_POINT('',(0.0419906952210621,-0.001,0.095));
#3798=CARTESIAN_POINT('',(-0.000295413532879638,-0.01205415,0.0475));
#3799=CARTESIAN_POINT('',(0.0649549349292754,-0.01205415,0.0882156));
#3800=CARTESIAN_POINT('',(-0.0655450650707245,-0.01205415,0.0072156));
#3801=CARTESIAN_POINT('',(0.00205069522107019,-0.01205415,0.08776));
#3802=CARTESIAN_POINT('',(0.00205069522107019,-0.01205415,0.08476));
#3803=CARTESIAN_POINT('',(0.0465506952210702,-0.01205415,0.03576));
#3804=CARTESIAN_POINT('',(0.0465506952210702,-0.01205415,0.03276));
#3805=CARTESIAN_POINT('',(0.00205069522107018,-0.01205415,0.03576));
#3806=CARTESIAN_POINT('',(0.00205069522107018,-0.01205415,0.03276));
#3807=CARTESIAN_POINT('',(0.0465506952210702,-0.01205415,0.08776));
#3808=CARTESIAN_POINT('',(0.0465506952210702,-0.01205415,0.08476));
#3809=CARTESIAN_POINT('',(0.,-0.001,0.191029722164936));
#3810=CARTESIAN_POINT('',(0.0649549349292754,-0.001,0.0882156));
#3811=CARTESIAN_POINT('',(-0.0655450650707245,-0.001,0.0072156));
#3812=CARTESIAN_POINT('',(0.0465506952210702,-0.00805415,0.08776));
#3813=CARTESIAN_POINT('',(0.0465506952210702,-0.00805415,0.08776));
#3814=CARTESIAN_POINT('',(0.0465506952210702,-0.00805415,0.08926));
#3815=CARTESIAN_POINT('',(0.0465506952210702,-0.01205415,0.08776));
#3816=CARTESIAN_POINT('',(0.0465506952210702,-0.01205415,0.08926));
#3817=CARTESIAN_POINT('',(0.0465506952210702,-0.00805415,0.08776));
#3818=CARTESIAN_POINT('',(0.0465506952210702,-0.00805415,0.08776));
#3819=CARTESIAN_POINT('',(0.0465506952210702,-0.00805415,0.09076));
#3820=CARTESIAN_POINT('',(-0.000295413532860347,-0.00805415,0.0475));
#3821=CARTESIAN_POINT('',(-0.000295413532879638,-0.01205415,0.0475));
#3822=CARTESIAN_POINT('',(0.00205069522107018,-0.00805415,0.03576));
#3823=CARTESIAN_POINT('',(0.00205069522107018,-0.00805415,0.03576));
#3824=CARTESIAN_POINT('',(0.00205069522107018,-0.00805415,0.03726));
#3825=CARTESIAN_POINT('',(0.00205069522107018,-0.01205415,0.03576));
#3826=CARTESIAN_POINT('',(0.00205069522107018,-0.01205415,0.03726));
#3827=CARTESIAN_POINT('',(0.00205069522107018,-0.00805415,0.03576));
#3828=CARTESIAN_POINT('',(0.00205069522107018,-0.00805415,0.03576));
#3829=CARTESIAN_POINT('',(0.00205069522107018,-0.00805415,0.03876));
#3830=CARTESIAN_POINT('',(-0.000295413532860347,-0.00805415,0.0475));
#3831=CARTESIAN_POINT('',(-0.000295413532879638,-0.01205415,0.0475));
#3832=CARTESIAN_POINT('',(0.0465506952210702,-0.00805415,0.03576));
#3833=CARTESIAN_POINT('',(0.0465506952210702,-0.00805415,0.03576));
#3834=CARTESIAN_POINT('',(0.0465506952210702,-0.00805415,0.03726));
#3835=CARTESIAN_POINT('',(0.0465506952210702,-0.01205415,0.03576));
#3836=CARTESIAN_POINT('',(0.0465506952210702,-0.01205415,0.03726));
#3837=CARTESIAN_POINT('',(0.0465506952210702,-0.00805415,0.03576));
#3838=CARTESIAN_POINT('',(0.0465506952210702,-0.00805415,0.03576));
#3839=CARTESIAN_POINT('',(0.0465506952210702,-0.00805415,0.03876));
#3840=CARTESIAN_POINT('',(-0.000295413532860347,-0.00805415,0.0475));
#3841=CARTESIAN_POINT('',(-0.000295413532879638,-0.01205415,0.0475));
#3842=CARTESIAN_POINT('',(0.00205069522107019,-0.00805415,0.08776));
#3843=CARTESIAN_POINT('',(0.00205069522107019,-0.00805415,0.08776));
#3844=CARTESIAN_POINT('',(0.00205069522107019,-0.00805415,0.09076));
#3845=CARTESIAN_POINT('',(0.00205069522107019,-0.00805415,0.08776));
#3846=CARTESIAN_POINT('',(0.00205069522107019,-0.00805415,0.08776));
#3847=CARTESIAN_POINT('',(0.00205069522107019,-0.00805415,0.08926));
#3848=CARTESIAN_POINT('',(0.00205069522107019,-0.01205415,0.08776));
#3849=CARTESIAN_POINT('',(0.00205069522107019,-0.01205415,0.08926));
#3850=CARTESIAN_POINT('',(-0.000295413532860347,-0.00805415,0.0475));
#3851=CARTESIAN_POINT('',(-0.000295413532879638,-0.01205415,0.0475));
#3852=CARTESIAN_POINT('',(0.0649549349292754,-0.0303,0.0882156));
#3853=CARTESIAN_POINT('',(0.0649549349292754,-0.0053,0.0882156));
#3854=CARTESIAN_POINT('',(0.0649549349292754,-0.0053,0.0843156));
#3855=CARTESIAN_POINT('',(-0.000295413532879638,-0.0053,0.0475));
#3856=CARTESIAN_POINT('',(-0.0655450650707246,-0.0303,0.0072156));
#3857=CARTESIAN_POINT('',(-0.0655450650707246,-0.0053,0.0072156));
#3858=CARTESIAN_POINT('',(-0.0655450650707246,-0.0053,0.0033156));
#3859=CARTESIAN_POINT('',(-0.000295413532879638,-0.0053,0.0475));
#3860=CARTESIAN_POINT('',(-0.0655450650707245,-0.0205941772867441,0.0072156));
#3861=CARTESIAN_POINT('',(0.0649549349292754,-0.0205941772867441,0.0882156));
#3862=MECHANICAL_DESIGN_GEOMETRIC_PRESENTATION_REPRESENTATION('',(#929),
#3863);
#3863=(
GEOMETRIC_REPRESENTATION_CONTEXT(3)
GLOBAL_UNCERTAINTY_ASSIGNED_CONTEXT((#3864))
GLOBAL_UNIT_ASSIGNED_CONTEXT((#3867,#3866,#3865))
REPRESENTATION_CONTEXT('Part 1','TOP_LEVEL_ASSEMBLY_PART')
);
#3864=UNCERTAINTY_MEASURE_WITH_UNIT(LENGTH_MEASURE(2.36076584538388E-5),
#3867,'DISTANCE_ACCURACY_VALUE','Maximum Tolerance applied to model');
#3865=(
NAMED_UNIT(*)
SI_UNIT($,.STERADIAN.)
SOLID_ANGLE_UNIT()
);
#3866=(
NAMED_UNIT(*)
PLANE_ANGLE_UNIT()
SI_UNIT($,.RADIAN.)
);
#3867=(
LENGTH_UNIT()
NAMED_UNIT(*)
SI_UNIT($,.METRE.)
);
#3868=PRODUCT_DEFINITION_SHAPE('','',#3869);
#3869=PRODUCT_DEFINITION('','',#3871,#3870);
#3870=PRODUCT_DEFINITION_CONTEXT('',#3877,'design');
#3871=PRODUCT_DEFINITION_FORMATION_WITH_SPECIFIED_SOURCE('','',#3873,
 .NOT_KNOWN.);
#3872=PRODUCT_RELATED_PRODUCT_CATEGORY('','',(#3873));
#3873=PRODUCT('Part 1','Part 1','Part 1',(#3875));
#3874=PRODUCT_CATEGORY('','');
#3875=PRODUCT_CONTEXT('',#3877,'mechanical');
#3876=APPLICATION_PROTOCOL_DEFINITION('international standard',
'ap242_managed_model_based_3d_engineering',2011,#3877);
#3877=APPLICATION_CONTEXT('managed model based 3d engineering');
ENDSEC;
END-ISO-10303-21;
