ISO-10303-21;
HEADER;
/* Generated by software containing ST-Developer
 * from STEP Tools, Inc. (www.steptools.com) 
 */
/* OPTION: using custom renumber hook */

FILE_DESCRIPTION(
/* description */ ('STEP AP242',
'CAx-IF Rec.Pracs.---Representation and Presentation of Product Manufa
cturing Information (PMI)---4.0---2014-10-13',
'CAx-IF Rec.Pracs.---3D Tessellated Geometry---0.4---2014-09-14','2;1'),

/* implementation_level */ '2;1');

FILE_NAME(
/* name */ '6869def2e1723828ff5572a9',
/* time_stamp */ '2025-07-06T02:26:58Z',
/* author */ (''),
/* organization */ (''),
/* preprocessor_version */ 'ST-DEVELOPER v20',
/* originating_system */ 'ONSHAPE BY PTC INC, 1.200',
/* authorisation */ '  ');

FILE_SCHEMA (('AP242_MANAGED_MODEL_BASED_3D_ENGINEERING_MIM_LF { 1 0 10303 442 1 1 4 }'));
ENDSEC;

DATA;
#10=SHAPE_REPRESENTATION_RELATIONSHIP('','',#3002,#11);
#11=ADVANCED_BREP_SHAPE_REPRESENTATION('',(#3000),#12286);
#12=(
BOUNDED_SURFACE()
B_SPLINE_SURFACE(3,3,((#12019,#12020,#12021,#12022),(#12023,#12024,#12025,
#12026),(#12027,#12028,#12029,#12030),(#12031,#12032,#12033,#12034)),
 .SURF_OF_REVOLUTION.,.F.,.F.,.F.)
B_SPLINE_SURFACE_WITH_KNOTS((4,4),(4,4),(0.,1.),(0.,1.),
 .PIECEWISE_BEZIER_KNOTS.)
GEOMETRIC_REPRESENTATION_ITEM()
RATIONAL_B_SPLINE_SURFACE(((1.,0.818983597494666,0.818983597494666,1.),
(1.,0.818983597494666,0.818983597494666,1.),(1.,0.818983597494666,0.818983597494666,
1.),(1.,0.818983597494666,0.818983597494666,1.)))
REPRESENTATION_ITEM('')
SURFACE()
);
#13=(
BOUNDED_SURFACE()
B_SPLINE_SURFACE(3,3,((#12051,#12052,#12053,#12054),(#12055,#12056,#12057,
#12058),(#12059,#12060,#12061,#12062),(#12063,#12064,#12065,#12066)),
 .SURF_OF_REVOLUTION.,.F.,.F.,.F.)
B_SPLINE_SURFACE_WITH_KNOTS((4,4),(4,4),(0.,1.),(0.,1.),
 .PIECEWISE_BEZIER_KNOTS.)
GEOMETRIC_REPRESENTATION_ITEM()
RATIONAL_B_SPLINE_SURFACE(((1.,0.818983597488082,0.818983597488082,1.),
(1.,0.818983597488082,0.818983597488082,1.),(1.,0.818983597488082,0.818983597488082,
1.),(1.,0.818983597488082,0.818983597488082,1.)))
REPRESENTATION_ITEM('')
SURFACE()
);
#14=(
BOUNDED_CURVE()
B_SPLINE_CURVE(3,(#9453,#9454,#9455,#9456,#9457,#9458,#9459,#9460,#9461,
#9462,#9463,#9464,#9465,#9466,#9467,#9468),.UNSPECIFIED.,.F.,.F.)
B_SPLINE_CURVE_WITH_KNOTS((4,3,2,2,2,3,4),(-0.0172945953831836,0.,0.00108091221144897,
0.00216182442289794,0.00324273663434691,0.00432364884579588,0.0216182442289794),
 .UNSPECIFIED.)
CURVE()
GEOMETRIC_REPRESENTATION_ITEM()
RATIONAL_B_SPLINE_CURVE((1.,1.,1.,1.,1.,1.,1.,1.,1.,1.,1.,1.,1.,1.,1.,1.))
REPRESENTATION_ITEM('')
);
#15=(
BOUNDED_CURVE()
B_SPLINE_CURVE(3,(#10126,#10127,#10128,#10129,#10130,#10131,#10132,#10133,
#10134,#10135,#10136,#10137,#10138,#10139,#10140,#10141),.UNSPECIFIED.,
 .F.,.F.)
B_SPLINE_CURVE_WITH_KNOTS((4,3,2,2,2,3,4),(-0.0172945635436776,0.,0.00108091022147985,
0.0021618204429597,0.00324273066443955,0.0043236408859194,0.021618204429597),
 .UNSPECIFIED.)
CURVE()
GEOMETRIC_REPRESENTATION_ITEM()
RATIONAL_B_SPLINE_CURVE((1.,1.,1.,1.,1.,1.,1.,1.,1.,1.,1.,1.,1.,1.,1.,1.))
REPRESENTATION_ITEM('')
);
#16=CYLINDRICAL_SURFACE('',#3037,0.589301499402919);
#17=CYLINDRICAL_SURFACE('',#3045,0.589301499386277);
#18=CYLINDRICAL_SURFACE('',#3046,0.0277686582066342);
#19=CYLINDRICAL_SURFACE('',#3047,0.0277686582066346);
#20=CYLINDRICAL_SURFACE('',#3048,0.013);
#21=CYLINDRICAL_SURFACE('',#3049,0.013);
#22=CYLINDRICAL_SURFACE('',#3050,0.0045);
#23=CYLINDRICAL_SURFACE('',#3053,0.003);
#24=CYLINDRICAL_SURFACE('',#3058,0.0045);
#25=CYLINDRICAL_SURFACE('',#3060,0.003);
#26=CYLINDRICAL_SURFACE('',#3064,0.0023);
#27=CYLINDRICAL_SURFACE('',#3067,0.00350000000000047);
#28=CYLINDRICAL_SURFACE('',#3071,0.0023);
#29=CYLINDRICAL_SURFACE('',#3074,0.0035);
#30=CYLINDRICAL_SURFACE('',#3078,0.0035);
#31=CYLINDRICAL_SURFACE('',#3080,0.0023);
#32=CYLINDRICAL_SURFACE('',#3084,0.0023);
#33=CYLINDRICAL_SURFACE('',#3087,0.0023);
#34=CYLINDRICAL_SURFACE('',#3090,0.0023);
#35=CYLINDRICAL_SURFACE('',#3093,0.0035);
#36=CYLINDRICAL_SURFACE('',#3097,0.0023);
#37=CYLINDRICAL_SURFACE('',#3100,0.0035);
#38=CYLINDRICAL_SURFACE('',#3104,0.0035);
#39=CYLINDRICAL_SURFACE('',#3106,0.0023);
#40=CYLINDRICAL_SURFACE('',#3114,0.0065);
#41=CYLINDRICAL_SURFACE('',#3115,0.038591947729582);
#42=CYLINDRICAL_SURFACE('',#3118,0.0385919473135716);
#43=CYLINDRICAL_SURFACE('',#3119,0.003);
#44=CYLINDRICAL_SURFACE('',#3120,0.0045);
#45=CYLINDRICAL_SURFACE('',#3121,0.003);
#46=CYLINDRICAL_SURFACE('',#3122,0.0045);
#47=CYLINDRICAL_SURFACE('',#3123,0.00397257135176595);
#48=CYLINDRICAL_SURFACE('',#3125,0.00397257135176595);
#49=CYLINDRICAL_SURFACE('',#3133,0.0025);
#50=CYLINDRICAL_SURFACE('',#3135,0.0015);
#51=CYLINDRICAL_SURFACE('',#3142,0.0015);
#52=CYLINDRICAL_SURFACE('',#3144,0.0015);
#53=CYLINDRICAL_SURFACE('',#3147,0.0025);
#54=CYLINDRICAL_SURFACE('',#3151,0.0015);
#55=CYLINDRICAL_SURFACE('',#3162,0.0045);
#56=CYLINDRICAL_SURFACE('',#3164,0.003);
#57=B_SPLINE_SURFACE_WITH_KNOTS('',3,1,((#4219,#4220),(#4221,#4222),(#4223,
#4224),(#4225,#4226),(#4227,#4228),(#4229,#4230),(#4231,#4232),(#4233,#4234)),
 .SURF_OF_LINEAR_EXTRUSION.,.F.,.F.,.F.,(4,1,1,1,1,4),(2,2),(0.86801421547046,
0.901010661602845,0.917508884669037,0.93400710773523,0.967003553867615,
1.),(0.,1.),.UNSPECIFIED.);
#58=B_SPLINE_SURFACE_WITH_KNOTS('',3,1,((#4263,#4264),(#4265,#4266),(#4267,
#4268),(#4269,#4270),(#4271,#4272),(#4273,#4274),(#4275,#4276),(#4277,#4278),
(#4279,#4280)),.SURF_OF_LINEAR_EXTRUSION.,.F.,.F.,.F.,(4,1,1,1,1,1,4),(2,
2),(0.593594418273058,0.618994767130992,0.644395115988926,0.695195813704794,
0.796797209136529,0.898398604568264,1.),(0.,1.),.UNSPECIFIED.);
#59=B_SPLINE_SURFACE_WITH_KNOTS('',3,1,((#4340,#4341),(#4342,#4343),(#4344,
#4345),(#4346,#4347)),.SURF_OF_LINEAR_EXTRUSION.,.F.,.F.,.F.,(4,4),(2,2),
(0.891652240103266,0.981765694892897),(0.,1.),.PIECEWISE_BEZIER_KNOTS.);
#60=B_SPLINE_SURFACE_WITH_KNOTS('',3,1,((#4537,#4538),(#4539,#4540),(#4541,
#4542),(#4543,#4544),(#4545,#4546),(#4547,#4548),(#4549,#4550),(#4551,#4552),
(#4553,#4554),(#4555,#4556),(#4557,#4558),(#4559,#4560)),
 .SURF_OF_LINEAR_EXTRUSION.,.F.,.F.,.F.,(4,1,1,1,1,1,1,1,1,4),(2,2),(-0.00517249270853237,
0.007294730868096,0.0197619544447244,0.0446964015979811,0.0696308487512378,
0.0945652959044946,0.119499743057751,0.144434190211008,0.169368637364265,
0.194303084517522),(0.,1.),.UNSPECIFIED.);
#61=B_SPLINE_SURFACE_WITH_KNOTS('',3,1,((#4834,#4835),(#4836,#4837),(#4838,
#4839),(#4840,#4841)),.SURF_OF_LINEAR_EXTRUSION.,.F.,.F.,.F.,(4,4),(2,2),
(0.89170539581015,0.981765694892895),(0.,1.),.PIECEWISE_BEZIER_KNOTS.);
#62=B_SPLINE_SURFACE_WITH_KNOTS('',3,1,((#4905,#4906),(#4907,#4908),(#4909,
#4910),(#4911,#4912),(#4913,#4914),(#4915,#4916),(#4917,#4918),(#4919,#4920),
(#4921,#4922),(#4923,#4924),(#4925,#4926),(#4927,#4928),(#4929,#4930),(#4931,
#4932),(#4933,#4934),(#4935,#4936)),.SURF_OF_LINEAR_EXTRUSION.,.F.,.F.,
 .F.,(4,1,1,1,1,1,1,1,1,1,1,1,1,4),(2,2),(0.00284518440888634,0.10325408879538,
0.153458540988627,0.203662993181874,0.253867445375121,0.304071897568368,
0.404480801954862,0.454685254148109,0.504889706341356,0.555094158534603,
0.605298610727851,0.655503062921098,0.705707515114345,0.806116419500839),
(0.,1.),.UNSPECIFIED.);
#63=B_SPLINE_SURFACE_WITH_KNOTS('',1,3,((#5402,#5403,#5404,#5405,#5406,
#5407,#5408,#5409,#5410,#5411,#5412,#5413,#5414,#5415,#5416,#5417,#5418),
(#5419,#5420,#5421,#5422,#5423,#5424,#5425,#5426,#5427,#5428,#5429,#5430,
#5431,#5432,#5433,#5434,#5435)),.RULED_SURF.,.F.,.F.,.F.,(2,2),(4,3,2,2,
2,2,2,4),(0.,1.),(0.160826349174631,0.166668830009057,0.170087953536216,
0.173507077063375,0.180345324117691,0.187183571172008,0.194021818226325,
0.206833113338438),.UNSPECIFIED.);
#64=B_SPLINE_SURFACE_WITH_KNOTS('',3,1,((#5700,#5701),(#5702,#5703),(#5704,
#5705),(#5706,#5707),(#5708,#5709),(#5710,#5711),(#5712,#5713),(#5714,#5715),
(#5716,#5717)),.SURF_OF_LINEAR_EXTRUSION.,.F.,.F.,.F.,(4,1,1,1,1,1,4),(2,
2),(0.593594418273058,0.618994767130992,0.644395115988926,0.695195813704794,
0.796797209136529,0.898398604568264,1.),(0.,1.),.UNSPECIFIED.);
#65=B_SPLINE_SURFACE_WITH_KNOTS('',3,1,((#5792,#5793),(#5794,#5795),(#5796,
#5797),(#5798,#5799),(#5800,#5801),(#5802,#5803),(#5804,#5805),(#5806,#5807)),
 .SURF_OF_LINEAR_EXTRUSION.,.F.,.F.,.F.,(4,1,1,1,1,4),(2,2),(0.868015080411129,
0.901011310308346,0.917509425256955,0.934007540205564,0.967003770102782,
1.),(0.,1.),.UNSPECIFIED.);
#66=B_SPLINE_SURFACE_WITH_KNOTS('',3,1,((#6128,#6129),(#6130,#6131),(#6132,
#6133),(#6134,#6135),(#6136,#6137),(#6138,#6139),(#6140,#6141),(#6142,#6143),
(#6144,#6145),(#6146,#6147),(#6148,#6149),(#6150,#6151)),
 .SURF_OF_LINEAR_EXTRUSION.,.F.,.F.,.F.,(4,1,1,1,1,1,1,1,1,4),(2,2),(-0.00517248517792714,
0.00729473792803834,0.0197619610340038,0.0446964072459348,0.0696308534578657,
0.0945652996697967,0.119499745881728,0.144434192093659,0.16936863830559,
0.194303084517521),(0.,1.),.UNSPECIFIED.);
#67=B_SPLINE_SURFACE_WITH_KNOTS('',3,1,((#6338,#6339),(#6340,#6341),(#6342,
#6343),(#6344,#6345),(#6346,#6347),(#6348,#6349),(#6350,#6351),(#6352,#6353),
(#6354,#6355),(#6356,#6357),(#6358,#6359),(#6360,#6361),(#6362,#6363),(#6364,
#6365),(#6366,#6367),(#6368,#6369)),.SURF_OF_LINEAR_EXTRUSION.,.F.,.F.,
 .F.,(4,1,1,1,1,1,1,1,1,1,1,1,1,4),(2,2),(0.00284518440888637,0.10325408879538,
0.153458540988627,0.203662993181874,0.253867445375121,0.304071897568368,
0.404480801954862,0.454685254148109,0.504889706341356,0.555094158534603,
0.605298610727851,0.655503062921098,0.705707515114345,0.806116419500839),
(0.,1.),.UNSPECIFIED.);
#68=B_SPLINE_SURFACE_WITH_KNOTS('',3,1,((#6715,#6716),(#6717,#6718),(#6719,
#6720),(#6721,#6722)),.SURF_OF_LINEAR_EXTRUSION.,.F.,.F.,.F.,(4,4),(2,2),
(0.760279520154114,0.926750954079501),(0.,1.),.PIECEWISE_BEZIER_KNOTS.);
#69=B_SPLINE_SURFACE_WITH_KNOTS('',3,1,((#6771,#6772),(#6773,#6774),(#6775,
#6776),(#6777,#6778)),.SURF_OF_LINEAR_EXTRUSION.,.F.,.F.,.F.,(4,4),(2,2),
(0.0732490459788861,0.239720479845292),(0.,1.),.PIECEWISE_BEZIER_KNOTS.);
#70=B_SPLINE_SURFACE_WITH_KNOTS('',3,1,((#6828,#6829),(#6830,#6831),(#6832,
#6833),(#6834,#6835)),.SURF_OF_LINEAR_EXTRUSION.,.F.,.F.,.F.,(4,4),(2,2),
(-1.37302758408776E-11,1.00000000000096),(0.,1.),
 .PIECEWISE_BEZIER_KNOTS.);
#71=B_SPLINE_SURFACE_WITH_KNOTS('',3,1,((#6844,#6845),(#6846,#6847),(#6848,
#6849),(#6850,#6851)),.SURF_OF_LINEAR_EXTRUSION.,.F.,.F.,.F.,(4,4),(2,2),
(-1.70740270101813E-13,0.999999999989096),(0.,1.),
 .PIECEWISE_BEZIER_KNOTS.);
#72=B_SPLINE_SURFACE_WITH_KNOTS('',3,1,((#6860,#6861),(#6862,#6863),(#6864,
#6865),(#6866,#6867)),.SURF_OF_LINEAR_EXTRUSION.,.F.,.F.,.F.,(4,4),(2,2),
(0.566334371407144,1.00000000000001),(0.,1.),.PIECEWISE_BEZIER_KNOTS.);
#73=B_SPLINE_SURFACE_WITH_KNOTS('',3,1,((#6898,#6899),(#6900,#6901),(#6902,
#6903),(#6904,#6905)),.SURF_OF_LINEAR_EXTRUSION.,.F.,.F.,.F.,(4,4),(2,2),
(0.566334371407149,1.),(0.,1.),.PIECEWISE_BEZIER_KNOTS.);
#74=B_SPLINE_SURFACE_WITH_KNOTS('',1,3,((#6936,#6937,#6938,#6939,#6940,
#6941,#6942,#6943,#6944,#6945,#6946,#6947,#6948,#6949,#6950,#6951,#6952),
(#6953,#6954,#6955,#6956,#6957,#6958,#6959,#6960,#6961,#6962,#6963,#6964,
#6965,#6966,#6967,#6968,#6969),(#6970,#6971,#6972,#6973,#6974,#6975,#6976,
#6977,#6978,#6979,#6980,#6981,#6982,#6983,#6984,#6985,#6986)),
 .RULED_SURF.,.F.,.F.,.F.,(2,1,2),(4,3,2,2,2,2,2,4),(-0.00605163636692655,
0.,1.),(0.160826349174505,0.166668830009039,0.170087953536197,0.173507077063355,
0.180345324117673,0.187183571171989,0.194021818226307,0.206483024695654),
 .UNSPECIFIED.);
#75=B_SPLINE_SURFACE_WITH_KNOTS('',3,1,((#7039,#7040),(#7041,#7042),(#7043,
#7044),(#7045,#7046),(#7047,#7048),(#7049,#7050),(#7051,#7052),(#7053,#7054),
(#7055,#7056),(#7057,#7058),(#7059,#7060),(#7061,#7062),(#7063,#7064),(#7065,
#7066),(#7067,#7068),(#7069,#7070),(#7071,#7072),(#7073,#7074),(#7075,#7076),
(#7077,#7078),(#7079,#7080),(#7081,#7082),(#7083,#7084),(#7085,#7086),(#7087,
#7088),(#7089,#7090),(#7091,#7092),(#7093,#7094),(#7095,#7096)),
 .SURF_OF_LINEAR_EXTRUSION.,.F.,.F.,.F.,(4,1,1,1,1,1,1,1,1,1,1,1,1,1,1,
1,1,1,1,1,1,1,1,1,1,1,4),(2,2),(0.,0.0533335554553858,0.106667110910772,
0.133333888638465,0.160000666366157,0.18666744409385,0.213334221821543,
0.266667777276929,0.293334555004622,0.320001332732315,0.346668110460008,
0.373334888187701,0.400001665915394,0.426668443643086,0.480001999098472,
0.533335554553858,0.560002332281551,0.586669110009244,0.613335887736937,
0.64000266546463,0.666669443192323,0.680002832056169,0.693336220920016,
0.720002998647708,0.746669776375401,0.800003331830787,0.853336887286173),
(0.,1.),.UNSPECIFIED.);
#76=B_SPLINE_SURFACE_WITH_KNOTS('',3,1,((#7669,#7670),(#7671,#7672),(#7673,
#7674),(#7675,#7676),(#7677,#7678),(#7679,#7680),(#7681,#7682),(#7683,#7684),
(#7685,#7686),(#7687,#7688),(#7689,#7690),(#7691,#7692),(#7693,#7694),(#7695,
#7696),(#7697,#7698),(#7699,#7700),(#7701,#7702),(#7703,#7704),(#7705,#7706),
(#7707,#7708),(#7709,#7710),(#7711,#7712),(#7713,#7714),(#7715,#7716),(#7717,
#7718),(#7719,#7720),(#7721,#7722),(#7723,#7724),(#7725,#7726)),
 .SURF_OF_LINEAR_EXTRUSION.,.F.,.F.,.F.,(4,1,1,1,1,1,1,1,1,1,1,1,1,1,1,
1,1,1,1,1,1,1,1,1,1,1,4),(2,2),(0.,0.0533335554553858,0.106667110910772,
0.133333888638465,0.160000666366157,0.18666744409385,0.213334221821543,
0.266667777276929,0.293334555004622,0.320001332732315,0.346668110460008,
0.373334888187701,0.400001665915394,0.426668443643086,0.480001999098472,
0.533335554553858,0.560002332281551,0.586669110009244,0.613335887736937,
0.64000266546463,0.666669443192323,0.680002832056169,0.693336220920016,
0.720002998647708,0.746669776375401,0.800003331830787,0.853336887286173),
(0.,1.),.UNSPECIFIED.);
#77=B_SPLINE_SURFACE_WITH_KNOTS('',2,3,((#8284,#8285,#8286,#8287,#8288,
#8289,#8290,#8291,#8292,#8293,#8294,#8295,#8296,#8297,#8298,#8299,#8300,
#8301,#8302,#8303,#8304,#8305,#8306,#8307),(#8308,#8309,#8310,#8311,#8312,
#8313,#8314,#8315,#8316,#8317,#8318,#8319,#8320,#8321,#8322,#8323,#8324,
#8325,#8326,#8327,#8328,#8329,#8330,#8331),(#8332,#8333,#8334,#8335,#8336,
#8337,#8338,#8339,#8340,#8341,#8342,#8343,#8344,#8345,#8346,#8347,#8348,
#8349,#8350,#8351,#8352,#8353,#8354,#8355)),.UNSPECIFIED.,.F.,.F.,.F.,(3,
3),(4,2,2,2,2,2,2,2,2,2,2,4),(0.,1.),(0.0634185886870483,0.0665014182960668,
0.0676832921879157,0.067978760660878,0.0682742291338402,0.0688651660797646,
0.0712289138634625,0.0806839049982537,0.0995938872678361,0.118503869537419,
0.137413851807001,0.138223757431314),.UNSPECIFIED.);
#78=B_SPLINE_SURFACE_WITH_KNOTS('',2,3,((#8360,#8361,#8362,#8363,#8364,
#8365,#8366,#8367,#8368,#8369,#8370,#8371,#8372,#8373,#8374,#8375,#8376,
#8377,#8378,#8379,#8380,#8381,#8382,#8383),(#8384,#8385,#8386,#8387,#8388,
#8389,#8390,#8391,#8392,#8393,#8394,#8395,#8396,#8397,#8398,#8399,#8400,
#8401,#8402,#8403,#8404,#8405,#8406,#8407),(#8408,#8409,#8410,#8411,#8412,
#8413,#8414,#8415,#8416,#8417,#8418,#8419,#8420,#8421,#8422,#8423,#8424,
#8425,#8426,#8427,#8428,#8429,#8430,#8431)),.UNSPECIFIED.,.F.,.F.,.F.,(3,
3),(4,2,2,2,2,2,2,2,2,2,2,4),(0.,1.),(0.0634185886797878,0.0665014182960684,
0.0676832921879173,0.0679787606608795,0.0682742291338418,0.0688651660797662,
0.0712289138634641,0.0806839049982554,0.099593887267838,0.118503869537421,
0.137413851807003,0.138223758649104),.UNSPECIFIED.);
#79=B_SPLINE_SURFACE_WITH_KNOTS('',2,3,((#8460,#8461,#8462,#8463,#8464,
#8465,#8466,#8467,#8468,#8469,#8470,#8471,#8472,#8473,#8474,#8475,#8476,
#8477,#8478,#8479,#8480,#8481,#8482,#8483,#8484,#8485,#8486,#8487,#8488,
#8489,#8490,#8491,#8492,#8493,#8494,#8495,#8496,#8497,#8498,#8499,#8500,
#8501,#8502,#8503,#8504,#8505,#8506,#8507,#8508,#8509,#8510,#8511,#8512,
#8513,#8514,#8515,#8516,#8517,#8518,#8519),(#8520,#8521,#8522,#8523,#8524,
#8525,#8526,#8527,#8528,#8529,#8530,#8531,#8532,#8533,#8534,#8535,#8536,
#8537,#8538,#8539,#8540,#8541,#8542,#8543,#8544,#8545,#8546,#8547,#8548,
#8549,#8550,#8551,#8552,#8553,#8554,#8555,#8556,#8557,#8558,#8559,#8560,
#8561,#8562,#8563,#8564,#8565,#8566,#8567,#8568,#8569,#8570,#8571,#8572,
#8573,#8574,#8575,#8576,#8577,#8578,#8579),(#8580,#8581,#8582,#8583,#8584,
#8585,#8586,#8587,#8588,#8589,#8590,#8591,#8592,#8593,#8594,#8595,#8596,
#8597,#8598,#8599,#8600,#8601,#8602,#8603,#8604,#8605,#8606,#8607,#8608,
#8609,#8610,#8611,#8612,#8613,#8614,#8615,#8616,#8617,#8618,#8619,#8620,
#8621,#8622,#8623,#8624,#8625,#8626,#8627,#8628,#8629,#8630,#8631,#8632,
#8633,#8634,#8635,#8636,#8637,#8638,#8639)),.UNSPECIFIED.,.F.,.F.,.F.,(3,
3),(4,2,2,2,2,2,2,2,2,2,2,2,2,2,2,2,2,2,2,2,2,2,2,2,2,2,2,2,2,4),(0.,1.),
(-0.0016419122822135,-0.00164078291530557,-0.00163965354839764,-0.00163739481458178,
-0.00163287734695006,-0.00162384241168662,-0.00160577254115974,-0.00156963280010598,
-0.00149735331799847,-0.00135279435378344,-0.00106367642535339,-0.000485440568493281,
0.000671031145226937,0.00298397457266737,0.00760986142754825,0.0122357482824291,
0.0133922199961493,0.0136813379245794,0.0138258968887944,0.0139704558530094,
0.0145486917098696,0.01686163513731,0.0214875219921908,0.0261134088470718,
0.0307392957019526,0.0353651825568335,0.0446169562665953,0.053868729976357,
0.0631205036861187,0.0692644641507306),.UNSPECIFIED.);
#80=B_SPLINE_SURFACE_WITH_KNOTS('',2,3,((#8640,#8641,#8642,#8643,#8644,
#8645,#8646,#8647,#8648,#8649,#8650,#8651,#8652,#8653,#8654,#8655,#8656,
#8657,#8658,#8659,#8660,#8661,#8662,#8663,#8664,#8665,#8666,#8667,#8668,
#8669,#8670,#8671,#8672,#8673,#8674,#8675,#8676,#8677,#8678,#8679,#8680,
#8681,#8682,#8683,#8684,#8685,#8686,#8687,#8688,#8689,#8690,#8691,#8692,
#8693,#8694,#8695,#8696,#8697,#8698,#8699,#8700,#8701),(#8702,#8703,#8704,
#8705,#8706,#8707,#8708,#8709,#8710,#8711,#8712,#8713,#8714,#8715,#8716,
#8717,#8718,#8719,#8720,#8721,#8722,#8723,#8724,#8725,#8726,#8727,#8728,
#8729,#8730,#8731,#8732,#8733,#8734,#8735,#8736,#8737,#8738,#8739,#8740,
#8741,#8742,#8743,#8744,#8745,#8746,#8747,#8748,#8749,#8750,#8751,#8752,
#8753,#8754,#8755,#8756,#8757,#8758,#8759,#8760,#8761,#8762,#8763),(#8764,
#8765,#8766,#8767,#8768,#8769,#8770,#8771,#8772,#8773,#8774,#8775,#8776,
#8777,#8778,#8779,#8780,#8781,#8782,#8783,#8784,#8785,#8786,#8787,#8788,
#8789,#8790,#8791,#8792,#8793,#8794,#8795,#8796,#8797,#8798,#8799,#8800,
#8801,#8802,#8803,#8804,#8805,#8806,#8807,#8808,#8809,#8810,#8811,#8812,
#8813,#8814,#8815,#8816,#8817,#8818,#8819,#8820,#8821,#8822,#8823,#8824,
#8825)),.UNSPECIFIED.,.F.,.F.,.F.,(3,3),(4,2,2,2,2,2,2,2,2,2,2,2,2,2,2,
2,2,2,2,2,2,2,2,2,2,2,2,2,2,2,4),(0.,1.),(-0.00158513555009373,-0.00158456964447738,
-0.00158400373886104,-0.00158287192762834,-0.00158060830516294,-0.00157608106023215,
-0.00156702657037057,-0.0015489175906474,-0.00151269963120107,-0.0014402637123084,
-0.00129539187452306,-0.00100564819895239,-0.000426160847811046,0.000732813854471644,
0.00305076325903703,0.00768666206816778,0.0123225608772985,0.0134815355795812,
0.0137712792551519,0.0140610229307226,0.0146405102818639,0.0169584596864293,
0.02159435849556,0.0262302573046908,0.0308661561138216,0.0355020549229524,
0.0401379537320831,0.0447738525412139,0.0540456501594754,0.0633174477777369,
0.0694737819065132),.UNSPECIFIED.);
#81=B_SPLINE_SURFACE_WITH_KNOTS('',2,3,((#8826,#8827,#8828,#8829,#8830,
#8831,#8832,#8833,#8834,#8835,#8836,#8837,#8838,#8839,#8840,#8841,#8842,
#8843),(#8844,#8845,#8846,#8847,#8848,#8849,#8850,#8851,#8852,#8853,#8854,
#8855,#8856,#8857,#8858,#8859,#8860,#8861),(#8862,#8863,#8864,#8865,#8866,
#8867,#8868,#8869,#8870,#8871,#8872,#8873,#8874,#8875,#8876,#8877,#8878,
#8879)),.UNSPECIFIED.,.F.,.F.,.F.,(3,3),(4,2,2,2,2,2,2,2,4),(0.,1.),(0.,
0.0208278952119413,0.0416557904238827,0.062483685635824,0.0676906594388093,
0.0702941463403019,0.0715958897910483,0.0728976332417946,0.0762417013864003),
 .UNSPECIFIED.);
#82=B_SPLINE_SURFACE_WITH_KNOTS('',2,3,((#8889,#8890,#8891,#8892,#8893,
#8894,#8895,#8896,#8897,#8898,#8899,#8900,#8901,#8902,#8903,#8904,#8905,
#8906),(#8907,#8908,#8909,#8910,#8911,#8912,#8913,#8914,#8915,#8916,#8917,
#8918,#8919,#8920,#8921,#8922,#8923,#8924),(#8925,#8926,#8927,#8928,#8929,
#8930,#8931,#8932,#8933,#8934,#8935,#8936,#8937,#8938,#8939,#8940,#8941,
#8942)),.UNSPECIFIED.,.F.,.F.,.F.,(3,3),(4,2,2,2,2,2,2,2,4),(0.,1.),(0.,
0.0208278952119451,0.0416557904238902,0.0624836856358353,0.0676906594388216,
0.0702941463403147,0.0715958897910613,0.0728976332418079,0.0762417013864295),
 .UNSPECIFIED.);
#83=B_SPLINE_SURFACE_WITH_KNOTS('',2,3,((#8948,#8949,#8950,#8951,#8952,
#8953,#8954,#8955,#8956,#8957,#8958,#8959,#8960,#8961,#8962,#8963,#8964,
#8965,#8966,#8967,#8968,#8969,#8970,#8971,#8972,#8973,#8974,#8975,#8976,
#8977,#8978,#8979,#8980,#8981,#8982,#8983,#8984,#8985,#8986,#8987,#8988,
#8989,#8990,#8991,#8992,#8993,#8994,#8995,#8996,#8997,#8998,#8999,#9000,
#9001,#9002,#9003,#9004,#9005,#9006,#9007,#9008,#9009,#9010,#9011,#9012,
#9013,#9014,#9015,#9016,#9017,#9018,#9019,#9020,#9021,#9022,#9023,#9024,
#9025,#9026,#9027,#9028,#9029,#9030,#9031,#9032,#9033),(#9034,#9035,#9036,
#9037,#9038,#9039,#9040,#9041,#9042,#9043,#9044,#9045,#9046,#9047,#9048,
#9049,#9050,#9051,#9052,#9053,#9054,#9055,#9056,#9057,#9058,#9059,#9060,
#9061,#9062,#9063,#9064,#9065,#9066,#9067,#9068,#9069,#9070,#9071,#9072,
#9073,#9074,#9075,#9076,#9077,#9078,#9079,#9080,#9081,#9082,#9083,#9084,
#9085,#9086,#9087,#9088,#9089,#9090,#9091,#9092,#9093,#9094,#9095,#9096,
#9097,#9098,#9099,#9100,#9101,#9102,#9103,#9104,#9105,#9106,#9107,#9108,
#9109,#9110,#9111,#9112,#9113,#9114,#9115,#9116,#9117,#9118,#9119),(#9120,
#9121,#9122,#9123,#9124,#9125,#9126,#9127,#9128,#9129,#9130,#9131,#9132,
#9133,#9134,#9135,#9136,#9137,#9138,#9139,#9140,#9141,#9142,#9143,#9144,
#9145,#9146,#9147,#9148,#9149,#9150,#9151,#9152,#9153,#9154,#9155,#9156,
#9157,#9158,#9159,#9160,#9161,#9162,#9163,#9164,#9165,#9166,#9167,#9168,
#9169,#9170,#9171,#9172,#9173,#9174,#9175,#9176,#9177,#9178,#9179,#9180,
#9181,#9182,#9183,#9184,#9185,#9186,#9187,#9188,#9189,#9190,#9191,#9192,
#9193,#9194,#9195,#9196,#9197,#9198,#9199,#9200,#9201,#9202,#9203,#9204,
#9205)),.UNSPECIFIED.,.F.,.F.,.F.,(3,3),(4,2,2,2,2,2,2,2,2,2,2,2,2,2,2,
2,2,2,2,2,2,2,2,2,2,2,2,2,2,2,2,2,2,2,2,2,2,2,2,2,2,2,4),(0.,1.),(-0.000159931990550896,
-0.000157023627761964,-0.000154115264973031,-0.000148298539395168,-0.00013666508823944,
-0.000113398185927984,-6.68643813050719E-5,2.62032279407518E-5,0.0002123384464324,
0.000584608883415695,0.00132914975738228,0.00281823150531547,0.00579639500118183,
0.0117527219929145,0.0147308854887809,0.0151031559257642,0.0154754263627475,
0.0162199672367141,0.0177090489846473,0.0206872124805137,0.02366537597638,
0.0296217029681127,0.0325998664639791,0.0355780299598455,0.0415343569515782,
0.0474906839433109,0.0594033379267763,0.0713159919102418,0.0832286458937072,
0.0891849728854399,0.0906740546333731,0.0921631363813063,0.0951412998771727,
0.107053953860638,0.118966607844104,0.130879261827569,0.136835588819302,
0.142791915811034,0.148748242802767,0.1547045697945,0.166617223777966,0.178529877761431,
0.182460188401322),.UNSPECIFIED.);
#84=B_SPLINE_SURFACE_WITH_KNOTS('',2,3,((#9210,#9211,#9212,#9213,#9214,
#9215,#9216,#9217,#9218,#9219,#9220,#9221),(#9222,#9223,#9224,#9225,#9226,
#9227,#9228,#9229,#9230,#9231,#9232,#9233),(#9234,#9235,#9236,#9237,#9238,
#9239,#9240,#9241,#9242,#9243,#9244,#9245)),.UNSPECIFIED.,.F.,.F.,.F.,(3,
3),(4,2,2,2,2,4),(0.,1.),(0.,0.0323869550918724,0.0647739101837449,0.0809673877296812,
0.0971608652756174,0.122923496421321),.UNSPECIFIED.);
#85=B_SPLINE_SURFACE_WITH_KNOTS('',2,3,((#9267,#9268,#9269,#9270,#9271,
#9272,#9273,#9274,#9275,#9276,#9277,#9278,#9279,#9280,#9281,#9282,#9283,
#9284,#9285,#9286,#9287,#9288,#9289,#9290,#9291,#9292,#9293,#9294,#9295,
#9296,#9297,#9298,#9299,#9300,#9301,#9302,#9303,#9304,#9305,#9306,#9307,
#9308,#9309,#9310,#9311,#9312,#9313,#9314,#9315,#9316,#9317,#9318,#9319,
#9320,#9321,#9322,#9323,#9324),(#9325,#9326,#9327,#9328,#9329,#9330,#9331,
#9332,#9333,#9334,#9335,#9336,#9337,#9338,#9339,#9340,#9341,#9342,#9343,
#9344,#9345,#9346,#9347,#9348,#9349,#9350,#9351,#9352,#9353,#9354,#9355,
#9356,#9357,#9358,#9359,#9360,#9361,#9362,#9363,#9364,#9365,#9366,#9367,
#9368,#9369,#9370,#9371,#9372,#9373,#9374,#9375,#9376,#9377,#9378,#9379,
#9380,#9381,#9382),(#9383,#9384,#9385,#9386,#9387,#9388,#9389,#9390,#9391,
#9392,#9393,#9394,#9395,#9396,#9397,#9398,#9399,#9400,#9401,#9402,#9403,
#9404,#9405,#9406,#9407,#9408,#9409,#9410,#9411,#9412,#9413,#9414,#9415,
#9416,#9417,#9418,#9419,#9420,#9421,#9422,#9423,#9424,#9425,#9426,#9427,
#9428,#9429,#9430,#9431,#9432,#9433,#9434,#9435,#9436,#9437,#9438,#9439,
#9440)),.UNSPECIFIED.,.F.,.F.,.F.,(3,3),(4,2,2,2,2,2,2,2,2,2,2,2,2,2,2,
2,2,2,2,2,2,2,2,2,2,2,2,2,4),(0.,1.),(0.137171656825765,0.137263046803934,
0.137354436782102,0.137537216738438,0.137902776651111,0.138633896476456,
0.140096136127146,0.143020615428527,0.145945094729908,0.148869574031289,
0.154718532634051,0.160567491236812,0.172265408442336,0.183963325647859,
0.195661242853383,0.207359160058906,0.21905707726443,0.224906035867192,
0.230754994469953,0.242452911675477,0.254150828881,0.265848746086524,0.271697704689286,
0.277546663292047,0.283395621894809,0.28924458049757,0.300942497703094,
0.312640414908617,0.324338332114141),.UNSPECIFIED.);
#86=B_SPLINE_SURFACE_WITH_KNOTS('',2,3,((#9479,#9480,#9481,#9482,#9483,
#9484),(#9485,#9486,#9487,#9488,#9489,#9490),(#9491,#9492,#9493,#9494,#9495,
#9496)),.UNSPECIFIED.,.F.,.F.,.F.,(3,3),(4,2,4),(0.,1.),(0.,0.00407492287507758,
0.00814984575015516),.UNSPECIFIED.);
#87=B_SPLINE_SURFACE_WITH_KNOTS('',3,3,((#9501,#9502,#9503,#9504,#9505,
#9506,#9507,#9508,#9509,#9510,#9511,#9512),(#9513,#9514,#9515,#9516,#9517,
#9518,#9519,#9520,#9521,#9522,#9523,#9524),(#9525,#9526,#9527,#9528,#9529,
#9530,#9531,#9532,#9533,#9534,#9535,#9536),(#9537,#9538,#9539,#9540,#9541,
#9542,#9543,#9544,#9545,#9546,#9547,#9548),(#9549,#9550,#9551,#9552,#9553,
#9554,#9555,#9556,#9557,#9558,#9559,#9560),(#9561,#9562,#9563,#9564,#9565,
#9566,#9567,#9568,#9569,#9570,#9571,#9572),(#9573,#9574,#9575,#9576,#9577,
#9578,#9579,#9580,#9581,#9582,#9583,#9584),(#9585,#9586,#9587,#9588,#9589,
#9590,#9591,#9592,#9593,#9594,#9595,#9596),(#9597,#9598,#9599,#9600,#9601,
#9602,#9603,#9604,#9605,#9606,#9607,#9608),(#9609,#9610,#9611,#9612,#9613,
#9614,#9615,#9616,#9617,#9618,#9619,#9620)),.UNSPECIFIED.,.F.,.F.,.F.,(4,
2,2,2,4),(4,2,2,2,2,4),(0.,0.25,0.5,0.75,1.),(0.,0.25,0.5,0.75,0.875,1.),
 .UNSPECIFIED.);
#88=B_SPLINE_SURFACE_WITH_KNOTS('',2,3,((#9625,#9626,#9627,#9628,#9629,
#9630,#9631,#9632,#9633,#9634,#9635,#9636,#9637,#9638,#9639,#9640,#9641,
#9642,#9643,#9644,#9645,#9646,#9647,#9648,#9649,#9650,#9651,#9652,#9653,
#9654),(#9655,#9656,#9657,#9658,#9659,#9660,#9661,#9662,#9663,#9664,#9665,
#9666,#9667,#9668,#9669,#9670,#9671,#9672,#9673,#9674,#9675,#9676,#9677,
#9678,#9679,#9680,#9681,#9682,#9683,#9684),(#9685,#9686,#9687,#9688,#9689,
#9690,#9691,#9692,#9693,#9694,#9695,#9696,#9697,#9698,#9699,#9700,#9701,
#9702,#9703,#9704,#9705,#9706,#9707,#9708,#9709,#9710,#9711,#9712,#9713,
#9714)),.UNSPECIFIED.,.F.,.F.,.F.,(3,3),(4,2,2,2,2,2,2,2,2,2,2,2,2,2,4),
(0.,1.),(0.0445910997723667,0.0446521131449343,0.0447131265175019,0.0448351532626372,
0.0450792067529078,0.0455673137334488,0.046543527694531,0.0484959556166953,
0.0524008114610238,0.0563056673053524,0.0602105231496809,0.0680202348383381,
0.0758299465269952,0.0914493699043094,0.0948786560470001),.UNSPECIFIED.);
#89=B_SPLINE_SURFACE_WITH_KNOTS('',2,3,((#9715,#9716,#9717,#9718,#9719,
#9720,#9721,#9722,#9723,#9724,#9725,#9726,#9727,#9728,#9729,#9730,#9731,
#9732,#9733,#9734,#9735,#9736,#9737,#9738,#9739,#9740,#9741,#9742,#9743,
#9744,#9745,#9746,#9747,#9748,#9749,#9750,#9751,#9752,#9753,#9754,#9755,
#9756,#9757,#9758,#9759,#9760,#9761,#9762,#9763,#9764,#9765,#9766,#9767,
#9768,#9769,#9770,#9771,#9772,#9773,#9774,#9775,#9776,#9777,#9778,#9779,
#9780,#9781,#9782,#9783,#9784,#9785,#9786,#9787,#9788,#9789,#9790),(#9791,
#9792,#9793,#9794,#9795,#9796,#9797,#9798,#9799,#9800,#9801,#9802,#9803,
#9804,#9805,#9806,#9807,#9808,#9809,#9810,#9811,#9812,#9813,#9814,#9815,
#9816,#9817,#9818,#9819,#9820,#9821,#9822,#9823,#9824,#9825,#9826,#9827,
#9828,#9829,#9830,#9831,#9832,#9833,#9834,#9835,#9836,#9837,#9838,#9839,
#9840,#9841,#9842,#9843,#9844,#9845,#9846,#9847,#9848,#9849,#9850,#9851,
#9852,#9853,#9854,#9855,#9856,#9857,#9858,#9859,#9860,#9861,#9862,#9863,
#9864,#9865,#9866),(#9867,#9868,#9869,#9870,#9871,#9872,#9873,#9874,#9875,
#9876,#9877,#9878,#9879,#9880,#9881,#9882,#9883,#9884,#9885,#9886,#9887,
#9888,#9889,#9890,#9891,#9892,#9893,#9894,#9895,#9896,#9897,#9898,#9899,
#9900,#9901,#9902,#9903,#9904,#9905,#9906,#9907,#9908,#9909,#9910,#9911,
#9912,#9913,#9914,#9915,#9916,#9917,#9918,#9919,#9920,#9921,#9922,#9923,
#9924,#9925,#9926,#9927,#9928,#9929,#9930,#9931,#9932,#9933,#9934,#9935,
#9936,#9937,#9938,#9939,#9940,#9941,#9942)),.UNSPECIFIED.,.F.,.F.,.F.,(3,
3),(4,2,2,2,2,2,2,2,2,2,2,2,2,2,2,2,2,2,2,2,2,2,2,2,2,2,2,2,2,2,2,2,2,2,
2,2,2,4),(0.,1.),(0.,0.000186511459776387,0.000373022919552775,0.00074604583910555,
0.0014920916782111,0.0029841833564222,0.0059683667128444,0.0119367334256888,
0.014920916782111,0.0152939397016638,0.0156669626212165,0.0164130084603221,
0.0179051001385332,0.0208892834949554,0.0238734668513776,0.029841833564222,
0.0328260169206442,0.0358102002770664,0.0417785669899109,0.0477469337027552,
0.059683667128444,0.0716204005541328,0.0835571339798217,0.089525500692666,
0.0910175923708771,0.0925096840490882,0.0954938674055105,0.107430600831199,
0.119367334256888,0.131304067682577,0.137272434395421,0.140256617751843,
0.143240801108266,0.14920916782111,0.155177534533954,0.167114267959644,
0.179051001385332,0.182984474245665),.UNSPECIFIED.);
#90=B_SPLINE_SURFACE_WITH_KNOTS('',2,3,((#9947,#9948,#9949,#9950,#9951,
#9952,#9953,#9954,#9955,#9956,#9957,#9958,#9959,#9960,#9961,#9962,#9963,
#9964,#9965,#9966,#9967,#9968,#9969,#9970,#9971,#9972,#9973,#9974,#9975,
#9976,#9977,#9978,#9979,#9980,#9981,#9982,#9983,#9984,#9985,#9986,#9987,
#9988,#9989,#9990,#9991,#9992,#9993,#9994,#9995,#9996,#9997,#9998,#9999,
#10000,#10001,#10002,#10003,#10004),(#10005,#10006,#10007,#10008,#10009,
#10010,#10011,#10012,#10013,#10014,#10015,#10016,#10017,#10018,#10019,#10020,
#10021,#10022,#10023,#10024,#10025,#10026,#10027,#10028,#10029,#10030,#10031,
#10032,#10033,#10034,#10035,#10036,#10037,#10038,#10039,#10040,#10041,#10042,
#10043,#10044,#10045,#10046,#10047,#10048,#10049,#10050,#10051,#10052,#10053,
#10054,#10055,#10056,#10057,#10058,#10059,#10060,#10061,#10062),(#10063,
#10064,#10065,#10066,#10067,#10068,#10069,#10070,#10071,#10072,#10073,#10074,
#10075,#10076,#10077,#10078,#10079,#10080,#10081,#10082,#10083,#10084,#10085,
#10086,#10087,#10088,#10089,#10090,#10091,#10092,#10093,#10094,#10095,#10096,
#10097,#10098,#10099,#10100,#10101,#10102,#10103,#10104,#10105,#10106,#10107,
#10108,#10109,#10110,#10111,#10112,#10113,#10114,#10115,#10116,#10117,#10118,
#10119,#10120)),.UNSPECIFIED.,.F.,.F.,.F.,(3,3),(4,2,2,2,2,2,2,2,2,2,2,
2,2,2,2,2,2,2,2,2,2,2,2,2,2,2,2,2,4),(0.,1.),(0.137214884227853,0.137306262906267,
0.137397641584681,0.13758039894151,0.137945913655167,0.138676943082481,
0.140139001937109,0.143063119646365,0.145987237355621,0.148911355064877,
0.154759590483388,0.160607825901901,0.172304296738925,0.184000767575948,
0.195697238412972,0.207393709249996,0.219090180087019,0.224938415505532,
0.230786650924044,0.242483121761067,0.254179592598091,0.265876063435115,
0.271724298853627,0.277572534272138,0.28342076969065,0.289269005109163,
0.300965475946187,0.31266194678321,0.324358417620234),.UNSPECIFIED.);
#91=B_SPLINE_SURFACE_WITH_KNOTS('',3,3,((#10159,#10160,#10161,#10162,#10163,
#10164,#10165,#10166,#10167,#10168,#10169,#10170),(#10171,#10172,#10173,
#10174,#10175,#10176,#10177,#10178,#10179,#10180,#10181,#10182),(#10183,
#10184,#10185,#10186,#10187,#10188,#10189,#10190,#10191,#10192,#10193,#10194),
(#10195,#10196,#10197,#10198,#10199,#10200,#10201,#10202,#10203,#10204,
#10205,#10206),(#10207,#10208,#10209,#10210,#10211,#10212,#10213,#10214,
#10215,#10216,#10217,#10218),(#10219,#10220,#10221,#10222,#10223,#10224,
#10225,#10226,#10227,#10228,#10229,#10230),(#10231,#10232,#10233,#10234,
#10235,#10236,#10237,#10238,#10239,#10240,#10241,#10242),(#10243,#10244,
#10245,#10246,#10247,#10248,#10249,#10250,#10251,#10252,#10253,#10254),
(#10255,#10256,#10257,#10258,#10259,#10260,#10261,#10262,#10263,#10264,
#10265,#10266),(#10267,#10268,#10269,#10270,#10271,#10272,#10273,#10274,
#10275,#10276,#10277,#10278)),.UNSPECIFIED.,.F.,.F.,.F.,(4,2,2,2,4),(4,
2,2,2,2,4),(0.,0.25,0.5,0.75,1.),(0.,0.25,0.5,0.75,0.875,1.),
 .UNSPECIFIED.);
#92=B_SPLINE_SURFACE_WITH_KNOTS('',2,3,((#10283,#10284,#10285,#10286,#10287,
#10288,#10289,#10290,#10291,#10292,#10293,#10294,#10295,#10296,#10297,#10298,
#10299,#10300,#10301,#10302,#10303,#10304,#10305,#10306,#10307,#10308),
(#10309,#10310,#10311,#10312,#10313,#10314,#10315,#10316,#10317,#10318,
#10319,#10320,#10321,#10322,#10323,#10324,#10325,#10326,#10327,#10328,#10329,
#10330,#10331,#10332,#10333,#10334),(#10335,#10336,#10337,#10338,#10339,
#10340,#10341,#10342,#10343,#10344,#10345,#10346,#10347,#10348,#10349,#10350,
#10351,#10352,#10353,#10354,#10355,#10356,#10357,#10358,#10359,#10360)),
 .UNSPECIFIED.,.F.,.F.,.F.,(3,3),(4,2,2,2,2,2,2,2,2,2,2,2,4),(0.,1.),(0.,
0.0123870588311274,0.0247741176622549,0.0309676470778186,0.0371611764933824,
0.0433547059089461,0.0464514706167279,0.0479998529706188,0.0487740441475643,
0.049161139736037,0.0493546875302734,0.0494514614273916,0.0495482353245098),
 .UNSPECIFIED.);
#93=B_SPLINE_SURFACE_WITH_KNOTS('',2,3,((#10365,#10366,#10367,#10368,#10369,
#10370,#10371,#10372,#10373,#10374,#10375,#10376),(#10377,#10378,#10379,
#10380,#10381,#10382,#10383,#10384,#10385,#10386,#10387,#10388),(#10389,
#10390,#10391,#10392,#10393,#10394,#10395,#10396,#10397,#10398,#10399,#10400)),
 .UNSPECIFIED.,.F.,.F.,.F.,(3,3),(4,2,2,2,2,4),(0.,1.),(0.,0.00555375709369742,
0.00694219636712178,0.00763641600383396,0.00798352582219004,0.00814995791122753),
 .UNSPECIFIED.);
#94=B_SPLINE_SURFACE_WITH_KNOTS('',2,3,((#10405,#10406,#10407,#10408,#10409,
#10410,#10411,#10412,#10413,#10414,#10415,#10416),(#10417,#10418,#10419,
#10420,#10421,#10422,#10423,#10424,#10425,#10426,#10427,#10428),(#10429,
#10430,#10431,#10432,#10433,#10434,#10435,#10436,#10437,#10438,#10439,#10440)),
 .UNSPECIFIED.,.F.,.F.,.F.,(3,3),(4,2,2,2,2,4),(0.,1.),(0.,0.0323869662742763,
0.0647739325485527,0.0809674156856909,0.0971608988228291,0.122923537995277),
 .UNSPECIFIED.);
#95=B_SPLINE_SURFACE_WITH_KNOTS('',3,1,((#10458,#10459),(#10460,#10461),
(#10462,#10463),(#10464,#10465)),.SURF_OF_LINEAR_EXTRUSION.,.F.,.F.,.F.,
(4,4),(2,2),(-1.38953895778988E-14,1.),(0.,1.),.PIECEWISE_BEZIER_KNOTS.);
#96=B_SPLINE_SURFACE_WITH_KNOTS('',3,1,((#10470,#10471),(#10472,#10473),
(#10474,#10475),(#10476,#10477)),.SURF_OF_LINEAR_EXTRUSION.,.F.,.F.,.F.,
(4,4),(2,2),(-3.46821983943071E-15,1.00000000000001),(0.,1.),
 .PIECEWISE_BEZIER_KNOTS.);
#97=B_SPLINE_SURFACE_WITH_KNOTS('',2,3,((#10482,#10483,#10484,#10485,#10486,
#10487),(#10488,#10489,#10490,#10491,#10492,#10493),(#10494,#10495,#10496,
#10497,#10498,#10499)),.UNSPECIFIED.,.F.,.F.,.F.,(3,3),(4,2,4),(0.,1.),
(0.,0.00584330267112654,0.0116866053422531),.UNSPECIFIED.);
#98=B_SPLINE_SURFACE_WITH_KNOTS('',2,3,((#10504,#10505,#10506,#10507),(#10508,
#10509,#10510,#10511),(#10512,#10513,#10514,#10515)),.UNSPECIFIED.,.F.,
 .F.,.F.,(3,3),(4,4),(0.,1.),(0.,0.00491636672101282),
 .PIECEWISE_BEZIER_KNOTS.);
#99=B_SPLINE_SURFACE_WITH_KNOTS('',2,3,((#10520,#10521,#10522,#10523,#10524,
#10525,#10526,#10527,#10528,#10529,#10530,#10531),(#10532,#10533,#10534,
#10535,#10536,#10537,#10538,#10539,#10540,#10541,#10542,#10543),(#10544,
#10545,#10546,#10547,#10548,#10549,#10550,#10551,#10552,#10553,#10554,#10555),
(#10556,#10557,#10558,#10559,#10560,#10561,#10562,#10563,#10564,#10565,
#10566,#10567),(#10568,#10569,#10570,#10571,#10572,#10573,#10574,#10575,
#10576,#10577,#10578,#10579)),.UNSPECIFIED.,.F.,.F.,.F.,(3,2,3),(4,2,2,
2,2,4),(0.,1.,1.00647383750685),(0.,0.00174756267142171,0.00349512534284344,
0.00436890667855429,0.00524268801426515,0.00699025068568687),
 .UNSPECIFIED.);
#100=B_SPLINE_SURFACE_WITH_KNOTS('',3,1,((#10584,#10585),(#10586,#10587),
(#10588,#10589),(#10590,#10591)),.SURF_OF_LINEAR_EXTRUSION.,.F.,.F.,.F.,
(4,4),(2,2),(1.44683843063903E-10,1.00620191023119),(0.,1.),
 .PIECEWISE_BEZIER_KNOTS.);
#101=B_SPLINE_SURFACE_WITH_KNOTS('',2,3,((#10596,#10597,#10598,#10599,#10600,
#10601,#10602,#10603,#10604,#10605,#10606,#10607,#10608),(#10609,#10610,
#10611,#10612,#10613,#10614,#10615,#10616,#10617,#10618,#10619,#10620,#10621),
(#10622,#10623,#10624,#10625,#10626,#10627,#10628,#10629,#10630,#10631,
#10632,#10633,#10634),(#10635,#10636,#10637,#10638,#10639,#10640,#10641,
#10642,#10643,#10644,#10645,#10646,#10647),(#10648,#10649,#10650,#10651,
#10652,#10653,#10654,#10655,#10656,#10657,#10658,#10659,#10660)),
 .UNSPECIFIED.,.F.,.F.,.F.,(3,2,3),(4,2,2,2,3,4),(0.,1.,1.47194910581028),
(0.,0.00108091221144897,0.00216182442289794,0.00324273663434691,0.00432364884579588,
0.00752380814601886),.UNSPECIFIED.);
#102=B_SPLINE_SURFACE_WITH_KNOTS('',2,3,((#10684,#10685,#10686,#10687,#10688,
#10689,#10690,#10691,#10692,#10693,#10694,#10695,#10696),(#10697,#10698,
#10699,#10700,#10701,#10702,#10703,#10704,#10705,#10706,#10707,#10708,#10709),
(#10710,#10711,#10712,#10713,#10714,#10715,#10716,#10717,#10718,#10719,
#10720,#10721,#10722),(#10723,#10724,#10725,#10726,#10727,#10728,#10729,
#10730,#10731,#10732,#10733,#10734,#10735),(#10736,#10737,#10738,#10739,
#10740,#10741,#10742,#10743,#10744,#10745,#10746,#10747,#10748),(#10749,
#10750,#10751,#10752,#10753,#10754,#10755,#10756,#10757,#10758,#10759,#10760,
#10761),(#10762,#10763,#10764,#10765,#10766,#10767,#10768,#10769,#10770,
#10771,#10772,#10773,#10774)),.UNSPECIFIED.,.F.,.F.,.F.,(3,2,2,3),(4,2,
2,2,3,4),(-0.471954315530704,-0.01,0.,1.),(0.,0.00108091022147985,0.0021618204429597,
0.00324273066443955,0.0043236408859194,0.00752381711515958),
 .UNSPECIFIED.);
#103=B_SPLINE_SURFACE_WITH_KNOTS('',3,1,((#10802,#10803),(#10804,#10805),
(#10806,#10807),(#10808,#10809)),.SURF_OF_LINEAR_EXTRUSION.,.F.,.F.,.F.,
(4,4),(2,2),(-0.00620191045579349,0.999999999814081),(0.,1.),
 .PIECEWISE_BEZIER_KNOTS.);
#104=B_SPLINE_SURFACE_WITH_KNOTS('',2,3,((#10814,#10815,#10816,#10817,#10818,
#10819,#10820,#10821,#10822,#10823,#10824,#10825,#10826,#10827),(#10828,
#10829,#10830,#10831,#10832,#10833,#10834,#10835,#10836,#10837,#10838,#10839,
#10840,#10841),(#10842,#10843,#10844,#10845,#10846,#10847,#10848,#10849,
#10850,#10851,#10852,#10853,#10854,#10855)),.UNSPECIFIED.,.F.,.F.,.F.,(3,
3),(4,2,2,2,2,2,4),(0.,1.),(0.,0.00175973360458233,0.00263960040687349,
0.00351946720916466,0.00439933401145582,0.00527920081374698,0.00703893441832931),
 .UNSPECIFIED.);
#105=B_SPLINE_SURFACE_WITH_KNOTS('',2,3,((#10860,#10861,#10862,#10863),
(#10864,#10865,#10866,#10867),(#10868,#10869,#10870,#10871)),
 .UNSPECIFIED.,.F.,.F.,.F.,(3,3),(4,4),(0.,1.),(0.,0.00491636672571104),
 .PIECEWISE_BEZIER_KNOTS.);
#106=B_SPLINE_SURFACE_WITH_KNOTS('',2,3,((#10876,#10877,#10878,#10879,#10880,
#10881),(#10882,#10883,#10884,#10885,#10886,#10887),(#10888,#10889,#10890,
#10891,#10892,#10893)),.UNSPECIFIED.,.F.,.F.,.F.,(3,3),(4,2,4),(0.,1.),
(0.,0.00584330267110924,0.0116866053422185),.UNSPECIFIED.);
#107=B_SPLINE_SURFACE_WITH_KNOTS('',3,1,((#10898,#10899),(#10900,#10901),
(#10902,#10903),(#10904,#10905)),.SURF_OF_LINEAR_EXTRUSION.,.F.,.F.,.F.,
(4,4),(2,2),(-1.38953895778998E-14,1.00000000000001),(0.,1.),
 .PIECEWISE_BEZIER_KNOTS.);
#108=B_SPLINE_SURFACE_WITH_KNOTS('',3,1,((#10910,#10911),(#10912,#10913),
(#10914,#10915),(#10916,#10917)),.SURF_OF_LINEAR_EXTRUSION.,.F.,.F.,.F.,
(4,4),(2,2),(-8.94772344523748E-15,0.999999999999991),(0.,1.),
 .PIECEWISE_BEZIER_KNOTS.);
#109=B_SPLINE_SURFACE_WITH_KNOTS('',2,3,((#11226,#11227,#11228,#11229,#11230,
#11231,#11232,#11233,#11234,#11235,#11236,#11237,#11238,#11239,#11240,#11241,
#11242,#11243,#11244,#11245,#11246,#11247,#11248,#11249,#11250,#11251,#11252,
#11253,#11254,#11255,#11256,#11257,#11258,#11259),(#11260,#11261,#11262,
#11263,#11264,#11265,#11266,#11267,#11268,#11269,#11270,#11271,#11272,#11273,
#11274,#11275,#11276,#11277,#11278,#11279,#11280,#11281,#11282,#11283,#11284,
#11285,#11286,#11287,#11288,#11289,#11290,#11291,#11292,#11293),(#11294,
#11295,#11296,#11297,#11298,#11299,#11300,#11301,#11302,#11303,#11304,#11305,
#11306,#11307,#11308,#11309,#11310,#11311,#11312,#11313,#11314,#11315,#11316,
#11317,#11318,#11319,#11320,#11321,#11322,#11323,#11324,#11325,#11326,#11327)),
 .UNSPECIFIED.,.F.,.T.,.F.,(3,3),(4,2,2,2,2,2,2,2,2,2,2,2,2,2,2,2,4),(0.,
1.),(3.1415926535898,3.53429173528852,3.92699081698724,4.31968989868597,
4.71238898038469,5.10508806208341,5.49778714378214,5.89048622548086,6.28318530717959,
6.67588438887831,7.06858347057704,7.46128255227576,7.85398163397448,8.24668071567321,
8.63937979737193,9.03207887907065,9.42477796076938),.UNSPECIFIED.);
#110=B_SPLINE_SURFACE_WITH_KNOTS('',2,3,((#11328,#11329,#11330,#11331,#11332,
#11333,#11334,#11335,#11336,#11337,#11338,#11339,#11340,#11341,#11342,#11343,
#11344,#11345,#11346,#11347,#11348,#11349,#11350,#11351,#11352,#11353,#11354,
#11355,#11356,#11357,#11358,#11359,#11360,#11361),(#11362,#11363,#11364,
#11365,#11366,#11367,#11368,#11369,#11370,#11371,#11372,#11373,#11374,#11375,
#11376,#11377,#11378,#11379,#11380,#11381,#11382,#11383,#11384,#11385,#11386,
#11387,#11388,#11389,#11390,#11391,#11392,#11393,#11394,#11395),(#11396,
#11397,#11398,#11399,#11400,#11401,#11402,#11403,#11404,#11405,#11406,#11407,
#11408,#11409,#11410,#11411,#11412,#11413,#11414,#11415,#11416,#11417,#11418,
#11419,#11420,#11421,#11422,#11423,#11424,#11425,#11426,#11427,#11428,#11429)),
 .UNSPECIFIED.,.F.,.T.,.F.,(3,3),(4,2,2,2,2,2,2,2,2,2,2,2,2,2,2,2,4),(0.,
1.),(-3.1415926535898,-2.74889357189107,-2.35619449019234,-1.96349540849362,
-1.5707963267949,-1.17809724509617,-0.785398163397448,-0.392699081698724,
0.,0.392699081698724,0.785398163397448,1.17809724509617,1.5707963267949,
1.96349540849362,2.35619449019234,2.74889357189107,3.1415926535898),
 .UNSPECIFIED.);
#111=B_SPLINE_SURFACE_WITH_KNOTS('',2,3,((#11430,#11431,#11432,#11433,#11434,
#11435,#11436,#11437,#11438,#11439,#11440,#11441,#11442,#11443,#11444,#11445,
#11446,#11447,#11448,#11449,#11450,#11451,#11452,#11453,#11454,#11455,#11456,
#11457,#11458,#11459,#11460,#11461,#11462,#11463,#11464,#11465,#11466,#11467,
#11468,#11469,#11470,#11471,#11472,#11473,#11474,#11475,#11476,#11477,#11478,
#11479,#11480,#11481,#11482,#11483,#11484,#11485,#11486,#11487,#11488,#11489,
#11490,#11491,#11492,#11493,#11494,#11495),(#11496,#11497,#11498,#11499,
#11500,#11501,#11502,#11503,#11504,#11505,#11506,#11507,#11508,#11509,#11510,
#11511,#11512,#11513,#11514,#11515,#11516,#11517,#11518,#11519,#11520,#11521,
#11522,#11523,#11524,#11525,#11526,#11527,#11528,#11529,#11530,#11531,#11532,
#11533,#11534,#11535,#11536,#11537,#11538,#11539,#11540,#11541,#11542,#11543,
#11544,#11545,#11546,#11547,#11548,#11549,#11550,#11551,#11552,#11553,#11554,
#11555,#11556,#11557,#11558,#11559,#11560,#11561),(#11562,#11563,#11564,
#11565,#11566,#11567,#11568,#11569,#11570,#11571,#11572,#11573,#11574,#11575,
#11576,#11577,#11578,#11579,#11580,#11581,#11582,#11583,#11584,#11585,#11586,
#11587,#11588,#11589,#11590,#11591,#11592,#11593,#11594,#11595,#11596,#11597,
#11598,#11599,#11600,#11601,#11602,#11603,#11604,#11605,#11606,#11607,#11608,
#11609,#11610,#11611,#11612,#11613,#11614,#11615,#11616,#11617,#11618,#11619,
#11620,#11621,#11622,#11623,#11624,#11625,#11626,#11627)),.UNSPECIFIED.,
 .F.,.T.,.F.,(3,3),(4,2,2,2,2,2,2,2,2,2,2,2,2,2,2,2,2,2,2,2,2,2,2,2,2,2,
2,2,2,2,2,2,4),(0.,1.),(-9.28930223815239E-5,0.00283844468630768,0.00576978239499688,
0.00870112010368608,0.0116324578123753,0.0145637955210645,0.0174951332297537,
0.0204264709384429,0.0233578086471321,0.0262891463558213,0.0292204840645105,
0.0321518217731997,0.0350831594818889,0.0380144971905781,0.0409458348992673,
0.0438771726079565,0.0468085103166457,0.0497398480253349,0.0526711857340241,
0.0556025234427133,0.0585338611514025,0.0614651988600917,0.0643965365687809,
0.0673278742774701,0.0702592119861593,0.0731905496948485,0.0761218874035377,
0.0790532251122269,0.0819845628209161,0.0849159005296053,0.0878472382382945,
0.0907785759469837,0.0937099136556729),.UNSPECIFIED.);
#112=B_SPLINE_SURFACE_WITH_KNOTS('',2,3,((#11628,#11629,#11630,#11631,#11632,
#11633,#11634,#11635,#11636,#11637,#11638,#11639,#11640,#11641,#11642,#11643,
#11644,#11645,#11646,#11647,#11648,#11649,#11650,#11651,#11652,#11653,#11654,
#11655,#11656,#11657,#11658,#11659,#11660,#11661,#11662,#11663,#11664,#11665,
#11666,#11667,#11668,#11669,#11670,#11671,#11672,#11673,#11674,#11675,#11676,
#11677,#11678,#11679,#11680,#11681,#11682,#11683,#11684,#11685,#11686,#11687,
#11688,#11689,#11690,#11691,#11692,#11693),(#11694,#11695,#11696,#11697,
#11698,#11699,#11700,#11701,#11702,#11703,#11704,#11705,#11706,#11707,#11708,
#11709,#11710,#11711,#11712,#11713,#11714,#11715,#11716,#11717,#11718,#11719,
#11720,#11721,#11722,#11723,#11724,#11725,#11726,#11727,#11728,#11729,#11730,
#11731,#11732,#11733,#11734,#11735,#11736,#11737,#11738,#11739,#11740,#11741,
#11742,#11743,#11744,#11745,#11746,#11747,#11748,#11749,#11750,#11751,#11752,
#11753,#11754,#11755,#11756,#11757,#11758,#11759),(#11760,#11761,#11762,
#11763,#11764,#11765,#11766,#11767,#11768,#11769,#11770,#11771,#11772,#11773,
#11774,#11775,#11776,#11777,#11778,#11779,#11780,#11781,#11782,#11783,#11784,
#11785,#11786,#11787,#11788,#11789,#11790,#11791,#11792,#11793,#11794,#11795,
#11796,#11797,#11798,#11799,#11800,#11801,#11802,#11803,#11804,#11805,#11806,
#11807,#11808,#11809,#11810,#11811,#11812,#11813,#11814,#11815,#11816,#11817,
#11818,#11819,#11820,#11821,#11822,#11823,#11824,#11825)),.UNSPECIFIED.,
 .F.,.T.,.F.,(3,3),(4,2,2,2,2,2,2,2,2,2,2,2,2,2,2,2,2,2,2,2,2,2,2,2,2,2,
2,2,2,2,2,2,4),(0.,1.),(-0.0937001785717564,-0.0907688879455896,-0.0878375973194228,
-0.0849063066932559,-0.0819750160670891,-0.0790437254409222,-0.0761124348147554,
-0.0731811441885885,-0.0702498535624217,-0.0673185629362548,-0.064387272310088,
-0.0614559816839211,-0.0585246910577543,-0.0555934004315874,-0.0526621098054206,
-0.0497308191792537,-0.0467995285530869,-0.0438682379269201,-0.0409369473007532,
-0.0380056566745864,-0.0350743660484195,-0.0321430754222526,-0.0292117847960858,
-0.0262804941699189,-0.0233492035437521,-0.0204179129175852,-0.0174866222914184,
-0.0145553316652516,-0.0116240410390847,-0.00869275041291788,-0.00576145978675103,
-0.00283016916058418,0.000101121465582665),.UNSPECIFIED.);
#113=B_SPLINE_SURFACE_WITH_KNOTS('',3,1,((#11839,#11840),(#11841,#11842),
(#11843,#11844),(#11845,#11846)),.SURF_OF_LINEAR_EXTRUSION.,.F.,.F.,.F.,
(4,4),(2,2),(0.,1.00001150166503),(0.,1.),.PIECEWISE_BEZIER_KNOTS.);
#114=B_SPLINE_SURFACE_WITH_KNOTS('',3,1,((#11848,#11849),(#11850,#11851),
(#11852,#11853),(#11854,#11855)),.SURF_OF_LINEAR_EXTRUSION.,.F.,.F.,.F.,
(4,4),(2,2),(0.363796024201689,0.933987164268415),(0.,1.),
 .PIECEWISE_BEZIER_KNOTS.);
#115=B_SPLINE_SURFACE_WITH_KNOTS('',3,1,((#11857,#11858),(#11859,#11860),
(#11861,#11862),(#11863,#11864)),.SURF_OF_LINEAR_EXTRUSION.,.F.,.F.,.F.,
(4,4),(2,2),(0.,1.),(0.,1.),.PIECEWISE_BEZIER_KNOTS.);
#116=B_SPLINE_SURFACE_WITH_KNOTS('',3,1,((#11871,#11872),(#11873,#11874),
(#11875,#11876),(#11877,#11878)),.SURF_OF_LINEAR_EXTRUSION.,.F.,.F.,.F.,
(4,4),(2,2),(0.,1.),(0.,1.),.PIECEWISE_BEZIER_KNOTS.);
#117=B_SPLINE_SURFACE_WITH_KNOTS('',3,1,((#11880,#11881),(#11882,#11883),
(#11884,#11885),(#11886,#11887)),.SURF_OF_LINEAR_EXTRUSION.,.F.,.F.,.F.,
(4,4),(2,2),(0.0660128354622675,0.636203975794053),(0.,1.),
 .PIECEWISE_BEZIER_KNOTS.);
#118=B_SPLINE_SURFACE_WITH_KNOTS('',3,1,((#11889,#11890),(#11891,#11892),
(#11893,#11894),(#11895,#11896)),.SURF_OF_LINEAR_EXTRUSION.,.F.,.F.,.F.,
(4,4),(2,2),(-1.15016670120482E-5,1.),(0.,1.),.PIECEWISE_BEZIER_KNOTS.);
#119=B_SPLINE_SURFACE_WITH_KNOTS('',2,3,((#11897,#11898,#11899,#11900,#11901,
#11902,#11903,#11904,#11905,#11906,#11907,#11908,#11909,#11910,#11911,#11912),
(#11913,#11914,#11915,#11916,#11917,#11918,#11919,#11920,#11921,#11922,
#11923,#11924,#11925,#11926,#11927,#11928),(#11929,#11930,#11931,#11932,
#11933,#11934,#11935,#11936,#11937,#11938,#11939,#11940,#11941,#11942,#11943,
#11944)),.UNSPECIFIED.,.F.,.F.,.F.,(3,3),(4,2,2,2,2,2,2,4),(0.,1.),(0.0044641439183648,
0.00634718031725226,0.0101245745979208,0.0176793631592579,0.025234151720595,
0.0290115460012636,0.0309002431415979,0.0315719279861545),.UNSPECIFIED.);
#120=B_SPLINE_SURFACE_WITH_KNOTS('',2,3,((#11945,#11946,#11947,#11948,#11949,
#11950,#11951,#11952,#11953,#11954,#11955,#11956,#11957,#11958,#11959,#11960),
(#11961,#11962,#11963,#11964,#11965,#11966,#11967,#11968,#11969,#11970,
#11971,#11972,#11973,#11974,#11975,#11976),(#11977,#11978,#11979,#11980,
#11981,#11982,#11983,#11984,#11985,#11986,#11987,#11988,#11989,#11990,#11991,
#11992)),.UNSPECIFIED.,.F.,.F.,.F.,(3,3),(4,2,2,2,2,2,2,4),(0.,1.),(0.00446396584002444,
0.00634718041837715,0.0101245746838077,0.0176793632146688,0.0252341517455298,
0.0290115460109604,0.0309002431436756,0.0315721275248767),.UNSPECIFIED.);
#121=B_SPLINE_SURFACE_WITH_KNOTS('',3,1,((#12039,#12040),(#12041,#12042),
(#12043,#12044),(#12045,#12046)),.SURF_OF_LINEAR_EXTRUSION.,.F.,.F.,.F.,
(4,4),(2,2),(-8.74775231226753E-15,0.999999999999998),(0.,1.),
 .PIECEWISE_BEZIER_KNOTS.);
#122=B_SPLINE_SURFACE_WITH_KNOTS('',3,3,((#12067,#12068,#12069,#12070,#12071,
#12072,#12073,#12074,#12075,#12076,#12077,#12078,#12079,#12080,#12081,#12082,
#12083,#12084,#12085),(#12086,#12087,#12088,#12089,#12090,#12091,#12092,
#12093,#12094,#12095,#12096,#12097,#12098,#12099,#12100,#12101,#12102,#12103,
#12104),(#12105,#12106,#12107,#12108,#12109,#12110,#12111,#12112,#12113,
#12114,#12115,#12116,#12117,#12118,#12119,#12120,#12121,#12122,#12123),
(#12124,#12125,#12126,#12127,#12128,#12129,#12130,#12131,#12132,#12133,
#12134,#12135,#12136,#12137,#12138,#12139,#12140,#12141,#12142)),
 .UNSPECIFIED.,.F.,.T.,.F.,(4,4),(1,1,1,1,1,1,1,1,1,1,1,1,1,1,1,1,1,1,1,
1,1,1,1),(0.,0.999980342238967),(-1.17809724509617,-0.785398163397448,-0.392699081698725,
0.,0.392699081698724,0.785398163397448,1.17809724509617,1.5707963267949,
1.96349540849362,2.35619449019234,2.74889357189107,3.14159265358979,3.53429173528852,
3.92699081698724,4.31968989868597,4.71238898038469,5.10508806208341,5.49778714378214,
5.89048622548086,6.28318530717959,6.67588438887831,7.06858347057703,7.46128255227576),
 .UNSPECIFIED.);
#123=CIRCLE('',#3006,0.00397257135176595);
#124=CIRCLE('',#3007,0.00397257135176595);
#125=CIRCLE('',#3011,0.0045);
#126=CIRCLE('',#3012,0.0045);
#127=CIRCLE('',#3013,0.0045);
#128=CIRCLE('',#3014,0.0045);
#129=CIRCLE('',#3015,0.0035);
#130=CIRCLE('',#3016,0.0023);
#131=CIRCLE('',#3017,0.0035);
#132=CIRCLE('',#3018,0.0035);
#133=CIRCLE('',#3019,0.0035);
#134=CIRCLE('',#3020,0.0035);
#135=CIRCLE('',#3021,0.00350000000000047);
#136=CIRCLE('',#3022,0.0023);
#137=CIRCLE('',#3023,0.0045);
#138=CIRCLE('',#3025,0.0045);
#139=CIRCLE('',#3026,0.0045);
#140=CIRCLE('',#3027,0.003);
#141=CIRCLE('',#3028,0.003);
#142=CIRCLE('',#3030,0.003);
#143=CIRCLE('',#3033,0.003);
#144=CIRCLE('',#3035,0.038591947729582);
#145=CIRCLE('',#3040,0.0065);
#146=CIRCLE('',#3042,0.0385919473135716);
#147=CIRCLE('',#3051,0.0045);
#148=CIRCLE('',#3054,0.003);
#149=CIRCLE('',#3055,0.003);
#150=CIRCLE('',#3059,0.0045);
#151=CIRCLE('',#3061,0.003);
#152=CIRCLE('',#3062,0.003);
#153=CIRCLE('',#3065,0.0023);
#154=CIRCLE('',#3066,0.0023);
#155=CIRCLE('',#3068,0.00350000000000047);
#156=CIRCLE('',#3072,0.0023);
#157=CIRCLE('',#3073,0.0023);
#158=CIRCLE('',#3075,0.0035);
#159=CIRCLE('',#3079,0.0035);
#160=CIRCLE('',#3081,0.0023);
#161=CIRCLE('',#3082,0.0023);
#162=CIRCLE('',#3085,0.0023);
#163=CIRCLE('',#3088,0.0023);
#164=CIRCLE('',#3091,0.0023);
#165=CIRCLE('',#3092,0.0023);
#166=CIRCLE('',#3094,0.0035);
#167=CIRCLE('',#3098,0.0023);
#168=CIRCLE('',#3099,0.0023);
#169=CIRCLE('',#3101,0.0035);
#170=CIRCLE('',#3105,0.0035);
#171=CIRCLE('',#3107,0.0023);
#172=CIRCLE('',#3108,0.0023);
#173=CIRCLE('',#3130,0.0015);
#174=CIRCLE('',#3131,0.0025);
#175=CIRCLE('',#3134,0.0025);
#176=CIRCLE('',#3136,0.0015);
#177=CIRCLE('',#3140,0.0015);
#178=CIRCLE('',#3141,0.0015);
#179=CIRCLE('',#3143,0.0015);
#180=CIRCLE('',#3145,0.0015);
#181=CIRCLE('',#3148,0.0025);
#182=CIRCLE('',#3149,0.0025);
#183=CIRCLE('',#3152,0.0015);
#184=CIRCLE('',#3153,0.0015);
#185=CIRCLE('',#3163,0.0045);
#186=CIRCLE('',#3165,0.003);
#187=CIRCLE('',#3166,0.003);
#188=B_SPLINE_CURVE_WITH_KNOTS('',3,(#3715,#3716,#3717,#3718,#3719,#3720,
#3721,#3722,#3723,#3724,#3725,#3726,#3727,#3728,#3729,#3730,#3731,#3732,
#3733),.UNSPECIFIED.,.T.,.F.,(1,1,1,1,1,1,1,1,1,1,1,1,1,1,1,1,1,1,1,1,1,
1,1),(-0.190789473684211,-0.128289473684211,-0.0657894736842105,0.,0.059375,
0.12171875,0.1842109375,0.246710546875,0.30921052734375,0.371710526367187,
0.434210526318359,0.496710526315918,0.559210526315796,0.62171052631579,
0.684210526315789,0.746710526315789,0.809210526315789,0.871710526315789,
0.934210526315789,1.,1.059375,1.12171875,1.1842109375),.UNSPECIFIED.);
#189=B_SPLINE_CURVE_WITH_KNOTS('',3,(#3777,#3778,#3779,#3780),
 .UNSPECIFIED.,.F.,.F.,(4,4),(0.,1.),.UNSPECIFIED.);
#190=B_SPLINE_CURVE_WITH_KNOTS('',3,(#3783,#3784,#3785,#3786,#3787,#3788,
#3789),.UNSPECIFIED.,.F.,.F.,(4,1,1,1,4),(0.,0.25,0.5,0.75,1.),
 .UNSPECIFIED.);
#191=B_SPLINE_CURVE_WITH_KNOTS('',3,(#3795,#3796,#3797,#3798),
 .UNSPECIFIED.,.F.,.F.,(4,4),(0.,0.974370596648403),.UNSPECIFIED.);
#192=B_SPLINE_CURVE_WITH_KNOTS('',3,(#3800,#3801,#3802,#3803),
 .UNSPECIFIED.,.F.,.F.,(4,4),(0.,1.),.UNSPECIFIED.);
#193=B_SPLINE_CURVE_WITH_KNOTS('',3,(#3805,#3806,#3807,#3808),
 .UNSPECIFIED.,.F.,.F.,(4,4),(0.,1.),.UNSPECIFIED.);
#194=B_SPLINE_CURVE_WITH_KNOTS('',3,(#3810,#3811,#3812,#3813),
 .UNSPECIFIED.,.F.,.F.,(4,4),(0.,1.),.UNSPECIFIED.);
#195=B_SPLINE_CURVE_WITH_KNOTS('',3,(#3815,#3816,#3817,#3818,#3819,#3820,
#3821,#3822,#3823,#3824,#3825,#3826,#3827,#3828,#3829,#3830,#3831,#3832,
#3833,#3834,#3835,#3836,#3837,#3838,#3839,#3840,#3841,#3842,#3843,#3844,
#3845),.UNSPECIFIED.,.F.,.F.,(4,1,1,1,1,1,1,1,1,1,1,1,1,1,1,1,1,1,1,1,1,
1,1,1,1,1,1,1,4),(0.,0.0625,0.125,0.15625,0.1875,0.21875,0.234375,0.2421875,
0.25,0.2578125,0.265625,0.28125,0.3125,0.34375,0.375,0.4375,0.46875,0.484375,
0.4921875,0.5,0.5078125,0.515625,0.53125,0.5625,0.625,0.6875,0.75,0.875,
1.),.UNSPECIFIED.);
#196=B_SPLINE_CURVE_WITH_KNOTS('',3,(#3847,#3848,#3849,#3850,#3851,#3852,
#3853,#3854,#3855,#3856,#3857,#3858,#3859,#3860,#3861,#3862,#3863,#3864,
#3865,#3866,#3867,#3868,#3869,#3870,#3871,#3872,#3873,#3874,#3875,#3876),
 .UNSPECIFIED.,.F.,.F.,(4,1,1,1,1,1,1,1,1,1,1,1,1,1,1,1,1,1,1,1,1,1,1,1,
1,1,1,4),(0.,0.0625,0.125,0.15625,0.1875,0.21875,0.234375,0.25,0.265625,
0.28125,0.3125,0.375,0.40625,0.4375,0.46875,0.484375,0.4921875,0.5,0.5078125,
0.515625,0.53125,0.5625,0.59375,0.625,0.6875,0.75,0.875,1.),
 .UNSPECIFIED.);
#197=B_SPLINE_CURVE_WITH_KNOTS('',3,(#3878,#3879,#3880,#3881),
 .UNSPECIFIED.,.F.,.F.,(4,4),(0.,1.),.UNSPECIFIED.);
#198=B_SPLINE_CURVE_WITH_KNOTS('',3,(#3883,#3884,#3885,#3886),
 .UNSPECIFIED.,.F.,.F.,(4,4),(0.,1.),.UNSPECIFIED.);
#199=B_SPLINE_CURVE_WITH_KNOTS('',3,(#3888,#3889,#3890,#3891),
 .UNSPECIFIED.,.F.,.F.,(4,4),(0.,1.),.UNSPECIFIED.);
#200=B_SPLINE_CURVE_WITH_KNOTS('',3,(#3893,#3894,#3895,#3896),
 .UNSPECIFIED.,.F.,.F.,(4,4),(0.0256294033515971,1.),.UNSPECIFIED.);
#201=B_SPLINE_CURVE_WITH_KNOTS('',3,(#3902,#3903,#3904,#3905,#3906,#3907,
#3908),.UNSPECIFIED.,.F.,.F.,(4,1,1,1,4),(0.,0.25,0.5,0.75,1.),
 .UNSPECIFIED.);
#202=B_SPLINE_CURVE_WITH_KNOTS('',3,(#3965,#3966,#3967,#3968,#3969,#3970,
#3971,#3972,#3973,#3974,#3975),.UNSPECIFIED.,.F.,.F.,(4,1,1,1,1,1,1,1,4),
(0.,0.125,0.25,0.375,0.5,0.625,0.75,0.875,1.),.UNSPECIFIED.);
#203=B_SPLINE_CURVE_WITH_KNOTS('',3,(#3979,#3980,#3981,#3982,#3983,#3984),
 .UNSPECIFIED.,.F.,.F.,(4,1,1,4),(0.,0.5,0.75,1.),.UNSPECIFIED.);
#204=B_SPLINE_CURVE_WITH_KNOTS('',3,(#3988,#3989,#3990,#3991,#3992,#3993,
#3994,#3995,#3996),.UNSPECIFIED.,.F.,.F.,(4,1,1,1,1,1,4),(0.,0.25,0.375,
0.5,0.75,0.875,1.),.UNSPECIFIED.);
#205=B_SPLINE_CURVE_WITH_KNOTS('',3,(#4000,#4001,#4002,#4003,#4004),
 .UNSPECIFIED.,.F.,.F.,(4,1,4),(0.,0.5,1.),.UNSPECIFIED.);
#206=B_SPLINE_CURVE_WITH_KNOTS('',3,(#4008,#4009,#4010,#4011,#4012,#4013,
#4014,#4015,#4016),.UNSPECIFIED.,.F.,.F.,(4,1,1,1,1,1,4),(0.,0.25,0.375,
0.5,0.75,0.875,1.),.UNSPECIFIED.);
#207=B_SPLINE_CURVE_WITH_KNOTS('',3,(#4020,#4021,#4022,#4023,#4024),
 .UNSPECIFIED.,.F.,.F.,(4,1,4),(0.,0.5,1.),.UNSPECIFIED.);
#208=B_SPLINE_CURVE_WITH_KNOTS('',3,(#4028,#4029,#4030,#4031,#4032,#4033,
#4034,#4035,#4036,#4037,#4038),.UNSPECIFIED.,.F.,.F.,(4,1,1,1,1,1,1,1,4),
(0.,0.125,0.25,0.375,0.5,0.625,0.75,0.875,1.),.UNSPECIFIED.);
#209=B_SPLINE_CURVE_WITH_KNOTS('',3,(#4042,#4043,#4044,#4045,#4046,#4047),
 .UNSPECIFIED.,.F.,.F.,(4,1,1,4),(0.,0.5,0.75,1.),.UNSPECIFIED.);
#210=B_SPLINE_CURVE_WITH_KNOTS('',3,(#4056,#4057,#4058,#4059),
 .UNSPECIFIED.,.F.,.F.,(4,4),(0.,1.),.UNSPECIFIED.);
#211=B_SPLINE_CURVE_WITH_KNOTS('',3,(#4060,#4061,#4062,#4063),
 .UNSPECIFIED.,.F.,.F.,(4,4),(0.,1.),.UNSPECIFIED.);
#212=B_SPLINE_CURVE_WITH_KNOTS('',3,(#4065,#4066,#4067,#4068),
 .UNSPECIFIED.,.F.,.F.,(4,4),(0.,0.831943447282147),.UNSPECIFIED.);
#213=B_SPLINE_CURVE_WITH_KNOTS('',3,(#4070,#4071,#4072,#4073),
 .UNSPECIFIED.,.F.,.F.,(4,4),(0.0015319919290337,0.0042137358705887),
 .UNSPECIFIED.);
#214=B_SPLINE_CURVE_WITH_KNOTS('',3,(#4075,#4076,#4077,#4078,#4079,#4080,
#4081,#4082,#4083,#4084,#4085,#4086,#4087,#4088,#4089,#4090,#4091,#4092,
#4093,#4094,#4095,#4096,#4097,#4098,#4099,#4100,#4101,#4102,#4103,#4104,
#4105,#4106,#4107,#4108),.UNSPECIFIED.,.F.,.F.,(4,1,1,1,1,1,1,1,1,1,1,1,
1,1,1,1,1,1,1,1,1,1,1,1,1,1,1,1,1,1,1,4),(0.,0.0625,0.125,0.1875,0.21875,
0.25,0.3125,0.34375,0.359375,0.3671875,0.375,0.3828125,0.390625,0.40625,
0.4375,0.46875,0.484375,0.5,0.515625,0.53125,0.5625,0.625,0.6875,0.71875,
0.734375,0.75,0.765625,0.78125,0.8125,0.875,0.9375,1.),.UNSPECIFIED.);
#215=B_SPLINE_CURVE_WITH_KNOTS('',3,(#4120,#4121,#4122,#4123,#4124,#4125,
#4126,#4127,#4128,#4129,#4130,#4131,#4132,#4133,#4134,#4135,#4136,#4137,
#4138,#4139,#4140,#4141,#4142,#4143,#4144,#4145,#4146,#4147,#4148,#4149,
#4150,#4151,#4152,#4153,#4154,#4155,#4156,#4157,#4158,#4159,#4160),
 .UNSPECIFIED.,.F.,.F.,(4,1,1,1,1,1,1,1,1,1,1,1,1,1,1,1,1,1,1,1,1,1,1,1,
1,1,1,1,1,1,1,1,1,1,1,1,1,1,4),(0.,0.0625,0.125,0.1875,0.21875,0.234375,
0.25,0.265625,0.28125,0.3125,0.375,0.4375,0.46875,0.484375,0.5,0.515625,
0.53125,0.5625,0.59375,0.609375,0.6171875,0.62109375,0.625,0.62890625,0.6328125,
0.640625,0.65625,0.671875,0.6875,0.71875,0.734375,0.7421875,0.75,0.765625,
0.78125,0.8125,0.875,0.9375,1.),.UNSPECIFIED.);
#216=B_SPLINE_CURVE_WITH_KNOTS('',3,(#4162,#4163,#4164,#4165),
 .UNSPECIFIED.,.F.,.F.,(4,4),(0.,0.00268996544378296),.UNSPECIFIED.);
#217=B_SPLINE_CURVE_WITH_KNOTS('',3,(#4167,#4168,#4169,#4170),
 .UNSPECIFIED.,.F.,.F.,(4,4),(0.168056841996341,1.),.UNSPECIFIED.);
#218=B_SPLINE_CURVE_WITH_KNOTS('',3,(#4172,#4173,#4174,#4175),
 .UNSPECIFIED.,.F.,.F.,(4,4),(0.,1.),.UNSPECIFIED.);
#219=B_SPLINE_CURVE_WITH_KNOTS('',3,(#4176,#4177,#4178,#4179),
 .UNSPECIFIED.,.F.,.F.,(4,4),(0.,1.),.UNSPECIFIED.);
#220=B_SPLINE_CURVE_WITH_KNOTS('',3,(#4206,#4207,#4208,#4209),
 .UNSPECIFIED.,.F.,.F.,(4,4),(3.10316769155909E-17,0.00153199192896321),
 .UNSPECIFIED.);
#221=B_SPLINE_CURVE_WITH_KNOTS('',3,(#4210,#4211,#4212,#4213),
 .UNSPECIFIED.,.F.,.F.,(4,4),(0.831943447282147,1.),.UNSPECIFIED.);
#222=B_SPLINE_CURVE_WITH_KNOTS('',3,(#4215,#4216,#4217,#4218),
 .UNSPECIFIED.,.F.,.F.,(4,4),(0.,1.),.UNSPECIFIED.);
#223=B_SPLINE_CURVE_WITH_KNOTS('',3,(#4238,#4239,#4240,#4241,#4242,#4243,
#4244,#4245),.UNSPECIFIED.,.F.,.F.,(4,1,1,1,1,4),(0.,0.25,0.5,0.625,0.75,
1.),.UNSPECIFIED.);
#224=B_SPLINE_CURVE_WITH_KNOTS('',3,(#4247,#4248,#4249,#4250),
 .UNSPECIFIED.,.F.,.F.,(4,4),(0.784477687883582,1.),.UNSPECIFIED.);
#225=B_SPLINE_CURVE_WITH_KNOTS('',3,(#4252,#4253,#4254,#4255,#4256,#4257),
 .UNSPECIFIED.,.F.,.F.,(4,1,1,4),(0.00449591107808241,0.00973979097337961,
0.0149836708686768,0.0254714306592712),.UNSPECIFIED.);
#226=B_SPLINE_CURVE_WITH_KNOTS('',3,(#4259,#4260,#4261,#4262),
 .UNSPECIFIED.,.F.,.F.,(4,4),(0.,1.),.UNSPECIFIED.);
#227=B_SPLINE_CURVE_WITH_KNOTS('',3,(#4281,#4282,#4283,#4284,#4285,#4286,
#4287,#4288,#4289,#4290,#4291,#4292,#4293,#4294,#4295,#4296,#4297,#4298,
#4299,#4300,#4301,#4302,#4303,#4304,#4305,#4306,#4307,#4308,#4309,#4310,
#4311,#4312,#4313,#4314),.UNSPECIFIED.,.T.,.F.,(1,1,1,1,1,1,1,1,1,1,1,1,
1,1,1,1,1,1,1,1,1,1,1,1,1,1,1,1,1,1,1,1,1,1,1,1,1,1),(-0.0970394736842106,
-0.0657894736842105,-0.0328947368421053,0.,0.059375,0.090546875,0.12171875,
0.15296484375,0.1842109375,0.2154607421875,0.246710546875,0.277960537109375,
0.30921052734375,0.340460526855469,0.371710526367187,0.402960526342773,
0.434210526318359,0.465460526317139,0.496710526315918,0.527960526315857,
0.559210526315796,0.590460526315793,0.62171052631579,0.65296052631579,0.684210526315789,
0.715460526315789,0.746710526315789,0.777960526315789,0.809210526315789,
0.840460526315789,0.871710526315789,0.902960526315789,0.934210526315789,
0.967105263157895,1.,1.059375,1.090546875,1.12171875),.UNSPECIFIED.);
#228=B_SPLINE_CURVE_WITH_KNOTS('',3,(#4319,#4320,#4321,#4322,#4323,#4324,
#4325,#4326,#4327),.UNSPECIFIED.,.F.,.F.,(4,1,1,1,1,1,4),(0.,0.25,0.5,0.75,
0.875,0.9375,1.),.UNSPECIFIED.);
#229=B_SPLINE_CURVE_WITH_KNOTS('',3,(#4331,#4332,#4333,#4334,#4335,#4336,
#4337,#4338,#4339),.UNSPECIFIED.,.F.,.F.,(4,1,1,1,1,1,4),(0.,0.0624999990460448,
0.12499999809209,0.249999996184179,0.499999992368359,0.749999988552538,
0.999999984736717),.UNSPECIFIED.);
#230=B_SPLINE_CURVE_WITH_KNOTS('',3,(#4348,#4349,#4350,#4351,#4352,#4353,
#4354,#4355,#4356,#4357),.UNSPECIFIED.,.F.,.F.,(4,1,1,1,1,1,1,4),(0.0141328236399148,
0.0156635158986554,0.0164288620280256,0.0171942081573959,0.0179595542867662,
0.0187249004161365,0.0194902465455067,0.020255592674877),.UNSPECIFIED.);
#231=B_SPLINE_CURVE_WITH_KNOTS('',3,(#4360,#4361,#4362,#4363,#4364,#4365,
#4366,#4367,#4368,#4369,#4370,#4371,#4372,#4373,#4374,#4375,#4376,#4377,
#4378,#4379),.UNSPECIFIED.,.F.,.F.,(4,1,1,1,1,1,1,1,1,1,1,1,1,1,1,1,1,4),
(0.,0.125,0.25,0.3125,0.375,0.4375,0.46875,0.484375,0.5,0.515625,0.53125,
0.5625,0.625,0.6875,0.75,0.8125,0.875,1.),.UNSPECIFIED.);
#232=B_SPLINE_CURVE_WITH_KNOTS('',3,(#4383,#4384,#4385,#4386,#4387,#4388,
#4389,#4390,#4391,#4392,#4393,#4394,#4395,#4396,#4397,#4398,#4399,#4400,
#4401,#4402,#4403,#4404,#4405,#4406,#4407,#4408,#4409,#4410,#4411,#4412,
#4413),.UNSPECIFIED.,.F.,.F.,(4,1,1,1,1,1,1,1,1,1,1,1,1,1,1,1,1,1,1,1,1,
1,1,1,1,1,1,1,4),(0.,0.125,0.1875,0.21875,0.25,0.28125,0.3125,0.375,0.4375,
0.46875,0.484375,0.5,0.515625,0.53125,0.5625,0.625,0.6875,0.71875,0.734375,
0.7421875,0.75,0.7578125,0.765625,0.78125,0.8125,0.84375,0.875,0.9375,1.),
 .UNSPECIFIED.);
#233=B_SPLINE_CURVE_WITH_KNOTS('',3,(#4415,#4416,#4417,#4418,#4419,#4420,
#4421),.UNSPECIFIED.,.F.,.F.,(4,1,1,1,4),(0.,0.00040539885716943,0.00081079771433886,
0.00121619657150829,0.00162159542867772),.UNSPECIFIED.);
#234=B_SPLINE_CURVE_WITH_KNOTS('',3,(#4422,#4423,#4424,#4425,#4426,#4427,
#4428,#4429,#4430,#4431,#4432,#4433,#4434,#4435,#4436,#4437,#4438,#4439,
#4440,#4441,#4442,#4443,#4444,#4445,#4446,#4447,#4448,#4449,#4450,#4451,
#4452,#4453,#4454,#4455,#4456,#4457,#4458,#4459,#4460,#4461,#4462,#4463,
#4464,#4465,#4466,#4467,#4468,#4469,#4470,#4471,#4472,#4473,#4474,#4475,
#4476,#4477,#4478,#4479,#4480,#4481,#4482,#4483,#4484,#4485,#4486,#4487,
#4488,#4489,#4490,#4491,#4492,#4493,#4494,#4495,#4496,#4497,#4498,#4499,
#4500,#4501,#4502,#4503,#4504,#4505,#4506,#4507,#4508,#4509,#4510,#4511,
#4512,#4513,#4514,#4515,#4516,#4517,#4518,#4519,#4520,#4521,#4522,#4523,
#4524,#4525,#4526,#4527,#4528,#4529,#4530,#4531,#4532,#4533,#4534,#4535,
#4536),.UNSPECIFIED.,.F.,.F.,(4,1,1,1,1,1,1,1,1,1,1,1,1,1,1,1,1,1,1,1,1,
1,1,1,1,1,1,1,1,1,1,1,1,1,1,1,1,1,1,1,1,1,1,1,1,1,1,1,1,1,1,1,1,1,1,1,1,
1,1,1,1,1,1,1,1,1,1,1,1,1,1,1,1,1,1,1,1,1,1,1,1,1,1,1,1,1,1,1,1,1,1,1,1,
1,1,1,1,1,1,1,1,1,1,1,1,1,1,1,1,1,1,1,4),(0.,0.015470457661005,0.03094091532201,
0.0386761441525125,0.046411372983015,0.0541466018135175,0.0580142162287687,
0.0618818306440199,0.0657494450592712,0.0696170594745224,0.0773522883050249,
0.0928227459660299,0.108293203627035,0.116028432457537,0.119896046872789,
0.12376366128804,0.131498890118542,0.139234118949045,0.15470457661005,0.18564549193206,
0.201115949593065,0.21658640725407,0.232056864915075,0.239792093745577,
0.24752732257608,0.249461129783705,0.251394936991331,0.255262551406582,
0.262997780237085,0.27846823789809,0.3094091532201,0.34035006854211,0.355820526203115,
0.363555755033617,0.37129098386412,0.375158598279371,0.379026212694622,
0.386761441525125,0.40223189918613,0.43317281450814,0.46411372983015,0.479584187491155,
0.487319416321657,0.49505464515216,0.498922259567411,0.502789873982662,
0.510525102813165,0.52599556047417,0.556936475796179,0.572406933457184,
0.587877391118189,0.603347848779194,0.611083077609697,0.618818306440199,
0.622685920855451,0.624619728063076,0.626553535270702,0.630421149685953,
0.634288764101204,0.642023992931707,0.649759221762209,0.665229679423214,
0.672964908253717,0.680700137084219,0.684567751499471,0.686501558707096,
0.687468462310909,0.688435365914722,0.692302980329973,0.696170594745224,
0.703905823575727,0.711641052406229,0.727111510067234,0.734846738897737,
0.742581967728239,0.74644958214349,0.750317196558742,0.754184810973993,
0.758052425389244,0.765787654219747,0.773522883050249,0.788993340711254,
0.796728569541757,0.804463798372259,0.808331412787511,0.810265219995136,
0.812199027202762,0.814132834410387,0.816066641618013,0.819934256033264,
0.827669484863767,0.835404713694269,0.850875171355274,0.866345629016279,
0.897286544338289,0.912757001999294,0.928227459660299,0.935962688490802,
0.943697917321304,0.951433146151807,0.959168374982309,0.96303598939756,
0.966903603812811,0.968837411020437,0.970771218228063,0.974638832643314,
0.978506447058565,0.982374061473817,0.983340965077629,0.984307868681442,
0.985274772285255,0.986241675889068,0.990109290304319),.UNSPECIFIED.);
#235=B_SPLINE_CURVE_WITH_KNOTS('',3,(#4564,#4565,#4566,#4567,#4568,#4569,
#4570,#4571,#4572,#4573,#4574,#4575,#4576,#4577,#4578,#4579,#4580,#4581,
#4582,#4583,#4584,#4585,#4586,#4587,#4588,#4589,#4590,#4591,#4592,#4593,
#4594,#4595,#4596,#4597,#4598,#4599,#4600,#4601,#4602,#4603,#4604,#4605,
#4606,#4607,#4608,#4609,#4610,#4611,#4612,#4613,#4614,#4615,#4616,#4617,
#4618,#4619,#4620,#4621,#4622,#4623,#4624,#4625,#4626,#4627,#4628,#4629,
#4630,#4631,#4632,#4633,#4634,#4635,#4636,#4637,#4638,#4639,#4640,#4641,
#4642,#4643,#4644,#4645,#4646,#4647,#4648,#4649),.UNSPECIFIED.,.F.,.F.,
(4,1,1,1,1,1,1,1,1,1,1,1,1,1,1,1,1,1,1,1,1,1,1,1,1,1,1,1,1,1,1,1,1,1,1,
1,1,1,1,1,1,1,1,1,1,1,1,1,1,1,1,1,1,1,1,1,1,1,1,1,1,1,1,1,1,1,1,1,1,1,1,
1,1,1,1,1,1,1,1,1,1,1,1,4),(2.02719898680812E-9,0.062500001900499,0.0937500018371491,
0.109375001805474,0.117187501789637,0.125000001773799,0.132812501757962,
0.140625001742124,0.156250001710449,0.187500001647099,0.218750001583749,
0.234375001552074,0.242187501536237,0.250000001520399,0.257812501504562,
0.265625001488724,0.281250001457049,0.312500001393699,0.328125001362024,
0.343750001330349,0.351562501314512,0.359375001298674,0.367187501282837,
0.371093751274918,0.373046876270959,0.375000001266999,0.37695312626304,
0.378906251259081,0.382812501251162,0.390625001235324,0.398437501219487,
0.406250001203649,0.421875001171974,0.437500001140299,0.46875000107695,
0.484375001045275,0.492187501029437,0.5000000010136,0.507812500997762,0.515625000981925,
0.53125000095025,0.5625000008869,0.578125000855225,0.59375000082355,0.601562500807712,
0.609375000791875,0.617187500776037,0.621093750768118,0.623046875764159,
0.6250000007602,0.62695312575624,0.628906250752281,0.632812500744362,0.640625000728525,
0.648437500712687,0.65625000069685,0.671875000665175,0.6875000006335,0.71875000057015,
0.734375000538475,0.742187500522637,0.746093750514718,0.7500000005068,0.753906250498881,
0.757812500490962,0.765625000475125,0.78125000044345,0.796875000411775,
0.8125000003801,0.84375000031675,0.8750000002534,0.90625000019005,0.921875000158375,
0.9375000001267,0.945312500110862,0.953125000095025,0.957031250087106,0.960937500079188,
0.962890625075228,0.964843750071269,0.96875000006335,0.976562500047512,
0.984375000031675,1.),.UNSPECIFIED.);
#236=B_SPLINE_CURVE_WITH_KNOTS('',3,(#4653,#4654,#4655,#4656,#4657,#4658,
#4659,#4660,#4661,#4662,#4663,#4664,#4665,#4666,#4667,#4668,#4669,#4670,
#4671,#4672,#4673,#4674,#4675,#4676,#4677,#4678,#4679,#4680,#4681,#4682,
#4683,#4684,#4685,#4686,#4687,#4688,#4689,#4690,#4691,#4692,#4693,#4694,
#4695,#4696,#4697,#4698,#4699,#4700,#4701,#4702,#4703,#4704,#4705,#4706,
#4707,#4708,#4709,#4710,#4711,#4712,#4713,#4714,#4715,#4716,#4717,#4718,
#4719,#4720,#4721,#4722,#4723,#4724,#4725,#4726,#4727,#4728,#4729,#4730,
#4731,#4732,#4733,#4734,#4735),.UNSPECIFIED.,.F.,.F.,(4,1,1,1,1,1,1,1,1,
1,1,1,1,1,1,1,1,1,1,1,1,1,1,1,1,1,1,1,1,1,1,1,1,1,1,1,1,1,1,1,1,1,1,1,1,
1,1,1,1,1,1,1,1,1,1,1,1,1,1,1,1,1,1,1,1,1,1,1,1,1,1,1,1,1,1,1,1,1,1,1,4),
(8.06142825476463E-7,0.0078132982725357,0.0156257904022459,0.019532036467101,
0.0234382825319561,0.0273445285968112,0.0292976516292388,0.0302742131454526,
0.0312507746616664,0.0322273361778801,0.0332038976940939,0.0351570207265215,
0.0390632667913766,0.0429695128562317,0.0468757589210868,0.054688251050797,
0.0585944971156521,0.0625007431805072,0.0703132353102175,0.0781257274399277,
0.0937507116993481,0.109375695958769,0.117188188088479,0.121094434153334,
0.125000680218189,0.128906926283044,0.132813172347899,0.140625664477609,
0.15625064873703,0.17187563299645,0.187500617255871,0.218750585774712,0.234375570034132,
0.250000554293553,0.265625538552973,0.281250522812393,0.312500491331234,
0.343750459850075,0.359375444109496,0.375000428368916,0.390625412628336,
0.406250396887757,0.437500365406598,0.453125349666018,0.468750333925439,
0.484375318184859,0.492187810314569,0.496094056379424,0.50000030244428,
0.503906548509135,0.50781279457399,0.5156252867037,0.53125027096312,0.546875255222541,
0.562500239481961,0.593750208000802,0.609375192260223,0.617187684389933,
0.621093930454788,0.625000176519643,0.628906422584498,0.632812668649353,
0.640625160779064,0.656250145038484,0.687500113557325,0.718750082076166,
0.750000050595007,0.765625034854427,0.781250019113848,0.812499987632688,
0.828124971892109,0.843749956151529,0.85937494041095,0.86718743254066,0.87499992467037,
0.88281241680008,0.890624908929791,0.906249893189211,0.937499861708052,
0.968749830226893,0.999999798745734),.UNSPECIFIED.);
#237=B_SPLINE_CURVE_WITH_KNOTS('',3,(#4737,#4738,#4739,#4740),
 .UNSPECIFIED.,.F.,.F.,(4,4),(0.776989842391248,1.),.UNSPECIFIED.);
#238=B_SPLINE_CURVE_WITH_KNOTS('',3,(#4742,#4743,#4744,#4745,#4746,#4747,
#4748,#4749,#4750,#4751,#4752,#4753,#4754,#4755,#4756,#4757,#4758,#4759,
#4760,#4761,#4762,#4763,#4764,#4765,#4766,#4767,#4768,#4769,#4770,#4771,
#4772,#4773,#4774,#4775,#4776,#4777,#4778,#4779,#4780,#4781,#4782,#4783,
#4784,#4785,#4786,#4787,#4788,#4789,#4790,#4791),.UNSPECIFIED.,.F.,.F.,
(4,3,2,2,2,2,2,2,2,2,2,2,2,2,2,2,2,2,2,2,2,2,3,4),(-0.270978981467223,0.166668830009057,
0.170087953536216,0.173507077063375,0.180345324117691,0.187183571172008,
0.194021818226325,0.207698312334959,0.214536559389276,0.221374806443593,
0.228213053497909,0.235051300552226,0.238470424079385,0.241889547606544,
0.245308671133702,0.247018232897281,0.247873013779071,0.24872779466086,
0.250437356424439,0.252146918188018,0.255566041715177,0.262404288769494,
0.276080782878128,0.713728594354408),.UNSPECIFIED.);
#239=B_SPLINE_CURVE_WITH_KNOTS('',3,(#4793,#4794,#4795,#4796,#4797,#4798),
 .UNSPECIFIED.,.F.,.F.,(4,1,1,4),(0.,0.00267976945414627,0.00535953890829254,
0.0107190778165851),.UNSPECIFIED.);
#240=B_SPLINE_CURVE_WITH_KNOTS('',3,(#4800,#4801,#4802,#4803,#4804,#4805,
#4806,#4807,#4808,#4809,#4810,#4811,#4812,#4813,#4814,#4815,#4816,#4817),
 .UNSPECIFIED.,.F.,.F.,(4,1,1,1,1,1,1,1,1,1,1,1,1,1,1,4),(0.,0.125,0.1875,
0.21875,0.25,0.28125,0.3125,0.375,0.4375,0.46875,0.5,0.53125,0.5625,0.625,
0.75,1.),.UNSPECIFIED.);
#241=B_SPLINE_CURVE_WITH_KNOTS('',3,(#4821,#4822,#4823,#4824,#4825,#4826,
#4827,#4828,#4829,#4830,#4831,#4832,#4833),.UNSPECIFIED.,.F.,.F.,(4,1,1,
1,1,1,1,1,1,1,4),(0.,0.25,0.375,0.4375,0.46875,0.5,0.5625,0.625,0.75,0.875,
1.),.UNSPECIFIED.);
#242=B_SPLINE_CURVE_WITH_KNOTS('',3,(#4842,#4843,#4844,#4845,#4846,#4847,
#4848,#4849,#4850,#4851,#4852,#4853,#4854,#4855,#4856,#4857,#4858,#4859,
#4860,#4861),.UNSPECIFIED.,.F.,.F.,(4,1,1,1,1,1,1,1,1,1,1,1,1,1,1,1,1,4),
(0.,0.125,0.1875,0.25,0.3125,0.375,0.4375,0.5,0.5625,0.625,0.65625,0.6875,
0.703125,0.71875,0.75,0.8125,0.875,1.),.UNSPECIFIED.);
#243=B_SPLINE_CURVE_WITH_KNOTS('',3,(#4863,#4864,#4865,#4866,#4867,#4868,
#4869,#4870,#4871,#4872),.UNSPECIFIED.,.F.,.F.,(4,1,1,1,1,1,1,4),(0.0158919711290158,
0.0166589743718105,0.0174259776146052,0.0181929808573999,0.0189599841001946,
0.0197269873429893,0.0204939905857841,0.0220279970713735),.UNSPECIFIED.);
#244=B_SPLINE_CURVE_WITH_KNOTS('',3,(#4874,#4875,#4876,#4877,#4878,#4879,
#4880,#4881,#4882,#4883,#4884,#4885,#4886,#4887,#4888,#4889,#4890,#4891,
#4892,#4893,#4894,#4895,#4896,#4897,#4898,#4899,#4900,#4901,#4902,#4903,
#4904),.UNSPECIFIED.,.F.,.F.,(4,1,1,1,1,1,1,1,1,1,1,1,1,1,1,1,1,1,1,1,1,
1,1,1,1,1,1,1,4),(1.64431653086158E-5,0.0625154154674768,0.125014387769645,
0.156263873920729,0.187513360071813,0.218762846222897,0.234387589298439,
0.24219996083621,0.250012332373981,0.257824703911752,0.265637075449524,
0.281261818525066,0.31251130467615,0.375010276978318,0.437509249280486,
0.46875873543157,0.484383478507112,0.500008221582654,0.515632964658196,
0.531257707733738,0.562507193884823,0.625006166186991,0.687505138489159,
0.718754624640243,0.750004110791327,0.781253596942411,0.812503083093495,
0.875002055395664,1.),.UNSPECIFIED.);
#245=B_SPLINE_CURVE_WITH_KNOTS('',3,(#4937,#4938,#4939,#4940,#4941,#4942,
#4943,#4944,#4945,#4946,#4947,#4948,#4949,#4950,#4951,#4952,#4953,#4954,
#4955,#4956,#4957,#4958,#4959,#4960,#4961,#4962,#4963,#4964,#4965,#4966,
#4967,#4968,#4969,#4970,#4971,#4972,#4973,#4974,#4975,#4976,#4977,#4978,
#4979,#4980,#4981,#4982,#4983,#4984,#4985,#4986,#4987,#4988,#4989,#4990,
#4991,#4992,#4993,#4994,#4995,#4996,#4997,#4998,#4999,#5000,#5001,#5002,
#5003,#5004,#5005,#5006,#5007,#5008,#5009,#5010,#5011,#5012,#5013,#5014,
#5015,#5016,#5017,#5018,#5019,#5020,#5021,#5022,#5023,#5024,#5025,#5026,
#5027,#5028,#5029,#5030,#5031,#5032,#5033,#5034,#5035,#5036,#5037,#5038,
#5039,#5040,#5041,#5042,#5043,#5044,#5045,#5046,#5047,#5048,#5049,#5050,
#5051,#5052,#5053,#5054,#5055,#5056,#5057,#5058,#5059,#5060,#5061,#5062,
#5063,#5064,#5065,#5066,#5067,#5068,#5069,#5070,#5071,#5072,#5073,#5074,
#5075,#5076,#5077,#5078,#5079,#5080,#5081,#5082,#5083,#5084,#5085,#5086,
#5087,#5088,#5089,#5090,#5091,#5092,#5093,#5094,#5095,#5096,#5097,#5098,
#5099,#5100,#5101,#5102,#5103,#5104,#5105,#5106,#5107,#5108,#5109,#5110,
#5111,#5112,#5113,#5114,#5115,#5116,#5117,#5118,#5119,#5120,#5121,#5122,
#5123,#5124,#5125,#5126,#5127,#5128,#5129,#5130,#5131,#5132,#5133,#5134,
#5135),.UNSPECIFIED.,.F.,.F.,(4,1,1,1,1,1,1,1,1,1,1,1,1,1,1,1,1,1,1,1,1,
1,1,1,1,1,1,1,1,1,1,1,1,1,1,1,1,1,1,1,1,1,1,1,1,1,1,1,1,1,1,1,1,1,1,1,1,
1,1,1,1,1,1,1,1,1,1,1,1,1,1,1,1,1,1,1,1,1,1,1,1,1,1,1,1,1,1,1,1,1,1,1,1,
1,1,1,1,1,1,1,1,1,1,1,1,1,1,1,1,1,1,1,1,1,1,1,1,1,1,1,1,1,1,1,1,1,1,1,1,
1,1,1,1,1,1,1,1,1,1,1,1,1,1,1,1,1,1,1,1,1,1,1,1,1,1,1,1,1,1,1,1,1,1,1,1,
1,1,1,1,1,1,1,1,1,1,1,1,1,1,1,1,1,1,1,1,1,1,1,1,1,1,1,1,1,1,1,4),(0.,0.00194744518850079,
0.00389489037700158,0.00486861297125197,0.00584233556550237,0.00681605815975276,
0.00730291945687796,0.00754635010544056,0.00778978075400316,0.00803321140256575,
0.00827664205112835,0.00876350334825355,0.00973722594250395,0.0107109485367543,
0.0116846711310047,0.0136321163195055,0.0146058389137559,0.0155795615080063,
0.0165532841022567,0.0175270066965071,0.0194744518850079,0.0233693422620095,
0.027264232639011,0.0292116778275118,0.0311591230160126,0.0331065682045134,
0.0350540133930142,0.0389489037700158,0.0467386845240189,0.0545284652780221,
0.0584233556550237,0.0623182460320253,0.0662131364090268,0.0701080267860284,
0.0778978075400316,0.0934773690480379,0.101267149802041,0.109056930556044,
0.116846711310047,0.120741601687049,0.12268904687555,0.124636492064051,
0.126583937252551,0.128531382441052,0.132426272818054,0.140216053572057,
0.14800583432606,0.155795615080063,0.163585395834066,0.171375176588069,
0.175270066965071,0.179164957342073,0.183059847719074,0.185007292907575,
0.185981015501825,0.186954738096076,0.187441599393201,0.187928460690326,
0.188902183284577,0.190849628473077,0.194744518850079,0.198639409227081,
0.202534299604082,0.210324080358085,0.218113861112088,0.233693422620095,
0.241483203374098,0.249272984128101,0.257062764882104,0.264852545636107,
0.280432107144114,0.288221887898117,0.29601166865212,0.299906559029121,
0.303801449406123,0.307696339783125,0.309643784971625,0.311591230160126,
0.312564952754377,0.313538675348627,0.315486120537128,0.319381010914129,
0.327170791668133,0.334960572422136,0.342750353176139,0.358329914684145,
0.366119695438148,0.37001458581515,0.373909476192152,0.374883198786402,
0.375856921380652,0.377804366569153,0.381699256946155,0.389489037700158,
0.405068599208164,0.420648160716171,0.428437941470174,0.436227722224177,
0.451807283732183,0.467386845240189,0.482966406748196,0.490756187502199,
0.4946510778792,0.498545968256202,0.500493413444703,0.502440858633204,0.506335749010205,
0.514125529764208,0.529705091272215,0.537494872026218,0.545284652780221,
0.549179543157222,0.553074433534224,0.556969323911226,0.558916769099726,
0.560864214288227,0.561837936882478,0.562324798179603,0.562811659476728,
0.563785382070978,0.564759104665229,0.56670654985373,0.56865399504223,0.576443775796234,
0.584233556550237,0.588128446927238,0.59202333730424,0.593970782492741,
0.595918227681241,0.599813118058243,0.607602898812246,0.615392679566249,
0.619287569943251,0.621235015131752,0.623182460320252,0.624156182914503,
0.625129905508753,0.626103628103004,0.627077350697254,0.630972241074256,
0.638762021828259,0.646551802582262,0.650446692959264,0.654341583336265,
0.656289028524766,0.658236473713267,0.662131364090268,0.669921144844271,
0.677710925598275,0.681605815975276,0.685500706352278,0.687448151540779,
0.689395596729279,0.693290487106281,0.701080267860284,0.71665982936829,
0.732239390876297,0.7400291716303,0.747818952384303,0.763398513892309,0.778978075400316,
0.786767856154319,0.794557636908322,0.802347417662325,0.806242308039327,
0.810137198416328,0.812084643604829,0.81403208879333,0.817926979170332,
0.825716759924335,0.841296321432341,0.849086102186344,0.856875882940347,
0.86466566369435,0.868560554071352,0.872455444448354,0.874402889636854,
0.875376612231105,0.876350334825355,0.880245225202357,0.88803500595636,
0.903614567464366,0.911404348218369,0.919194128972372,0.926983909726376,
0.930878800103377,0.934773690480379,0.936721135668879,0.93769485826313,
0.93866858085738,0.940616026045881,0.942563471234382,0.946458361611384,
0.950353251988385,0.965932813496391,0.981512375004398,0.997091936512404),
 .UNSPECIFIED.);
#246=B_SPLINE_CURVE_WITH_KNOTS('',3,(#5138,#5139,#5140,#5141),
 .UNSPECIFIED.,.F.,.F.,(4,4),(0.,1.),.UNSPECIFIED.);
#247=B_SPLINE_CURVE_WITH_KNOTS('',3,(#5143,#5144,#5145,#5146,#5147,#5148,
#5149,#5150,#5151,#5152,#5153),.UNSPECIFIED.,.F.,.F.,(4,1,1,1,1,1,1,1,4),
(0.0067342574193606,0.130892475241941,0.25505069306452,0.3792089108871,
0.50336712870968,0.62752534653226,0.75168356435484,0.87584178217742,1.),
 .UNSPECIFIED.);
#248=B_SPLINE_CURVE_WITH_KNOTS('',3,(#5155,#5156,#5157,#5158),
 .UNSPECIFIED.,.F.,.F.,(4,4),(0.,1.),.UNSPECIFIED.);
#249=B_SPLINE_CURVE_WITH_KNOTS('',3,(#5160,#5161,#5162,#5163,#5164,#5165,
#5166,#5167,#5168,#5169,#5170,#5171,#5172,#5173,#5174,#5175,#5176,#5177,
#5178,#5179,#5180,#5181,#5182,#5183,#5184,#5185,#5186,#5187,#5188,#5189,
#5190,#5191,#5192,#5193,#5194,#5195,#5196,#5197,#5198,#5199,#5200,#5201,
#5202,#5203,#5204,#5205,#5206,#5207,#5208,#5209,#5210,#5211,#5212,#5213,
#5214,#5215,#5216,#5217,#5218,#5219,#5220,#5221,#5222,#5223,#5224,#5225,
#5226,#5227,#5228,#5229,#5230,#5231,#5232,#5233,#5234,#5235,#5236,#5237,
#5238,#5239,#5240,#5241,#5242,#5243,#5244,#5245,#5246,#5247,#5248),
 .UNSPECIFIED.,.F.,.F.,(4,1,1,1,1,1,1,1,1,1,1,1,1,1,1,1,1,1,1,1,1,1,1,1,
1,1,1,1,1,1,1,1,1,1,1,1,1,1,1,1,1,1,1,1,1,1,1,1,1,1,1,1,1,1,1,1,1,1,1,1,
1,1,1,1,1,1,1,1,1,1,1,1,1,1,1,1,1,1,1,1,1,1,1,1,1,1,4),(0.,0.0625,0.125,
0.15625,0.1875,0.203125,0.21875,0.234375,0.2421875,0.24609375,0.25,0.25390625,
0.2578125,0.265625,0.28125,0.296875,0.3125,0.34375,0.375,0.40625,0.4375,
0.46875,0.484375,0.4921875,0.5,0.5078125,0.515625,0.53125,0.5625,0.578125,
0.59375,0.6015625,0.609375,0.6171875,0.62109375,0.623046875,0.625,0.626953125,
0.62890625,0.6328125,0.640625,0.6484375,0.65625,0.671875,0.6875,0.703125,
0.71875,0.734375,0.7421875,0.74609375,0.75,0.75390625,0.7578125,0.765625,
0.78125,0.796875,0.8125,0.828125,0.84375,0.859375,0.8671875,0.87109375,
0.875,0.87890625,0.8828125,0.890625,0.90625,0.921875,0.9375,0.953125,0.9609375,
0.96484375,0.966796875,0.96875,0.970703125,0.97265625,0.9765625,0.98046875,
0.982421875,0.9833984375,0.984375,0.9853515625,0.986328125,0.98828125,0.9921875,
0.99609375,1.),.UNSPECIFIED.);
#250=B_SPLINE_CURVE_WITH_KNOTS('',3,(#5250,#5251,#5252,#5253),
 .UNSPECIFIED.,.F.,.F.,(4,4),(0.,1.),.UNSPECIFIED.);
#251=B_SPLINE_CURVE_WITH_KNOTS('',3,(#5256,#5257,#5258,#5259),
 .UNSPECIFIED.,.F.,.F.,(4,4),(0.,0.999947266590051),.UNSPECIFIED.);
#252=B_SPLINE_CURVE_WITH_KNOTS('',3,(#5261,#5262,#5263,#5264,#5265),
 .UNSPECIFIED.,.F.,.F.,(4,1,4),(0.0315435980476509,0.0337340707906785,0.0359245435337061),
 .UNSPECIFIED.);
#253=B_SPLINE_CURVE_WITH_KNOTS('',3,(#5267,#5268,#5269,#5270),
 .UNSPECIFIED.,.F.,.F.,(4,4),(0.0233451837480363,0.881005810280166),
 .UNSPECIFIED.);
#254=B_SPLINE_CURVE_WITH_KNOTS('',3,(#5272,#5273,#5274,#5275),
 .UNSPECIFIED.,.F.,.F.,(4,4),(0.,0.00053978104293842),.UNSPECIFIED.);
#255=B_SPLINE_CURVE_WITH_KNOTS('',3,(#5277,#5278,#5279,#5280),
 .UNSPECIFIED.,.F.,.F.,(4,4),(0.,0.0109100503867146),.UNSPECIFIED.);
#256=B_SPLINE_CURVE_WITH_KNOTS('',3,(#5282,#5283,#5284,#5285,#5286,#5287,
#5288,#5289,#5290,#5291,#5292,#5293,#5294,#5295,#5296,#5297,#5298,#5299,
#5300,#5301,#5302,#5303,#5304,#5305,#5306,#5307,#5308,#5309,#5310,#5311,
#5312,#5313,#5314,#5315),.UNSPECIFIED.,.F.,.F.,(4,1,1,1,1,1,1,1,1,1,1,1,
1,1,1,1,1,1,1,1,1,1,1,1,1,1,1,1,1,1,1,4),(0.,0.0353583163671675,0.070716632734335,
0.0883957909179187,0.106074949101503,0.114914528193294,0.11933431773919,
0.123754107285086,0.132593686376878,0.14143326546867,0.150272844560462,
0.159112423652254,0.167952002744046,0.176791581835837,0.181211371381733,
0.183421266154681,0.185631160927629,0.187841055700577,0.190050950473525,
0.194470740019421,0.203310319111213,0.212149898203005,0.220989477294797,
0.229829056386589,0.238668635478381,0.243088425024277,0.247508214570172,
0.24971810934312,0.251928004116068,0.256347793661964,0.265187372753756,
0.28286653093734),.UNSPECIFIED.);
#257=B_SPLINE_CURVE_WITH_KNOTS('',3,(#5317,#5318,#5319,#5320),
 .UNSPECIFIED.,.F.,.F.,(4,4),(0.,0.907097995842484),.UNSPECIFIED.);
#258=B_SPLINE_CURVE_WITH_KNOTS('',3,(#5322,#5323,#5324,#5325,#5326,#5327,
#5328,#5329,#5330,#5331,#5332,#5333,#5334,#5335,#5336,#5337,#5338,#5339,
#5340,#5341,#5342,#5343,#5344,#5345,#5346,#5347,#5348,#5349,#5350,#5351,
#5352,#5353,#5354,#5355,#5356,#5357,#5358,#5359,#5360,#5361,#5362,#5363,
#5364,#5365,#5366,#5367,#5368,#5369,#5370,#5371,#5372,#5373,#5374,#5375,
#5376,#5377,#5378,#5379,#5380,#5381,#5382,#5383,#5384,#5385,#5386,#5387,
#5388,#5389,#5390,#5391),.UNSPECIFIED.,.F.,.F.,(4,1,1,1,1,1,1,1,1,1,1,1,
1,1,1,1,1,1,1,1,1,1,1,1,1,1,1,1,1,1,1,1,1,1,1,1,1,1,1,1,1,1,1,1,1,1,1,1,
1,1,1,1,1,1,1,1,1,1,1,1,1,1,1,1,1,1,1,4),(0.,0.0620354708986588,0.124070941797318,
0.155088677246647,0.186106412695976,0.217124148145306,0.23263301586997,
0.240387449732303,0.248141883594635,0.252019100525801,0.255896317456967,
0.2636507513193,0.279159619043964,0.310177354493294,0.341195089942623,0.356703957667288,
0.36445839152962,0.372212825391953,0.376090042323119,0.379967259254285,
0.387721693116617,0.403230560841282,0.434248296290611,0.449757164015276,
0.465266031739941,0.480774899464605,0.488529333326938,0.49628376718927,
0.500160984120436,0.504038201051602,0.511792634913935,0.527301502638599,
0.558319238087929,0.573828105812594,0.589336973537258,0.604845841261923,
0.612600275124255,0.620354708986588,0.622293317452171,0.624231925917754,
0.625201230150545,0.626170534383337,0.62810914284892,0.631986359780086,
0.635863576711252,0.643618010573585,0.651372444435917,0.682390179885246,
0.697899047609911,0.713407915334576,0.721162349196908,0.72891678305924,
0.736671216921573,0.744425650783905,0.748302867715071,0.750241476180654,
0.752180084646237,0.756057301577404,0.75993451850857,0.767688952370902,
0.775443386233234,0.790952253957899,0.806461121682564,0.837478857131893,
0.868496592581223,0.899514328030552,0.930532063479881,0.99256753437854),
 .UNSPECIFIED.);
#259=B_SPLINE_CURVE_WITH_KNOTS('',3,(#5393,#5394,#5395,#5396),
 .UNSPECIFIED.,.F.,.F.,(4,4),(0.,1.),.UNSPECIFIED.);
#260=B_SPLINE_CURVE_WITH_KNOTS('',3,(#5398,#5399,#5400,#5401),
 .UNSPECIFIED.,.F.,.F.,(4,4),(0.,1.),.UNSPECIFIED.);
#261=B_SPLINE_CURVE_WITH_KNOTS('',3,(#5436,#5437,#5438,#5439,#5440,#5441,
#5442,#5443,#5444,#5445,#5446,#5447,#5448,#5449,#5450,#5451,#5452,#5453,
#5454,#5455,#5456,#5457,#5458,#5459,#5460,#5461,#5462,#5463,#5464,#5465,
#5466,#5467,#5468,#5469,#5470,#5471,#5472,#5473,#5474,#5475,#5476),
 .UNSPECIFIED.,.F.,.F.,(4,1,1,1,1,1,1,1,1,1,1,1,1,1,1,1,1,1,1,1,1,1,1,1,
1,1,1,1,1,1,1,1,1,1,1,1,1,1,4),(0.,0.0624997901387841,0.124999580277568,
0.187499370416352,0.218749265485744,0.23437421302044,0.249999160555136,
0.265624108089833,0.281249055624529,0.312498950693921,0.374998740832705,
0.406248635902097,0.437498530971489,0.468748426040881,0.484373373575577,
0.492185847342925,0.499998321110273,0.507810794877621,0.515623268644969,
0.531248216179665,0.562498111249057,0.593748006318449,0.624997901387841,
0.687497691526625,0.718747586596017,0.734372534130713,0.749997481665409,
0.765622429200105,0.781247376734802,0.812497271804194,0.843747166873586,
0.859372114408282,0.86718458817563,0.874997061942978,0.882809535710326,
0.890622009477674,0.90624695701237,0.937496852081762,0.999996642220546),
 .UNSPECIFIED.);
#262=B_SPLINE_CURVE_WITH_KNOTS('',3,(#5478,#5479,#5480,#5481),
 .UNSPECIFIED.,.F.,.F.,(4,4),(7.15588517482876E-6,1.),.UNSPECIFIED.);
#263=B_SPLINE_CURVE_WITH_KNOTS('',3,(#5482,#5483,#5484,#5485,#5486,#5487,
#5488),.UNSPECIFIED.,.F.,.F.,(4,1,1,1,4),(0.,0.00251870953164223,0.00503741906328445,
0.00755612859492668,0.0100748381265689),.UNSPECIFIED.);
#264=B_SPLINE_CURVE_WITH_KNOTS('',3,(#5492,#5493,#5494,#5495,#5496,#5497,
#5498,#5499,#5500,#5501,#5502,#5503,#5504,#5505,#5506,#5507,#5508,#5509,
#5510,#5511,#5512,#5513,#5514,#5515,#5516,#5517,#5518,#5519,#5520,#5521,
#5522,#5523,#5524,#5525,#5526,#5527,#5528,#5529,#5530,#5531,#5532,#5533,
#5534,#5535,#5536,#5537,#5538,#5539,#5540,#5541,#5542,#5543,#5544,#5545,
#5546,#5547,#5548,#5549,#5550,#5551,#5552,#5553,#5554,#5555,#5556,#5557,
#5558,#5559,#5560,#5561,#5562,#5563,#5564,#5565,#5566,#5567,#5568,#5569,
#5570,#5571,#5572,#5573,#5574,#5575,#5576,#5577,#5578,#5579,#5580,#5581,
#5582,#5583,#5584,#5585,#5586,#5587,#5588,#5589,#5590),.UNSPECIFIED.,.F.,
 .F.,(4,1,1,1,1,1,1,1,1,1,1,1,1,1,1,1,1,1,1,1,1,1,1,1,1,1,1,1,1,1,1,1,1,
1,1,1,1,1,1,1,1,1,1,1,1,1,1,1,1,1,1,1,1,1,1,1,1,1,1,1,1,1,1,1,1,1,1,1,1,
1,1,1,1,1,1,1,1,1,1,1,1,1,1,1,1,1,1,1,1,1,1,1,1,1,1,1,4),(0.,0.015625,0.03125,
0.0390625,0.046875,0.0546875,0.05859375,0.060546875,0.0625,0.064453125,
0.06640625,0.0703125,0.078125,0.0859375,0.09375,0.109375,0.1171875,0.125,
0.1328125,0.140625,0.15625,0.1875,0.203125,0.21875,0.234375,0.2421875,0.24609375,
0.25,0.25390625,0.2578125,0.265625,0.28125,0.296875,0.3125,0.34375,0.375,
0.40625,0.4375,0.453125,0.46875,0.4765625,0.484375,0.4921875,0.49609375,
0.498046875,0.5,0.501953125,0.50390625,0.5078125,0.515625,0.5234375,0.53125,
0.546875,0.5625,0.59375,0.625,0.65625,0.6875,0.703125,0.71875,0.7265625,
0.734375,0.7421875,0.74609375,0.748046875,0.75,0.751953125,0.75390625,0.7578125,
0.765625,0.7734375,0.78125,0.796875,0.8125,0.828125,0.84375,0.8515625,0.859375,
0.86328125,0.8671875,0.87109375,0.873046875,0.8740234375,0.875,0.8759765625,
0.876953125,0.87890625,0.8828125,0.88671875,0.890625,0.8984375,0.90625,
0.921875,0.9375,0.953125,0.96875,1.),.UNSPECIFIED.);
#265=B_SPLINE_CURVE_WITH_KNOTS('',3,(#5592,#5593,#5594,#5595,#5596,#5597,
#5598,#5599,#5600,#5601,#5602,#5603,#5604,#5605,#5606,#5607,#5608,#5609,
#5610,#5611,#5612,#5613,#5614,#5615,#5616,#5617,#5618,#5619,#5620,#5621,
#5622,#5623,#5624,#5625,#5626,#5627,#5628,#5629,#5630,#5631,#5632,#5633,
#5634,#5635,#5636,#5637,#5638,#5639,#5640,#5641,#5642,#5643,#5644,#5645,
#5646,#5647,#5648,#5649,#5650,#5651,#5652,#5653,#5654,#5655,#5656,#5657,
#5658,#5659,#5660,#5661,#5662,#5663,#5664,#5665,#5666,#5667,#5668,#5669,
#5670,#5671,#5672,#5673,#5674,#5675,#5676,#5677,#5678,#5679,#5680,#5681,
#5682,#5683,#5684,#5685,#5686,#5687,#5688,#5689,#5690),.UNSPECIFIED.,.F.,
 .F.,(4,1,1,1,1,1,1,1,1,1,1,1,1,1,1,1,1,1,1,1,1,1,1,1,1,1,1,1,1,1,1,1,1,
1,1,1,1,1,1,1,1,1,1,1,1,1,1,1,1,1,1,1,1,1,1,1,1,1,1,1,1,1,1,1,1,1,1,1,1,
1,1,1,1,1,1,1,1,1,1,1,1,1,1,1,1,1,1,1,1,1,1,1,1,1,1,1,4),(0.,0.03125,0.046875,
0.0625,0.078125,0.09375,0.1015625,0.109375,0.11328125,0.1171875,0.12109375,
0.123046875,0.1240234375,0.125,0.1259765625,0.126953125,0.12890625,0.1328125,
0.13671875,0.140625,0.1484375,0.15625,0.171875,0.1875,0.203125,0.21875,
0.2265625,0.234375,0.2421875,0.24609375,0.248046875,0.25,0.251953125,0.25390625,
0.2578125,0.265625,0.2734375,0.28125,0.296875,0.3125,0.34375,0.375,0.40625,
0.4375,0.453125,0.46875,0.4765625,0.484375,0.4921875,0.49609375,0.498046875,
0.5,0.501953125,0.50390625,0.5078125,0.515625,0.5234375,0.53125,0.546875,
0.5625,0.59375,0.625,0.65625,0.6875,0.703125,0.71875,0.734375,0.7421875,
0.74609375,0.75,0.75390625,0.7578125,0.765625,0.78125,0.796875,0.8125,0.84375,
0.859375,0.8671875,0.875,0.8828125,0.890625,0.90625,0.9140625,0.921875,
0.9296875,0.93359375,0.935546875,0.9375,0.939453125,0.94140625,0.9453125,
0.953125,0.9609375,0.96875,0.984375,1.),.UNSPECIFIED.);
#266=B_SPLINE_CURVE_WITH_KNOTS('',3,(#5718,#5719,#5720,#5721,#5722,#5723,
#5724,#5725,#5726,#5727,#5728,#5729,#5730,#5731,#5732,#5733,#5734,#5735,
#5736,#5737,#5738,#5739,#5740,#5741,#5742,#5743,#5744,#5745,#5746,#5747,
#5748,#5749,#5750,#5751,#5752),.UNSPECIFIED.,.T.,.F.,(1,1,1,1,1,1,1,1,1,
1,1,1,1,1,1,1,1,1,1,1,1,1,1,1,1,1,1,1,1,1,1,1,1,1,1,1,1,1,1),(-0.0970394736842106,
-0.0657894736842105,-0.0328947368421053,0.,0.0296875,0.059375,0.090546875,
0.12171875,0.15296484375,0.1842109375,0.2154607421875,0.246710546875,0.277960537109375,
0.30921052734375,0.340460526855469,0.371710526367187,0.402960526342773,
0.434210526318359,0.465460526317139,0.496710526315918,0.527960526315857,
0.559210526315796,0.590460526315793,0.62171052631579,0.65296052631579,0.684210526315789,
0.715460526315789,0.746710526315789,0.777960526315789,0.809210526315789,
0.840460526315789,0.871710526315789,0.902960526315789,0.934210526315789,
0.967105263157895,1.,1.0296875,1.059375,1.090546875),.UNSPECIFIED.);
#267=B_SPLINE_CURVE_WITH_KNOTS('',3,(#5757,#5758,#5759,#5760,#5761,#5762,
#5763,#5764,#5765),.UNSPECIFIED.,.F.,.F.,(4,1,1,1,1,1,4),(0.,0.0625,0.125,
0.25,0.5,0.75,1.),.UNSPECIFIED.);
#268=B_SPLINE_CURVE_WITH_KNOTS('',3,(#5766,#5767,#5768,#5769,#5770,#5771,
#5772,#5773,#5774),.UNSPECIFIED.,.F.,.F.,(4,1,1,1,1,1,4),(0.,0.25,0.5,0.75,
0.875,0.9375,1.),.UNSPECIFIED.);
#269=B_SPLINE_CURVE_WITH_KNOTS('',3,(#5776,#5777,#5778,#5779),
 .UNSPECIFIED.,.F.,.F.,(4,4),(0.,0.168056841996341),.UNSPECIFIED.);
#270=B_SPLINE_CURVE_WITH_KNOTS('',3,(#5781,#5782,#5783,#5784),
 .UNSPECIFIED.,.F.,.F.,(4,4),(0.00268996544381688,0.00422910785411122),
 .UNSPECIFIED.);
#271=B_SPLINE_CURVE_WITH_KNOTS('',3,(#5788,#5789,#5790,#5791),
 .UNSPECIFIED.,.F.,.F.,(4,4),(0.,1.),.UNSPECIFIED.);
#272=B_SPLINE_CURVE_WITH_KNOTS('',3,(#5808,#5809,#5810,#5811),
 .UNSPECIFIED.,.F.,.F.,(4,4),(0.,0.215402851066399),.UNSPECIFIED.);
#273=B_SPLINE_CURVE_WITH_KNOTS('',3,(#5814,#5815,#5816,#5817,#5818,#5819,
#5820,#5821),.UNSPECIFIED.,.F.,.F.,(4,1,1,1,1,4),(0.,0.25,0.375,0.5,0.75,
1.),.UNSPECIFIED.);
#274=B_SPLINE_CURVE_WITH_KNOTS('',3,(#5825,#5826,#5827,#5828),
 .UNSPECIFIED.,.F.,.F.,(4,4),(0.,1.),.UNSPECIFIED.);
#275=B_SPLINE_CURVE_WITH_KNOTS('',3,(#5830,#5831,#5832,#5833,#5834,#5835),
 .UNSPECIFIED.,.F.,.F.,(4,1,1,4),(0.0030144975089946,0.0134635687005076,
0.0186881042962641,0.0239126398920206),.UNSPECIFIED.);
#276=B_SPLINE_CURVE_WITH_KNOTS('',3,(#5837,#5838,#5839,#5840,#5841,#5842),
 .UNSPECIFIED.,.F.,.F.,(4,1,1,4),(0.,0.00040611032044045,0.0008122206408809,
0.0016244412817618),.UNSPECIFIED.);
#277=B_SPLINE_CURVE_WITH_KNOTS('',3,(#5843,#5844,#5845,#5846,#5847,#5848,
#5849,#5850,#5851,#5852,#5853,#5854,#5855,#5856,#5857,#5858,#5859,#5860,
#5861,#5862,#5863,#5864,#5865,#5866,#5867,#5868,#5869,#5870,#5871,#5872,
#5873,#5874,#5875,#5876,#5877,#5878,#5879,#5880,#5881,#5882,#5883,#5884,
#5885,#5886,#5887,#5888,#5889,#5890,#5891,#5892,#5893,#5894,#5895,#5896,
#5897,#5898,#5899,#5900,#5901,#5902,#5903,#5904,#5905,#5906,#5907,#5908,
#5909,#5910,#5911,#5912,#5913,#5914,#5915,#5916,#5917,#5918,#5919,#5920,
#5921,#5922,#5923,#5924,#5925,#5926,#5927,#5928,#5929,#5930,#5931,#5932,
#5933,#5934,#5935,#5936,#5937,#5938,#5939,#5940,#5941,#5942,#5943,#5944,
#5945,#5946,#5947,#5948,#5949,#5950,#5951,#5952,#5953,#5954,#5955,#5956,
#5957,#5958,#5959,#5960,#5961,#5962,#5963,#5964,#5965,#5966,#5967,#5968,
#5969,#5970,#5971,#5972,#5973,#5974),.UNSPECIFIED.,.F.,.F.,(4,1,1,1,1,1,
1,1,1,1,1,1,1,1,1,1,1,1,1,1,1,1,1,1,1,1,1,1,1,1,1,1,1,1,1,1,1,1,1,1,1,1,
1,1,1,1,1,1,1,1,1,1,1,1,1,1,1,1,1,1,1,1,1,1,1,1,1,1,1,1,1,1,1,1,1,1,1,1,
1,1,1,1,1,1,1,1,1,1,1,1,1,1,1,1,1,1,1,1,1,1,1,1,1,1,1,1,1,1,1,1,1,1,1,1,
1,1,1,1,1,1,1,1,1,1,1,1,1,1,1,4),(0.00990855677524511,0.0137761014753418,
0.014742987650366,0.0157098738253902,0.0166767600004143,0.0176436461754385,
0.0215111908755352,0.0253787355756319,0.0292462802757286,0.031180052625777,
0.0331138249758253,0.036981369675922,0.0408489143760187,0.0485840037762121,
0.0563190931764055,0.0601866378765022,0.0611535240515264,0.0621204102265505,
0.0626038533140626,0.0630872964015747,0.0640541825765989,0.0659879549266472,
0.0679217272766956,0.0717892719767923,0.075656816676889,0.0795243613769857,
0.0872594507771791,0.0911269954772758,0.0930607678273241,0.0940276540023483,
0.0949945401773725,0.0988620848774692,0.102729629577566,0.110464718977759,
0.118199808377953,0.125934897778146,0.133669987178339,0.149140165978726,
0.164610344779113,0.172345434179306,0.1800805235795,0.183948068279597,0.185881840629645,
0.187815612979693,0.189749385329742,0.19168315767979,0.195550702379887,
0.20328579178008,0.211020881180273,0.22649105998066,0.234226149380854,0.241961238781047,
0.245828783481144,0.24969632818124,0.253563872881337,0.257431417581434,
0.265166506981627,0.272901596381821,0.288371775182207,0.296106864582401,
0.303841953982594,0.307709498682691,0.311577043382788,0.312543929557812,
0.313510815732836,0.315444588082884,0.319312132782981,0.327047222183174,
0.334782311583368,0.350252490383755,0.357987579783948,0.365722669184141,
0.369590213884238,0.373457758584335,0.375391530934383,0.377325303284431,
0.381192847984528,0.388927937384722,0.396663026784915,0.412133205585302,
0.427603384385689,0.443073563186075,0.474013920786849,0.489484099587236,
0.497219188987429,0.501086733687526,0.504954278387623,0.512689367787816,
0.520424457188009,0.535894635988396,0.56683499358917,0.597775351189943,
0.61324552999033,0.620980619390524,0.62484816409062,0.628715708790717,0.63645079819091,
0.644185887591104,0.659656066391491,0.690596423992264,0.721536781593038,
0.737006960393424,0.744742049793618,0.748609594493715,0.750543366843763,
0.752477139193811,0.760212228594005,0.767947317994198,0.783417496794585,
0.798887675594972,0.814357854395358,0.845298211996132,0.860768390796519,
0.868503480196712,0.876238569596906,0.880106114297002,0.883973658997099,
0.891708748397292,0.907178927197679,0.922649105998066,0.930384195398259,
0.934251740098356,0.938119284798453,0.941986829498549,0.945854374198646,
0.95358946359884,0.961324552999033,0.969059642399226,0.984529821199613,
1.),.UNSPECIFIED.);
#278=B_SPLINE_CURVE_WITH_KNOTS('',3,(#5976,#5977,#5978,#5979),
 .UNSPECIFIED.,.F.,.F.,(4,4),(0.,1.),.UNSPECIFIED.);
#279=B_SPLINE_CURVE_WITH_KNOTS('',3,(#5982,#5983,#5984,#5985),
 .UNSPECIFIED.,.F.,.F.,(4,4),(0.,1.),.UNSPECIFIED.);
#280=B_SPLINE_CURVE_WITH_KNOTS('',3,(#5987,#5988,#5989,#5990,#5991,#5992,
#5993,#5994,#5995,#5996,#5997,#5998,#5999,#6000,#6001,#6002,#6003,#6004,
#6005,#6006,#6007,#6008,#6009,#6010,#6011,#6012,#6013,#6014,#6015,#6016,
#6017,#6018,#6019,#6020,#6021,#6022,#6023,#6024,#6025,#6026,#6027,#6028,
#6029,#6030,#6031,#6032,#6033,#6034,#6035,#6036,#6037,#6038,#6039,#6040,
#6041,#6042,#6043,#6044,#6045,#6046,#6047,#6048,#6049,#6050,#6051,#6052,
#6053,#6054,#6055,#6056),.UNSPECIFIED.,.F.,.F.,(4,1,1,1,1,1,1,1,1,1,1,1,
1,1,1,1,1,1,1,1,1,1,1,1,1,1,1,1,1,1,1,1,1,1,1,1,1,1,1,1,1,1,1,1,1,1,1,1,
1,1,1,1,1,1,1,1,1,1,1,1,1,1,1,1,1,1,1,4),(0.007432784897389,0.0694682358413022,
0.100485961313259,0.131503686785215,0.162521412257172,0.193539137729129,
0.209048000465107,0.224556863201085,0.232311294569074,0.240065725937063,
0.243942941621058,0.247820157305053,0.24975876514705,0.251697372989047,
0.255574588673042,0.263329020041031,0.27108345140902,0.278837882777009,
0.286592314144998,0.302101176880977,0.317610039616955,0.348627765088911,
0.356382196456901,0.36413662782489,0.368013843508884,0.371891059192879,
0.373829667034876,0.374798970955875,0.375768274876873,0.377706882718871,
0.379645490560868,0.387399921928857,0.395154353296846,0.410663216032825,
0.426172078768803,0.441680941504781,0.472698666976738,0.488207529712716,
0.495961961080705,0.4998391767647,0.503716392448694,0.511470823816684,0.519225255184673,
0.534734117920651,0.550242980656629,0.565751843392608,0.596769568864564,
0.612278431600543,0.620032862968532,0.623910078652526,0.627787294336521,
0.63554172570451,0.643296157072499,0.658805019808477,0.689822745280434,
0.720840470752391,0.736349333488369,0.744103764856358,0.747980980540353,
0.751858196224347,0.759612627592336,0.767367058960326,0.782875921696304,
0.813893647168261,0.844911372640217,0.875929098112174,0.937964549056087,
1.),.UNSPECIFIED.);
#281=B_SPLINE_CURVE_WITH_KNOTS('',3,(#6058,#6059,#6060,#6061),
 .UNSPECIFIED.,.F.,.F.,(4,4),(0.0929019734787596,1.),.UNSPECIFIED.);
#282=B_SPLINE_CURVE_WITH_KNOTS('',3,(#6063,#6064,#6065,#6066,#6067,#6068,
#6069,#6070,#6071,#6072,#6073,#6074,#6075,#6076,#6077,#6078,#6079,#6080,
#6081,#6082,#6083,#6084,#6085,#6086,#6087,#6088,#6089,#6090,#6091,#6092,
#6093,#6094,#6095,#6096),.UNSPECIFIED.,.F.,.F.,(4,1,1,1,1,1,1,1,1,1,1,1,
1,1,1,1,1,1,1,1,1,1,1,1,1,1,1,1,1,1,1,4),(0.717139514127053,0.734818294494112,
0.743657684677642,0.748077379769407,0.750287227315289,0.752497074861171,
0.756916769952936,0.761336465044701,0.770175855228231,0.77901524541176,
0.78785463559529,0.796694025778819,0.805533415962349,0.809953111054114,
0.812162958599996,0.814372806145879,0.816582653691761,0.818792501237643,
0.823212196329408,0.832051586512938,0.840890976696467,0.849730366879997,
0.858569757063526,0.867409147247056,0.876248537430586,0.88066823252235,
0.885087927614115,0.893927317797645,0.911606098164704,0.929284878531763,
0.964642439265882,1.),.UNSPECIFIED.);
#283=B_SPLINE_CURVE_WITH_KNOTS('',3,(#6098,#6099,#6100,#6101),
 .UNSPECIFIED.,.F.,.F.,(4,4),(0.,0.0109100474426006),.UNSPECIFIED.);
#284=B_SPLINE_CURVE_WITH_KNOTS('',3,(#6103,#6104,#6105,#6106),
 .UNSPECIFIED.,.F.,.F.,(4,4),(0.,0.000539781042953468),.UNSPECIFIED.);
#285=B_SPLINE_CURVE_WITH_KNOTS('',3,(#6108,#6109,#6110,#6111),
 .UNSPECIFIED.,.F.,.F.,(4,4),(0.11899418972116,0.976654816252446),
 .UNSPECIFIED.);
#286=B_SPLINE_CURVE_WITH_KNOTS('',3,(#6113,#6114,#6115,#6116,#6117),
 .UNSPECIFIED.,.F.,.F.,(4,1,4),(0.,0.0021837742393829,0.0043675484787658),
 .UNSPECIFIED.);
#287=B_SPLINE_CURVE_WITH_KNOTS('',3,(#6119,#6120,#6121,#6122),
 .UNSPECIFIED.,.F.,.F.,(4,4),(5.09749306252992E-5,1.),.UNSPECIFIED.);
#288=B_SPLINE_CURVE_WITH_KNOTS('',3,(#6124,#6125,#6126,#6127),
 .UNSPECIFIED.,.F.,.F.,(4,4),(0.,1.),.UNSPECIFIED.);
#289=B_SPLINE_CURVE_WITH_KNOTS('',3,(#6155,#6156,#6157,#6158,#6159,#6160,
#6161,#6162,#6163,#6164,#6165,#6166,#6167,#6168,#6169,#6170,#6171,#6172,
#6173,#6174,#6175,#6176,#6177,#6178,#6179,#6180,#6181,#6182,#6183,#6184,
#6185,#6186,#6187,#6188,#6189,#6190,#6191,#6192,#6193,#6194,#6195,#6196,
#6197,#6198,#6199,#6200,#6201,#6202,#6203,#6204,#6205,#6206,#6207,#6208,
#6209,#6210,#6211,#6212,#6213,#6214,#6215,#6216,#6217,#6218,#6219,#6220,
#6221,#6222,#6223,#6224,#6225,#6226,#6227,#6228,#6229,#6230,#6231,#6232,
#6233,#6234,#6235,#6236,#6237,#6238,#6239),.UNSPECIFIED.,.F.,.F.,(4,1,1,
1,1,1,1,1,1,1,1,1,1,1,1,1,1,1,1,1,1,1,1,1,1,1,1,1,1,1,1,1,1,1,1,1,1,1,1,
1,1,1,1,1,1,1,1,1,1,1,1,1,1,1,1,1,1,1,1,1,1,1,1,1,1,1,1,1,1,1,1,1,1,1,1,
1,1,1,1,1,1,1,4),(0.,0.0156247943894047,0.023437191584107,0.0312495887788094,
0.0351557873761605,0.0390619859735117,0.046874383168214,0.0624991775576187,
0.0703115747523211,0.0781239719470234,0.0937487663364281,0.124998355115237,
0.140623149504642,0.156247943894047,0.187497532672856,0.203122327062261,
0.218747121451666,0.23437191584107,0.242184313035773,0.246090511633124,
0.249996710230475,0.253902908827826,0.257809107425177,0.26562150461988,
0.281246299009284,0.312495887788094,0.328120682177498,0.343745476566903,
0.351557873761605,0.359370270956308,0.36718266815101,0.371088866748361,
0.373041966047037,0.374995065345712,0.376948164644388,0.378901263943064,
0.382807462540415,0.390619859735117,0.398432256929819,0.406244654124522,
0.421869448513926,0.437494242903331,0.46874383168214,0.484368626071545,
0.492181023266247,0.49999342046095,0.507805817655652,0.515618214850355,
0.531243009239759,0.562492598018569,0.578117392407973,0.593742186797378,
0.60155458399208,0.609366981186783,0.617179378381485,0.621085576978836,
0.623038676277512,0.624991775576187,0.626944874874863,0.628897974173538,
0.63280417277089,0.640616569965592,0.648428967160294,0.656241364354997,
0.671866158744401,0.687490953133806,0.718740541912615,0.73436533630202,
0.742177733496722,0.749990130691425,0.757802527886127,0.765614925080829,
0.781239719470234,0.812489308249043,0.843738897027853,0.859363691417257,
0.86717608861196,0.874988485806662,0.882800883001365,0.890613280196067,
0.906238074585471,0.937487663364281,0.9999868409219),.UNSPECIFIED.);
#290=B_SPLINE_CURVE_WITH_KNOTS('',3,(#6240,#6241,#6242,#6243,#6244),
 .UNSPECIFIED.,.F.,.F.,(4,1,4),(0.,0.0053311079516909,0.0106622159033818),
 .UNSPECIFIED.);
#291=B_SPLINE_CURVE_WITH_KNOTS('',3,(#6246,#6247,#6248,#6249,#6250,#6251,
#6252,#6253,#6254,#6255,#6256),.UNSPECIFIED.,.F.,.F.,(4,3,1,3,4),(-0.777212338070081,
0.,0.165328569939541,0.194303084517521,0.971515422587602),.UNSPECIFIED.);
#292=B_SPLINE_CURVE_WITH_KNOTS('',3,(#6258,#6259,#6260,#6261),
 .UNSPECIFIED.,.F.,.F.,(4,4),(0.,0.222999745600473),.UNSPECIFIED.);
#293=B_SPLINE_CURVE_WITH_KNOTS('',3,(#6263,#6264,#6265,#6266,#6267,#6268,
#6269,#6270,#6271,#6272,#6273,#6274,#6275,#6276,#6277,#6278,#6279,#6280,
#6281,#6282,#6283,#6284,#6285,#6286,#6287,#6288,#6289,#6290,#6291,#6292,
#6293,#6294,#6295,#6296,#6297,#6298,#6299,#6300,#6301,#6302,#6303,#6304,
#6305,#6306,#6307,#6308,#6309,#6310,#6311,#6312,#6313,#6314,#6315,#6316,
#6317,#6318,#6319,#6320,#6321,#6322,#6323,#6324,#6325,#6326,#6327,#6328,
#6329,#6330,#6331,#6332,#6333,#6334,#6335,#6336,#6337),.UNSPECIFIED.,.F.,
 .F.,(4,1,1,1,1,1,1,1,1,1,1,1,1,1,1,1,1,1,1,1,1,1,1,1,1,1,1,1,1,1,1,1,1,
1,1,1,1,1,1,1,1,1,1,1,1,1,1,1,1,1,1,1,1,1,1,1,1,1,1,1,1,1,1,1,1,1,1,1,1,
1,1,1,4),(5.38543886465631E-8,0.0312500455772015,0.0625000373000143,0.0781250331614207,
0.0937500290228271,0.109375024884233,0.117187522814937,0.121093771780288,
0.12500002074564,0.128906269710992,0.132812518676343,0.140625016607046,
0.156250012468453,0.171875008329859,0.187500004191266,0.218749995914078,
0.234374991775485,0.242187489706188,0.249999987636891,0.257812485567594,
0.265624983498298,0.281249979359704,0.312499971082517,0.34374996280533,
0.359374958666736,0.374999954528142,0.390624950389549,0.406249946250955,
0.437499937973768,0.468749929696581,0.484374925557987,0.49218742348869,
0.499999921419394,0.507812419350097,0.5156249172808,0.531249913142206,0.562499904865019,
0.593749896587832,0.624999888310645,0.656249880033458,0.687499871756271,
0.703124867617677,0.718749863479083,0.73437485934049,0.742187357271193,
0.749999855201896,0.757812353132599,0.765624851063303,0.781249846924709,
0.796874842786115,0.804687340716818,0.812499838647522,0.820312336578225,
0.828124834508928,0.843749830370335,0.859374826231741,0.867187324162444,
0.871093573127796,0.874999822093147,0.878906071058499,0.882812320023851,
0.890624817954554,0.90624981381596,0.921874809677367,0.92968730760807,0.933593556573421,
0.937499805538773,0.941406054504125,0.945312303469476,0.95312480140018,
0.968749797261586,0.984374793122992,0.999999788984399),.UNSPECIFIED.);
#294=B_SPLINE_CURVE_WITH_KNOTS('',3,(#6370,#6371,#6372,#6373,#6374,#6375,
#6376,#6377,#6378,#6379,#6380),.UNSPECIFIED.,.F.,.F.,(4,1,1,1,1,1,1,1,4),
(0.,0.124158217822954,0.248316435645909,0.372474653468863,0.496632871291818,
0.620791089114772,0.744949306937726,0.869107524760681,0.993265742583635),
 .UNSPECIFIED.);
#295=B_SPLINE_CURVE_WITH_KNOTS('',3,(#6383,#6384,#6385,#6386),
 .UNSPECIFIED.,.F.,.F.,(4,4),(0.,1.),.UNSPECIFIED.);
#296=B_SPLINE_CURVE_WITH_KNOTS('',3,(#6388,#6389,#6390,#6391,#6392,#6393,
#6394,#6395,#6396,#6397,#6398,#6399,#6400,#6401,#6402,#6403,#6404,#6405,
#6406,#6407,#6408,#6409,#6410,#6411,#6412,#6413,#6414,#6415,#6416,#6417,
#6418,#6419,#6420,#6421,#6422,#6423,#6424,#6425,#6426,#6427,#6428,#6429,
#6430,#6431,#6432,#6433,#6434,#6435,#6436,#6437,#6438,#6439,#6440,#6441,
#6442,#6443,#6444,#6445,#6446,#6447,#6448,#6449,#6450,#6451,#6452,#6453,
#6454,#6455,#6456,#6457,#6458,#6459,#6460,#6461,#6462,#6463,#6464,#6465,
#6466,#6467,#6468,#6469,#6470,#6471,#6472,#6473,#6474,#6475,#6476,#6477,
#6478,#6479,#6480,#6481,#6482,#6483,#6484,#6485,#6486,#6487,#6488,#6489,
#6490,#6491,#6492,#6493,#6494,#6495,#6496,#6497,#6498,#6499,#6500,#6501,
#6502,#6503,#6504,#6505,#6506,#6507,#6508,#6509,#6510,#6511,#6512,#6513,
#6514,#6515,#6516,#6517,#6518,#6519,#6520,#6521,#6522,#6523,#6524,#6525,
#6526,#6527,#6528,#6529,#6530,#6531,#6532,#6533,#6534,#6535,#6536,#6537,
#6538,#6539,#6540,#6541,#6542,#6543,#6544,#6545,#6546,#6547,#6548,#6549,
#6550,#6551,#6552,#6553,#6554,#6555,#6556,#6557,#6558,#6559,#6560,#6561,
#6562,#6563,#6564,#6565,#6566,#6567,#6568,#6569,#6570,#6571,#6572,#6573,
#6574,#6575,#6576,#6577,#6578,#6579,#6580,#6581,#6582,#6583,#6584,#6585,
#6586),.UNSPECIFIED.,.F.,.F.,(4,1,1,1,1,1,1,1,1,1,1,1,1,1,1,1,1,1,1,1,1,
1,1,1,1,1,1,1,1,1,1,1,1,1,1,1,1,1,1,1,1,1,1,1,1,1,1,1,1,1,1,1,1,1,1,1,1,
1,1,1,1,1,1,1,1,1,1,1,1,1,1,1,1,1,1,1,1,1,1,1,1,1,1,1,1,1,1,1,1,1,1,1,1,
1,1,1,1,1,1,1,1,1,1,1,1,1,1,1,1,1,1,1,1,1,1,1,1,1,1,1,1,1,1,1,1,1,1,1,1,
1,1,1,1,1,1,1,1,1,1,1,1,1,1,1,1,1,1,1,1,1,1,1,1,1,1,1,1,1,1,1,1,1,1,1,1,
1,1,1,1,1,1,1,1,1,1,1,1,1,1,1,1,1,1,1,1,1,1,1,1,1,1,1,1,1,1,1,4),(0.00290821944744355,
0.0184877785185772,0.0340673375897109,0.0496468966608446,0.0535417864286281,
0.0574366761964115,0.0593841210803032,0.0613315659641949,0.0623052884061408,
0.0632790108480866,0.0652264557319783,0.0691213454997618,0.0730162352675452,
0.080806014803112,0.0885957943386789,0.0963855738742457,0.111965132945379,
0.119754912480946,0.12364980224873,0.124623524690676,0.125597247132621,
0.127544692016513,0.131439581784297,0.13533447155208,0.143124251087647,
0.150914030623214,0.15870381015878,0.174283369229914,0.182073148765481,
0.185968038533264,0.187915483417156,0.189862928301048,0.193757818068831,
0.197652707836615,0.205442487372182,0.213232266907748,0.221022046443315,
0.236601605514449,0.252181164585583,0.25997094412115,0.267760723656716,
0.28334028272785,0.298919841798984,0.306709621334551,0.310604511102334,
0.312551955986226,0.314499400870117,0.318394290637901,0.322289180405684,
0.330078959941251,0.337868739476818,0.341763629244601,0.343711074128493,
0.345658519012385,0.349553408780168,0.353448298547952,0.361238078083518,
0.369027857619085,0.372922747386869,0.373896469828815,0.374870192270761,
0.375843914712706,0.376817637154652,0.378765082038544,0.380712526922436,
0.384607416690219,0.392397196225786,0.400186975761353,0.404081865529136,
0.406029310413028,0.40797675529692,0.411871645064703,0.415766534832486,
0.423556314368053,0.43134609390362,0.433293538787512,0.435240983671404,
0.436214706113349,0.437188428555295,0.437675289776268,0.438162150997241,
0.439135873439187,0.441083318323079,0.44303076320697,0.446925652974754,
0.450820542742537,0.454715432510321,0.462505212045888,0.470294991581454,
0.485874550652588,0.493664330188155,0.497559219955938,0.49950666483983,
0.501454109723722,0.505348999491505,0.509243889259289,0.517033668794855,
0.532613227865989,0.548192786937123,0.563772346008257,0.571562125543823,
0.57935190507939,0.594931464150524,0.610511023221658,0.618300802757225,
0.622195692525008,0.6241431374089,0.625116859850846,0.626090582292791,0.629985472060575,
0.633880361828358,0.641670141363925,0.657249700435059,0.665039479970626,
0.672829259506192,0.680619039041759,0.684513928809543,0.686461373693434,
0.68743509613538,0.688408818577326,0.690356263461218,0.692303708345109,
0.696198598112893,0.700093487880676,0.70398837764846,0.711778157184027,
0.719567936719594,0.735147495790727,0.742937275326294,0.750727054861861,
0.758516834397428,0.766306613932995,0.781886173004128,0.789675952539695,
0.797465732075262,0.801360621843045,0.805255511610829,0.809150401378612,
0.811097846262504,0.81207156870445,0.812558429925423,0.813045291146396,
0.814019013588342,0.814992736030287,0.816940180914179,0.820835070681962,
0.824729960449746,0.828624850217529,0.836414629753096,0.844204409288663,
0.85199418882423,0.859783968359797,0.867573747895364,0.871468637663147,
0.873416082547039,0.87536352743093,0.877310972314822,0.879258417198714,
0.883153306966497,0.890943086502064,0.898732866037631,0.906522645573198,
0.922102204644331,0.929891984179898,0.933786873947682,0.937681763715465,
0.941576653483249,0.945471543251032,0.953261322786599,0.961051102322166,
0.964945992089949,0.966893436973841,0.968840881857733,0.970788326741624,
0.972735771625516,0.976630661393299,0.980525551161083,0.982472996044975,
0.98344671848692,0.984420440928866,0.985394163370812,0.986367885812758,
0.98831533069665,0.989289053138596,0.990262775580541,0.991236498022487,
0.99172335924346,0.991966789853947,0.992210220464433,0.99245365107492,0.992697081685406,
0.993183942906379,0.994157665348325,0.995131387790271,0.996105110232217,
0.998052555116108,1.),.UNSPECIFIED.);
#297=B_SPLINE_CURVE_WITH_KNOTS('',3,(#6588,#6589,#6590,#6591,#6592,#6593,
#6594,#6595,#6596,#6597,#6598,#6599,#6600,#6601,#6602,#6603,#6604,#6605,
#6606,#6607,#6608,#6609,#6610,#6611,#6612,#6613,#6614,#6615,#6616,#6617,
#6618,#6619,#6620,#6621,#6622,#6623,#6624,#6625,#6626,#6627,#6628,#6629,
#6630,#6631,#6632,#6633,#6634,#6635,#6636,#6637,#6638,#6639,#6640,#6641,
#6642,#6643,#6644,#6645,#6646,#6647,#6648,#6649,#6650,#6651,#6652,#6653,
#6654,#6655,#6656,#6657,#6658,#6659,#6660,#6661,#6662,#6663,#6664,#6665,
#6666,#6667,#6668,#6669,#6670,#6671,#6672,#6673,#6674,#6675,#6676),
 .UNSPECIFIED.,.F.,.F.,(4,1,1,1,1,1,1,1,1,1,1,1,1,1,1,1,1,1,1,1,1,1,1,1,
1,1,1,1,1,1,1,1,1,1,1,1,1,1,1,1,1,1,1,1,1,1,1,1,1,1,1,1,1,1,1,1,1,1,1,1,
1,1,1,1,1,1,1,1,1,1,1,1,1,1,1,1,1,1,1,1,1,1,1,1,1,1,4),(0.,0.00390625,0.0078125,
0.01171875,0.013671875,0.0146484375,0.015625,0.0166015625,0.017578125,0.01953125,
0.0234375,0.02734375,0.029296875,0.03125,0.033203125,0.03515625,0.0390625,
0.046875,0.0625,0.078125,0.09375,0.109375,0.1171875,0.12109375,0.125,0.12890625,
0.1328125,0.140625,0.15625,0.171875,0.1875,0.203125,0.21875,0.234375,0.2421875,
0.24609375,0.25,0.25390625,0.2578125,0.265625,0.28125,0.296875,0.3125,0.328125,
0.34375,0.3515625,0.359375,0.3671875,0.37109375,0.373046875,0.375,0.376953125,
0.37890625,0.3828125,0.390625,0.3984375,0.40625,0.421875,0.4375,0.46875,
0.484375,0.4921875,0.5,0.5078125,0.515625,0.53125,0.5625,0.59375,0.625,
0.65625,0.6875,0.703125,0.71875,0.734375,0.7421875,0.74609375,0.75,0.75390625,
0.7578125,0.765625,0.78125,0.796875,0.8125,0.84375,0.875,0.9375,1.),
 .UNSPECIFIED.);
#298=B_SPLINE_CURVE_WITH_KNOTS('',3,(#6678,#6679,#6680,#6681),
 .UNSPECIFIED.,.F.,.F.,(4,4),(0.,1.),.UNSPECIFIED.);
#299=B_SPLINE_CURVE_WITH_KNOTS('',3,(#6683,#6684,#6685,#6686,#6687,#6688,
#6689,#6690,#6691,#6692,#6693,#6694,#6695,#6696,#6697),.UNSPECIFIED.,.F.,
 .F.,(4,1,1,1,1,1,1,1,1,1,1,1,4),(0.,0.25,0.375,0.4375,0.5,0.625,0.6875,
0.71875,0.734375,0.75,0.8125,0.875,1.),.UNSPECIFIED.);
#300=B_SPLINE_CURVE_WITH_KNOTS('',3,(#6698,#6699,#6700,#6701,#6702,#6703,
#6704,#6705,#6706,#6707,#6708,#6709,#6710,#6711,#6712,#6713,#6714),
 .UNSPECIFIED.,.F.,.F.,(4,1,1,1,1,1,1,1,1,1,1,1,1,1,4),(0.,0.125,0.1875,
0.25,0.28125,0.3125,0.375,0.4375,0.46875,0.5,0.53125,0.5625,0.625,0.75,
1.),.UNSPECIFIED.);
#301=B_SPLINE_CURVE_WITH_KNOTS('',3,(#6723,#6724,#6725,#6726),
 .UNSPECIFIED.,.F.,.F.,(4,4),(0.00509943670055599,0.0139082446752655),
 .UNSPECIFIED.);
#302=B_SPLINE_CURVE_WITH_KNOTS('',3,(#6729,#6730,#6731,#6732,#6733,#6734,
#6735,#6736,#6737),.UNSPECIFIED.,.F.,.F.,(4,1,1,1,1,1,4),(0.,0.25,0.375,
0.5,0.625,0.75,1.),.UNSPECIFIED.);
#303=B_SPLINE_CURVE_WITH_KNOTS('',3,(#6739,#6740,#6741,#6742),
 .UNSPECIFIED.,.F.,.F.,(4,4),(0.,1.),.UNSPECIFIED.);
#304=B_SPLINE_CURVE_WITH_KNOTS('',3,(#6744,#6745,#6746,#6747,#6748,#6749,
#6750,#6751,#6752,#6753,#6754,#6755,#6756,#6757,#6758,#6759,#6760),
 .UNSPECIFIED.,.F.,.F.,(4,1,1,1,1,1,1,1,1,1,1,1,1,1,4),(0.,0.125,0.1875,
0.25,0.3125,0.375,0.5,0.5625,0.625,0.6875,0.75,0.8125,0.875,0.9375,1.),
 .UNSPECIFIED.);
#305=B_SPLINE_CURVE_WITH_KNOTS('',3,(#6762,#6763,#6764,#6765),
 .UNSPECIFIED.,.F.,.F.,(4,4),(0.,1.),.UNSPECIFIED.);
#306=B_SPLINE_CURVE_WITH_KNOTS('',3,(#6767,#6768,#6769,#6770),
 .UNSPECIFIED.,.F.,.F.,(4,4),(0.,1.),.UNSPECIFIED.);
#307=B_SPLINE_CURVE_WITH_KNOTS('',3,(#6779,#6780,#6781,#6782),
 .UNSPECIFIED.,.F.,.F.,(4,4),(0.,1.),.UNSPECIFIED.);
#308=B_SPLINE_CURVE_WITH_KNOTS('',3,(#6785,#6786,#6787,#6788),
 .UNSPECIFIED.,.F.,.F.,(4,4),(0.,1.),.UNSPECIFIED.);
#309=B_SPLINE_CURVE_WITH_KNOTS('',3,(#6790,#6791,#6792,#6793,#6794,#6795,
#6796,#6797,#6798,#6799,#6800,#6801,#6802,#6803,#6804,#6805,#6806,#6807),
 .UNSPECIFIED.,.F.,.F.,(4,1,1,1,1,1,1,1,1,1,1,1,1,1,1,4),(0.,0.0625,0.125,
0.1875,0.25,0.3125,0.375,0.4375,0.5,0.625,0.6875,0.75,0.8125,0.875,0.9375,
1.),.UNSPECIFIED.);
#310=B_SPLINE_CURVE_WITH_KNOTS('',3,(#6809,#6810,#6811,#6812),
 .UNSPECIFIED.,.F.,.F.,(4,4),(0.,1.),.UNSPECIFIED.);
#311=B_SPLINE_CURVE_WITH_KNOTS('',3,(#6814,#6815,#6816,#6817,#6818,#6819,
#6820,#6821,#6822),.UNSPECIFIED.,.F.,.F.,(4,1,1,1,1,1,4),(0.,0.25,0.375,
0.5,0.625,0.75,1.),.UNSPECIFIED.);
#312=B_SPLINE_CURVE_WITH_KNOTS('',3,(#6824,#6825,#6826,#6827),
 .UNSPECIFIED.,.F.,.F.,(4,4),(0.00508025366895687,0.0138597412519253),
 .UNSPECIFIED.);
#313=B_SPLINE_CURVE_WITH_KNOTS('',3,(#6836,#6837,#6838,#6839),
 .UNSPECIFIED.,.F.,.F.,(4,4),(0.,1.),.UNSPECIFIED.);
#314=B_SPLINE_CURVE_WITH_KNOTS('',3,(#6840,#6841,#6842,#6843),
 .UNSPECIFIED.,.F.,.F.,(4,4),(0.,1.),.UNSPECIFIED.);
#315=B_SPLINE_CURVE_WITH_KNOTS('',3,(#6852,#6853,#6854,#6855),
 .UNSPECIFIED.,.F.,.F.,(4,4),(0.,1.),.UNSPECIFIED.);
#316=B_SPLINE_CURVE_WITH_KNOTS('',3,(#6856,#6857,#6858,#6859),
 .UNSPECIFIED.,.F.,.F.,(4,4),(0.,1.),.UNSPECIFIED.);
#317=B_SPLINE_CURVE_WITH_KNOTS('',3,(#6868,#6869,#6870,#6871,#6872,#6873,
#6874,#6875,#6876),.UNSPECIFIED.,.F.,.F.,(4,1,1,1,1,1,4),(0.,0.125,0.25,
0.375,0.5,0.75,1.),.UNSPECIFIED.);
#318=B_SPLINE_CURVE_WITH_KNOTS('',3,(#6877,#6878,#6879,#6880,#6881,#6882,
#6883,#6884,#6885,#6886,#6887,#6888,#6889,#6890,#6891,#6892,#6893,#6894,
#6895,#6896,#6897),.UNSPECIFIED.,.F.,.F.,(4,1,1,1,1,1,1,1,1,1,1,1,1,1,1,
1,1,1,4),(0.,0.0625,0.125,0.15625,0.1875,0.25,0.3125,0.375,0.4375,0.46875,
0.5,0.53125,0.5625,0.625,0.6875,0.75,0.8125,0.875,1.),.UNSPECIFIED.);
#319=B_SPLINE_CURVE_WITH_KNOTS('',3,(#6906,#6907,#6908,#6909,#6910,#6911,
#6912,#6913,#6914),.UNSPECIFIED.,.F.,.F.,(4,1,1,1,1,1,4),(0.,0.25,0.5,0.625,
0.75,0.875,1.),.UNSPECIFIED.);
#320=B_SPLINE_CURVE_WITH_KNOTS('',3,(#6915,#6916,#6917,#6918,#6919,#6920,
#6921,#6922,#6923,#6924,#6925,#6926,#6927,#6928,#6929,#6930,#6931,#6932,
#6933,#6934,#6935),.UNSPECIFIED.,.F.,.F.,(4,1,1,1,1,1,1,1,1,1,1,1,1,1,1,
1,1,1,4),(0.,0.125,0.1875,0.25,0.3125,0.375,0.4375,0.46875,0.5,0.53125,
0.5625,0.625,0.6875,0.75,0.8125,0.84375,0.875,0.9375,1.),.UNSPECIFIED.);
#321=B_SPLINE_CURVE_WITH_KNOTS('',3,(#6987,#6988,#6989,#6990),
 .UNSPECIFIED.,.F.,.F.,(4,4),(0.,0.999992848474235),.UNSPECIFIED.);
#322=B_SPLINE_CURVE_WITH_KNOTS('',3,(#6992,#6993,#6994,#6995,#6996,#6997,
#6998,#6999,#7000,#7001,#7002,#7003,#7004,#7005,#7006,#7007,#7008,#7009,
#7010,#7011,#7012,#7013,#7014,#7015,#7016,#7017,#7018,#7019,#7020,#7021,
#7022,#7023,#7024,#7025,#7026,#7027,#7028,#7029,#7030,#7031,#7032),
 .UNSPECIFIED.,.F.,.F.,(4,1,1,1,1,1,1,1,1,1,1,1,1,1,1,1,1,1,1,1,1,1,1,1,
1,1,1,1,1,1,1,1,1,1,1,1,1,1,4),(0.,0.0625,0.09375,0.109375,0.1171875,0.125,
0.1328125,0.140625,0.15625,0.1875,0.21875,0.234375,0.25,0.265625,0.28125,
0.3125,0.375,0.40625,0.4375,0.46875,0.484375,0.4921875,0.5,0.5078125,0.515625,
0.53125,0.5625,0.59375,0.625,0.6875,0.71875,0.734375,0.75,0.765625,0.78125,
0.8125,0.875,0.9375,1.),.UNSPECIFIED.);
#323=B_SPLINE_CURVE_WITH_KNOTS('',3,(#7033,#7034,#7035,#7036,#7037,#7038),
 .UNSPECIFIED.,.F.,.F.,(4,1,1,4),(0.,0.00510589387335799,0.00765884081003699,
0.010211787746716),.UNSPECIFIED.);
#324=B_SPLINE_CURVE_WITH_KNOTS('',3,(#7097,#7098,#7099,#7100,#7101,#7102,
#7103,#7104,#7105,#7106,#7107,#7108,#7109,#7110,#7111,#7112,#7113,#7114,
#7115,#7116,#7117,#7118,#7119,#7120,#7121,#7122,#7123,#7124,#7125,#7126,
#7127,#7128,#7129,#7130,#7131,#7132,#7133,#7134,#7135,#7136,#7137,#7138,
#7139,#7140,#7141,#7142,#7143,#7144,#7145,#7146,#7147,#7148,#7149,#7150,
#7151,#7152,#7153,#7154,#7155,#7156,#7157,#7158,#7159,#7160,#7161,#7162,
#7163,#7164,#7165,#7166,#7167,#7168,#7169,#7170,#7171,#7172,#7173,#7174,
#7175,#7176,#7177,#7178,#7179,#7180,#7181,#7182,#7183,#7184,#7185,#7186,
#7187,#7188,#7189,#7190,#7191,#7192,#7193,#7194,#7195,#7196,#7197,#7198,
#7199,#7200,#7201,#7202,#7203,#7204,#7205,#7206,#7207,#7208,#7209,#7210,
#7211,#7212,#7213,#7214,#7215,#7216,#7217,#7218,#7219,#7220,#7221,#7222,
#7223,#7224,#7225,#7226,#7227,#7228,#7229,#7230,#7231,#7232,#7233,#7234,
#7235,#7236,#7237,#7238,#7239,#7240,#7241,#7242,#7243,#7244,#7245,#7246,
#7247,#7248,#7249,#7250,#7251,#7252,#7253,#7254,#7255,#7256,#7257,#7258,
#7259,#7260,#7261,#7262,#7263,#7264,#7265,#7266,#7267,#7268,#7269,#7270,
#7271,#7272,#7273,#7274,#7275,#7276,#7277,#7278,#7279,#7280,#7281,#7282,
#7283,#7284,#7285,#7286,#7287,#7288,#7289,#7290,#7291,#7292,#7293,#7294,
#7295,#7296,#7297,#7298,#7299,#7300,#7301,#7302,#7303),.UNSPECIFIED.,.F.,
 .F.,(4,1,1,1,1,1,1,1,1,1,1,1,1,1,1,1,1,1,1,1,1,1,1,1,1,1,1,1,1,1,1,1,1,
1,1,1,1,1,1,1,1,1,1,1,1,1,1,1,1,1,1,1,1,1,1,1,1,1,1,1,1,1,1,1,1,1,1,1,1,
1,1,1,1,1,1,1,1,1,1,1,1,1,1,1,1,1,1,1,1,1,1,1,1,1,1,1,1,1,1,1,1,1,1,1,1,
1,1,1,1,1,1,1,1,1,1,1,1,1,1,1,1,1,1,1,1,1,1,1,1,1,1,1,1,1,1,1,1,1,1,1,1,
1,1,1,1,1,1,1,1,1,1,1,1,1,1,1,1,1,1,1,1,1,1,1,1,1,1,1,1,1,1,1,1,1,1,1,1,
1,1,1,1,1,1,1,1,1,1,1,1,1,1,1,1,1,1,1,1,1,1,1,1,1,1,1,4),(0.,0.001953125,
0.00390625,0.005859375,0.0068359375,0.00732421875,0.0078125,0.00830078125,
0.0087890625,0.009765625,0.0107421875,0.01171875,0.013671875,0.0146484375,
0.015625,0.0166015625,0.017578125,0.01953125,0.0234375,0.025390625,0.02734375,
0.029296875,0.0302734375,0.03125,0.0322265625,0.033203125,0.03515625,0.0390625,
0.04296875,0.046875,0.0546875,0.05859375,0.060546875,0.0625,0.064453125,
0.06640625,0.0703125,0.07421875,0.078125,0.08203125,0.083984375,0.0849609375,
0.0859375,0.0869140625,0.087890625,0.08984375,0.091796875,0.09375,0.095703125,
0.09765625,0.1015625,0.109375,0.1171875,0.12109375,0.125,0.12890625,0.1328125,
0.140625,0.15625,0.1640625,0.171875,0.1796875,0.18359375,0.185546875,0.1875,
0.189453125,0.19140625,0.1953125,0.203125,0.21875,0.2265625,0.234375,0.23828125,
0.2421875,0.24609375,0.248046875,0.25,0.251953125,0.25390625,0.2578125,
0.26171875,0.265625,0.2734375,0.28125,0.2890625,0.296875,0.30078125,0.3046875,
0.30859375,0.310546875,0.3115234375,0.3125,0.3134765625,0.314453125,0.31640625,
0.3203125,0.328125,0.33203125,0.3359375,0.337890625,0.33984375,0.341796875,
0.3427734375,0.34326171875,0.34375,0.34423828125,0.3447265625,0.345703125,
0.34765625,0.349609375,0.3515625,0.35546875,0.359375,0.36328125,0.3671875,
0.37109375,0.373046875,0.3740234375,0.375,0.3759765625,0.376953125,0.37890625,
0.3828125,0.390625,0.3984375,0.40625,0.4140625,0.421875,0.4296875,0.43359375,
0.435546875,0.4375,0.439453125,0.44140625,0.4453125,0.453125,0.4609375,
0.46875,0.4765625,0.484375,0.5,0.515625,0.53125,0.546875,0.5625,0.59375,
0.625,0.65625,0.6875,0.703125,0.71875,0.7265625,0.734375,0.7421875,0.74609375,
0.748046875,0.75,0.751953125,0.75390625,0.7578125,0.765625,0.7734375,0.78125,
0.7890625,0.796875,0.80078125,0.8046875,0.80859375,0.810546875,0.8115234375,
0.8125,0.8134765625,0.814453125,0.81640625,0.8203125,0.82421875,0.828125,
0.8359375,0.84375,0.8515625,0.859375,0.86328125,0.8671875,0.869140625,0.87109375,
0.873046875,0.8740234375,0.87451171875,0.875,0.87548828125,0.8759765625,
0.876953125,0.87890625,0.880859375,0.8828125,0.88671875,0.890625,0.8984375,
0.90625,0.9140625,0.921875,0.9375,0.953125,0.96875,1.),.UNSPECIFIED.);
#325=B_SPLINE_CURVE_WITH_KNOTS('',3,(#7304,#7305,#7306,#7307,#7308,#7309,
#7310,#7311,#7312,#7313,#7314,#7315,#7316,#7317,#7318,#7319,#7320,#7321,
#7322,#7323,#7324,#7325,#7326,#7327,#7328,#7329,#7330,#7331,#7332,#7333,
#7334,#7335,#7336,#7337,#7338,#7339,#7340,#7341,#7342,#7343,#7344,#7345,
#7346,#7347,#7348,#7349,#7350,#7351,#7352,#7353,#7354,#7355,#7356,#7357,
#7358,#7359,#7360,#7361,#7362,#7363,#7364,#7365,#7366,#7367,#7368,#7369,
#7370,#7371,#7372,#7373,#7374,#7375,#7376,#7377,#7378,#7379,#7380,#7381,
#7382,#7383,#7384,#7385,#7386,#7387,#7388,#7389,#7390,#7391,#7392,#7393,
#7394,#7395,#7396,#7397,#7398,#7399,#7400,#7401,#7402,#7403,#7404,#7405,
#7406,#7407,#7408,#7409,#7410,#7411,#7412,#7413,#7414,#7415,#7416,#7417,
#7418,#7419,#7420,#7421,#7422,#7423,#7424,#7425,#7426,#7427,#7428,#7429,
#7430,#7431,#7432,#7433,#7434,#7435,#7436,#7437,#7438,#7439,#7440,#7441,
#7442,#7443,#7444,#7445,#7446,#7447,#7448,#7449,#7450,#7451,#7452,#7453,
#7454,#7455,#7456,#7457,#7458,#7459,#7460,#7461,#7462,#7463,#7464,#7465,
#7466,#7467,#7468,#7469,#7470,#7471,#7472,#7473,#7474,#7475,#7476,#7477,
#7478,#7479,#7480,#7481,#7482,#7483,#7484,#7485,#7486,#7487,#7488,#7489,
#7490,#7491,#7492,#7493,#7494,#7495,#7496,#7497,#7498,#7499,#7500),
 .UNSPECIFIED.,.F.,.F.,(4,1,1,1,1,1,1,1,1,1,1,1,1,1,1,1,1,1,1,1,1,1,1,1,
1,1,1,1,1,1,1,1,1,1,1,1,1,1,1,1,1,1,1,1,1,1,1,1,1,1,1,1,1,1,1,1,1,1,1,1,
1,1,1,1,1,1,1,1,1,1,1,1,1,1,1,1,1,1,1,1,1,1,1,1,1,1,1,1,1,1,1,1,1,1,1,1,
1,1,1,1,1,1,1,1,1,1,1,1,1,1,1,1,1,1,1,1,1,1,1,1,1,1,1,1,1,1,1,1,1,1,1,1,
1,1,1,1,1,1,1,1,1,1,1,1,1,1,1,1,1,1,1,1,1,1,1,1,1,1,1,1,1,1,1,1,1,1,1,1,
1,1,1,1,1,1,1,1,1,1,1,1,1,1,1,1,1,1,1,1,1,1,1,1,1,1,4),(0.,0.03125,0.0625,
0.078125,0.09375,0.1015625,0.109375,0.1171875,0.12109375,0.123046875,0.125,
0.126953125,0.12890625,0.1328125,0.140625,0.1484375,0.15625,0.171875,0.1796875,
0.18359375,0.1875,0.19140625,0.1953125,0.203125,0.20703125,0.2109375,0.21484375,
0.216796875,0.2177734375,0.21875,0.2197265625,0.220703125,0.22265625,0.2265625,
0.23046875,0.234375,0.23828125,0.2421875,0.244140625,0.24609375,0.248046875,
0.2490234375,0.24951171875,0.25,0.25048828125,0.2509765625,0.251953125,
0.25390625,0.255859375,0.2578125,0.26171875,0.265625,0.2734375,0.28125,
0.2890625,0.296875,0.30078125,0.3046875,0.306640625,0.30859375,0.310546875,
0.3115234375,0.31201171875,0.3125,0.31298828125,0.3134765625,0.314453125,
0.31640625,0.318359375,0.3203125,0.32421875,0.328125,0.3359375,0.34375,
0.3515625,0.359375,0.36328125,0.3671875,0.37109375,0.373046875,0.3740234375,
0.375,0.3759765625,0.376953125,0.37890625,0.3828125,0.38671875,0.390625,
0.3984375,0.40625,0.4140625,0.421875,0.4296875,0.43359375,0.435546875,0.4375,
0.439453125,0.44140625,0.4453125,0.453125,0.4609375,0.46875,0.484375,0.4921875,
0.49609375,0.5,0.50390625,0.5078125,0.515625,0.53125,0.546875,0.5546875,
0.55859375,0.5625,0.56640625,0.5703125,0.578125,0.59375,0.609375,0.6171875,
0.625,0.6328125,0.640625,0.65625,0.671875,0.6875,0.703125,0.71875,0.734375,
0.7421875,0.75,0.7578125,0.765625,0.78125,0.8125,0.828125,0.84375,0.8515625,
0.859375,0.8671875,0.87109375,0.873046875,0.875,0.876953125,0.87890625,
0.8828125,0.890625,0.8984375,0.90625,0.921875,0.9296875,0.9375,0.94140625,
0.9453125,0.953125,0.95703125,0.9609375,0.96484375,0.966796875,0.9677734375,
0.96826171875,0.96875,0.96923828125,0.9697265625,0.970703125,0.97265625,
0.9765625,0.978515625,0.98046875,0.982421875,0.9833984375,0.98388671875,
0.984375,0.98486328125,0.9853515625,0.986328125,0.9873046875,0.98828125,
0.990234375,0.9912109375,0.99169921875,0.9921875,0.99267578125,0.9931640625,
0.994140625,0.9951171875,0.99560546875,0.995849609375,0.99609375,0.996337890625,
0.99658203125,0.9970703125,0.998046875,0.9990234375,1.),.UNSPECIFIED.);
#326=B_SPLINE_CURVE_WITH_KNOTS('',3,(#7502,#7503,#7504,#7505,#7506),
 .UNSPECIFIED.,.F.,.F.,(4,1,4),(0.,0.5,1.),.UNSPECIFIED.);
#327=B_SPLINE_CURVE_WITH_KNOTS('',3,(#7508,#7509,#7510,#7511,#7512,#7513,
#7514,#7515,#7516,#7517,#7518,#7519,#7520,#7521,#7522,#7523,#7524,#7525,
#7526,#7527,#7528,#7529,#7530,#7531,#7532,#7533,#7534,#7535,#7536,#7537,
#7538,#7539,#7540,#7541,#7542,#7543,#7544,#7545,#7546,#7547,#7548,#7549,
#7550,#7551,#7552,#7553,#7554,#7555,#7556,#7557,#7558,#7559,#7560,#7561,
#7562,#7563,#7564,#7565,#7566,#7567,#7568,#7569),.UNSPECIFIED.,.F.,.F.,
(4,1,1,1,1,1,1,1,1,1,1,1,1,1,1,1,1,1,1,1,1,1,1,1,1,1,1,1,1,1,1,1,1,1,1,
1,1,1,1,1,1,1,1,1,1,1,1,1,1,1,1,1,1,1,1,1,1,1,1,4),(0.,0.00390625,0.005859375,
0.0068359375,0.0078125,0.0087890625,0.009765625,0.01171875,0.013671875,
0.015625,0.017578125,0.01953125,0.0234375,0.02734375,0.029296875,0.03125,
0.033203125,0.03515625,0.0390625,0.046875,0.0546875,0.05859375,0.060546875,
0.0625,0.064453125,0.06640625,0.0703125,0.078125,0.0859375,0.09375,0.109375,
0.1171875,0.12109375,0.125,0.12890625,0.1328125,0.140625,0.15625,0.171875,
0.1875,0.21875,0.234375,0.2421875,0.25,0.2578125,0.265625,0.28125,0.3125,
0.375,0.4375,0.46875,0.5,0.53125,0.5625,0.625,0.6875,0.75,0.8125,0.875,
1.),.UNSPECIFIED.);
#328=B_SPLINE_CURVE_WITH_KNOTS('',3,(#7571,#7572,#7573,#7574),
 .UNSPECIFIED.,.F.,.F.,(4,4),(0.,1.),.UNSPECIFIED.);
#329=B_SPLINE_CURVE_WITH_KNOTS('',3,(#7576,#7577,#7578,#7579,#7580,#7581,
#7582,#7583,#7584,#7585,#7586,#7587,#7588,#7589,#7590,#7591,#7592,#7593,
#7594,#7595,#7596,#7597,#7598,#7599,#7600,#7601,#7602,#7603,#7604,#7605,
#7606,#7607,#7608,#7609,#7610,#7611,#7612,#7613,#7614,#7615,#7616,#7617,
#7618,#7619,#7620,#7621,#7622,#7623,#7624,#7625,#7626,#7627,#7628,#7629,
#7630,#7631,#7632,#7633,#7634,#7635,#7636,#7637,#7638,#7639,#7640,#7641,
#7642,#7643,#7644,#7645,#7646,#7647,#7648,#7649,#7650,#7651,#7652,#7653,
#7654,#7655,#7656,#7657,#7658,#7659,#7660,#7661,#7662,#7663,#7664,#7665,
#7666,#7667,#7668),.UNSPECIFIED.,.F.,.F.,(4,1,1,1,1,1,1,1,1,1,1,1,1,1,1,
1,1,1,1,1,1,1,1,1,1,1,1,1,1,1,1,1,1,1,1,1,1,1,1,1,1,1,1,1,1,1,1,1,1,1,1,
1,1,1,1,1,1,1,1,1,1,1,1,1,1,1,1,1,1,1,1,1,1,1,1,1,1,1,1,1,1,1,1,1,1,1,1,
1,1,1,4),(0.,0.0312495429625286,0.0624990859250572,0.0937486288875857,0.10937340036885,
0.117185786109482,0.124998171850114,0.132810557590746,0.140622943331379,
0.156247714812643,0.187497257775171,0.2187468007377,0.234371572218964,0.242183957959596,
0.249996343700229,0.257808729440861,0.265621115181493,0.281245886662757,
0.312495429625286,0.343744972587814,0.359369744069079,0.374994515550343,
0.390619287031607,0.406244058512872,0.4374936014754,0.468743144437929,0.484367915919193,
0.499992687400457,0.515617458881722,0.531242230362986,0.562491773325514,
0.593741316288043,0.609366087769307,0.624990859250572,0.640615630731836,
0.6562404022131,0.671865173694364,0.687489945175629,0.703114716656893,0.710927102397525,
0.714833295267841,0.718739488138157,0.722645681008473,0.72655187387879,
0.734364259619422,0.742176645360054,0.74608283823037,0.748035934665528,
0.749989031100686,0.751942127535844,0.753895223971002,0.757801416841318,
0.76561380258195,0.773426188322582,0.781238574063215,0.812488117025743,
0.828112888507007,0.843737659988272,0.859362431469536,0.867174817210168,
0.871081010080484,0.8749872029508,0.878893395821116,0.882799588691432,0.890611974432065,
0.906236745913329,0.921861517394593,0.929673903135225,0.933580096005541,
0.937486288875857,0.941392481746173,0.94529867461649,0.953111060357122,
0.960923446097754,0.96482963896807,0.968735831838386,0.972642024708702,
0.976548217579018,0.980454410449334,0.982407506884492,0.98436060331965,
0.986313699754808,0.988266796189966,0.989243344407545,0.990219892625124,
0.990708166733914,0.991196440842703,0.992172989060282,0.99412608549544,
0.996079181930599,0.999985374800915),.UNSPECIFIED.);
#330=B_SPLINE_CURVE_WITH_KNOTS('',3,(#7727,#7728,#7729,#7730,#7731,#7732,
#7733,#7734,#7735,#7736,#7737,#7738,#7739,#7740,#7741,#7742,#7743,#7744,
#7745,#7746,#7747,#7748,#7749,#7750,#7751,#7752,#7753,#7754,#7755,#7756,
#7757,#7758,#7759,#7760,#7761,#7762,#7763,#7764,#7765,#7766,#7767,#7768,
#7769,#7770,#7771,#7772,#7773,#7774,#7775,#7776,#7777,#7778,#7779,#7780,
#7781,#7782,#7783,#7784,#7785,#7786,#7787,#7788,#7789,#7790,#7791,#7792,
#7793,#7794,#7795,#7796,#7797,#7798,#7799,#7800,#7801,#7802,#7803,#7804,
#7805,#7806,#7807,#7808,#7809,#7810,#7811,#7812,#7813,#7814,#7815,#7816,
#7817,#7818,#7819,#7820,#7821,#7822,#7823,#7824,#7825,#7826,#7827,#7828,
#7829,#7830,#7831,#7832,#7833,#7834,#7835,#7836,#7837,#7838,#7839,#7840,
#7841,#7842,#7843,#7844,#7845,#7846,#7847,#7848,#7849,#7850,#7851,#7852,
#7853,#7854,#7855,#7856,#7857,#7858,#7859,#7860,#7861,#7862,#7863,#7864,
#7865,#7866,#7867,#7868,#7869,#7870,#7871,#7872,#7873,#7874,#7875,#7876,
#7877,#7878,#7879,#7880,#7881,#7882,#7883,#7884,#7885,#7886,#7887,#7888,
#7889,#7890,#7891,#7892,#7893,#7894,#7895,#7896,#7897,#7898,#7899,#7900,
#7901,#7902,#7903,#7904,#7905,#7906,#7907,#7908,#7909,#7910,#7911,#7912,
#7913,#7914,#7915,#7916,#7917,#7918,#7919,#7920,#7921,#7922,#7923,#7924),
 .UNSPECIFIED.,.F.,.F.,(4,1,1,1,1,1,1,1,1,1,1,1,1,1,1,1,1,1,1,1,1,1,1,1,
1,1,1,1,1,1,1,1,1,1,1,1,1,1,1,1,1,1,1,1,1,1,1,1,1,1,1,1,1,1,1,1,1,1,1,1,
1,1,1,1,1,1,1,1,1,1,1,1,1,1,1,1,1,1,1,1,1,1,1,1,1,1,1,1,1,1,1,1,1,1,1,1,
1,1,1,1,1,1,1,1,1,1,1,1,1,1,1,1,1,1,1,1,1,1,1,1,1,1,1,1,1,1,1,1,1,1,1,1,
1,1,1,1,1,1,1,1,1,1,1,1,1,1,1,1,1,1,1,1,1,1,1,1,1,1,1,1,1,1,1,1,1,1,1,1,
1,1,1,1,1,1,1,1,1,1,1,1,1,1,1,1,1,1,1,1,1,1,1,1,1,1,1,4),(0.,0.03125,0.0625,
0.078125,0.09375,0.1015625,0.109375,0.1171875,0.12109375,0.123046875,0.125,
0.126953125,0.12890625,0.1328125,0.140625,0.1484375,0.15625,0.171875,0.1875,
0.203125,0.21875,0.2265625,0.234375,0.23828125,0.2421875,0.24609375,0.248046875,
0.2490234375,0.25,0.2509765625,0.251953125,0.25390625,0.2578125,0.26171875,
0.265625,0.2734375,0.28125,0.2890625,0.296875,0.30078125,0.3046875,0.30859375,
0.310546875,0.3115234375,0.3125,0.3134765625,0.314453125,0.31640625,0.3203125,
0.32421875,0.328125,0.3359375,0.34375,0.359375,0.3671875,0.375,0.3828125,
0.390625,0.40625,0.421875,0.4375,0.46875,0.484375,0.5,0.5078125,0.515625,
0.5234375,0.53125,0.5390625,0.546875,0.5546875,0.55859375,0.560546875,0.5625,
0.564453125,0.56640625,0.5703125,0.578125,0.5859375,0.59375,0.6015625,0.609375,
0.6171875,0.62109375,0.623046875,0.6240234375,0.625,0.6259765625,0.626953125,
0.62890625,0.6328125,0.640625,0.64453125,0.6484375,0.650390625,0.65234375,
0.654296875,0.6552734375,0.65576171875,0.65625,0.65673828125,0.6572265625,
0.658203125,0.66015625,0.662109375,0.6640625,0.66796875,0.671875,0.6796875,
0.68359375,0.685546875,0.6865234375,0.6875,0.6884765625,0.689453125,0.69140625,
0.6953125,0.69921875,0.703125,0.7109375,0.71875,0.7265625,0.734375,0.73828125,
0.7421875,0.74609375,0.748046875,0.75,0.751953125,0.75390625,0.7578125,
0.76171875,0.765625,0.7734375,0.78125,0.796875,0.8046875,0.80859375,0.810546875,
0.8125,0.814453125,0.81640625,0.8203125,0.828125,0.8359375,0.84375,0.859375,
0.8671875,0.87109375,0.875,0.87890625,0.8828125,0.890625,0.8984375,0.90234375,
0.90625,0.91015625,0.9140625,0.91796875,0.921875,0.92578125,0.9296875,0.9375,
0.94140625,0.9453125,0.953125,0.95703125,0.9609375,0.96484375,0.966796875,
0.9677734375,0.96875,0.9697265625,0.970703125,0.97265625,0.9765625,0.98046875,
0.982421875,0.9833984375,0.984375,0.9853515625,0.986328125,0.98828125,0.990234375,
0.9912109375,0.9921875,0.9931640625,0.994140625,0.99462890625,0.9951171875,
0.995361328125,0.99560546875,0.99609375,0.9970703125,0.998046875,1.),
 .UNSPECIFIED.);
#331=B_SPLINE_CURVE_WITH_KNOTS('',3,(#7925,#7926,#7927,#7928,#7929,#7930,
#7931,#7932,#7933,#7934,#7935,#7936,#7937,#7938,#7939,#7940,#7941,#7942,
#7943,#7944,#7945,#7946,#7947,#7948,#7949,#7950,#7951,#7952,#7953,#7954,
#7955,#7956,#7957,#7958,#7959,#7960,#7961,#7962,#7963,#7964,#7965,#7966,
#7967,#7968,#7969,#7970,#7971,#7972,#7973,#7974,#7975,#7976,#7977,#7978,
#7979,#7980,#7981,#7982,#7983,#7984,#7985,#7986,#7987,#7988,#7989,#7990,
#7991,#7992,#7993,#7994,#7995,#7996,#7997,#7998,#7999,#8000,#8001,#8002,
#8003,#8004,#8005,#8006,#8007,#8008,#8009,#8010,#8011,#8012),
 .UNSPECIFIED.,.F.,.F.,(4,1,1,1,1,1,1,1,1,1,1,1,1,1,1,1,1,1,1,1,1,1,1,1,
1,1,1,1,1,1,1,1,1,1,1,1,1,1,1,1,1,1,1,1,1,1,1,1,1,1,1,1,1,1,1,1,1,1,1,1,
1,1,1,1,1,1,1,1,1,1,1,1,1,1,1,1,1,1,1,1,1,1,1,1,1,4),(1.04391454748893E-6,
0.00390728983675629,0.00586041279786069,0.00781353575896509,0.00879009723951728,
0.00976665872006948,0.0117197816811739,0.0136729046422783,0.0156260276033827,
0.0175791505644871,0.0195322735255915,0.0234385194478003,0.0273447653700091,
0.0312510112922179,0.0351572572144267,0.0390635031366355,0.0468759949810531,
0.0546884868254707,0.0585947327476795,0.0625009786698883,0.0664072245920971,
0.0703134705143059,0.0781259623587235,0.0937509460475587,0.109375929736394,
0.117188421580811,0.12109466750302,0.125000913425229,0.128907159347438,
0.132813405269647,0.140625897114064,0.156250880802899,0.171875864491735,
0.18750084818057,0.21875081555824,0.234375799247075,0.242188291091493,0.246094537013702,
0.250000782935911,0.253907028858119,0.257813274780328,0.265625766624746,
0.273438258469163,0.277344504391372,0.281250750313581,0.28515699623579,
0.289063242157999,0.296875734002416,0.312500717691251,0.328125701380087,
0.343750685068922,0.359375668757757,0.375000652446592,0.390625636135427,
0.406250619824263,0.437500587201933,0.468750554579603,0.484375538268439,
0.500000521957274,0.515625505646109,0.531250489334944,0.562500456712615,
0.593750424090285,0.60937540777912,0.625000391467955,0.640625375156791,
0.656250358845626,0.687500326223296,0.718750293600967,0.734375277289802,
0.742187769134219,0.750000260978637,0.757812752823054,0.765625244667472,
0.781250228356307,0.812500195733978,0.843750163111648,0.859375146800483,
0.867187638644901,0.875000130489318,0.882812622333736,0.890625114178154,
0.906250097866989,0.937500065244659,0.96875003262233,1.),.UNSPECIFIED.);
#332=B_SPLINE_CURVE_WITH_KNOTS('',3,(#8014,#8015,#8016,#8017),
 .UNSPECIFIED.,.F.,.F.,(4,4),(0.,1.),.UNSPECIFIED.);
#333=B_SPLINE_CURVE_WITH_KNOTS('',3,(#8019,#8020,#8021,#8022,#8023,#8024,
#8025,#8026,#8027,#8028,#8029,#8030,#8031,#8032,#8033,#8034,#8035,#8036,
#8037,#8038,#8039,#8040,#8041,#8042,#8043,#8044,#8045,#8046,#8047,#8048,
#8049,#8050,#8051,#8052,#8053,#8054,#8055,#8056,#8057,#8058,#8059,#8060,
#8061,#8062,#8063,#8064,#8065,#8066,#8067,#8068,#8069,#8070,#8071,#8072,
#8073,#8074,#8075,#8076,#8077,#8078,#8079,#8080),.UNSPECIFIED.,.F.,.F.,
(4,1,1,1,1,1,1,1,1,1,1,1,1,1,1,1,1,1,1,1,1,1,1,1,1,1,1,1,1,1,1,1,1,1,1,
1,1,1,1,1,1,1,1,1,1,1,1,1,1,1,1,1,1,1,1,1,1,1,1,4),(1.12120117640823E-6,
0.125000981051029,0.187500910975956,0.218750875938419,0.250000840900882,
0.281250805863345,0.312500770825809,0.375000700750735,0.437500630675662,
0.468750595638125,0.500000560600588,0.531250525563051,0.562500490525515,
0.625000420450441,0.687500350375368,0.718750315337831,0.734375297819063,
0.750000280300294,0.765625262781526,0.781250245262757,0.812500210225221,
0.828125192706452,0.843750175187684,0.859375157668915,0.867187648909531,
0.871093894529839,0.875000140150147,0.878906385770455,0.882812631390763,
0.890625122631379,0.90625010511261,0.914062596353226,0.921875087593842,
0.929687578834458,0.933593824454766,0.93554694726492,0.937500070075074,
0.939453192885227,0.941406315695381,0.945312561315689,0.953125052556305,
0.960937543796921,0.964843789417229,0.966796912227383,0.968750035037537,
0.970703157847691,0.972656280657845,0.976562526278153,0.98046877189846,
0.982421894708615,0.984375017518768,0.986328140328922,0.988281263139076,
0.99023438594923,0.991210947354307,0.992187508759384,0.993164070164461,
0.994140631569538,0.996093754379692,1.),.UNSPECIFIED.);
#334=B_SPLINE_CURVE_WITH_KNOTS('',3,(#8082,#8083,#8084,#8085),
 .UNSPECIFIED.,.F.,.F.,(4,4),(0.,0.999999927897013),.UNSPECIFIED.);
#335=B_SPLINE_CURVE_WITH_KNOTS('',3,(#8087,#8088,#8089,#8090,#8091,#8092,
#8093,#8094,#8095,#8096,#8097,#8098,#8099,#8100,#8101,#8102,#8103,#8104,
#8105,#8106,#8107,#8108,#8109,#8110,#8111,#8112,#8113,#8114,#8115,#8116,
#8117,#8118,#8119,#8120,#8121,#8122,#8123,#8124,#8125,#8126,#8127,#8128,
#8129,#8130,#8131,#8132,#8133,#8134,#8135,#8136,#8137,#8138,#8139,#8140,
#8141,#8142,#8143,#8144,#8145,#8146,#8147,#8148,#8149,#8150,#8151,#8152,
#8153,#8154,#8155,#8156,#8157,#8158,#8159,#8160,#8161,#8162,#8163,#8164,
#8165,#8166,#8167,#8168,#8169,#8170,#8171,#8172,#8173,#8174,#8175,#8176,
#8177,#8178,#8179,#8180,#8181,#8182,#8183,#8184,#8185,#8186,#8187,#8188,
#8189,#8190,#8191,#8192,#8193,#8194,#8195,#8196,#8197,#8198,#8199,#8200,
#8201,#8202,#8203,#8204,#8205,#8206,#8207,#8208,#8209,#8210,#8211,#8212,
#8213,#8214,#8215,#8216,#8217,#8218,#8219,#8220,#8221,#8222,#8223,#8224,
#8225,#8226,#8227,#8228,#8229,#8230,#8231,#8232,#8233,#8234,#8235,#8236,
#8237,#8238,#8239,#8240,#8241,#8242,#8243,#8244,#8245,#8246,#8247,#8248,
#8249,#8250,#8251,#8252,#8253,#8254,#8255,#8256,#8257,#8258,#8259,#8260,
#8261,#8262,#8263,#8264,#8265,#8266,#8267,#8268,#8269,#8270,#8271,#8272,
#8273,#8274,#8275,#8276,#8277,#8278,#8279,#8280,#8281,#8282,#8283),
 .UNSPECIFIED.,.F.,.F.,(4,1,1,1,1,1,1,1,1,1,1,1,1,1,1,1,1,1,1,1,1,1,1,1,
1,1,1,1,1,1,1,1,1,1,1,1,1,1,1,1,1,1,1,1,1,1,1,1,1,1,1,1,1,1,1,1,1,1,1,1,
1,1,1,1,1,1,1,1,1,1,1,1,1,1,1,1,1,1,1,1,1,1,1,1,1,1,1,1,1,1,1,1,1,1,1,1,
1,1,1,1,1,1,1,1,1,1,1,1,1,1,1,1,1,1,1,1,1,1,1,1,1,1,1,1,1,1,1,1,1,1,1,1,
1,1,1,1,1,1,1,1,1,1,1,1,1,1,1,1,1,1,1,1,1,1,1,1,1,1,1,1,1,1,1,1,1,1,1,1,
1,1,1,1,1,1,1,1,1,1,1,1,1,1,1,1,1,1,1,1,1,1,1,1,1,1,4),(0.,0.0009765625,
0.001953125,0.0029296875,0.00341796875,0.003662109375,0.00390625,0.004150390625,
0.00439453125,0.0048828125,0.005859375,0.0068359375,0.00732421875,0.0078125,
0.00830078125,0.0087890625,0.009765625,0.01171875,0.0126953125,0.013671875,
0.0146484375,0.01513671875,0.015625,0.01611328125,0.0166015625,0.017578125,
0.01953125,0.021484375,0.0234375,0.02734375,0.029296875,0.0302734375,0.03076171875,
0.03125,0.03173828125,0.0322265625,0.033203125,0.03515625,0.0390625,0.04296875,
0.046875,0.0546875,0.05859375,0.0625,0.0703125,0.078125,0.09375,0.1015625,
0.109375,0.1171875,0.12109375,0.123046875,0.125,0.126953125,0.12890625,
0.1328125,0.140625,0.1484375,0.15625,0.171875,0.1875,0.21875,0.234375,0.2421875,
0.25,0.2578125,0.265625,0.28125,0.296875,0.3125,0.328125,0.34375,0.359375,
0.3671875,0.375,0.3828125,0.390625,0.40625,0.421875,0.4296875,0.43359375,
0.4375,0.44140625,0.4453125,0.453125,0.46875,0.484375,0.4921875,0.49609375,
0.5,0.50390625,0.5078125,0.515625,0.53125,0.5390625,0.546875,0.5546875,
0.55859375,0.560546875,0.5625,0.564453125,0.56640625,0.5703125,0.578125,
0.5859375,0.59375,0.6015625,0.609375,0.61328125,0.6171875,0.62109375,0.623046875,
0.6240234375,0.625,0.6259765625,0.626953125,0.62890625,0.6328125,0.63671875,
0.640625,0.6484375,0.65625,0.6640625,0.671875,0.67578125,0.6796875,0.681640625,
0.68359375,0.685546875,0.6865234375,0.68701171875,0.6875,0.68798828125,
0.6884765625,0.689453125,0.69140625,0.693359375,0.6953125,0.69921875,0.703125,
0.7109375,0.71875,0.7265625,0.734375,0.73828125,0.7421875,0.744140625,0.74609375,
0.748046875,0.7490234375,0.74951171875,0.75,0.75048828125,0.7509765625,
0.751953125,0.75390625,0.755859375,0.7578125,0.76171875,0.765625,0.76953125,
0.7734375,0.77734375,0.779296875,0.7802734375,0.78125,0.7822265625,0.783203125,
0.78515625,0.7890625,0.79296875,0.796875,0.8046875,0.80859375,0.8125,0.81640625,
0.8203125,0.828125,0.84375,0.8515625,0.859375,0.8671875,0.87109375,0.873046875,
0.875,0.876953125,0.87890625,0.8828125,0.890625,0.8984375,0.90625,0.921875,
0.9375,0.96875,1.),.UNSPECIFIED.);
#336=B_SPLINE_CURVE_WITH_KNOTS('',3,(#8356,#8357,#8358,#8359),
 .UNSPECIFIED.,.F.,.F.,(4,4),(0.,1.),.UNSPECIFIED.);
#337=B_SPLINE_CURVE_WITH_KNOTS('',3,(#8433,#8434,#8435,#8436,#8437,#8438,
#8439),.UNSPECIFIED.,.F.,.F.,(4,1,1,1,4),(0.,0.25,0.5,0.75,1.),
 .UNSPECIFIED.);
#338=B_SPLINE_CURVE_WITH_KNOTS('',3,(#8440,#8441,#8442,#8443),
 .UNSPECIFIED.,.F.,.F.,(4,4),(0.,1.),.UNSPECIFIED.);
#339=B_SPLINE_CURVE_WITH_KNOTS('',3,(#8445,#8446,#8447,#8448,#8449,#8450,
#8451,#8452,#8453,#8454,#8455),.UNSPECIFIED.,.F.,.F.,(4,1,1,1,1,1,1,1,4),
(0.,0.25,0.375,0.4375,0.5,0.5625,0.625,0.75,1.),.UNSPECIFIED.);
#340=B_SPLINE_CURVE_WITH_KNOTS('',3,(#8456,#8457,#8458,#8459),
 .UNSPECIFIED.,.F.,.F.,(4,4),(0.,1.),.UNSPECIFIED.);
#341=B_SPLINE_CURVE_WITH_KNOTS('',3,(#8880,#8881,#8882,#8883),
 .UNSPECIFIED.,.F.,.F.,(4,4),(0.,1.),.UNSPECIFIED.);
#342=B_SPLINE_CURVE_WITH_KNOTS('',3,(#8884,#8885,#8886,#8887,#8888),
 .UNSPECIFIED.,.F.,.F.,(4,1,4),(-0.000171647450435121,0.00762077256946124,
0.0154131925893576),.UNSPECIFIED.);
#343=B_SPLINE_CURVE_WITH_KNOTS('',3,(#8943,#8944,#8945,#8946,#8947),
 .UNSPECIFIED.,.F.,.F.,(4,1,4),(1.16070030989427E-8,0.00779689389925438,
0.0155937761915057),.UNSPECIFIED.);
#344=B_SPLINE_CURVE_WITH_KNOTS('',3,(#9206,#9207,#9208,#9209),
 .UNSPECIFIED.,.F.,.F.,(4,4),(0.000912215485922383,0.00993506740046369),
 .UNSPECIFIED.);
#345=B_SPLINE_CURVE_WITH_KNOTS('',3,(#9246,#9247,#9248,#9249,#9250,#9251,
#9252,#9253,#9254,#9255,#9256,#9257,#9258,#9259,#9260,#9261,#9262),
 .UNSPECIFIED.,.F.,.F.,(4,1,1,1,1,1,1,1,1,1,1,1,1,1,4),(0.,0.125,0.1875,
0.25,0.3125,0.375,0.5,0.625,0.6875,0.71875,0.75,0.78125,0.8125,0.875,1.),
 .UNSPECIFIED.);
#346=B_SPLINE_CURVE_WITH_KNOTS('',3,(#9263,#9264,#9265,#9266),
 .UNSPECIFIED.,.F.,.F.,(4,4),(0.,1.),.UNSPECIFIED.);
#347=B_SPLINE_CURVE_WITH_KNOTS('',3,(#9441,#9442,#9443,#9444,#9445,#9446,
#9447,#9448,#9449,#9450,#9451),.UNSPECIFIED.,.F.,.F.,(4,1,1,1,1,1,1,1,4),
(0.,0.25,0.375,0.4375,0.5,0.5625,0.625,0.75,1.),.UNSPECIFIED.);
#348=B_SPLINE_CURVE_WITH_KNOTS('',3,(#9470,#9471,#9472,#9473),
 .UNSPECIFIED.,.F.,.F.,(4,4),(0.,0.00096453141967443),.UNSPECIFIED.);
#349=B_SPLINE_CURVE_WITH_KNOTS('',3,(#9474,#9475,#9476,#9477,#9478),
 .UNSPECIFIED.,.F.,.F.,(4,1,4),(0.,0.5,1.),.UNSPECIFIED.);
#350=B_SPLINE_CURVE_WITH_KNOTS('',3,(#9497,#9498,#9499,#9500),
 .UNSPECIFIED.,.F.,.F.,(4,4),(0.,1.),.UNSPECIFIED.);
#351=B_SPLINE_CURVE_WITH_KNOTS('',3,(#9621,#9622,#9623,#9624),
 .UNSPECIFIED.,.F.,.F.,(4,4),(0.,1.),.UNSPECIFIED.);
#352=B_SPLINE_CURVE_WITH_KNOTS('',3,(#9943,#9944,#9945,#9946),
 .UNSPECIFIED.,.F.,.F.,(4,4),(0.,0.937881259171008),.UNSPECIFIED.);
#353=B_SPLINE_CURVE_WITH_KNOTS('',3,(#10121,#10122,#10123,#10124),
 .UNSPECIFIED.,.F.,.F.,(4,4),(0.,0.00096438282371871),.UNSPECIFIED.);
#354=B_SPLINE_CURVE_WITH_KNOTS('',3,(#10143,#10144,#10145,#10146,#10147,
#10148,#10149,#10150,#10151,#10152,#10153),.UNSPECIFIED.,.F.,.F.,(4,1,1,
1,1,1,1,1,4),(0.,0.25,0.375,0.4375,0.5,0.5625,0.625,0.75,1.),
 .UNSPECIFIED.);
#355=B_SPLINE_CURVE_WITH_KNOTS('',3,(#10154,#10155,#10156,#10157,#10158),
 .UNSPECIFIED.,.F.,.F.,(4,1,4),(0.,0.5,1.),.UNSPECIFIED.);
#356=B_SPLINE_CURVE_WITH_KNOTS('',3,(#10279,#10280,#10281,#10282),
 .UNSPECIFIED.,.F.,.F.,(4,4),(0.,1.),.UNSPECIFIED.);
#357=B_SPLINE_CURVE_WITH_KNOTS('',3,(#10361,#10362,#10363,#10364),
 .UNSPECIFIED.,.F.,.F.,(4,4),(0.,1.),.UNSPECIFIED.);
#358=B_SPLINE_CURVE_WITH_KNOTS('',3,(#10401,#10402,#10403,#10404),
 .UNSPECIFIED.,.F.,.F.,(4,4),(0.,1.),.UNSPECIFIED.);
#359=B_SPLINE_CURVE_WITH_KNOTS('',3,(#10441,#10442,#10443,#10444,#10445,
#10446,#10447,#10448,#10449,#10450,#10451,#10452,#10453,#10454,#10455,#10456,
#10457),.UNSPECIFIED.,.F.,.F.,(4,1,1,1,1,1,1,1,1,1,1,1,1,1,4),(0.,0.125,
0.1875,0.21875,0.25,0.28125,0.3125,0.375,0.5,0.625,0.6875,0.75,0.8125,0.875,
1.),.UNSPECIFIED.);
#360=B_SPLINE_CURVE_WITH_KNOTS('',3,(#10466,#10467,#10468,#10469),
 .UNSPECIFIED.,.F.,.F.,(4,4),(0.,1.),.UNSPECIFIED.);
#361=B_SPLINE_CURVE_WITH_KNOTS('',3,(#10478,#10479,#10480,#10481),
 .UNSPECIFIED.,.F.,.F.,(4,4),(0.,1.),.UNSPECIFIED.);
#362=B_SPLINE_CURVE_WITH_KNOTS('',3,(#10500,#10501,#10502,#10503),
 .UNSPECIFIED.,.F.,.F.,(4,4),(0.,1.),.UNSPECIFIED.);
#363=B_SPLINE_CURVE_WITH_KNOTS('',3,(#10516,#10517,#10518,#10519),
 .UNSPECIFIED.,.F.,.F.,(4,4),(0.,1.),.UNSPECIFIED.);
#364=B_SPLINE_CURVE_WITH_KNOTS('',3,(#10580,#10581,#10582,#10583),
 .UNSPECIFIED.,.F.,.F.,(4,4),(0.,1.),.UNSPECIFIED.);
#365=B_SPLINE_CURVE_WITH_KNOTS('',3,(#10592,#10593,#10594,#10595),
 .UNSPECIFIED.,.F.,.F.,(4,4),(0.,1.),.UNSPECIFIED.);
#366=B_SPLINE_CURVE_WITH_KNOTS('',3,(#10661,#10662,#10663,#10664),
 .UNSPECIFIED.,.F.,.F.,(4,4),(0.,1.),.UNSPECIFIED.);
#367=B_SPLINE_CURVE_WITH_KNOTS('',3,(#10666,#10667,#10668,#10669,#10670,
#10671,#10672,#10673,#10674,#10675,#10676,#10677,#10678,#10679),
 .UNSPECIFIED.,.F.,.F.,(4,1,1,1,1,1,1,1,1,1,1,4),(0.,0.00106104224226949,
0.00159156336340424,0.00212208448453898,0.00265260560567373,0.0029178661662411,
0.00318312672680847,0.00344838728737585,0.00358101756765953,0.00371364784794322,
0.00397890840851059,0.00424416896907796),.UNSPECIFIED.);
#368=B_SPLINE_CURVE_WITH_KNOTS('',3,(#10680,#10681,#10682,#10683),
 .UNSPECIFIED.,.F.,.F.,(4,4),(0.,1.),.UNSPECIFIED.);
#369=B_SPLINE_CURVE_WITH_KNOTS('',3,(#10775,#10776,#10777,#10778),
 .UNSPECIFIED.,.F.,.F.,(4,4),(0.,1.),.UNSPECIFIED.);
#370=B_SPLINE_CURVE_WITH_KNOTS('',3,(#10780,#10781,#10782,#10783),
 .UNSPECIFIED.,.F.,.F.,(4,4),(0.,1.),.UNSPECIFIED.);
#371=B_SPLINE_CURVE_WITH_KNOTS('',3,(#10784,#10785,#10786,#10787,#10788,
#10789,#10790,#10791,#10792,#10793,#10794,#10795,#10796,#10797),
 .UNSPECIFIED.,.F.,.F.,(4,1,1,1,1,1,1,1,1,1,1,4),(0.,0.000264810763370108,
0.000529621526740216,0.000662026908425269,0.000794432290110323,0.00105924305348043,
0.00132405381685054,0.00158886458022065,0.00211848610696086,0.00264810763370108,
0.00317772916044129,0.00423697221392173),.UNSPECIFIED.);
#372=B_SPLINE_CURVE_WITH_KNOTS('',3,(#10798,#10799,#10800,#10801),
 .UNSPECIFIED.,.F.,.F.,(4,4),(0.,1.),.UNSPECIFIED.);
#373=B_SPLINE_CURVE_WITH_KNOTS('',3,(#10810,#10811,#10812,#10813),
 .UNSPECIFIED.,.F.,.F.,(4,4),(0.,1.),.UNSPECIFIED.);
#374=B_SPLINE_CURVE_WITH_KNOTS('',3,(#10856,#10857,#10858,#10859),
 .UNSPECIFIED.,.F.,.F.,(4,4),(0.,1.),.UNSPECIFIED.);
#375=B_SPLINE_CURVE_WITH_KNOTS('',3,(#10872,#10873,#10874,#10875),
 .UNSPECIFIED.,.F.,.F.,(4,4),(0.,1.),.UNSPECIFIED.);
#376=B_SPLINE_CURVE_WITH_KNOTS('',3,(#10894,#10895,#10896,#10897),
 .UNSPECIFIED.,.F.,.F.,(4,4),(0.,1.),.UNSPECIFIED.);
#377=B_SPLINE_CURVE_WITH_KNOTS('',3,(#10906,#10907,#10908,#10909),
 .UNSPECIFIED.,.F.,.F.,(4,4),(0.,1.),.UNSPECIFIED.);
#378=B_SPLINE_CURVE_WITH_KNOTS('',3,(#10919,#10920,#10921,#10922,#10923,
#10924,#10925,#10926,#10927,#10928,#10929,#10930,#10931,#10932,#10933,#10934,
#10935,#10936,#10937),.UNSPECIFIED.,.T.,.F.,(1,1,1,1,1,1,1,1,1,1,1,1,1,
1,1,1,1,1,1,1,1,1,1),(-0.1875,-0.125,-0.0625,0.,0.0625,0.125,0.1875,0.25,
0.3125,0.375,0.4375,0.5,0.5625,0.625,0.6875,0.75,0.8125,0.875,0.9375,1.,
1.0625,1.125,1.1875),.UNSPECIFIED.);
#379=B_SPLINE_CURVE_WITH_KNOTS('',3,(#10939,#10940,#10941,#10942,#10943,
#10944,#10945,#10946,#10947,#10948,#10949,#10950,#10951,#10952,#10953,#10954,
#10955,#10956,#10957,#10958,#10959,#10960,#10961,#10962,#10963,#10964,#10965,
#10966,#10967,#10968,#10969,#10970,#10971,#10972,#10973,#10974,#10975,#10976,
#10977,#10978,#10979,#10980,#10981,#10982,#10983,#10984,#10985,#10986,#10987,
#10988,#10989),.UNSPECIFIED.,.T.,.F.,(1,1,1,1,1,1,1,1,1,1,1,1,1,1,1,1,1,
1,1,1,1,1,1,1,1,1,1,1,1,1,1,1,1,1,1,1,1,1,1,1,1,1,1,1,1,1,1,1,1,1,1,1,1,
1,1),(-0.0506979421523664,-0.0350659965514373,-0.00380210534957903,0.,0.007421875,
0.01484375,0.0296875,0.04453125,0.059375,0.0890625,0.11875,0.178125,0.2375,
0.29984375,0.3621875,0.42453125,0.486875,0.49585546875,0.5048359375,0.522796875,
0.5407578125,0.55871875,0.56265419921875,0.5665896484375,0.574460546875,
0.59020234375,0.605944140625,0.6216859375,0.625495261230469,0.629304584960938,
0.636923232421875,0.65216052734375,0.6826351171875,0.71310970703125,0.743584296875,
0.774734824996948,0.805885353118896,0.837035881240844,0.852611145301819,
0.868186409362793,0.876371872223282,0.884557335083771,0.900928260804749,
0.917299186525727,0.925484649386215,0.933670112246704,0.937578098646937,
0.941486085047169,0.949302057847634,0.964934003448563,0.996197894650421,
1.,1.007421875,1.01484375,1.0296875),.UNSPECIFIED.);
#380=B_SPLINE_CURVE_WITH_KNOTS('',3,(#10992,#10993,#10994,#10995,#10996,
#10997,#10998,#10999,#11000,#11001,#11002,#11003,#11004,#11005,#11006,#11007,
#11008,#11009,#11010),.UNSPECIFIED.,.T.,.F.,(1,1,1,1,1,1,1,1,1,1,1,1,1,
1,1,1,1,1,1,1,1,1,1),(-0.1875,-0.125,-0.0625,0.,0.0625,0.125,0.1875,0.25,
0.3125,0.375,0.4375,0.5,0.5625,0.625,0.6875,0.75,0.8125,0.875,0.9375,1.,
1.0625,1.125,1.1875),.UNSPECIFIED.);
#381=B_SPLINE_CURVE_WITH_KNOTS('',3,(#11012,#11013,#11014,#11015,#11016,
#11017,#11018,#11019,#11020,#11021,#11022,#11023,#11024,#11025,#11026,#11027,
#11028,#11029,#11030,#11031,#11032,#11033,#11034,#11035,#11036,#11037,#11038,
#11039,#11040,#11041,#11042,#11043,#11044,#11045,#11046,#11047,#11048,#11049,
#11050,#11051,#11052,#11053,#11054,#11055,#11056,#11057,#11058,#11059,#11060,
#11061,#11062,#11063,#11064,#11065),.UNSPECIFIED.,.T.,.F.,(1,1,1,1,1,1,
1,1,1,1,1,1,1,1,1,1,1,1,1,1,1,1,1,1,1,1,1,1,1,1,1,1,1,1,1,1,1,1,1,1,1,1,
1,1,1,1,1,1,1,1,1,1,1,1,1,1,1,1),(-0.06563240389775,-0.032816201948875,
-0.0164081009744375,0.,0.000489234924316406,0.00791034549474717,0.0153314560651779,
0.0301736772060394,0.045015898346901,0.0598581194877625,0.0676472278684378,
0.0754363362491131,0.0910145530104638,0.106592769771814,0.122170986533165,
0.125977376814,0.129783767094836,0.137396547656506,0.152622108779848,0.18307323102653,
0.213524353273213,0.243975475519895,0.275170243040845,0.306365010561794,
0.337559778082743,0.353157161843218,0.368754545603692,0.37695246764387,
0.385150389684047,0.401546233764403,0.417942077844758,0.426139999884935,
0.434337921925113,0.438251896402194,0.442165870879275,0.449993819833438,
0.465649717741763,0.481305615650089,0.489133564604252,0.496961513558414,
0.500719464665455,0.504477415772495,0.511993317986576,0.527025122414737,
0.557088731271061,0.587152340127384,0.617215948983707,0.677343166696353,
0.737470384409,0.80310278830675,0.8687351922045,0.93436759610225,0.967183798051125,
0.983591899025563,1.,1.00048923492432,1.00791034549475,1.01533145606518),
 .UNSPECIFIED.);
#382=B_SPLINE_CURVE_WITH_KNOTS('',3,(#11100,#11101,#11102,#11103,#11104,
#11105,#11106,#11107,#11108),.UNSPECIFIED.,.F.,.F.,(4,1,1,1,1,1,4),(0.,
0.0017173606072662,0.0025760409108993,0.00343472121453239,0.00429340151816549,
0.00515208182179859,0.00686944242906479),.UNSPECIFIED.);
#383=B_SPLINE_CURVE_WITH_KNOTS('',3,(#11119,#11120,#11121,#11122,#11123),
 .UNSPECIFIED.,.F.,.F.,(4,1,4),(0.,0.00172175111869237,0.00344350223738475),
 .UNSPECIFIED.);
#384=B_SPLINE_CURVE_WITH_KNOTS('',3,(#11129,#11130,#11131,#11132,#11133,
#11134,#11135,#11136,#11137),.UNSPECIFIED.,.F.,.F.,(4,1,1,1,1,1,4),(0.,
0.00164761054079245,0.00247141581118868,0.00329522108158491,0.00411902635198113,
0.00494283162237736,0.00659044216316981),.UNSPECIFIED.);
#385=B_SPLINE_CURVE_WITH_KNOTS('',3,(#11147,#11148,#11149,#11150,#11151,
#11152,#11153,#11154,#11155),.UNSPECIFIED.,.F.,.F.,(4,1,1,1,1,1,4),(0.,
0.0015314510326335,0.00229717654895025,0.00306290206526701,0.00382862758158376,
0.00459435309790051,0.00612580413053401),.UNSPECIFIED.);
#386=B_SPLINE_CURVE_WITH_KNOTS('',3,(#11160,#11161,#11162,#11163,#11164,
#11165,#11166,#11167,#11168),.UNSPECIFIED.,.F.,.F.,(4,1,1,1,1,1,4),(0.,
0.00153145103171944,0.00229717654757917,0.00306290206343889,0.00382862757929861,
0.00459435309515834,0.00612580412687778),.UNSPECIFIED.);
#387=B_SPLINE_CURVE_WITH_KNOTS('',3,(#11178,#11179,#11180,#11181,#11182,
#11183,#11184,#11185,#11186),.UNSPECIFIED.,.F.,.F.,(4,1,1,1,1,1,4),(0.,
0.00171736060739928,0.00257604091109892,0.00343472121479857,0.00429340151849821,
0.00515208182219785,0.00686944242959713),.UNSPECIFIED.);
#388=B_SPLINE_CURVE_WITH_KNOTS('',3,(#11197,#11198,#11199,#11200,#11201),
 .UNSPECIFIED.,.F.,.F.,(4,1,4),(0.,0.00172175108561415,0.00344350217122829),
 .UNSPECIFIED.);
#389=B_SPLINE_CURVE_WITH_KNOTS('',3,(#11207,#11208,#11209,#11210,#11211,
#11212,#11213,#11214,#11215),.UNSPECIFIED.,.F.,.F.,(4,1,1,1,1,1,4),(0.,
0.00164761054001235,0.00247141581001853,0.0032952210800247,0.00411902635003088,
0.00494283162003705,0.0065904421600494),.UNSPECIFIED.);
#390=B_SPLINE_CURVE_WITH_KNOTS('',3,(#11827,#11828,#11829,#11830,#11831,
#11832,#11833,#11834,#11835,#11836,#11837),.UNSPECIFIED.,.T.,.F.,(1,1,1,
1,1,1,1,1,1,1,1,1,1,1,1),(-0.375,-0.25,-0.125,0.,0.125,0.25,0.375,0.5,0.625,
0.75,0.875,1.,1.125,1.25,1.375),.UNSPECIFIED.);
#391=B_SPLINE_CURVE_WITH_KNOTS('',3,(#11999,#12000,#12001,#12002,#12003),
 .UNSPECIFIED.,.F.,.F.,(4,1,4),(0.,0.5,1.),.UNSPECIFIED.);
#392=B_SPLINE_CURVE_WITH_KNOTS('',3,(#12007,#12008,#12009,#12010),
 .UNSPECIFIED.,.F.,.F.,(4,4),(0.,1.),.UNSPECIFIED.);
#393=B_SPLINE_CURVE_WITH_KNOTS('',3,(#12014,#12015,#12016,#12017,#12018),
 .UNSPECIFIED.,.F.,.F.,(4,1,4),(0.,0.499999156222341,0.999998312444682),
 .UNSPECIFIED.);
#394=B_SPLINE_CURVE_WITH_KNOTS('',3,(#12035,#12036,#12037,#12038),
 .UNSPECIFIED.,.F.,.F.,(4,4),(0.,1.),.UNSPECIFIED.);
#395=B_SPLINE_CURVE_WITH_KNOTS('',3,(#12047,#12048,#12049,#12050),
 .UNSPECIFIED.,.F.,.F.,(4,4),(0.,1.),.UNSPECIFIED.);
#396=ORIENTED_EDGE('',*,*,#1244,.F.);
#397=ORIENTED_EDGE('',*,*,#1245,.F.);
#398=ORIENTED_EDGE('',*,*,#1246,.T.);
#399=ORIENTED_EDGE('',*,*,#1247,.F.);
#400=ORIENTED_EDGE('',*,*,#1248,.F.);
#401=ORIENTED_EDGE('',*,*,#1249,.F.);
#402=ORIENTED_EDGE('',*,*,#1250,.T.);
#403=ORIENTED_EDGE('',*,*,#1251,.F.);
#404=ORIENTED_EDGE('',*,*,#1252,.F.);
#405=ORIENTED_EDGE('',*,*,#1253,.T.);
#406=ORIENTED_EDGE('',*,*,#1254,.T.);
#407=ORIENTED_EDGE('',*,*,#1255,.F.);
#408=ORIENTED_EDGE('',*,*,#1256,.T.);
#409=ORIENTED_EDGE('',*,*,#1257,.F.);
#410=ORIENTED_EDGE('',*,*,#1258,.T.);
#411=ORIENTED_EDGE('',*,*,#1259,.F.);
#412=ORIENTED_EDGE('',*,*,#1260,.F.);
#413=ORIENTED_EDGE('',*,*,#1261,.F.);
#414=ORIENTED_EDGE('',*,*,#1262,.F.);
#415=ORIENTED_EDGE('',*,*,#1263,.F.);
#416=ORIENTED_EDGE('',*,*,#1264,.F.);
#417=ORIENTED_EDGE('',*,*,#1265,.F.);
#418=ORIENTED_EDGE('',*,*,#1266,.F.);
#419=ORIENTED_EDGE('',*,*,#1267,.F.);
#420=ORIENTED_EDGE('',*,*,#1268,.T.);
#421=ORIENTED_EDGE('',*,*,#1269,.T.);
#422=ORIENTED_EDGE('',*,*,#1270,.F.);
#423=ORIENTED_EDGE('',*,*,#1271,.F.);
#424=ORIENTED_EDGE('',*,*,#1272,.T.);
#425=ORIENTED_EDGE('',*,*,#1273,.F.);
#426=ORIENTED_EDGE('',*,*,#1274,.T.);
#427=ORIENTED_EDGE('',*,*,#1275,.T.);
#428=ORIENTED_EDGE('',*,*,#1276,.F.);
#429=ORIENTED_EDGE('',*,*,#1277,.T.);
#430=ORIENTED_EDGE('',*,*,#1278,.T.);
#431=ORIENTED_EDGE('',*,*,#1279,.T.);
#432=ORIENTED_EDGE('',*,*,#1280,.T.);
#433=ORIENTED_EDGE('',*,*,#1281,.T.);
#434=ORIENTED_EDGE('',*,*,#1282,.T.);
#435=ORIENTED_EDGE('',*,*,#1283,.T.);
#436=ORIENTED_EDGE('',*,*,#1284,.T.);
#437=ORIENTED_EDGE('',*,*,#1285,.T.);
#438=ORIENTED_EDGE('',*,*,#1286,.T.);
#439=ORIENTED_EDGE('',*,*,#1287,.T.);
#440=ORIENTED_EDGE('',*,*,#1288,.T.);
#441=ORIENTED_EDGE('',*,*,#1289,.T.);
#442=ORIENTED_EDGE('',*,*,#1290,.T.);
#443=ORIENTED_EDGE('',*,*,#1291,.F.);
#444=ORIENTED_EDGE('',*,*,#1292,.T.);
#445=ORIENTED_EDGE('',*,*,#1293,.T.);
#446=ORIENTED_EDGE('',*,*,#1294,.F.);
#447=ORIENTED_EDGE('',*,*,#1295,.T.);
#448=ORIENTED_EDGE('',*,*,#1296,.T.);
#449=ORIENTED_EDGE('',*,*,#1297,.F.);
#450=ORIENTED_EDGE('',*,*,#1298,.T.);
#451=ORIENTED_EDGE('',*,*,#1299,.T.);
#452=ORIENTED_EDGE('',*,*,#1300,.F.);
#453=ORIENTED_EDGE('',*,*,#1301,.T.);
#454=ORIENTED_EDGE('',*,*,#1302,.T.);
#455=ORIENTED_EDGE('',*,*,#1303,.T.);
#456=ORIENTED_EDGE('',*,*,#1304,.T.);
#457=ORIENTED_EDGE('',*,*,#1305,.F.);
#458=ORIENTED_EDGE('',*,*,#1306,.F.);
#459=ORIENTED_EDGE('',*,*,#1307,.T.);
#460=ORIENTED_EDGE('',*,*,#1255,.T.);
#461=ORIENTED_EDGE('',*,*,#1308,.T.);
#462=ORIENTED_EDGE('',*,*,#1309,.F.);
#463=ORIENTED_EDGE('',*,*,#1261,.T.);
#464=ORIENTED_EDGE('',*,*,#1310,.T.);
#465=ORIENTED_EDGE('',*,*,#1311,.T.);
#466=ORIENTED_EDGE('',*,*,#1312,.F.);
#467=ORIENTED_EDGE('',*,*,#1257,.T.);
#468=ORIENTED_EDGE('',*,*,#1313,.T.);
#469=ORIENTED_EDGE('',*,*,#1314,.T.);
#470=ORIENTED_EDGE('',*,*,#1315,.T.);
#471=ORIENTED_EDGE('',*,*,#1316,.F.);
#472=ORIENTED_EDGE('',*,*,#1251,.T.);
#473=ORIENTED_EDGE('',*,*,#1317,.F.);
#474=ORIENTED_EDGE('',*,*,#1318,.T.);
#475=ORIENTED_EDGE('',*,*,#1319,.T.);
#476=ORIENTED_EDGE('',*,*,#1247,.T.);
#477=ORIENTED_EDGE('',*,*,#1320,.F.);
#478=ORIENTED_EDGE('',*,*,#1321,.F.);
#479=ORIENTED_EDGE('',*,*,#1322,.F.);
#480=ORIENTED_EDGE('',*,*,#1323,.T.);
#481=ORIENTED_EDGE('',*,*,#1324,.F.);
#482=ORIENTED_EDGE('',*,*,#1325,.T.);
#483=ORIENTED_EDGE('',*,*,#1326,.F.);
#484=ORIENTED_EDGE('',*,*,#1327,.T.);
#485=ORIENTED_EDGE('',*,*,#1328,.F.);
#486=ORIENTED_EDGE('',*,*,#1329,.T.);
#487=ORIENTED_EDGE('',*,*,#1330,.F.);
#488=ORIENTED_EDGE('',*,*,#1331,.T.);
#489=ORIENTED_EDGE('',*,*,#1332,.F.);
#490=ORIENTED_EDGE('',*,*,#1333,.T.);
#491=ORIENTED_EDGE('',*,*,#1334,.F.);
#492=ORIENTED_EDGE('',*,*,#1335,.T.);
#493=ORIENTED_EDGE('',*,*,#1336,.F.);
#494=ORIENTED_EDGE('',*,*,#1337,.T.);
#495=ORIENTED_EDGE('',*,*,#1338,.F.);
#496=ORIENTED_EDGE('',*,*,#1298,.F.);
#497=ORIENTED_EDGE('',*,*,#1339,.F.);
#498=ORIENTED_EDGE('',*,*,#1340,.F.);
#499=ORIENTED_EDGE('',*,*,#1267,.T.);
#500=ORIENTED_EDGE('',*,*,#1341,.F.);
#501=ORIENTED_EDGE('',*,*,#1342,.T.);
#502=ORIENTED_EDGE('',*,*,#1292,.F.);
#503=ORIENTED_EDGE('',*,*,#1343,.T.);
#504=ORIENTED_EDGE('',*,*,#1344,.T.);
#505=ORIENTED_EDGE('',*,*,#1345,.T.);
#506=ORIENTED_EDGE('',*,*,#1346,.T.);
#507=ORIENTED_EDGE('',*,*,#1347,.F.);
#508=ORIENTED_EDGE('',*,*,#1348,.F.);
#509=ORIENTED_EDGE('',*,*,#1349,.T.);
#510=ORIENTED_EDGE('',*,*,#1350,.F.);
#511=ORIENTED_EDGE('',*,*,#1351,.F.);
#512=ORIENTED_EDGE('',*,*,#1352,.T.);
#513=ORIENTED_EDGE('',*,*,#1353,.T.);
#514=ORIENTED_EDGE('',*,*,#1354,.T.);
#515=ORIENTED_EDGE('',*,*,#1355,.T.);
#516=ORIENTED_EDGE('',*,*,#1279,.F.);
#517=ORIENTED_EDGE('',*,*,#1356,.T.);
#518=ORIENTED_EDGE('',*,*,#1357,.F.);
#519=ORIENTED_EDGE('',*,*,#1263,.T.);
#520=ORIENTED_EDGE('',*,*,#1358,.T.);
#521=ORIENTED_EDGE('',*,*,#1359,.T.);
#522=ORIENTED_EDGE('',*,*,#1253,.F.);
#523=ORIENTED_EDGE('',*,*,#1360,.T.);
#524=ORIENTED_EDGE('',*,*,#1361,.F.);
#525=ORIENTED_EDGE('',*,*,#1362,.T.);
#526=ORIENTED_EDGE('',*,*,#1363,.F.);
#527=ORIENTED_EDGE('',*,*,#1364,.F.);
#528=ORIENTED_EDGE('',*,*,#1365,.T.);
#529=ORIENTED_EDGE('',*,*,#1359,.F.);
#530=ORIENTED_EDGE('',*,*,#1366,.T.);
#531=ORIENTED_EDGE('',*,*,#1308,.F.);
#532=ORIENTED_EDGE('',*,*,#1254,.F.);
#533=ORIENTED_EDGE('',*,*,#1367,.T.);
#534=ORIENTED_EDGE('',*,*,#1368,.F.);
#535=ORIENTED_EDGE('',*,*,#1369,.T.);
#536=ORIENTED_EDGE('',*,*,#1370,.T.);
#537=ORIENTED_EDGE('',*,*,#1371,.T.);
#538=ORIENTED_EDGE('',*,*,#1372,.T.);
#539=ORIENTED_EDGE('',*,*,#1373,.T.);
#540=ORIENTED_EDGE('',*,*,#1374,.T.);
#541=ORIENTED_EDGE('',*,*,#1375,.T.);
#542=ORIENTED_EDGE('',*,*,#1376,.T.);
#543=ORIENTED_EDGE('',*,*,#1377,.T.);
#544=ORIENTED_EDGE('',*,*,#1378,.F.);
#545=ORIENTED_EDGE('',*,*,#1379,.T.);
#546=ORIENTED_EDGE('',*,*,#1380,.T.);
#547=ORIENTED_EDGE('',*,*,#1381,.T.);
#548=ORIENTED_EDGE('',*,*,#1382,.F.);
#549=ORIENTED_EDGE('',*,*,#1383,.T.);
#550=ORIENTED_EDGE('',*,*,#1384,.T.);
#551=ORIENTED_EDGE('',*,*,#1385,.T.);
#552=ORIENTED_EDGE('',*,*,#1347,.T.);
#553=ORIENTED_EDGE('',*,*,#1386,.T.);
#554=ORIENTED_EDGE('',*,*,#1372,.F.);
#555=ORIENTED_EDGE('',*,*,#1387,.T.);
#556=ORIENTED_EDGE('',*,*,#1388,.F.);
#557=ORIENTED_EDGE('',*,*,#1389,.T.);
#558=ORIENTED_EDGE('',*,*,#1390,.T.);
#559=ORIENTED_EDGE('',*,*,#1391,.T.);
#560=ORIENTED_EDGE('',*,*,#1392,.T.);
#561=ORIENTED_EDGE('',*,*,#1393,.T.);
#562=ORIENTED_EDGE('',*,*,#1394,.T.);
#563=ORIENTED_EDGE('',*,*,#1390,.F.);
#564=ORIENTED_EDGE('',*,*,#1395,.T.);
#565=ORIENTED_EDGE('',*,*,#1396,.T.);
#566=ORIENTED_EDGE('',*,*,#1397,.T.);
#567=ORIENTED_EDGE('',*,*,#1396,.F.);
#568=ORIENTED_EDGE('',*,*,#1398,.T.);
#569=ORIENTED_EDGE('',*,*,#1399,.F.);
#570=ORIENTED_EDGE('',*,*,#1400,.T.);
#571=ORIENTED_EDGE('',*,*,#1401,.T.);
#572=ORIENTED_EDGE('',*,*,#1402,.T.);
#573=ORIENTED_EDGE('',*,*,#1403,.T.);
#574=ORIENTED_EDGE('',*,*,#1404,.T.);
#575=ORIENTED_EDGE('',*,*,#1405,.T.);
#576=ORIENTED_EDGE('',*,*,#1406,.T.);
#577=ORIENTED_EDGE('',*,*,#1407,.T.);
#578=ORIENTED_EDGE('',*,*,#1408,.T.);
#579=ORIENTED_EDGE('',*,*,#1409,.T.);
#580=ORIENTED_EDGE('',*,*,#1410,.T.);
#581=ORIENTED_EDGE('',*,*,#1411,.F.);
#582=ORIENTED_EDGE('',*,*,#1412,.T.);
#583=ORIENTED_EDGE('',*,*,#1413,.T.);
#584=ORIENTED_EDGE('',*,*,#1414,.T.);
#585=ORIENTED_EDGE('',*,*,#1415,.T.);
#586=ORIENTED_EDGE('',*,*,#1416,.T.);
#587=ORIENTED_EDGE('',*,*,#1392,.F.);
#588=ORIENTED_EDGE('',*,*,#1417,.T.);
#589=ORIENTED_EDGE('',*,*,#1418,.T.);
#590=ORIENTED_EDGE('',*,*,#1412,.F.);
#591=ORIENTED_EDGE('',*,*,#1411,.T.);
#592=ORIENTED_EDGE('',*,*,#1419,.T.);
#593=ORIENTED_EDGE('',*,*,#1393,.F.);
#594=ORIENTED_EDGE('',*,*,#1420,.T.);
#595=ORIENTED_EDGE('',*,*,#1388,.T.);
#596=ORIENTED_EDGE('',*,*,#1421,.T.);
#597=ORIENTED_EDGE('',*,*,#1422,.T.);
#598=ORIENTED_EDGE('',*,*,#1423,.F.);
#599=ORIENTED_EDGE('',*,*,#1424,.F.);
#600=ORIENTED_EDGE('',*,*,#1425,.F.);
#601=ORIENTED_EDGE('',*,*,#1349,.F.);
#602=ORIENTED_EDGE('',*,*,#1426,.T.);
#603=ORIENTED_EDGE('',*,*,#1427,.T.);
#604=ORIENTED_EDGE('',*,*,#1428,.T.);
#605=ORIENTED_EDGE('',*,*,#1429,.T.);
#606=ORIENTED_EDGE('',*,*,#1430,.T.);
#607=ORIENTED_EDGE('',*,*,#1378,.T.);
#608=ORIENTED_EDGE('',*,*,#1431,.T.);
#609=ORIENTED_EDGE('',*,*,#1432,.T.);
#610=ORIENTED_EDGE('',*,*,#1433,.T.);
#611=ORIENTED_EDGE('',*,*,#1434,.F.);
#612=ORIENTED_EDGE('',*,*,#1435,.T.);
#613=ORIENTED_EDGE('',*,*,#1436,.T.);
#614=ORIENTED_EDGE('',*,*,#1437,.T.);
#615=ORIENTED_EDGE('',*,*,#1438,.F.);
#616=ORIENTED_EDGE('',*,*,#1439,.T.);
#617=ORIENTED_EDGE('',*,*,#1440,.T.);
#618=ORIENTED_EDGE('',*,*,#1438,.T.);
#619=ORIENTED_EDGE('',*,*,#1441,.T.);
#620=ORIENTED_EDGE('',*,*,#1351,.T.);
#621=ORIENTED_EDGE('',*,*,#1442,.T.);
#622=ORIENTED_EDGE('',*,*,#1443,.T.);
#623=ORIENTED_EDGE('',*,*,#1444,.T.);
#624=ORIENTED_EDGE('',*,*,#1445,.T.);
#625=ORIENTED_EDGE('',*,*,#1446,.T.);
#626=ORIENTED_EDGE('',*,*,#1447,.T.);
#627=ORIENTED_EDGE('',*,*,#1448,.T.);
#628=ORIENTED_EDGE('',*,*,#1449,.T.);
#629=ORIENTED_EDGE('',*,*,#1450,.T.);
#630=ORIENTED_EDGE('',*,*,#1451,.T.);
#631=ORIENTED_EDGE('',*,*,#1452,.T.);
#632=ORIENTED_EDGE('',*,*,#1453,.T.);
#633=ORIENTED_EDGE('',*,*,#1454,.F.);
#634=ORIENTED_EDGE('',*,*,#1455,.T.);
#635=ORIENTED_EDGE('',*,*,#1423,.T.);
#636=ORIENTED_EDGE('',*,*,#1456,.T.);
#637=ORIENTED_EDGE('',*,*,#1457,.F.);
#638=ORIENTED_EDGE('',*,*,#1458,.T.);
#639=ORIENTED_EDGE('',*,*,#1459,.T.);
#640=ORIENTED_EDGE('',*,*,#1460,.T.);
#641=ORIENTED_EDGE('',*,*,#1461,.T.);
#642=ORIENTED_EDGE('',*,*,#1462,.T.);
#643=ORIENTED_EDGE('',*,*,#1463,.T.);
#644=ORIENTED_EDGE('',*,*,#1464,.T.);
#645=ORIENTED_EDGE('',*,*,#1384,.F.);
#646=ORIENTED_EDGE('',*,*,#1465,.T.);
#647=ORIENTED_EDGE('',*,*,#1454,.T.);
#648=ORIENTED_EDGE('',*,*,#1466,.T.);
#649=ORIENTED_EDGE('',*,*,#1467,.F.);
#650=ORIENTED_EDGE('',*,*,#1468,.T.);
#651=ORIENTED_EDGE('',*,*,#1469,.T.);
#652=ORIENTED_EDGE('',*,*,#1470,.T.);
#653=ORIENTED_EDGE('',*,*,#1471,.T.);
#654=ORIENTED_EDGE('',*,*,#1472,.T.);
#655=ORIENTED_EDGE('',*,*,#1473,.T.);
#656=ORIENTED_EDGE('',*,*,#1474,.T.);
#657=ORIENTED_EDGE('',*,*,#1475,.T.);
#658=ORIENTED_EDGE('',*,*,#1476,.T.);
#659=ORIENTED_EDGE('',*,*,#1477,.T.);
#660=ORIENTED_EDGE('',*,*,#1478,.F.);
#661=ORIENTED_EDGE('',*,*,#1472,.F.);
#662=ORIENTED_EDGE('',*,*,#1479,.T.);
#663=ORIENTED_EDGE('',*,*,#1281,.F.);
#664=ORIENTED_EDGE('',*,*,#1480,.F.);
#665=ORIENTED_EDGE('',*,*,#1290,.F.);
#666=ORIENTED_EDGE('',*,*,#1481,.T.);
#667=ORIENTED_EDGE('',*,*,#1473,.F.);
#668=ORIENTED_EDGE('',*,*,#1482,.F.);
#669=ORIENTED_EDGE('',*,*,#1380,.F.);
#670=ORIENTED_EDGE('',*,*,#1483,.T.);
#671=ORIENTED_EDGE('',*,*,#1450,.F.);
#672=ORIENTED_EDGE('',*,*,#1484,.T.);
#673=ORIENTED_EDGE('',*,*,#1409,.F.);
#674=ORIENTED_EDGE('',*,*,#1485,.T.);
#675=ORIENTED_EDGE('',*,*,#1429,.F.);
#676=ORIENTED_EDGE('',*,*,#1486,.T.);
#677=ORIENTED_EDGE('',*,*,#1487,.T.);
#678=ORIENTED_EDGE('',*,*,#1488,.T.);
#679=ORIENTED_EDGE('',*,*,#1458,.F.);
#680=ORIENTED_EDGE('',*,*,#1457,.T.);
#681=ORIENTED_EDGE('',*,*,#1489,.T.);
#682=ORIENTED_EDGE('',*,*,#1448,.F.);
#683=ORIENTED_EDGE('',*,*,#1447,.F.);
#684=ORIENTED_EDGE('',*,*,#1399,.T.);
#685=ORIENTED_EDGE('',*,*,#1490,.T.);
#686=ORIENTED_EDGE('',*,*,#1375,.F.);
#687=ORIENTED_EDGE('',*,*,#1491,.T.);
#688=ORIENTED_EDGE('',*,*,#1492,.T.);
#689=ORIENTED_EDGE('',*,*,#1493,.T.);
#690=ORIENTED_EDGE('',*,*,#1494,.T.);
#691=ORIENTED_EDGE('',*,*,#1495,.T.);
#692=ORIENTED_EDGE('',*,*,#1440,.F.);
#693=ORIENTED_EDGE('',*,*,#1496,.T.);
#694=ORIENTED_EDGE('',*,*,#1382,.T.);
#695=ORIENTED_EDGE('',*,*,#1497,.T.);
#696=ORIENTED_EDGE('',*,*,#1498,.T.);
#697=ORIENTED_EDGE('',*,*,#1499,.T.);
#698=ORIENTED_EDGE('',*,*,#1500,.T.);
#699=ORIENTED_EDGE('',*,*,#1501,.T.);
#700=ORIENTED_EDGE('',*,*,#1456,.F.);
#701=ORIENTED_EDGE('',*,*,#1422,.F.);
#702=ORIENTED_EDGE('',*,*,#1502,.F.);
#703=ORIENTED_EDGE('',*,*,#1381,.F.);
#704=ORIENTED_EDGE('',*,*,#1484,.F.);
#705=ORIENTED_EDGE('',*,*,#1449,.F.);
#706=ORIENTED_EDGE('',*,*,#1489,.F.);
#707=ORIENTED_EDGE('',*,*,#1486,.F.);
#708=ORIENTED_EDGE('',*,*,#1431,.F.);
#709=ORIENTED_EDGE('',*,*,#1502,.T.);
#710=ORIENTED_EDGE('',*,*,#1421,.F.);
#711=ORIENTED_EDGE('',*,*,#1394,.F.);
#712=ORIENTED_EDGE('',*,*,#1419,.F.);
#713=ORIENTED_EDGE('',*,*,#1410,.F.);
#714=ORIENTED_EDGE('',*,*,#1446,.F.);
#715=ORIENTED_EDGE('',*,*,#1503,.T.);
#716=ORIENTED_EDGE('',*,*,#1498,.F.);
#717=ORIENTED_EDGE('',*,*,#1504,.T.);
#718=ORIENTED_EDGE('',*,*,#1487,.F.);
#719=ORIENTED_EDGE('',*,*,#1494,.F.);
#720=ORIENTED_EDGE('',*,*,#1505,.T.);
#721=ORIENTED_EDGE('',*,*,#1413,.F.);
#722=ORIENTED_EDGE('',*,*,#1418,.F.);
#723=ORIENTED_EDGE('',*,*,#1506,.T.);
#724=ORIENTED_EDGE('',*,*,#1504,.F.);
#725=ORIENTED_EDGE('',*,*,#1497,.F.);
#726=ORIENTED_EDGE('',*,*,#1385,.F.);
#727=ORIENTED_EDGE('',*,*,#1466,.F.);
#728=ORIENTED_EDGE('',*,*,#1459,.F.);
#729=ORIENTED_EDGE('',*,*,#1488,.F.);
#730=ORIENTED_EDGE('',*,*,#1400,.F.);
#731=ORIENTED_EDGE('',*,*,#1495,.F.);
#732=ORIENTED_EDGE('',*,*,#1506,.F.);
#733=ORIENTED_EDGE('',*,*,#1417,.F.);
#734=ORIENTED_EDGE('',*,*,#1391,.F.);
#735=ORIENTED_EDGE('',*,*,#1397,.F.);
#736=ORIENTED_EDGE('',*,*,#1483,.F.);
#737=ORIENTED_EDGE('',*,*,#1379,.F.);
#738=ORIENTED_EDGE('',*,*,#1507,.F.);
#739=ORIENTED_EDGE('',*,*,#1285,.F.);
#740=ORIENTED_EDGE('',*,*,#1284,.F.);
#741=ORIENTED_EDGE('',*,*,#1508,.T.);
#742=ORIENTED_EDGE('',*,*,#1451,.F.);
#743=ORIENTED_EDGE('',*,*,#1408,.F.);
#744=ORIENTED_EDGE('',*,*,#1509,.T.);
#745=ORIENTED_EDGE('',*,*,#1287,.F.);
#746=ORIENTED_EDGE('',*,*,#1286,.F.);
#747=ORIENTED_EDGE('',*,*,#1507,.T.);
#748=ORIENTED_EDGE('',*,*,#1430,.F.);
#749=ORIENTED_EDGE('',*,*,#1485,.F.);
#750=ORIENTED_EDGE('',*,*,#1383,.F.);
#751=ORIENTED_EDGE('',*,*,#1496,.F.);
#752=ORIENTED_EDGE('',*,*,#1439,.F.);
#753=ORIENTED_EDGE('',*,*,#1442,.F.);
#754=ORIENTED_EDGE('',*,*,#1510,.F.);
#755=ORIENTED_EDGE('',*,*,#1424,.T.);
#756=ORIENTED_EDGE('',*,*,#1455,.F.);
#757=ORIENTED_EDGE('',*,*,#1465,.F.);
#758=ORIENTED_EDGE('',*,*,#1445,.F.);
#759=ORIENTED_EDGE('',*,*,#1511,.T.);
#760=ORIENTED_EDGE('',*,*,#1460,.F.);
#761=ORIENTED_EDGE('',*,*,#1512,.F.);
#762=ORIENTED_EDGE('',*,*,#1462,.F.);
#763=ORIENTED_EDGE('',*,*,#1513,.T.);
#764=ORIENTED_EDGE('',*,*,#1514,.T.);
#765=ORIENTED_EDGE('',*,*,#1515,.T.);
#766=ORIENTED_EDGE('',*,*,#1436,.F.);
#767=ORIENTED_EDGE('',*,*,#1501,.F.);
#768=ORIENTED_EDGE('',*,*,#1516,.F.);
#769=ORIENTED_EDGE('',*,*,#1512,.T.);
#770=ORIENTED_EDGE('',*,*,#1464,.F.);
#771=ORIENTED_EDGE('',*,*,#1517,.F.);
#772=ORIENTED_EDGE('',*,*,#1503,.F.);
#773=ORIENTED_EDGE('',*,*,#1516,.T.);
#774=ORIENTED_EDGE('',*,*,#1500,.F.);
#775=ORIENTED_EDGE('',*,*,#1518,.F.);
#776=ORIENTED_EDGE('',*,*,#1517,.T.);
#777=ORIENTED_EDGE('',*,*,#1463,.F.);
#778=ORIENTED_EDGE('',*,*,#1518,.T.);
#779=ORIENTED_EDGE('',*,*,#1499,.F.);
#780=ORIENTED_EDGE('',*,*,#1376,.F.);
#781=ORIENTED_EDGE('',*,*,#1490,.F.);
#782=ORIENTED_EDGE('',*,*,#1398,.F.);
#783=ORIENTED_EDGE('',*,*,#1395,.F.);
#784=ORIENTED_EDGE('',*,*,#1389,.F.);
#785=ORIENTED_EDGE('',*,*,#1427,.F.);
#786=ORIENTED_EDGE('',*,*,#1519,.F.);
#787=ORIENTED_EDGE('',*,*,#1387,.F.);
#788=ORIENTED_EDGE('',*,*,#1374,.F.);
#789=ORIENTED_EDGE('',*,*,#1520,.T.);
#790=ORIENTED_EDGE('',*,*,#1521,.F.);
#791=ORIENTED_EDGE('',*,*,#1522,.T.);
#792=ORIENTED_EDGE('',*,*,#1401,.F.);
#793=ORIENTED_EDGE('',*,*,#1523,.F.);
#794=ORIENTED_EDGE('',*,*,#1491,.F.);
#795=ORIENTED_EDGE('',*,*,#1492,.F.);
#796=ORIENTED_EDGE('',*,*,#1523,.T.);
#797=ORIENTED_EDGE('',*,*,#1524,.F.);
#798=ORIENTED_EDGE('',*,*,#1524,.T.);
#799=ORIENTED_EDGE('',*,*,#1405,.F.);
#800=ORIENTED_EDGE('',*,*,#1525,.F.);
#801=ORIENTED_EDGE('',*,*,#1493,.F.);
#802=ORIENTED_EDGE('',*,*,#1525,.T.);
#803=ORIENTED_EDGE('',*,*,#1404,.F.);
#804=ORIENTED_EDGE('',*,*,#1526,.F.);
#805=ORIENTED_EDGE('',*,*,#1505,.F.);
#806=ORIENTED_EDGE('',*,*,#1403,.F.);
#807=ORIENTED_EDGE('',*,*,#1527,.T.);
#808=ORIENTED_EDGE('',*,*,#1414,.F.);
#809=ORIENTED_EDGE('',*,*,#1526,.T.);
#810=ORIENTED_EDGE('',*,*,#1508,.F.);
#811=ORIENTED_EDGE('',*,*,#1283,.F.);
#812=ORIENTED_EDGE('',*,*,#1528,.F.);
#813=ORIENTED_EDGE('',*,*,#1452,.F.);
#814=ORIENTED_EDGE('',*,*,#1528,.T.);
#815=ORIENTED_EDGE('',*,*,#1282,.F.);
#816=ORIENTED_EDGE('',*,*,#1529,.F.);
#817=ORIENTED_EDGE('',*,*,#1453,.F.);
#818=ORIENTED_EDGE('',*,*,#1529,.T.);
#819=ORIENTED_EDGE('',*,*,#1479,.F.);
#820=ORIENTED_EDGE('',*,*,#1530,.F.);
#821=ORIENTED_EDGE('',*,*,#1443,.F.);
#822=ORIENTED_EDGE('',*,*,#1530,.T.);
#823=ORIENTED_EDGE('',*,*,#1471,.F.);
#824=ORIENTED_EDGE('',*,*,#1531,.F.);
#825=ORIENTED_EDGE('',*,*,#1444,.F.);
#826=ORIENTED_EDGE('',*,*,#1531,.T.);
#827=ORIENTED_EDGE('',*,*,#1470,.F.);
#828=ORIENTED_EDGE('',*,*,#1532,.F.);
#829=ORIENTED_EDGE('',*,*,#1511,.F.);
#830=ORIENTED_EDGE('',*,*,#1532,.T.);
#831=ORIENTED_EDGE('',*,*,#1469,.F.);
#832=ORIENTED_EDGE('',*,*,#1533,.F.);
#833=ORIENTED_EDGE('',*,*,#1461,.F.);
#834=ORIENTED_EDGE('',*,*,#1534,.F.);
#835=ORIENTED_EDGE('',*,*,#1433,.F.);
#836=ORIENTED_EDGE('',*,*,#1353,.F.);
#837=ORIENTED_EDGE('',*,*,#1535,.T.);
#838=ORIENTED_EDGE('',*,*,#1514,.F.);
#839=ORIENTED_EDGE('',*,*,#1513,.F.);
#840=ORIENTED_EDGE('',*,*,#1533,.T.);
#841=ORIENTED_EDGE('',*,*,#1468,.F.);
#842=ORIENTED_EDGE('',*,*,#1536,.F.);
#843=ORIENTED_EDGE('',*,*,#1537,.F.);
#844=ORIENTED_EDGE('',*,*,#1477,.F.);
#845=ORIENTED_EDGE('',*,*,#1538,.F.);
#846=ORIENTED_EDGE('',*,*,#1522,.F.);
#847=ORIENTED_EDGE('',*,*,#1521,.T.);
#848=ORIENTED_EDGE('',*,*,#1539,.T.);
#849=ORIENTED_EDGE('',*,*,#1345,.F.);
#850=ORIENTED_EDGE('',*,*,#1369,.F.);
#851=ORIENTED_EDGE('',*,*,#1540,.F.);
#852=ORIENTED_EDGE('',*,*,#1538,.T.);
#853=ORIENTED_EDGE('',*,*,#1476,.F.);
#854=ORIENTED_EDGE('',*,*,#1541,.F.);
#855=ORIENTED_EDGE('',*,*,#1402,.F.);
#856=ORIENTED_EDGE('',*,*,#1541,.T.);
#857=ORIENTED_EDGE('',*,*,#1475,.F.);
#858=ORIENTED_EDGE('',*,*,#1542,.F.);
#859=ORIENTED_EDGE('',*,*,#1527,.F.);
#860=ORIENTED_EDGE('',*,*,#1542,.T.);
#861=ORIENTED_EDGE('',*,*,#1474,.F.);
#862=ORIENTED_EDGE('',*,*,#1543,.F.);
#863=ORIENTED_EDGE('',*,*,#1415,.F.);
#864=ORIENTED_EDGE('',*,*,#1543,.T.);
#865=ORIENTED_EDGE('',*,*,#1481,.F.);
#866=ORIENTED_EDGE('',*,*,#1544,.F.);
#867=ORIENTED_EDGE('',*,*,#1416,.F.);
#868=ORIENTED_EDGE('',*,*,#1544,.T.);
#869=ORIENTED_EDGE('',*,*,#1289,.F.);
#870=ORIENTED_EDGE('',*,*,#1545,.F.);
#871=ORIENTED_EDGE('',*,*,#1406,.F.);
#872=ORIENTED_EDGE('',*,*,#1509,.F.);
#873=ORIENTED_EDGE('',*,*,#1407,.F.);
#874=ORIENTED_EDGE('',*,*,#1545,.T.);
#875=ORIENTED_EDGE('',*,*,#1288,.F.);
#876=ORIENTED_EDGE('',*,*,#1546,.T.);
#877=ORIENTED_EDGE('',*,*,#1547,.T.);
#878=ORIENTED_EDGE('',*,*,#1548,.T.);
#879=ORIENTED_EDGE('',*,*,#1549,.T.);
#880=ORIENTED_EDGE('',*,*,#1318,.F.);
#881=ORIENTED_EDGE('',*,*,#1550,.F.);
#882=ORIENTED_EDGE('',*,*,#1551,.T.);
#883=ORIENTED_EDGE('',*,*,#1552,.T.);
#884=ORIENTED_EDGE('',*,*,#1317,.T.);
#885=ORIENTED_EDGE('',*,*,#1250,.F.);
#886=ORIENTED_EDGE('',*,*,#1553,.F.);
#887=ORIENTED_EDGE('',*,*,#1550,.T.);
#888=ORIENTED_EDGE('',*,*,#1554,.F.);
#889=ORIENTED_EDGE('',*,*,#1555,.T.);
#890=ORIENTED_EDGE('',*,*,#1319,.F.);
#891=ORIENTED_EDGE('',*,*,#1552,.F.);
#892=ORIENTED_EDGE('',*,*,#1556,.T.);
#893=ORIENTED_EDGE('',*,*,#1248,.T.);
#894=ORIENTED_EDGE('',*,*,#1554,.T.);
#895=ORIENTED_EDGE('',*,*,#1551,.F.);
#896=ORIENTED_EDGE('',*,*,#1553,.T.);
#897=ORIENTED_EDGE('',*,*,#1249,.T.);
#898=ORIENTED_EDGE('',*,*,#1556,.F.);
#899=ORIENTED_EDGE('',*,*,#1557,.F.);
#900=ORIENTED_EDGE('',*,*,#1338,.T.);
#901=ORIENTED_EDGE('',*,*,#1558,.T.);
#902=ORIENTED_EDGE('',*,*,#1559,.F.);
#903=ORIENTED_EDGE('',*,*,#1557,.T.);
#904=ORIENTED_EDGE('',*,*,#1558,.F.);
#905=ORIENTED_EDGE('',*,*,#1560,.T.);
#906=ORIENTED_EDGE('',*,*,#1561,.F.);
#907=ORIENTED_EDGE('',*,*,#1562,.F.);
#908=ORIENTED_EDGE('',*,*,#1334,.T.);
#909=ORIENTED_EDGE('',*,*,#1563,.T.);
#910=ORIENTED_EDGE('',*,*,#1560,.F.);
#911=ORIENTED_EDGE('',*,*,#1562,.T.);
#912=ORIENTED_EDGE('',*,*,#1561,.T.);
#913=ORIENTED_EDGE('',*,*,#1564,.T.);
#914=ORIENTED_EDGE('',*,*,#1565,.F.);
#915=ORIENTED_EDGE('',*,*,#1566,.F.);
#916=ORIENTED_EDGE('',*,*,#1332,.T.);
#917=ORIENTED_EDGE('',*,*,#1567,.T.);
#918=ORIENTED_EDGE('',*,*,#1564,.F.);
#919=ORIENTED_EDGE('',*,*,#1566,.T.);
#920=ORIENTED_EDGE('',*,*,#1565,.T.);
#921=ORIENTED_EDGE('',*,*,#1568,.F.);
#922=ORIENTED_EDGE('',*,*,#1330,.T.);
#923=ORIENTED_EDGE('',*,*,#1569,.T.);
#924=ORIENTED_EDGE('',*,*,#1570,.T.);
#925=ORIENTED_EDGE('',*,*,#1571,.F.);
#926=ORIENTED_EDGE('',*,*,#1568,.T.);
#927=ORIENTED_EDGE('',*,*,#1570,.F.);
#928=ORIENTED_EDGE('',*,*,#1572,.F.);
#929=ORIENTED_EDGE('',*,*,#1336,.T.);
#930=ORIENTED_EDGE('',*,*,#1573,.T.);
#931=ORIENTED_EDGE('',*,*,#1572,.T.);
#932=ORIENTED_EDGE('',*,*,#1574,.F.);
#933=ORIENTED_EDGE('',*,*,#1324,.T.);
#934=ORIENTED_EDGE('',*,*,#1575,.T.);
#935=ORIENTED_EDGE('',*,*,#1574,.T.);
#936=ORIENTED_EDGE('',*,*,#1576,.T.);
#937=ORIENTED_EDGE('',*,*,#1577,.F.);
#938=ORIENTED_EDGE('',*,*,#1578,.F.);
#939=ORIENTED_EDGE('',*,*,#1322,.T.);
#940=ORIENTED_EDGE('',*,*,#1579,.T.);
#941=ORIENTED_EDGE('',*,*,#1576,.F.);
#942=ORIENTED_EDGE('',*,*,#1578,.T.);
#943=ORIENTED_EDGE('',*,*,#1577,.T.);
#944=ORIENTED_EDGE('',*,*,#1580,.T.);
#945=ORIENTED_EDGE('',*,*,#1581,.F.);
#946=ORIENTED_EDGE('',*,*,#1582,.F.);
#947=ORIENTED_EDGE('',*,*,#1328,.T.);
#948=ORIENTED_EDGE('',*,*,#1583,.T.);
#949=ORIENTED_EDGE('',*,*,#1580,.F.);
#950=ORIENTED_EDGE('',*,*,#1582,.T.);
#951=ORIENTED_EDGE('',*,*,#1581,.T.);
#952=ORIENTED_EDGE('',*,*,#1584,.F.);
#953=ORIENTED_EDGE('',*,*,#1326,.T.);
#954=ORIENTED_EDGE('',*,*,#1585,.T.);
#955=ORIENTED_EDGE('',*,*,#1586,.T.);
#956=ORIENTED_EDGE('',*,*,#1587,.F.);
#957=ORIENTED_EDGE('',*,*,#1584,.T.);
#958=ORIENTED_EDGE('',*,*,#1586,.F.);
#959=ORIENTED_EDGE('',*,*,#1555,.F.);
#960=ORIENTED_EDGE('',*,*,#1559,.T.);
#961=ORIENTED_EDGE('',*,*,#1571,.T.);
#962=ORIENTED_EDGE('',*,*,#1587,.T.);
#963=ORIENTED_EDGE('',*,*,#1548,.F.);
#964=ORIENTED_EDGE('',*,*,#1575,.F.);
#965=ORIENTED_EDGE('',*,*,#1323,.F.);
#966=ORIENTED_EDGE('',*,*,#1579,.F.);
#967=ORIENTED_EDGE('',*,*,#1329,.F.);
#968=ORIENTED_EDGE('',*,*,#1583,.F.);
#969=ORIENTED_EDGE('',*,*,#1327,.F.);
#970=ORIENTED_EDGE('',*,*,#1585,.F.);
#971=ORIENTED_EDGE('',*,*,#1325,.F.);
#972=ORIENTED_EDGE('',*,*,#1567,.F.);
#973=ORIENTED_EDGE('',*,*,#1331,.F.);
#974=ORIENTED_EDGE('',*,*,#1569,.F.);
#975=ORIENTED_EDGE('',*,*,#1337,.F.);
#976=ORIENTED_EDGE('',*,*,#1573,.F.);
#977=ORIENTED_EDGE('',*,*,#1335,.F.);
#978=ORIENTED_EDGE('',*,*,#1563,.F.);
#979=ORIENTED_EDGE('',*,*,#1333,.F.);
#980=ORIENTED_EDGE('',*,*,#1546,.F.);
#981=ORIENTED_EDGE('',*,*,#1428,.F.);
#982=ORIENTED_EDGE('',*,*,#1547,.F.);
#983=ORIENTED_EDGE('',*,*,#1377,.F.);
#984=ORIENTED_EDGE('',*,*,#1549,.F.);
#985=ORIENTED_EDGE('',*,*,#1588,.T.);
#986=ORIENTED_EDGE('',*,*,#1420,.F.);
#987=ORIENTED_EDGE('',*,*,#1343,.F.);
#988=ORIENTED_EDGE('',*,*,#1291,.T.);
#989=ORIENTED_EDGE('',*,*,#1482,.T.);
#990=ORIENTED_EDGE('',*,*,#1589,.F.);
#991=ORIENTED_EDGE('',*,*,#1344,.F.);
#992=ORIENTED_EDGE('',*,*,#1589,.T.);
#993=ORIENTED_EDGE('',*,*,#1478,.T.);
#994=ORIENTED_EDGE('',*,*,#1590,.F.);
#995=ORIENTED_EDGE('',*,*,#1370,.F.);
#996=ORIENTED_EDGE('',*,*,#1371,.F.);
#997=ORIENTED_EDGE('',*,*,#1590,.T.);
#998=ORIENTED_EDGE('',*,*,#1537,.T.);
#999=ORIENTED_EDGE('',*,*,#1591,.F.);
#1000=ORIENTED_EDGE('',*,*,#1591,.T.);
#1001=ORIENTED_EDGE('',*,*,#1540,.T.);
#1002=ORIENTED_EDGE('',*,*,#1368,.T.);
#1003=ORIENTED_EDGE('',*,*,#1348,.T.);
#1004=ORIENTED_EDGE('',*,*,#1519,.T.);
#1005=ORIENTED_EDGE('',*,*,#1426,.F.);
#1006=ORIENTED_EDGE('',*,*,#1425,.T.);
#1007=ORIENTED_EDGE('',*,*,#1510,.T.);
#1008=ORIENTED_EDGE('',*,*,#1350,.T.);
#1009=ORIENTED_EDGE('',*,*,#1434,.T.);
#1010=ORIENTED_EDGE('',*,*,#1534,.T.);
#1011=ORIENTED_EDGE('',*,*,#1592,.F.);
#1012=ORIENTED_EDGE('',*,*,#1435,.F.);
#1013=ORIENTED_EDGE('',*,*,#1592,.T.);
#1014=ORIENTED_EDGE('',*,*,#1536,.T.);
#1015=ORIENTED_EDGE('',*,*,#1593,.F.);
#1016=ORIENTED_EDGE('',*,*,#1432,.F.);
#1017=ORIENTED_EDGE('',*,*,#1593,.T.);
#1018=ORIENTED_EDGE('',*,*,#1467,.T.);
#1019=ORIENTED_EDGE('',*,*,#1594,.F.);
#1020=ORIENTED_EDGE('',*,*,#1354,.F.);
#1021=ORIENTED_EDGE('',*,*,#1355,.F.);
#1022=ORIENTED_EDGE('',*,*,#1594,.T.);
#1023=ORIENTED_EDGE('',*,*,#1480,.T.);
#1024=ORIENTED_EDGE('',*,*,#1280,.F.);
#1025=ORIENTED_EDGE('',*,*,#1535,.F.);
#1026=ORIENTED_EDGE('',*,*,#1352,.F.);
#1027=ORIENTED_EDGE('',*,*,#1441,.F.);
#1028=ORIENTED_EDGE('',*,*,#1437,.F.);
#1029=ORIENTED_EDGE('',*,*,#1515,.F.);
#1030=ORIENTED_EDGE('',*,*,#1386,.F.);
#1031=ORIENTED_EDGE('',*,*,#1346,.F.);
#1032=ORIENTED_EDGE('',*,*,#1539,.F.);
#1033=ORIENTED_EDGE('',*,*,#1520,.F.);
#1034=ORIENTED_EDGE('',*,*,#1373,.F.);
#1035=ORIENTED_EDGE('',*,*,#1367,.F.);
#1036=ORIENTED_EDGE('',*,*,#1363,.T.);
#1037=ORIENTED_EDGE('',*,*,#1316,.T.);
#1038=ORIENTED_EDGE('',*,*,#1595,.T.);
#1039=ORIENTED_EDGE('',*,*,#1360,.F.);
#1040=ORIENTED_EDGE('',*,*,#1252,.T.);
#1041=ORIENTED_EDGE('',*,*,#1365,.F.);
#1042=ORIENTED_EDGE('',*,*,#1364,.T.);
#1043=ORIENTED_EDGE('',*,*,#1358,.F.);
#1044=ORIENTED_EDGE('',*,*,#1262,.T.);
#1045=ORIENTED_EDGE('',*,*,#1309,.T.);
#1046=ORIENTED_EDGE('',*,*,#1366,.F.);
#1047=ORIENTED_EDGE('',*,*,#1357,.T.);
#1048=ORIENTED_EDGE('',*,*,#1596,.T.);
#1049=ORIENTED_EDGE('',*,*,#1597,.F.);
#1050=ORIENTED_EDGE('',*,*,#1264,.T.);
#1051=ORIENTED_EDGE('',*,*,#1597,.T.);
#1052=ORIENTED_EDGE('',*,*,#1598,.T.);
#1053=ORIENTED_EDGE('',*,*,#1599,.F.);
#1054=ORIENTED_EDGE('',*,*,#1265,.T.);
#1055=ORIENTED_EDGE('',*,*,#1599,.T.);
#1056=ORIENTED_EDGE('',*,*,#1600,.T.);
#1057=ORIENTED_EDGE('',*,*,#1341,.T.);
#1058=ORIENTED_EDGE('',*,*,#1266,.T.);
#1059=ORIENTED_EDGE('',*,*,#1342,.F.);
#1060=ORIENTED_EDGE('',*,*,#1600,.F.);
#1061=ORIENTED_EDGE('',*,*,#1601,.F.);
#1062=ORIENTED_EDGE('',*,*,#1293,.F.);
#1063=ORIENTED_EDGE('',*,*,#1601,.T.);
#1064=ORIENTED_EDGE('',*,*,#1598,.F.);
#1065=ORIENTED_EDGE('',*,*,#1602,.F.);
#1066=ORIENTED_EDGE('',*,*,#1277,.F.);
#1067=ORIENTED_EDGE('',*,*,#1602,.T.);
#1068=ORIENTED_EDGE('',*,*,#1596,.F.);
#1069=ORIENTED_EDGE('',*,*,#1356,.F.);
#1070=ORIENTED_EDGE('',*,*,#1278,.F.);
#1071=ORIENTED_EDGE('',*,*,#1256,.F.);
#1072=ORIENTED_EDGE('',*,*,#1588,.F.);
#1073=ORIENTED_EDGE('',*,*,#1603,.T.);
#1074=ORIENTED_EDGE('',*,*,#1604,.F.);
#1075=ORIENTED_EDGE('',*,*,#1605,.T.);
#1076=ORIENTED_EDGE('',*,*,#1606,.T.);
#1077=ORIENTED_EDGE('',*,*,#1607,.T.);
#1078=ORIENTED_EDGE('',*,*,#1300,.T.);
#1079=ORIENTED_EDGE('',*,*,#1608,.F.);
#1080=ORIENTED_EDGE('',*,*,#1609,.F.);
#1081=ORIENTED_EDGE('',*,*,#1271,.T.);
#1082=ORIENTED_EDGE('',*,*,#1608,.T.);
#1083=ORIENTED_EDGE('',*,*,#1299,.F.);
#1084=ORIENTED_EDGE('',*,*,#1362,.F.);
#1085=ORIENTED_EDGE('',*,*,#1610,.T.);
#1086=ORIENTED_EDGE('',*,*,#1314,.F.);
#1087=ORIENTED_EDGE('',*,*,#1611,.F.);
#1088=ORIENTED_EDGE('',*,*,#1609,.T.);
#1089=ORIENTED_EDGE('',*,*,#1611,.T.);
#1090=ORIENTED_EDGE('',*,*,#1313,.F.);
#1091=ORIENTED_EDGE('',*,*,#1272,.F.);
#1092=ORIENTED_EDGE('',*,*,#1612,.T.);
#1093=ORIENTED_EDGE('',*,*,#1607,.F.);
#1094=ORIENTED_EDGE('',*,*,#1613,.T.);
#1095=ORIENTED_EDGE('',*,*,#1603,.F.);
#1096=ORIENTED_EDGE('',*,*,#1270,.T.);
#1097=ORIENTED_EDGE('',*,*,#1614,.F.);
#1098=ORIENTED_EDGE('',*,*,#1615,.F.);
#1099=ORIENTED_EDGE('',*,*,#1612,.F.);
#1100=ORIENTED_EDGE('',*,*,#1616,.F.);
#1101=ORIENTED_EDGE('',*,*,#1617,.T.);
#1102=ORIENTED_EDGE('',*,*,#1339,.T.);
#1103=ORIENTED_EDGE('',*,*,#1301,.F.);
#1104=ORIENTED_EDGE('',*,*,#1615,.T.);
#1105=ORIENTED_EDGE('',*,*,#1618,.F.);
#1106=ORIENTED_EDGE('',*,*,#1619,.F.);
#1107=ORIENTED_EDGE('',*,*,#1616,.T.);
#1108=ORIENTED_EDGE('',*,*,#1613,.F.);
#1109=ORIENTED_EDGE('',*,*,#1606,.F.);
#1110=ORIENTED_EDGE('',*,*,#1620,.T.);
#1111=ORIENTED_EDGE('',*,*,#1604,.T.);
#1112=ORIENTED_EDGE('',*,*,#1614,.T.);
#1113=ORIENTED_EDGE('',*,*,#1269,.F.);
#1114=ORIENTED_EDGE('',*,*,#1621,.F.);
#1115=ORIENTED_EDGE('',*,*,#1618,.T.);
#1116=ORIENTED_EDGE('',*,*,#1620,.F.);
#1117=ORIENTED_EDGE('',*,*,#1605,.F.);
#1118=ORIENTED_EDGE('',*,*,#1268,.F.);
#1119=ORIENTED_EDGE('',*,*,#1340,.T.);
#1120=ORIENTED_EDGE('',*,*,#1617,.F.);
#1121=ORIENTED_EDGE('',*,*,#1619,.T.);
#1122=ORIENTED_EDGE('',*,*,#1621,.T.);
#1123=ORIENTED_EDGE('',*,*,#1622,.F.);
#1124=ORIENTED_EDGE('',*,*,#1623,.F.);
#1125=ORIENTED_EDGE('',*,*,#1595,.F.);
#1126=ORIENTED_EDGE('',*,*,#1315,.F.);
#1127=ORIENTED_EDGE('',*,*,#1610,.F.);
#1128=ORIENTED_EDGE('',*,*,#1361,.T.);
#1129=ORIENTED_EDGE('',*,*,#1623,.T.);
#1130=ORIENTED_EDGE('',*,*,#1624,.F.);
#1131=ORIENTED_EDGE('',*,*,#1622,.T.);
#1132=ORIENTED_EDGE('',*,*,#1625,.F.);
#1133=ORIENTED_EDGE('',*,*,#1626,.F.);
#1134=ORIENTED_EDGE('',*,*,#1627,.F.);
#1135=ORIENTED_EDGE('',*,*,#1628,.T.);
#1136=ORIENTED_EDGE('',*,*,#1259,.T.);
#1137=ORIENTED_EDGE('',*,*,#1629,.T.);
#1138=ORIENTED_EDGE('',*,*,#1630,.F.);
#1139=ORIENTED_EDGE('',*,*,#1631,.F.);
#1140=ORIENTED_EDGE('',*,*,#1627,.T.);
#1141=ORIENTED_EDGE('',*,*,#1632,.T.);
#1142=ORIENTED_EDGE('',*,*,#1311,.F.);
#1143=ORIENTED_EDGE('',*,*,#1633,.F.);
#1144=ORIENTED_EDGE('',*,*,#1630,.T.);
#1145=ORIENTED_EDGE('',*,*,#1634,.T.);
#1146=ORIENTED_EDGE('',*,*,#1635,.F.);
#1147=ORIENTED_EDGE('',*,*,#1310,.F.);
#1148=ORIENTED_EDGE('',*,*,#1260,.T.);
#1149=ORIENTED_EDGE('',*,*,#1628,.F.);
#1150=ORIENTED_EDGE('',*,*,#1631,.T.);
#1151=ORIENTED_EDGE('',*,*,#1633,.T.);
#1152=ORIENTED_EDGE('',*,*,#1634,.F.);
#1153=ORIENTED_EDGE('',*,*,#1312,.T.);
#1154=ORIENTED_EDGE('',*,*,#1632,.F.);
#1155=ORIENTED_EDGE('',*,*,#1629,.F.);
#1156=ORIENTED_EDGE('',*,*,#1626,.T.);
#1157=ORIENTED_EDGE('',*,*,#1258,.F.);
#1158=ORIENTED_EDGE('',*,*,#1635,.T.);
#1159=ORIENTED_EDGE('',*,*,#1625,.T.);
#1160=ORIENTED_EDGE('',*,*,#1624,.T.);
#1161=ORIENTED_EDGE('',*,*,#1273,.T.);
#1162=ORIENTED_EDGE('',*,*,#1636,.T.);
#1163=ORIENTED_EDGE('',*,*,#1295,.F.);
#1164=ORIENTED_EDGE('',*,*,#1637,.F.);
#1165=ORIENTED_EDGE('',*,*,#1637,.T.);
#1166=ORIENTED_EDGE('',*,*,#1294,.T.);
#1167=ORIENTED_EDGE('',*,*,#1638,.F.);
#1168=ORIENTED_EDGE('',*,*,#1274,.F.);
#1169=ORIENTED_EDGE('',*,*,#1638,.T.);
#1170=ORIENTED_EDGE('',*,*,#1297,.T.);
#1171=ORIENTED_EDGE('',*,*,#1639,.F.);
#1172=ORIENTED_EDGE('',*,*,#1275,.F.);
#1173=ORIENTED_EDGE('',*,*,#1276,.T.);
#1174=ORIENTED_EDGE('',*,*,#1639,.T.);
#1175=ORIENTED_EDGE('',*,*,#1296,.F.);
#1176=ORIENTED_EDGE('',*,*,#1636,.F.);
#1177=ORIENTED_EDGE('',*,*,#1640,.F.);
#1178=ORIENTED_EDGE('',*,*,#1321,.T.);
#1179=ORIENTED_EDGE('',*,*,#1641,.T.);
#1180=ORIENTED_EDGE('',*,*,#1642,.F.);
#1181=ORIENTED_EDGE('',*,*,#1640,.T.);
#1182=ORIENTED_EDGE('',*,*,#1641,.F.);
#1183=ORIENTED_EDGE('',*,*,#1642,.T.);
#1184=ORIENTED_EDGE('',*,*,#1306,.T.);
#1185=ORIENTED_EDGE('',*,*,#1643,.F.);
#1186=ORIENTED_EDGE('',*,*,#1644,.F.);
#1187=ORIENTED_EDGE('',*,*,#1645,.T.);
#1188=ORIENTED_EDGE('',*,*,#1246,.F.);
#1189=ORIENTED_EDGE('',*,*,#1646,.T.);
#1190=ORIENTED_EDGE('',*,*,#1647,.T.);
#1191=ORIENTED_EDGE('',*,*,#1648,.F.);
#1192=ORIENTED_EDGE('',*,*,#1643,.T.);
#1193=ORIENTED_EDGE('',*,*,#1320,.T.);
#1194=ORIENTED_EDGE('',*,*,#1645,.F.);
#1195=ORIENTED_EDGE('',*,*,#1649,.T.);
#1196=ORIENTED_EDGE('',*,*,#1650,.F.);
#1197=ORIENTED_EDGE('',*,*,#1651,.F.);
#1198=ORIENTED_EDGE('',*,*,#1244,.T.);
#1199=ORIENTED_EDGE('',*,*,#1307,.F.);
#1200=ORIENTED_EDGE('',*,*,#1303,.F.);
#1201=ORIENTED_EDGE('',*,*,#1652,.F.);
#1202=ORIENTED_EDGE('',*,*,#1653,.T.);
#1203=ORIENTED_EDGE('',*,*,#1654,.F.);
#1204=ORIENTED_EDGE('',*,*,#1655,.F.);
#1205=ORIENTED_EDGE('',*,*,#1656,.T.);
#1206=ORIENTED_EDGE('',*,*,#1302,.F.);
#1207=ORIENTED_EDGE('',*,*,#1657,.F.);
#1208=ORIENTED_EDGE('',*,*,#1658,.T.);
#1209=ORIENTED_EDGE('',*,*,#1652,.T.);
#1210=ORIENTED_EDGE('',*,*,#1305,.T.);
#1211=ORIENTED_EDGE('',*,*,#1659,.F.);
#1212=ORIENTED_EDGE('',*,*,#1660,.T.);
#1213=ORIENTED_EDGE('',*,*,#1661,.T.);
#1214=ORIENTED_EDGE('',*,*,#1662,.F.);
#1215=ORIENTED_EDGE('',*,*,#1657,.T.);
#1216=ORIENTED_EDGE('',*,*,#1304,.F.);
#1217=ORIENTED_EDGE('',*,*,#1656,.F.);
#1218=ORIENTED_EDGE('',*,*,#1663,.T.);
#1219=ORIENTED_EDGE('',*,*,#1659,.T.);
#1220=ORIENTED_EDGE('',*,*,#1649,.F.);
#1221=ORIENTED_EDGE('',*,*,#1644,.T.);
#1222=ORIENTED_EDGE('',*,*,#1648,.T.);
#1223=ORIENTED_EDGE('',*,*,#1664,.T.);
#1224=ORIENTED_EDGE('',*,*,#1664,.F.);
#1225=ORIENTED_EDGE('',*,*,#1647,.F.);
#1226=ORIENTED_EDGE('',*,*,#1665,.T.);
#1227=ORIENTED_EDGE('',*,*,#1650,.T.);
#1228=ORIENTED_EDGE('',*,*,#1646,.F.);
#1229=ORIENTED_EDGE('',*,*,#1245,.T.);
#1230=ORIENTED_EDGE('',*,*,#1651,.T.);
#1231=ORIENTED_EDGE('',*,*,#1665,.F.);
#1232=ORIENTED_EDGE('',*,*,#1666,.T.);
#1233=ORIENTED_EDGE('',*,*,#1661,.F.);
#1234=ORIENTED_EDGE('',*,*,#1667,.F.);
#1235=ORIENTED_EDGE('',*,*,#1654,.T.);
#1236=ORIENTED_EDGE('',*,*,#1660,.F.);
#1237=ORIENTED_EDGE('',*,*,#1663,.F.);
#1238=ORIENTED_EDGE('',*,*,#1655,.T.);
#1239=ORIENTED_EDGE('',*,*,#1667,.T.);
#1240=ORIENTED_EDGE('',*,*,#1658,.F.);
#1241=ORIENTED_EDGE('',*,*,#1662,.T.);
#1242=ORIENTED_EDGE('',*,*,#1666,.F.);
#1243=ORIENTED_EDGE('',*,*,#1653,.F.);
#1244=EDGE_CURVE('',#1668,#1669,#1960,.T.);
#1245=EDGE_CURVE('',#1670,#1668,#1961,.T.);
#1246=EDGE_CURVE('',#1670,#1671,#1962,.T.);
#1247=EDGE_CURVE('',#1672,#1671,#1963,.T.);
#1248=EDGE_CURVE('',#1673,#1672,#1964,.T.);
#1249=EDGE_CURVE('',#1674,#1673,#1965,.T.);
#1250=EDGE_CURVE('',#1674,#1675,#1966,.T.);
#1251=EDGE_CURVE('',#1676,#1675,#1967,.T.);
#1252=EDGE_CURVE('',#1677,#1676,#1968,.T.);
#1253=EDGE_CURVE('',#1677,#1678,#1969,.T.);
#1254=EDGE_CURVE('',#1678,#1679,#1970,.T.);
#1255=EDGE_CURVE('',#1669,#1679,#1971,.T.);
#1256=EDGE_CURVE('',#1680,#1680,#188,.T.);
#1257=EDGE_CURVE('',#1681,#1682,#1972,.T.);
#1258=EDGE_CURVE('',#1681,#1683,#1973,.T.);
#1259=EDGE_CURVE('',#1684,#1683,#1974,.T.);
#1260=EDGE_CURVE('',#1685,#1684,#1975,.T.);
#1261=EDGE_CURVE('',#1686,#1685,#1976,.T.);
#1262=EDGE_CURVE('',#1687,#1686,#1977,.T.);
#1263=EDGE_CURVE('',#1688,#1687,#1978,.T.);
#1264=EDGE_CURVE('',#1689,#1688,#123,.F.);
#1265=EDGE_CURVE('',#1690,#1689,#1979,.T.);
#1266=EDGE_CURVE('',#1691,#1690,#124,.F.);
#1267=EDGE_CURVE('',#1692,#1691,#1980,.T.);
#1268=EDGE_CURVE('',#1692,#1693,#1981,.T.);
#1269=EDGE_CURVE('',#1693,#1694,#1982,.T.);
#1270=EDGE_CURVE('',#1695,#1694,#1983,.T.);
#1271=EDGE_CURVE('',#1696,#1695,#1984,.T.);
#1272=EDGE_CURVE('',#1696,#1682,#1985,.T.);
#1273=EDGE_CURVE('',#1697,#1698,#1986,.T.);
#1274=EDGE_CURVE('',#1697,#1699,#1987,.T.);
#1275=EDGE_CURVE('',#1699,#1700,#1988,.T.);
#1276=EDGE_CURVE('',#1698,#1700,#1989,.T.);
#1277=EDGE_CURVE('',#1701,#1702,#189,.T.);
#1278=EDGE_CURVE('',#1702,#1703,#190,.T.);
#1279=EDGE_CURVE('',#1703,#1704,#1990,.T.);
#1280=EDGE_CURVE('',#1704,#1705,#1991,.T.);
#1281=EDGE_CURVE('',#1705,#1706,#191,.T.);
#1282=EDGE_CURVE('',#1706,#1707,#192,.T.);
#1283=EDGE_CURVE('',#1707,#1708,#193,.T.);
#1284=EDGE_CURVE('',#1708,#1709,#194,.T.);
#1285=EDGE_CURVE('',#1709,#1710,#195,.T.);
#1286=EDGE_CURVE('',#1710,#1711,#196,.T.);
#1287=EDGE_CURVE('',#1711,#1712,#197,.T.);
#1288=EDGE_CURVE('',#1712,#1713,#198,.T.);
#1289=EDGE_CURVE('',#1713,#1714,#199,.T.);
#1290=EDGE_CURVE('',#1714,#1715,#200,.T.);
#1291=EDGE_CURVE('',#1716,#1715,#1992,.T.);
#1292=EDGE_CURVE('',#1716,#1717,#1993,.T.);
#1293=EDGE_CURVE('',#1717,#1701,#201,.T.);
#1294=EDGE_CURVE('',#1718,#1719,#1994,.T.);
#1295=EDGE_CURVE('',#1718,#1720,#1995,.T.);
#1296=EDGE_CURVE('',#1720,#1721,#1996,.T.);
#1297=EDGE_CURVE('',#1719,#1721,#1997,.T.);
#1298=EDGE_CURVE('',#1722,#1723,#1998,.T.);
#1299=EDGE_CURVE('',#1723,#1724,#1999,.T.);
#1300=EDGE_CURVE('',#1725,#1724,#2000,.T.);
#1301=EDGE_CURVE('',#1725,#1722,#2001,.T.);
#1302=EDGE_CURVE('',#1726,#1727,#2002,.T.);
#1303=EDGE_CURVE('',#1727,#1728,#2003,.T.);
#1304=EDGE_CURVE('',#1728,#1729,#2004,.T.);
#1305=EDGE_CURVE('',#1726,#1729,#2005,.T.);
#1306=EDGE_CURVE('',#1730,#1731,#2006,.T.);
#1307=EDGE_CURVE('',#1730,#1669,#2007,.T.);
#1308=EDGE_CURVE('',#1679,#1732,#2008,.T.);
#1309=EDGE_CURVE('',#1686,#1732,#125,.T.);
#1310=EDGE_CURVE('',#1685,#1733,#2009,.T.);
#1311=EDGE_CURVE('',#1733,#1734,#2010,.T.);
#1312=EDGE_CURVE('',#1681,#1734,#2011,.T.);
#1313=EDGE_CURVE('',#1682,#1735,#2012,.T.);
#1314=EDGE_CURVE('',#1735,#1736,#2013,.T.);
#1315=EDGE_CURVE('',#1736,#1737,#2014,.T.);
#1316=EDGE_CURVE('',#1676,#1737,#126,.T.);
#1317=EDGE_CURVE('',#1738,#1675,#2015,.T.);
#1318=EDGE_CURVE('',#1738,#1739,#127,.T.);
#1319=EDGE_CURVE('',#1739,#1672,#2016,.T.);
#1320=EDGE_CURVE('',#1731,#1671,#2017,.T.);
#1321=EDGE_CURVE('',#1740,#1740,#128,.F.);
#1322=EDGE_CURVE('',#1741,#1742,#129,.F.);
#1323=EDGE_CURVE('',#1741,#1743,#202,.T.);
#1324=EDGE_CURVE('',#1744,#1743,#130,.F.);
#1325=EDGE_CURVE('',#1744,#1745,#203,.T.);
#1326=EDGE_CURVE('',#1746,#1745,#131,.F.);
#1327=EDGE_CURVE('',#1746,#1747,#204,.T.);
#1328=EDGE_CURVE('',#1748,#1747,#132,.F.);
#1329=EDGE_CURVE('',#1748,#1742,#205,.T.);
#1330=EDGE_CURVE('',#1749,#1750,#133,.F.);
#1331=EDGE_CURVE('',#1749,#1751,#206,.T.);
#1332=EDGE_CURVE('',#1752,#1751,#134,.F.);
#1333=EDGE_CURVE('',#1752,#1753,#207,.T.);
#1334=EDGE_CURVE('',#1754,#1753,#135,.F.);
#1335=EDGE_CURVE('',#1754,#1755,#208,.T.);
#1336=EDGE_CURVE('',#1756,#1755,#136,.F.);
#1337=EDGE_CURVE('',#1756,#1750,#209,.T.);
#1338=EDGE_CURVE('',#1757,#1757,#137,.F.);
#1339=EDGE_CURVE('',#1758,#1722,#2018,.T.);
#1340=EDGE_CURVE('',#1692,#1758,#2019,.T.);
#1341=EDGE_CURVE('',#1759,#1691,#2020,.F.);
#1342=EDGE_CURVE('',#1759,#1717,#210,.T.);
#1343=EDGE_CURVE('',#1716,#1760,#211,.T.);
#1344=EDGE_CURVE('',#1760,#1761,#212,.T.);
#1345=EDGE_CURVE('',#1761,#1762,#213,.T.);
#1346=EDGE_CURVE('',#1762,#1763,#214,.T.);
#1347=EDGE_CURVE('',#1764,#1763,#2021,.T.);
#1348=EDGE_CURVE('',#1765,#1764,#2022,.T.);
#1349=EDGE_CURVE('',#1765,#1766,#2023,.T.);
#1350=EDGE_CURVE('',#1767,#1766,#2024,.T.);
#1351=EDGE_CURVE('',#1768,#1767,#2025,.T.);
#1352=EDGE_CURVE('',#1768,#1769,#215,.T.);
#1353=EDGE_CURVE('',#1769,#1770,#216,.T.);
#1354=EDGE_CURVE('',#1770,#1771,#217,.T.);
#1355=EDGE_CURVE('',#1771,#1704,#218,.T.);
#1356=EDGE_CURVE('',#1703,#1772,#219,.T.);
#1357=EDGE_CURVE('',#1688,#1772,#2026,.T.);
#1358=EDGE_CURVE('',#1687,#1773,#138,.T.);
#1359=EDGE_CURVE('',#1773,#1678,#2027,.T.);
#1360=EDGE_CURVE('',#1677,#1774,#139,.T.);
#1361=EDGE_CURVE('',#1775,#1774,#2028,.T.);
#1362=EDGE_CURVE('',#1775,#1723,#2029,.T.);
#1363=EDGE_CURVE('',#1776,#1776,#140,.T.);
#1364=EDGE_CURVE('',#1777,#1777,#141,.T.);
#1365=EDGE_CURVE('',#1778,#1778,#142,.T.);
#1366=EDGE_CURVE('',#1773,#1732,#2030,.T.);
#1367=EDGE_CURVE('',#1779,#1779,#143,.T.);
#1368=EDGE_CURVE('',#1780,#1781,#144,.F.);
#1369=EDGE_CURVE('',#1780,#1761,#220,.T.);
#1370=EDGE_CURVE('',#1761,#1782,#221,.T.);
#1371=EDGE_CURVE('',#1782,#1781,#222,.T.);
#1372=EDGE_CURVE('',#1783,#1784,#2031,.T.);
#1373=EDGE_CURVE('',#1784,#1785,#223,.T.);
#1374=EDGE_CURVE('',#1785,#1786,#224,.T.);
#1375=EDGE_CURVE('',#1786,#1787,#225,.T.);
#1376=EDGE_CURVE('',#1787,#1783,#226,.T.);
#1377=EDGE_CURVE('',#1788,#1788,#227,.T.);
#1378=EDGE_CURVE('',#1789,#1790,#2032,.T.);
#1379=EDGE_CURVE('',#1789,#1791,#228,.T.);
#1380=EDGE_CURVE('',#1791,#1792,#2033,.T.);
#1381=EDGE_CURVE('',#1792,#1790,#229,.T.);
#1382=EDGE_CURVE('',#1793,#1794,#230,.T.);
#1383=EDGE_CURVE('',#1793,#1795,#231,.T.);
#1384=EDGE_CURVE('',#1795,#1796,#2034,.T.);
#1385=EDGE_CURVE('',#1796,#1794,#232,.T.);
#1386=EDGE_CURVE('',#1763,#1784,#233,.T.);
#1387=EDGE_CURVE('',#1783,#1764,#234,.T.);
#1388=EDGE_CURVE('',#1797,#1798,#2035,.T.);
#1389=EDGE_CURVE('',#1797,#1799,#235,.T.);
#1390=EDGE_CURVE('',#1799,#1800,#2036,.T.);
#1391=EDGE_CURVE('',#1800,#1801,#236,.T.);
#1392=EDGE_CURVE('',#1801,#1802,#237,.T.);
#1393=EDGE_CURVE('',#1802,#1803,#238,.F.);
#1394=EDGE_CURVE('',#1803,#1798,#239,.T.);
#1395=EDGE_CURVE('',#1799,#1804,#240,.T.);
#1396=EDGE_CURVE('',#1804,#1805,#2037,.T.);
#1397=EDGE_CURVE('',#1805,#1800,#241,.T.);
#1398=EDGE_CURVE('',#1804,#1806,#242,.T.);
#1399=EDGE_CURVE('',#1807,#1806,#243,.T.);
#1400=EDGE_CURVE('',#1807,#1805,#244,.T.);
#1401=EDGE_CURVE('',#1808,#1809,#245,.T.);
#1402=EDGE_CURVE('',#1809,#1810,#246,.T.);
#1403=EDGE_CURVE('',#1810,#1811,#247,.T.);
#1404=EDGE_CURVE('',#1811,#1812,#248,.T.);
#1405=EDGE_CURVE('',#1812,#1808,#249,.T.);
#1406=EDGE_CURVE('',#1813,#1814,#250,.T.);
#1407=EDGE_CURVE('',#1814,#1815,#251,.T.);
#1408=EDGE_CURVE('',#1815,#1816,#252,.T.);
#1409=EDGE_CURVE('',#1816,#1817,#253,.T.);
#1410=EDGE_CURVE('',#1817,#1818,#254,.T.);
#1411=EDGE_CURVE('',#1819,#1818,#255,.T.);
#1412=EDGE_CURVE('',#1819,#1820,#256,.T.);
#1413=EDGE_CURVE('',#1820,#1821,#257,.T.);
#1414=EDGE_CURVE('',#1821,#1822,#258,.T.);
#1415=EDGE_CURVE('',#1822,#1823,#259,.T.);
#1416=EDGE_CURVE('',#1823,#1813,#260,.T.);
#1417=EDGE_CURVE('',#1801,#1824,#261,.T.);
#1418=EDGE_CURVE('',#1824,#1820,#262,.F.);
#1419=EDGE_CURVE('',#1818,#1803,#263,.T.);
#1420=EDGE_CURVE('',#1825,#1825,#145,.T.);
#1421=EDGE_CURVE('',#1798,#1826,#264,.T.);
#1422=EDGE_CURVE('',#1826,#1827,#265,.T.);
#1423=EDGE_CURVE('',#1828,#1827,#2038,.T.);
#1424=EDGE_CURVE('',#1829,#1828,#2039,.T.);
#1425=EDGE_CURVE('',#1766,#1829,#2040,.T.);
#1426=EDGE_CURVE('',#1765,#1830,#2041,.T.);
#1427=EDGE_CURVE('',#1830,#1797,#2042,.T.);
#1428=EDGE_CURVE('',#1831,#1831,#266,.T.);
#1429=EDGE_CURVE('',#1832,#1833,#2043,.T.);
#1430=EDGE_CURVE('',#1833,#1789,#267,.T.);
#1431=EDGE_CURVE('',#1790,#1832,#268,.T.);
#1432=EDGE_CURVE('',#1834,#1770,#269,.T.);
#1433=EDGE_CURVE('',#1770,#1835,#270,.T.);
#1434=EDGE_CURVE('',#1836,#1835,#146,.T.);
#1435=EDGE_CURVE('',#1836,#1834,#271,.T.);
#1436=EDGE_CURVE('',#1837,#1838,#272,.T.);
#1437=EDGE_CURVE('',#1838,#1839,#273,.T.);
#1438=EDGE_CURVE('',#1840,#1839,#2044,.T.);
#1439=EDGE_CURVE('',#1840,#1841,#274,.T.);
#1440=EDGE_CURVE('',#1841,#1837,#275,.T.);
#1441=EDGE_CURVE('',#1839,#1768,#276,.T.);
#1442=EDGE_CURVE('',#1767,#1840,#277,.T.);
#1443=EDGE_CURVE('',#1842,#1843,#278,.T.);
#1444=EDGE_CURVE('',#1843,#1844,#279,.T.);
#1445=EDGE_CURVE('',#1844,#1845,#280,.T.);
#1446=EDGE_CURVE('',#1845,#1846,#281,.T.);
#1447=EDGE_CURVE('',#1846,#1847,#282,.T.);
#1448=EDGE_CURVE('',#1847,#1848,#283,.T.);
#1449=EDGE_CURVE('',#1848,#1849,#284,.T.);
#1450=EDGE_CURVE('',#1849,#1850,#285,.T.);
#1451=EDGE_CURVE('',#1850,#1851,#286,.T.);
#1452=EDGE_CURVE('',#1851,#1852,#287,.T.);
#1453=EDGE_CURVE('',#1852,#1842,#288,.T.);
#1454=EDGE_CURVE('',#1853,#1854,#2045,.T.);
#1455=EDGE_CURVE('',#1853,#1828,#289,.T.);
#1456=EDGE_CURVE('',#1827,#1855,#290,.T.);
#1457=EDGE_CURVE('',#1856,#1855,#291,.F.);
#1458=EDGE_CURVE('',#1856,#1857,#292,.T.);
#1459=EDGE_CURVE('',#1857,#1854,#293,.T.);
#1460=EDGE_CURVE('',#1858,#1859,#294,.T.);
#1461=EDGE_CURVE('',#1859,#1860,#295,.T.);
#1462=EDGE_CURVE('',#1860,#1861,#296,.T.);
#1463=EDGE_CURVE('',#1861,#1862,#297,.T.);
#1464=EDGE_CURVE('',#1862,#1858,#298,.T.);
#1465=EDGE_CURVE('',#1795,#1853,#299,.T.);
#1466=EDGE_CURVE('',#1854,#1796,#300,.T.);
#1467=EDGE_CURVE('',#1863,#1864,#301,.T.);
#1468=EDGE_CURVE('',#1863,#1865,#302,.T.);
#1469=EDGE_CURVE('',#1865,#1866,#303,.T.);
#1470=EDGE_CURVE('',#1866,#1867,#304,.T.);
#1471=EDGE_CURVE('',#1867,#1868,#305,.T.);
#1472=EDGE_CURVE('',#1868,#1864,#306,.T.);
#1473=EDGE_CURVE('',#1869,#1870,#307,.T.);
#1474=EDGE_CURVE('',#1870,#1871,#308,.T.);
#1475=EDGE_CURVE('',#1871,#1872,#309,.T.);
#1476=EDGE_CURVE('',#1872,#1873,#310,.T.);
#1477=EDGE_CURVE('',#1873,#1874,#311,.T.);
#1478=EDGE_CURVE('',#1869,#1874,#312,.T.);
#1479=EDGE_CURVE('',#1868,#1706,#313,.T.);
#1480=EDGE_CURVE('',#1864,#1705,#314,.F.);
#1481=EDGE_CURVE('',#1714,#1870,#315,.T.);
#1482=EDGE_CURVE('',#1715,#1869,#316,.F.);
#1483=EDGE_CURVE('',#1791,#1850,#317,.T.);
#1484=EDGE_CURVE('',#1849,#1792,#318,.T.);
#1485=EDGE_CURVE('',#1816,#1833,#319,.T.);
#1486=EDGE_CURVE('',#1832,#1817,#320,.T.);
#1487=EDGE_CURVE('',#1846,#1875,#321,.F.);
#1488=EDGE_CURVE('',#1875,#1857,#322,.T.);
#1489=EDGE_CURVE('',#1855,#1848,#323,.T.);
#1490=EDGE_CURVE('',#1806,#1787,#324,.T.);
#1491=EDGE_CURVE('',#1786,#1876,#325,.T.);
#1492=EDGE_CURVE('',#1876,#1877,#326,.T.);
#1493=EDGE_CURVE('',#1877,#1878,#327,.T.);
#1494=EDGE_CURVE('',#1878,#1879,#328,.F.);
#1495=EDGE_CURVE('',#1879,#1807,#329,.T.);
#1496=EDGE_CURVE('',#1841,#1793,#330,.T.);
#1497=EDGE_CURVE('',#1794,#1880,#331,.T.);
#1498=EDGE_CURVE('',#1880,#1881,#332,.F.);
#1499=EDGE_CURVE('',#1881,#1882,#333,.T.);
#1500=EDGE_CURVE('',#1882,#1883,#334,.T.);
#1501=EDGE_CURVE('',#1883,#1837,#335,.T.);
#1502=EDGE_CURVE('',#1790,#1826,#336,.F.);
#1503=EDGE_CURVE('',#1845,#1881,#337,.T.);
#1504=EDGE_CURVE('',#1880,#1875,#338,.T.);
#1505=EDGE_CURVE('',#1878,#1821,#339,.T.);
#1506=EDGE_CURVE('',#1824,#1879,#340,.T.);
#1507=EDGE_CURVE('',#1710,#1789,#341,.F.);
#1508=EDGE_CURVE('',#1708,#1851,#342,.T.);
#1509=EDGE_CURVE('',#1815,#1712,#343,.T.);
#1510=EDGE_CURVE('',#1829,#1767,#344,.T.);
#1511=EDGE_CURVE('',#1844,#1859,#345,.T.);
#1512=EDGE_CURVE('',#1845,#1858,#346,.F.);
#1513=EDGE_CURVE('',#1860,#1884,#347,.T.);
#1514=EDGE_CURVE('',#1884,#1885,#14,.T.);
#1515=EDGE_CURVE('',#1885,#1838,#348,.T.);
#1516=EDGE_CURVE('',#1861,#1883,#349,.F.);
#1517=EDGE_CURVE('',#1881,#1862,#350,.F.);
#1518=EDGE_CURVE('',#1861,#1882,#351,.T.);
#1519=EDGE_CURVE('',#1764,#1830,#352,.T.);
#1520=EDGE_CURVE('',#1785,#1886,#353,.T.);
#1521=EDGE_CURVE('',#1887,#1886,#15,.T.);
#1522=EDGE_CURVE('',#1887,#1809,#354,.T.);
#1523=EDGE_CURVE('',#1876,#1808,#355,.F.);
#1524=EDGE_CURVE('',#1877,#1808,#356,.F.);
#1525=EDGE_CURVE('',#1878,#1812,#357,.F.);
#1526=EDGE_CURVE('',#1821,#1811,#358,.F.);
#1527=EDGE_CURVE('',#1810,#1822,#359,.T.);
#1528=EDGE_CURVE('',#1852,#1707,#360,.F.);
#1529=EDGE_CURVE('',#1842,#1706,#361,.F.);
#1530=EDGE_CURVE('',#1843,#1868,#362,.F.);
#1531=EDGE_CURVE('',#1844,#1867,#363,.F.);
#1532=EDGE_CURVE('',#1859,#1866,#364,.T.);
#1533=EDGE_CURVE('',#1860,#1865,#365,.F.);
#1534=EDGE_CURVE('',#1835,#1888,#366,.T.);
#1535=EDGE_CURVE('',#1769,#1885,#367,.T.);
#1536=EDGE_CURVE('',#1888,#1863,#368,.T.);
#1537=EDGE_CURVE('',#1874,#1889,#369,.T.);
#1538=EDGE_CURVE('',#1809,#1873,#370,.T.);
#1539=EDGE_CURVE('',#1886,#1762,#371,.T.);
#1540=EDGE_CURVE('',#1889,#1780,#372,.T.);
#1541=EDGE_CURVE('',#1810,#1872,#373,.F.);
#1542=EDGE_CURVE('',#1822,#1871,#374,.F.);
#1543=EDGE_CURVE('',#1823,#1870,#375,.F.);
#1544=EDGE_CURVE('',#1813,#1714,#376,.T.);
#1545=EDGE_CURVE('',#1814,#1713,#377,.F.);
#1546=EDGE_CURVE('',#1890,#1890,#378,.T.);
#1547=EDGE_CURVE('',#1891,#1891,#379,.T.);
#1548=EDGE_CURVE('',#1892,#1892,#380,.T.);
#1549=EDGE_CURVE('',#1893,#1893,#381,.T.);
#1550=EDGE_CURVE('',#1894,#1738,#2046,.T.);
#1551=EDGE_CURVE('',#1894,#1895,#147,.T.);
#1552=EDGE_CURVE('',#1895,#1739,#2047,.T.);
#1553=EDGE_CURVE('',#1894,#1674,#2048,.T.);
#1554=EDGE_CURVE('',#1896,#1896,#148,.T.);
#1555=EDGE_CURVE('',#1897,#1897,#149,.T.);
#1556=EDGE_CURVE('',#1895,#1673,#2049,.T.);
#1557=EDGE_CURVE('',#1898,#1898,#150,.T.);
#1558=EDGE_CURVE('',#1899,#1899,#151,.T.);
#1559=EDGE_CURVE('',#1900,#1900,#152,.T.);
#1560=EDGE_CURVE('',#1901,#1901,#153,.T.);
#1561=EDGE_CURVE('',#1902,#1902,#154,.T.);
#1562=EDGE_CURVE('',#1903,#1903,#155,.T.);
#1563=EDGE_CURVE('',#1753,#1754,#382,.T.);
#1564=EDGE_CURVE('',#1904,#1904,#156,.T.);
#1565=EDGE_CURVE('',#1905,#1905,#157,.T.);
#1566=EDGE_CURVE('',#1906,#1906,#158,.T.);
#1567=EDGE_CURVE('',#1751,#1752,#383,.T.);
#1568=EDGE_CURVE('',#1907,#1907,#159,.T.);
#1569=EDGE_CURVE('',#1750,#1749,#384,.T.);
#1570=EDGE_CURVE('',#1908,#1908,#160,.T.);
#1571=EDGE_CURVE('',#1909,#1909,#161,.T.);
#1572=EDGE_CURVE('',#1910,#1910,#162,.T.);
#1573=EDGE_CURVE('',#1755,#1756,#385,.T.);
#1574=EDGE_CURVE('',#1911,#1911,#163,.T.);
#1575=EDGE_CURVE('',#1743,#1744,#386,.T.);
#1576=EDGE_CURVE('',#1912,#1912,#164,.T.);
#1577=EDGE_CURVE('',#1913,#1913,#165,.T.);
#1578=EDGE_CURVE('',#1914,#1914,#166,.T.);
#1579=EDGE_CURVE('',#1742,#1741,#387,.T.);
#1580=EDGE_CURVE('',#1915,#1915,#167,.T.);
#1581=EDGE_CURVE('',#1916,#1916,#168,.T.);
#1582=EDGE_CURVE('',#1917,#1917,#169,.T.);
#1583=EDGE_CURVE('',#1747,#1748,#388,.T.);
#1584=EDGE_CURVE('',#1918,#1918,#170,.T.);
#1585=EDGE_CURVE('',#1745,#1746,#389,.T.);
#1586=EDGE_CURVE('',#1919,#1919,#171,.T.);
#1587=EDGE_CURVE('',#1920,#1920,#172,.T.);
#1588=EDGE_CURVE('',#1921,#1921,#390,.T.);
#1589=EDGE_CURVE('',#1760,#1869,#2050,.T.);
#1590=EDGE_CURVE('',#1782,#1874,#2051,.T.);
#1591=EDGE_CURVE('',#1781,#1889,#2052,.T.);
#1592=EDGE_CURVE('',#1836,#1888,#2053,.T.);
#1593=EDGE_CURVE('',#1834,#1863,#2054,.T.);
#1594=EDGE_CURVE('',#1771,#1864,#2055,.T.);
#1595=EDGE_CURVE('',#1737,#1774,#2056,.F.);
#1596=EDGE_CURVE('',#1772,#1922,#391,.T.);
#1597=EDGE_CURVE('',#1689,#1922,#2057,.T.);
#1598=EDGE_CURVE('',#1922,#1923,#392,.T.);
#1599=EDGE_CURVE('',#1690,#1923,#2058,.T.);
#1600=EDGE_CURVE('',#1923,#1759,#393,.T.);
#1601=EDGE_CURVE('',#1701,#1923,#394,.T.);
#1602=EDGE_CURVE('',#1702,#1922,#395,.F.);
#1603=EDGE_CURVE('',#1695,#1924,#2059,.T.);
#1604=EDGE_CURVE('',#1925,#1924,#2060,.T.);
#1605=EDGE_CURVE('',#1925,#1926,#2061,.T.);
#1606=EDGE_CURVE('',#1926,#1927,#2062,.T.);
#1607=EDGE_CURVE('',#1927,#1725,#2063,.T.);
#1608=EDGE_CURVE('',#1928,#1724,#2064,.T.);
#1609=EDGE_CURVE('',#1696,#1928,#2065,.T.);
#1610=EDGE_CURVE('',#1775,#1736,#2066,.T.);
#1611=EDGE_CURVE('',#1928,#1735,#2067,.T.);
#1612=EDGE_CURVE('',#1929,#1725,#2068,.T.);
#1613=EDGE_CURVE('',#1927,#1924,#173,.T.);
#1614=EDGE_CURVE('',#1930,#1694,#2069,.T.);
#1615=EDGE_CURVE('',#1929,#1930,#174,.T.);
#1616=EDGE_CURVE('',#1931,#1929,#2070,.T.);
#1617=EDGE_CURVE('',#1931,#1758,#2071,.T.);
#1618=EDGE_CURVE('',#1932,#1930,#2072,.T.);
#1619=EDGE_CURVE('',#1931,#1932,#175,.T.);
#1620=EDGE_CURVE('',#1926,#1925,#176,.T.);
#1621=EDGE_CURVE('',#1932,#1693,#2073,.T.);
#1622=EDGE_CURVE('',#1933,#1933,#177,.T.);
#1623=EDGE_CURVE('',#1934,#1934,#178,.T.);
#1624=EDGE_CURVE('',#1935,#1935,#179,.T.);
#1625=EDGE_CURVE('',#1936,#1936,#180,.T.);
#1626=EDGE_CURVE('',#1937,#1683,#2074,.T.);
#1627=EDGE_CURVE('',#1938,#1937,#2075,.T.);
#1628=EDGE_CURVE('',#1938,#1684,#2076,.T.);
#1629=EDGE_CURVE('',#1937,#1939,#181,.T.);
#1630=EDGE_CURVE('',#1940,#1939,#2077,.T.);
#1631=EDGE_CURVE('',#1938,#1940,#182,.T.);
#1632=EDGE_CURVE('',#1939,#1734,#2078,.T.);
#1633=EDGE_CURVE('',#1940,#1733,#2079,.T.);
#1634=EDGE_CURVE('',#1941,#1941,#183,.T.);
#1635=EDGE_CURVE('',#1942,#1942,#184,.T.);
#1636=EDGE_CURVE('',#1698,#1720,#2080,.T.);
#1637=EDGE_CURVE('',#1697,#1718,#2081,.T.);
#1638=EDGE_CURVE('',#1699,#1719,#2082,.T.);
#1639=EDGE_CURVE('',#1700,#1721,#2083,.T.);
#1640=EDGE_CURVE('',#1943,#1943,#185,.T.);
#1641=EDGE_CURVE('',#1944,#1944,#186,.T.);
#1642=EDGE_CURVE('',#1945,#1945,#187,.T.);
#1643=EDGE_CURVE('',#1946,#1731,#2084,.T.);
#1644=EDGE_CURVE('',#1947,#1946,#2085,.T.);
#1645=EDGE_CURVE('',#1947,#1730,#2086,.T.);
#1646=EDGE_CURVE('',#1670,#1948,#2087,.T.);
#1647=EDGE_CURVE('',#1948,#1949,#2088,.T.);
#1648=EDGE_CURVE('',#1946,#1949,#2089,.T.);
#1649=EDGE_CURVE('',#1947,#1950,#2090,.T.);
#1650=EDGE_CURVE('',#1951,#1950,#2091,.T.);
#1651=EDGE_CURVE('',#1668,#1951,#2092,.T.);
#1652=EDGE_CURVE('',#1952,#1727,#2093,.T.);
#1653=EDGE_CURVE('',#1952,#1953,#2094,.T.);
#1654=EDGE_CURVE('',#1954,#1953,#2095,.T.);
#1655=EDGE_CURVE('',#1955,#1954,#2096,.T.);
#1656=EDGE_CURVE('',#1955,#1728,#2097,.T.);
#1657=EDGE_CURVE('',#1956,#1726,#2098,.T.);
#1658=EDGE_CURVE('',#1956,#1952,#2099,.T.);
#1659=EDGE_CURVE('',#1957,#1729,#2100,.T.);
#1660=EDGE_CURVE('',#1957,#1958,#2101,.T.);
#1661=EDGE_CURVE('',#1958,#1959,#2102,.T.);
#1662=EDGE_CURVE('',#1956,#1959,#2103,.T.);
#1663=EDGE_CURVE('',#1955,#1957,#2104,.T.);
#1664=EDGE_CURVE('',#1949,#1950,#2105,.T.);
#1665=EDGE_CURVE('',#1948,#1951,#2106,.T.);
#1666=EDGE_CURVE('',#1953,#1959,#2107,.T.);
#1667=EDGE_CURVE('',#1954,#1958,#2108,.T.);
#1668=VERTEX_POINT('',#3692);
#1669=VERTEX_POINT('',#3693);
#1670=VERTEX_POINT('',#3695);
#1671=VERTEX_POINT('',#3697);
#1672=VERTEX_POINT('',#3699);
#1673=VERTEX_POINT('',#3701);
#1674=VERTEX_POINT('',#3703);
#1675=VERTEX_POINT('',#3705);
#1676=VERTEX_POINT('',#3707);
#1677=VERTEX_POINT('',#3709);
#1678=VERTEX_POINT('',#3711);
#1679=VERTEX_POINT('',#3713);
#1680=VERTEX_POINT('',#3734);
#1681=VERTEX_POINT('',#3737);
#1682=VERTEX_POINT('',#3738);
#1683=VERTEX_POINT('',#3740);
#1684=VERTEX_POINT('',#3742);
#1685=VERTEX_POINT('',#3744);
#1686=VERTEX_POINT('',#3746);
#1687=VERTEX_POINT('',#3748);
#1688=VERTEX_POINT('',#3750);
#1689=VERTEX_POINT('',#3752);
#1690=VERTEX_POINT('',#3754);
#1691=VERTEX_POINT('',#3756);
#1692=VERTEX_POINT('',#3758);
#1693=VERTEX_POINT('',#3760);
#1694=VERTEX_POINT('',#3762);
#1695=VERTEX_POINT('',#3764);
#1696=VERTEX_POINT('',#3766);
#1697=VERTEX_POINT('',#3769);
#1698=VERTEX_POINT('',#3770);
#1699=VERTEX_POINT('',#3772);
#1700=VERTEX_POINT('',#3774);
#1701=VERTEX_POINT('',#3781);
#1702=VERTEX_POINT('',#3782);
#1703=VERTEX_POINT('',#3790);
#1704=VERTEX_POINT('',#3792);
#1705=VERTEX_POINT('',#3794);
#1706=VERTEX_POINT('',#3799);
#1707=VERTEX_POINT('',#3804);
#1708=VERTEX_POINT('',#3809);
#1709=VERTEX_POINT('',#3814);
#1710=VERTEX_POINT('',#3846);
#1711=VERTEX_POINT('',#3877);
#1712=VERTEX_POINT('',#3882);
#1713=VERTEX_POINT('',#3887);
#1714=VERTEX_POINT('',#3892);
#1715=VERTEX_POINT('',#3897);
#1716=VERTEX_POINT('',#3899);
#1717=VERTEX_POINT('',#3901);
#1718=VERTEX_POINT('',#3910);
#1719=VERTEX_POINT('',#3911);
#1720=VERTEX_POINT('',#3913);
#1721=VERTEX_POINT('',#3915);
#1722=VERTEX_POINT('',#3919);
#1723=VERTEX_POINT('',#3920);
#1724=VERTEX_POINT('',#3922);
#1725=VERTEX_POINT('',#3924);
#1726=VERTEX_POINT('',#3928);
#1727=VERTEX_POINT('',#3929);
#1728=VERTEX_POINT('',#3931);
#1729=VERTEX_POINT('',#3933);
#1730=VERTEX_POINT('',#3936);
#1731=VERTEX_POINT('',#3937);
#1732=VERTEX_POINT('',#3940);
#1733=VERTEX_POINT('',#3943);
#1734=VERTEX_POINT('',#3945);
#1735=VERTEX_POINT('',#3948);
#1736=VERTEX_POINT('',#3950);
#1737=VERTEX_POINT('',#3952);
#1738=VERTEX_POINT('',#3955);
#1739=VERTEX_POINT('',#3957);
#1740=VERTEX_POINT('',#3961);
#1741=VERTEX_POINT('',#3963);
#1742=VERTEX_POINT('',#3964);
#1743=VERTEX_POINT('',#3976);
#1744=VERTEX_POINT('',#3978);
#1745=VERTEX_POINT('',#3985);
#1746=VERTEX_POINT('',#3987);
#1747=VERTEX_POINT('',#3997);
#1748=VERTEX_POINT('',#3999);
#1749=VERTEX_POINT('',#4006);
#1750=VERTEX_POINT('',#4007);
#1751=VERTEX_POINT('',#4017);
#1752=VERTEX_POINT('',#4019);
#1753=VERTEX_POINT('',#4025);
#1754=VERTEX_POINT('',#4027);
#1755=VERTEX_POINT('',#4039);
#1756=VERTEX_POINT('',#4041);
#1757=VERTEX_POINT('',#4049);
#1758=VERTEX_POINT('',#4052);
#1759=VERTEX_POINT('',#4055);
#1760=VERTEX_POINT('',#4064);
#1761=VERTEX_POINT('',#4069);
#1762=VERTEX_POINT('',#4074);
#1763=VERTEX_POINT('',#4109);
#1764=VERTEX_POINT('',#4111);
#1765=VERTEX_POINT('',#4113);
#1766=VERTEX_POINT('',#4115);
#1767=VERTEX_POINT('',#4117);
#1768=VERTEX_POINT('',#4119);
#1769=VERTEX_POINT('',#4161);
#1770=VERTEX_POINT('',#4166);
#1771=VERTEX_POINT('',#4171);
#1772=VERTEX_POINT('',#4180);
#1773=VERTEX_POINT('',#4183);
#1774=VERTEX_POINT('',#4186);
#1775=VERTEX_POINT('',#4188);
#1776=VERTEX_POINT('',#4191);
#1777=VERTEX_POINT('',#4193);
#1778=VERTEX_POINT('',#4196);
#1779=VERTEX_POINT('',#4201);
#1780=VERTEX_POINT('',#4204);
#1781=VERTEX_POINT('',#4205);
#1782=VERTEX_POINT('',#4214);
#1783=VERTEX_POINT('',#4236);
#1784=VERTEX_POINT('',#4237);
#1785=VERTEX_POINT('',#4246);
#1786=VERTEX_POINT('',#4251);
#1787=VERTEX_POINT('',#4258);
#1788=VERTEX_POINT('',#4315);
#1789=VERTEX_POINT('',#4317);
#1790=VERTEX_POINT('',#4318);
#1791=VERTEX_POINT('',#4328);
#1792=VERTEX_POINT('',#4330);
#1793=VERTEX_POINT('',#4358);
#1794=VERTEX_POINT('',#4359);
#1795=VERTEX_POINT('',#4380);
#1796=VERTEX_POINT('',#4382);
#1797=VERTEX_POINT('',#4562);
#1798=VERTEX_POINT('',#4563);
#1799=VERTEX_POINT('',#4650);
#1800=VERTEX_POINT('',#4652);
#1801=VERTEX_POINT('',#4736);
#1802=VERTEX_POINT('',#4741);
#1803=VERTEX_POINT('',#4792);
#1804=VERTEX_POINT('',#4818);
#1805=VERTEX_POINT('',#4820);
#1806=VERTEX_POINT('',#4862);
#1807=VERTEX_POINT('',#4873);
#1808=VERTEX_POINT('',#5136);
#1809=VERTEX_POINT('',#5137);
#1810=VERTEX_POINT('',#5142);
#1811=VERTEX_POINT('',#5154);
#1812=VERTEX_POINT('',#5159);
#1813=VERTEX_POINT('',#5254);
#1814=VERTEX_POINT('',#5255);
#1815=VERTEX_POINT('',#5260);
#1816=VERTEX_POINT('',#5266);
#1817=VERTEX_POINT('',#5271);
#1818=VERTEX_POINT('',#5276);
#1819=VERTEX_POINT('',#5281);
#1820=VERTEX_POINT('',#5316);
#1821=VERTEX_POINT('',#5321);
#1822=VERTEX_POINT('',#5392);
#1823=VERTEX_POINT('',#5397);
#1824=VERTEX_POINT('',#5477);
#1825=VERTEX_POINT('',#5491);
#1826=VERTEX_POINT('',#5591);
#1827=VERTEX_POINT('',#5691);
#1828=VERTEX_POINT('',#5693);
#1829=VERTEX_POINT('',#5695);
#1830=VERTEX_POINT('',#5698);
#1831=VERTEX_POINT('',#5753);
#1832=VERTEX_POINT('',#5755);
#1833=VERTEX_POINT('',#5756);
#1834=VERTEX_POINT('',#5780);
#1835=VERTEX_POINT('',#5785);
#1836=VERTEX_POINT('',#5787);
#1837=VERTEX_POINT('',#5812);
#1838=VERTEX_POINT('',#5813);
#1839=VERTEX_POINT('',#5822);
#1840=VERTEX_POINT('',#5824);
#1841=VERTEX_POINT('',#5829);
#1842=VERTEX_POINT('',#5980);
#1843=VERTEX_POINT('',#5981);
#1844=VERTEX_POINT('',#5986);
#1845=VERTEX_POINT('',#6057);
#1846=VERTEX_POINT('',#6062);
#1847=VERTEX_POINT('',#6097);
#1848=VERTEX_POINT('',#6102);
#1849=VERTEX_POINT('',#6107);
#1850=VERTEX_POINT('',#6112);
#1851=VERTEX_POINT('',#6118);
#1852=VERTEX_POINT('',#6123);
#1853=VERTEX_POINT('',#6153);
#1854=VERTEX_POINT('',#6154);
#1855=VERTEX_POINT('',#6245);
#1856=VERTEX_POINT('',#6257);
#1857=VERTEX_POINT('',#6262);
#1858=VERTEX_POINT('',#6381);
#1859=VERTEX_POINT('',#6382);
#1860=VERTEX_POINT('',#6387);
#1861=VERTEX_POINT('',#6587);
#1862=VERTEX_POINT('',#6677);
#1863=VERTEX_POINT('',#6727);
#1864=VERTEX_POINT('',#6728);
#1865=VERTEX_POINT('',#6738);
#1866=VERTEX_POINT('',#6743);
#1867=VERTEX_POINT('',#6761);
#1868=VERTEX_POINT('',#6766);
#1869=VERTEX_POINT('',#6783);
#1870=VERTEX_POINT('',#6784);
#1871=VERTEX_POINT('',#6789);
#1872=VERTEX_POINT('',#6808);
#1873=VERTEX_POINT('',#6813);
#1874=VERTEX_POINT('',#6823);
#1875=VERTEX_POINT('',#6991);
#1876=VERTEX_POINT('',#7501);
#1877=VERTEX_POINT('',#7507);
#1878=VERTEX_POINT('',#7570);
#1879=VERTEX_POINT('',#7575);
#1880=VERTEX_POINT('',#8013);
#1881=VERTEX_POINT('',#8018);
#1882=VERTEX_POINT('',#8081);
#1883=VERTEX_POINT('',#8086);
#1884=VERTEX_POINT('',#9452);
#1885=VERTEX_POINT('',#9469);
#1886=VERTEX_POINT('',#10125);
#1887=VERTEX_POINT('',#10142);
#1888=VERTEX_POINT('',#10665);
#1889=VERTEX_POINT('',#10779);
#1890=VERTEX_POINT('',#10938);
#1891=VERTEX_POINT('',#10990);
#1892=VERTEX_POINT('',#11011);
#1893=VERTEX_POINT('',#11066);
#1894=VERTEX_POINT('',#11069);
#1895=VERTEX_POINT('',#11071);
#1896=VERTEX_POINT('',#11077);
#1897=VERTEX_POINT('',#11079);
#1898=VERTEX_POINT('',#11085);
#1899=VERTEX_POINT('',#11088);
#1900=VERTEX_POINT('',#11090);
#1901=VERTEX_POINT('',#11094);
#1902=VERTEX_POINT('',#11096);
#1903=VERTEX_POINT('',#11099);
#1904=VERTEX_POINT('',#11113);
#1905=VERTEX_POINT('',#11115);
#1906=VERTEX_POINT('',#11118);
#1907=VERTEX_POINT('',#11128);
#1908=VERTEX_POINT('',#11140);
#1909=VERTEX_POINT('',#11142);
#1910=VERTEX_POINT('',#11146);
#1911=VERTEX_POINT('',#11159);
#1912=VERTEX_POINT('',#11172);
#1913=VERTEX_POINT('',#11174);
#1914=VERTEX_POINT('',#11177);
#1915=VERTEX_POINT('',#11191);
#1916=VERTEX_POINT('',#11193);
#1917=VERTEX_POINT('',#11196);
#1918=VERTEX_POINT('',#11206);
#1919=VERTEX_POINT('',#11218);
#1920=VERTEX_POINT('',#11220);
#1921=VERTEX_POINT('',#11838);
#1922=VERTEX_POINT('',#12004);
#1923=VERTEX_POINT('',#12011);
#1924=VERTEX_POINT('',#12145);
#1925=VERTEX_POINT('',#12147);
#1926=VERTEX_POINT('',#12149);
#1927=VERTEX_POINT('',#12151);
#1928=VERTEX_POINT('',#12154);
#1929=VERTEX_POINT('',#12162);
#1930=VERTEX_POINT('',#12165);
#1931=VERTEX_POINT('',#12169);
#1932=VERTEX_POINT('',#12173);
#1933=VERTEX_POINT('',#12182);
#1934=VERTEX_POINT('',#12184);
#1935=VERTEX_POINT('',#12187);
#1936=VERTEX_POINT('',#12190);
#1937=VERTEX_POINT('',#12193);
#1938=VERTEX_POINT('',#12195);
#1939=VERTEX_POINT('',#12199);
#1940=VERTEX_POINT('',#12201);
#1941=VERTEX_POINT('',#12208);
#1942=VERTEX_POINT('',#12210);
#1943=VERTEX_POINT('',#12225);
#1944=VERTEX_POINT('',#12228);
#1945=VERTEX_POINT('',#12230);
#1946=VERTEX_POINT('',#12235);
#1947=VERTEX_POINT('',#12237);
#1948=VERTEX_POINT('',#12241);
#1949=VERTEX_POINT('',#12243);
#1950=VERTEX_POINT('',#12247);
#1951=VERTEX_POINT('',#12249);
#1952=VERTEX_POINT('',#12253);
#1953=VERTEX_POINT('',#12255);
#1954=VERTEX_POINT('',#12257);
#1955=VERTEX_POINT('',#12259);
#1956=VERTEX_POINT('',#12263);
#1957=VERTEX_POINT('',#12267);
#1958=VERTEX_POINT('',#12269);
#1959=VERTEX_POINT('',#12271);
#1960=LINE('',#3691,#2109);
#1961=LINE('',#3694,#2110);
#1962=LINE('',#3696,#2111);
#1963=LINE('',#3698,#2112);
#1964=LINE('',#3700,#2113);
#1965=LINE('',#3702,#2114);
#1966=LINE('',#3704,#2115);
#1967=LINE('',#3706,#2116);
#1968=LINE('',#3708,#2117);
#1969=LINE('',#3710,#2118);
#1970=LINE('',#3712,#2119);
#1971=LINE('',#3714,#2120);
#1972=LINE('',#3736,#2121);
#1973=LINE('',#3739,#2122);
#1974=LINE('',#3741,#2123);
#1975=LINE('',#3743,#2124);
#1976=LINE('',#3745,#2125);
#1977=LINE('',#3747,#2126);
#1978=LINE('',#3749,#2127);
#1979=LINE('',#3753,#2128);
#1980=LINE('',#3757,#2129);
#1981=LINE('',#3759,#2130);
#1982=LINE('',#3761,#2131);
#1983=LINE('',#3763,#2132);
#1984=LINE('',#3765,#2133);
#1985=LINE('',#3767,#2134);
#1986=LINE('',#3768,#2135);
#1987=LINE('',#3771,#2136);
#1988=LINE('',#3773,#2137);
#1989=LINE('',#3775,#2138);
#1990=LINE('',#3791,#2139);
#1991=LINE('',#3793,#2140);
#1992=LINE('',#3898,#2141);
#1993=LINE('',#3900,#2142);
#1994=LINE('',#3909,#2143);
#1995=LINE('',#3912,#2144);
#1996=LINE('',#3914,#2145);
#1997=LINE('',#3916,#2146);
#1998=LINE('',#3918,#2147);
#1999=LINE('',#3921,#2148);
#2000=LINE('',#3923,#2149);
#2001=LINE('',#3925,#2150);
#2002=LINE('',#3927,#2151);
#2003=LINE('',#3930,#2152);
#2004=LINE('',#3932,#2153);
#2005=LINE('',#3934,#2154);
#2006=LINE('',#3935,#2155);
#2007=LINE('',#3938,#2156);
#2008=LINE('',#3939,#2157);
#2009=LINE('',#3942,#2158);
#2010=LINE('',#3944,#2159);
#2011=LINE('',#3946,#2160);
#2012=LINE('',#3947,#2161);
#2013=LINE('',#3949,#2162);
#2014=LINE('',#3951,#2163);
#2015=LINE('',#3954,#2164);
#2016=LINE('',#3958,#2165);
#2017=LINE('',#3959,#2166);
#2018=LINE('',#4051,#2167);
#2019=LINE('',#4053,#2168);
#2020=LINE('',#4054,#2169);
#2021=LINE('',#4110,#2170);
#2022=LINE('',#4112,#2171);
#2023=LINE('',#4114,#2172);
#2024=LINE('',#4116,#2173);
#2025=LINE('',#4118,#2174);
#2026=LINE('',#4181,#2175);
#2027=LINE('',#4184,#2176);
#2028=LINE('',#4187,#2177);
#2029=LINE('',#4189,#2178);
#2030=LINE('',#4198,#2179);
#2031=LINE('',#4235,#2180);
#2032=LINE('',#4316,#2181);
#2033=LINE('',#4329,#2182);
#2034=LINE('',#4381,#2183);
#2035=LINE('',#4561,#2184);
#2036=LINE('',#4651,#2185);
#2037=LINE('',#4819,#2186);
#2038=LINE('',#5692,#2187);
#2039=LINE('',#5694,#2188);
#2040=LINE('',#5696,#2189);
#2041=LINE('',#5697,#2190);
#2042=LINE('',#5699,#2191);
#2043=LINE('',#5754,#2192);
#2044=LINE('',#5823,#2193);
#2045=LINE('',#6152,#2194);
#2046=LINE('',#11068,#2195);
#2047=LINE('',#11072,#2196);
#2048=LINE('',#11074,#2197);
#2049=LINE('',#11081,#2198);
#2050=LINE('',#11847,#2199);
#2051=LINE('',#11856,#2200);
#2052=LINE('',#11865,#2201);
#2053=LINE('',#11870,#2202);
#2054=LINE('',#11879,#2203);
#2055=LINE('',#11888,#2204);
#2056=LINE('',#11995,#2205);
#2057=LINE('',#12005,#2206);
#2058=LINE('',#12012,#2207);
#2059=LINE('',#12144,#2208);
#2060=LINE('',#12146,#2209);
#2061=LINE('',#12148,#2210);
#2062=LINE('',#12150,#2211);
#2063=LINE('',#12152,#2212);
#2064=LINE('',#12153,#2213);
#2065=LINE('',#12155,#2214);
#2066=LINE('',#12157,#2215);
#2067=LINE('',#12158,#2216);
#2068=LINE('',#12161,#2217);
#2069=LINE('',#12164,#2218);
#2070=LINE('',#12168,#2219);
#2071=LINE('',#12170,#2220);
#2072=LINE('',#12172,#2221);
#2073=LINE('',#12178,#2222);
#2074=LINE('',#12192,#2223);
#2075=LINE('',#12194,#2224);
#2076=LINE('',#12196,#2225);
#2077=LINE('',#12200,#2226);
#2078=LINE('',#12204,#2227);
#2079=LINE('',#12205,#2228);
#2080=LINE('',#12216,#2229);
#2081=LINE('',#12217,#2230);
#2082=LINE('',#12219,#2231);
#2083=LINE('',#12221,#2232);
#2084=LINE('',#12234,#2233);
#2085=LINE('',#12236,#2234);
#2086=LINE('',#12238,#2235);
#2087=LINE('',#12240,#2236);
#2088=LINE('',#12242,#2237);
#2089=LINE('',#12244,#2238);
#2090=LINE('',#12246,#2239);
#2091=LINE('',#12248,#2240);
#2092=LINE('',#12250,#2241);
#2093=LINE('',#12252,#2242);
#2094=LINE('',#12254,#2243);
#2095=LINE('',#12256,#2244);
#2096=LINE('',#12258,#2245);
#2097=LINE('',#12260,#2246);
#2098=LINE('',#12262,#2247);
#2099=LINE('',#12264,#2248);
#2100=LINE('',#12266,#2249);
#2101=LINE('',#12268,#2250);
#2102=LINE('',#12270,#2251);
#2103=LINE('',#12272,#2252);
#2104=LINE('',#12274,#2253);
#2105=LINE('',#12276,#2254);
#2106=LINE('',#12278,#2255);
#2107=LINE('',#12281,#2256);
#2108=LINE('',#12282,#2257);
#2109=VECTOR('',#3186,1.);
#2110=VECTOR('',#3187,1.);
#2111=VECTOR('',#3188,1.);
#2112=VECTOR('',#3189,1.);
#2113=VECTOR('',#3190,1.);
#2114=VECTOR('',#3191,1.);
#2115=VECTOR('',#3192,1.);
#2116=VECTOR('',#3193,1.);
#2117=VECTOR('',#3194,1.);
#2118=VECTOR('',#3195,1.);
#2119=VECTOR('',#3196,1.);
#2120=VECTOR('',#3197,1.);
#2121=VECTOR('',#3200,1.);
#2122=VECTOR('',#3201,1.);
#2123=VECTOR('',#3202,1.);
#2124=VECTOR('',#3203,1.);
#2125=VECTOR('',#3204,1.);
#2126=VECTOR('',#3205,1.);
#2127=VECTOR('',#3206,1.);
#2128=VECTOR('',#3209,1.);
#2129=VECTOR('',#3212,1.);
#2130=VECTOR('',#3213,1.);
#2131=VECTOR('',#3214,1.);
#2132=VECTOR('',#3215,1.);
#2133=VECTOR('',#3216,1.);
#2134=VECTOR('',#3217,1.);
#2135=VECTOR('',#3218,1.);
#2136=VECTOR('',#3219,1.);
#2137=VECTOR('',#3220,1.);
#2138=VECTOR('',#3221,1.);
#2139=VECTOR('',#3224,1.);
#2140=VECTOR('',#3225,1.);
#2141=VECTOR('',#3226,1.);
#2142=VECTOR('',#3227,1.);
#2143=VECTOR('',#3228,1.);
#2144=VECTOR('',#3229,1.);
#2145=VECTOR('',#3230,1.);
#2146=VECTOR('',#3231,1.);
#2147=VECTOR('',#3234,1.);
#2148=VECTOR('',#3235,1.);
#2149=VECTOR('',#3236,1.);
#2150=VECTOR('',#3237,1.);
#2151=VECTOR('',#3240,1.);
#2152=VECTOR('',#3241,1.);
#2153=VECTOR('',#3242,1.);
#2154=VECTOR('',#3243,1.);
#2155=VECTOR('',#3244,1.);
#2156=VECTOR('',#3245,1.);
#2157=VECTOR('',#3246,1.);
#2158=VECTOR('',#3249,1.);
#2159=VECTOR('',#3250,1.);
#2160=VECTOR('',#3251,1.);
#2161=VECTOR('',#3252,1.);
#2162=VECTOR('',#3253,1.);
#2163=VECTOR('',#3254,1.);
#2164=VECTOR('',#3257,1.);
#2165=VECTOR('',#3260,1.);
#2166=VECTOR('',#3261,1.);
#2167=VECTOR('',#3284,1.);
#2168=VECTOR('',#3285,1.);
#2169=VECTOR('',#3286,1.);
#2170=VECTOR('',#3287,1.);
#2171=VECTOR('',#3288,1.);
#2172=VECTOR('',#3289,1.);
#2173=VECTOR('',#3290,1.);
#2174=VECTOR('',#3291,1.);
#2175=VECTOR('',#3292,1.);
#2176=VECTOR('',#3295,1.);
#2177=VECTOR('',#3298,1.);
#2178=VECTOR('',#3299,1.);
#2179=VECTOR('',#3310,1.);
#2180=VECTOR('',#3319,1.);
#2181=VECTOR('',#3320,1.);
#2182=VECTOR('',#3321,1.);
#2183=VECTOR('',#3322,1.);
#2184=VECTOR('',#3325,1.);
#2185=VECTOR('',#3326,1.);
#2186=VECTOR('',#3329,1.);
#2187=VECTOR('',#3336,1.);
#2188=VECTOR('',#3337,1.);
#2189=VECTOR('',#3338,1.);
#2190=VECTOR('',#3339,1.);
#2191=VECTOR('',#3340,1.);
#2192=VECTOR('',#3341,1.);
#2193=VECTOR('',#3346,1.);
#2194=VECTOR('',#3351,1.);
#2195=VECTOR('',#3364,1.);
#2196=VECTOR('',#3367,1.);
#2197=VECTOR('',#3370,1.);
#2198=VECTOR('',#3379,1.);
#2199=VECTOR('',#3496,1.);
#2200=VECTOR('',#3497,1.);
#2201=VECTOR('',#3498,1.);
#2202=VECTOR('',#3507,1.);
#2203=VECTOR('',#3508,1.);
#2204=VECTOR('',#3509,1.);
#2205=VECTOR('',#3514,1.);
#2206=VECTOR('',#3521,1.);
#2207=VECTOR('',#3524,1.);
#2208=VECTOR('',#3529,1.);
#2209=VECTOR('',#3530,1.);
#2210=VECTOR('',#3531,1.);
#2211=VECTOR('',#3532,1.);
#2212=VECTOR('',#3533,1.);
#2213=VECTOR('',#3534,1.);
#2214=VECTOR('',#3535,1.);
#2215=VECTOR('',#3538,1.);
#2216=VECTOR('',#3539,1.);
#2217=VECTOR('',#3544,1.);
#2218=VECTOR('',#3547,1.);
#2219=VECTOR('',#3552,1.);
#2220=VECTOR('',#3553,1.);
#2221=VECTOR('',#3556,1.);
#2222=VECTOR('',#3565,1.);
#2223=VECTOR('',#3584,1.);
#2224=VECTOR('',#3585,1.);
#2225=VECTOR('',#3586,1.);
#2226=VECTOR('',#3591,1.);
#2227=VECTOR('',#3596,1.);
#2228=VECTOR('',#3597,1.);
#2229=VECTOR('',#3614,1.);
#2230=VECTOR('',#3615,1.);
#2231=VECTOR('',#3618,1.);
#2232=VECTOR('',#3621,1.);
#2233=VECTOR('',#3640,1.);
#2234=VECTOR('',#3641,1.);
#2235=VECTOR('',#3642,1.);
#2236=VECTOR('',#3645,1.);
#2237=VECTOR('',#3646,1.);
#2238=VECTOR('',#3647,1.);
#2239=VECTOR('',#3650,1.);
#2240=VECTOR('',#3651,1.);
#2241=VECTOR('',#3652,1.);
#2242=VECTOR('',#3655,1.);
#2243=VECTOR('',#3656,1.);
#2244=VECTOR('',#3657,1.);
#2245=VECTOR('',#3658,1.);
#2246=VECTOR('',#3659,1.);
#2247=VECTOR('',#3662,1.);
#2248=VECTOR('',#3663,1.);
#2249=VECTOR('',#3666,1.);
#2250=VECTOR('',#3667,1.);
#2251=VECTOR('',#3668,1.);
#2252=VECTOR('',#3669,1.);
#2253=VECTOR('',#3672,1.);
#2254=VECTOR('',#3675,1.);
#2255=VECTOR('',#3678,1.);
#2256=VECTOR('',#3683,1.);
#2257=VECTOR('',#3684,1.);
#2258=EDGE_LOOP('',(#396,#397,#398,#399,#400,#401,#402,#403,#404,#405,#406,
#407));
#2259=EDGE_LOOP('',(#408));
#2260=EDGE_LOOP('',(#409,#410,#411,#412,#413,#414,#415,#416,#417,#418,#419,
#420,#421,#422,#423,#424));
#2261=EDGE_LOOP('',(#425,#426,#427,#428));
#2262=EDGE_LOOP('',(#429,#430,#431,#432,#433,#434,#435,#436,#437,#438,#439,
#440,#441,#442,#443,#444,#445));
#2263=EDGE_LOOP('',(#446,#447,#448,#449));
#2264=EDGE_LOOP('',(#450,#451,#452,#453));
#2265=EDGE_LOOP('',(#454,#455,#456,#457));
#2266=EDGE_LOOP('',(#458,#459,#460,#461,#462,#463,#464,#465,#466,#467,#468,
#469,#470,#471,#472,#473,#474,#475,#476,#477));
#2267=EDGE_LOOP('',(#478));
#2268=EDGE_LOOP('',(#479,#480,#481,#482,#483,#484,#485,#486));
#2269=EDGE_LOOP('',(#487,#488,#489,#490,#491,#492,#493,#494));
#2270=EDGE_LOOP('',(#495));
#2271=EDGE_LOOP('',(#496,#497,#498,#499,#500,#501,#502,#503,#504,#505,#506,
#507,#508,#509,#510,#511,#512,#513,#514,#515,#516,#517,#518,#519,#520,#521,
#522,#523,#524,#525));
#2272=EDGE_LOOP('',(#526));
#2273=EDGE_LOOP('',(#527));
#2274=EDGE_LOOP('',(#528));
#2275=EDGE_LOOP('',(#529,#530,#531,#532));
#2276=EDGE_LOOP('',(#533));
#2277=EDGE_LOOP('',(#534,#535,#536,#537));
#2278=EDGE_LOOP('',(#538,#539,#540,#541,#542));
#2279=EDGE_LOOP('',(#543));
#2280=EDGE_LOOP('',(#544,#545,#546,#547));
#2281=EDGE_LOOP('',(#548,#549,#550,#551));
#2282=EDGE_LOOP('',(#552,#553,#554,#555));
#2283=EDGE_LOOP('',(#556,#557,#558,#559,#560,#561,#562));
#2284=EDGE_LOOP('',(#563,#564,#565,#566));
#2285=EDGE_LOOP('',(#567,#568,#569,#570));
#2286=EDGE_LOOP('',(#571,#572,#573,#574,#575));
#2287=EDGE_LOOP('',(#576,#577,#578,#579,#580,#581,#582,#583,#584,#585,#586));
#2288=EDGE_LOOP('',(#587,#588,#589,#590,#591,#592,#593));
#2289=EDGE_LOOP('',(#594));
#2290=EDGE_LOOP('',(#595,#596,#597,#598,#599,#600,#601,#602,#603));
#2291=EDGE_LOOP('',(#604));
#2292=EDGE_LOOP('',(#605,#606,#607,#608));
#2293=EDGE_LOOP('',(#609,#610,#611,#612));
#2294=EDGE_LOOP('',(#613,#614,#615,#616,#617));
#2295=EDGE_LOOP('',(#618,#619,#620,#621));
#2296=EDGE_LOOP('',(#622,#623,#624,#625,#626,#627,#628,#629,#630,#631,#632));
#2297=EDGE_LOOP('',(#633,#634,#635,#636,#637,#638,#639));
#2298=EDGE_LOOP('',(#640,#641,#642,#643,#644));
#2299=EDGE_LOOP('',(#645,#646,#647,#648));
#2300=EDGE_LOOP('',(#649,#650,#651,#652,#653,#654));
#2301=EDGE_LOOP('',(#655,#656,#657,#658,#659,#660));
#2302=EDGE_LOOP('',(#661,#662,#663,#664));
#2303=EDGE_LOOP('',(#665,#666,#667,#668));
#2304=EDGE_LOOP('',(#669,#670,#671,#672));
#2305=EDGE_LOOP('',(#673,#674,#675,#676));
#2306=EDGE_LOOP('',(#677,#678,#679,#680,#681,#682,#683));
#2307=EDGE_LOOP('',(#684,#685,#686,#687,#688,#689,#690,#691));
#2308=EDGE_LOOP('',(#692,#693,#694,#695,#696,#697,#698,#699));
#2309=EDGE_LOOP('',(#700,#701,#702,#703,#704,#705,#706));
#2310=EDGE_LOOP('',(#707,#708,#709,#710,#711,#712,#713));
#2311=EDGE_LOOP('',(#714,#715,#716,#717,#718));
#2312=EDGE_LOOP('',(#719,#720,#721,#722,#723));
#2313=EDGE_LOOP('',(#724,#725,#726,#727,#728,#729));
#2314=EDGE_LOOP('',(#730,#731,#732,#733,#734,#735));
#2315=EDGE_LOOP('',(#736,#737,#738,#739,#740,#741,#742));
#2316=EDGE_LOOP('',(#743,#744,#745,#746,#747,#748,#749));
#2317=EDGE_LOOP('',(#750,#751,#752,#753,#754,#755,#756,#757));
#2318=EDGE_LOOP('',(#758,#759,#760,#761));
#2319=EDGE_LOOP('',(#762,#763,#764,#765,#766,#767,#768));
#2320=EDGE_LOOP('',(#769,#770,#771,#772));
#2321=EDGE_LOOP('',(#773,#774,#775));
#2322=EDGE_LOOP('',(#776,#777,#778,#779));
#2323=EDGE_LOOP('',(#780,#781,#782,#783,#784,#785,#786,#787));
#2324=EDGE_LOOP('',(#788,#789,#790,#791,#792,#793,#794));
#2325=EDGE_LOOP('',(#795,#796,#797));
#2326=EDGE_LOOP('',(#798,#799,#800,#801));
#2327=EDGE_LOOP('',(#802,#803,#804,#805));
#2328=EDGE_LOOP('',(#806,#807,#808,#809));
#2329=EDGE_LOOP('',(#810,#811,#812,#813));
#2330=EDGE_LOOP('',(#814,#815,#816,#817));
#2331=EDGE_LOOP('',(#818,#819,#820,#821));
#2332=EDGE_LOOP('',(#822,#823,#824,#825));
#2333=EDGE_LOOP('',(#826,#827,#828,#829));
#2334=EDGE_LOOP('',(#830,#831,#832,#833));
#2335=EDGE_LOOP('',(#834,#835,#836,#837,#838,#839,#840,#841,#842));
#2336=EDGE_LOOP('',(#843,#844,#845,#846,#847,#848,#849,#850,#851));
#2337=EDGE_LOOP('',(#852,#853,#854,#855));
#2338=EDGE_LOOP('',(#856,#857,#858,#859));
#2339=EDGE_LOOP('',(#860,#861,#862,#863));
#2340=EDGE_LOOP('',(#864,#865,#866,#867));
#2341=EDGE_LOOP('',(#868,#869,#870,#871));
#2342=EDGE_LOOP('',(#872,#873,#874,#875));
#2343=EDGE_LOOP('',(#876));
#2344=EDGE_LOOP('',(#877));
#2345=EDGE_LOOP('',(#878));
#2346=EDGE_LOOP('',(#879));
#2347=EDGE_LOOP('',(#880,#881,#882,#883));
#2348=EDGE_LOOP('',(#884,#885,#886,#887));
#2349=EDGE_LOOP('',(#888));
#2350=EDGE_LOOP('',(#889));
#2351=EDGE_LOOP('',(#890,#891,#892,#893));
#2352=EDGE_LOOP('',(#894));
#2353=EDGE_LOOP('',(#895,#896,#897,#898));
#2354=EDGE_LOOP('',(#899));
#2355=EDGE_LOOP('',(#900));
#2356=EDGE_LOOP('',(#901));
#2357=EDGE_LOOP('',(#902));
#2358=EDGE_LOOP('',(#903));
#2359=EDGE_LOOP('',(#904));
#2360=EDGE_LOOP('',(#905));
#2361=EDGE_LOOP('',(#906));
#2362=EDGE_LOOP('',(#907));
#2363=EDGE_LOOP('',(#908,#909));
#2364=EDGE_LOOP('',(#910));
#2365=EDGE_LOOP('',(#911));
#2366=EDGE_LOOP('',(#912));
#2367=EDGE_LOOP('',(#913));
#2368=EDGE_LOOP('',(#914));
#2369=EDGE_LOOP('',(#915));
#2370=EDGE_LOOP('',(#916,#917));
#2371=EDGE_LOOP('',(#918));
#2372=EDGE_LOOP('',(#919));
#2373=EDGE_LOOP('',(#920));
#2374=EDGE_LOOP('',(#921));
#2375=EDGE_LOOP('',(#922,#923));
#2376=EDGE_LOOP('',(#924));
#2377=EDGE_LOOP('',(#925));
#2378=EDGE_LOOP('',(#926));
#2379=EDGE_LOOP('',(#927));
#2380=EDGE_LOOP('',(#928));
#2381=EDGE_LOOP('',(#929,#930));
#2382=EDGE_LOOP('',(#931));
#2383=EDGE_LOOP('',(#932));
#2384=EDGE_LOOP('',(#933,#934));
#2385=EDGE_LOOP('',(#935));
#2386=EDGE_LOOP('',(#936));
#2387=EDGE_LOOP('',(#937));
#2388=EDGE_LOOP('',(#938));
#2389=EDGE_LOOP('',(#939,#940));
#2390=EDGE_LOOP('',(#941));
#2391=EDGE_LOOP('',(#942));
#2392=EDGE_LOOP('',(#943));
#2393=EDGE_LOOP('',(#944));
#2394=EDGE_LOOP('',(#945));
#2395=EDGE_LOOP('',(#946));
#2396=EDGE_LOOP('',(#947,#948));
#2397=EDGE_LOOP('',(#949));
#2398=EDGE_LOOP('',(#950));
#2399=EDGE_LOOP('',(#951));
#2400=EDGE_LOOP('',(#952));
#2401=EDGE_LOOP('',(#953,#954));
#2402=EDGE_LOOP('',(#955));
#2403=EDGE_LOOP('',(#956));
#2404=EDGE_LOOP('',(#957));
#2405=EDGE_LOOP('',(#958));
#2406=EDGE_LOOP('',(#959));
#2407=EDGE_LOOP('',(#960));
#2408=EDGE_LOOP('',(#961));
#2409=EDGE_LOOP('',(#962));
#2410=EDGE_LOOP('',(#963));
#2411=EDGE_LOOP('',(#964,#965,#966,#967,#968,#969,#970,#971));
#2412=EDGE_LOOP('',(#972,#973,#974,#975,#976,#977,#978,#979));
#2413=EDGE_LOOP('',(#980));
#2414=EDGE_LOOP('',(#981));
#2415=EDGE_LOOP('',(#982));
#2416=EDGE_LOOP('',(#983));
#2417=EDGE_LOOP('',(#984));
#2418=EDGE_LOOP('',(#985));
#2419=EDGE_LOOP('',(#986));
#2420=EDGE_LOOP('',(#987,#988,#989,#990));
#2421=EDGE_LOOP('',(#991,#992,#993,#994,#995));
#2422=EDGE_LOOP('',(#996,#997,#998,#999));
#2423=EDGE_LOOP('',(#1000,#1001,#1002));
#2424=EDGE_LOOP('',(#1003,#1004,#1005));
#2425=EDGE_LOOP('',(#1006,#1007,#1008));
#2426=EDGE_LOOP('',(#1009,#1010,#1011));
#2427=EDGE_LOOP('',(#1012,#1013,#1014,#1015));
#2428=EDGE_LOOP('',(#1016,#1017,#1018,#1019,#1020));
#2429=EDGE_LOOP('',(#1021,#1022,#1023,#1024));
#2430=EDGE_LOOP('',(#1025,#1026,#1027,#1028,#1029));
#2431=EDGE_LOOP('',(#1030,#1031,#1032,#1033,#1034));
#2432=EDGE_LOOP('',(#1035));
#2433=EDGE_LOOP('',(#1036));
#2434=EDGE_LOOP('',(#1037,#1038,#1039,#1040));
#2435=EDGE_LOOP('',(#1041));
#2436=EDGE_LOOP('',(#1042));
#2437=EDGE_LOOP('',(#1043,#1044,#1045,#1046));
#2438=EDGE_LOOP('',(#1047,#1048,#1049,#1050));
#2439=EDGE_LOOP('',(#1051,#1052,#1053,#1054));
#2440=EDGE_LOOP('',(#1055,#1056,#1057,#1058));
#2441=EDGE_LOOP('',(#1059,#1060,#1061,#1062));
#2442=EDGE_LOOP('',(#1063,#1064,#1065,#1066));
#2443=EDGE_LOOP('',(#1067,#1068,#1069,#1070));
#2444=EDGE_LOOP('',(#1071));
#2445=EDGE_LOOP('',(#1072));
#2446=EDGE_LOOP('',(#1073,#1074,#1075,#1076,#1077,#1078,#1079,#1080,#1081));
#2447=EDGE_LOOP('',(#1082,#1083,#1084,#1085,#1086,#1087));
#2448=EDGE_LOOP('',(#1088,#1089,#1090,#1091));
#2449=EDGE_LOOP('',(#1092,#1093,#1094,#1095,#1096,#1097,#1098));
#2450=EDGE_LOOP('',(#1099,#1100,#1101,#1102,#1103));
#2451=EDGE_LOOP('',(#1104,#1105,#1106,#1107));
#2452=EDGE_LOOP('',(#1108,#1109,#1110,#1111));
#2453=EDGE_LOOP('',(#1112,#1113,#1114,#1115));
#2454=EDGE_LOOP('',(#1116,#1117));
#2455=EDGE_LOOP('',(#1118,#1119,#1120,#1121,#1122));
#2456=EDGE_LOOP('',(#1123));
#2457=EDGE_LOOP('',(#1124));
#2458=EDGE_LOOP('',(#1125,#1126,#1127,#1128));
#2459=EDGE_LOOP('',(#1129));
#2460=EDGE_LOOP('',(#1130));
#2461=EDGE_LOOP('',(#1131));
#2462=EDGE_LOOP('',(#1132));
#2463=EDGE_LOOP('',(#1133,#1134,#1135,#1136));
#2464=EDGE_LOOP('',(#1137,#1138,#1139,#1140));
#2465=EDGE_LOOP('',(#1141,#1142,#1143,#1144));
#2466=EDGE_LOOP('',(#1145));
#2467=EDGE_LOOP('',(#1146));
#2468=EDGE_LOOP('',(#1147,#1148,#1149,#1150,#1151));
#2469=EDGE_LOOP('',(#1152));
#2470=EDGE_LOOP('',(#1153,#1154,#1155,#1156,#1157));
#2471=EDGE_LOOP('',(#1158));
#2472=EDGE_LOOP('',(#1159));
#2473=EDGE_LOOP('',(#1160));
#2474=EDGE_LOOP('',(#1161,#1162,#1163,#1164));
#2475=EDGE_LOOP('',(#1165,#1166,#1167,#1168));
#2476=EDGE_LOOP('',(#1169,#1170,#1171,#1172));
#2477=EDGE_LOOP('',(#1173,#1174,#1175,#1176));
#2478=EDGE_LOOP('',(#1177));
#2479=EDGE_LOOP('',(#1178));
#2480=EDGE_LOOP('',(#1179));
#2481=EDGE_LOOP('',(#1180));
#2482=EDGE_LOOP('',(#1181));
#2483=EDGE_LOOP('',(#1182));
#2484=EDGE_LOOP('',(#1183));
#2485=EDGE_LOOP('',(#1184,#1185,#1186,#1187));
#2486=EDGE_LOOP('',(#1188,#1189,#1190,#1191,#1192,#1193));
#2487=EDGE_LOOP('',(#1194,#1195,#1196,#1197,#1198,#1199));
#2488=EDGE_LOOP('',(#1200,#1201,#1202,#1203,#1204,#1205));
#2489=EDGE_LOOP('',(#1206,#1207,#1208,#1209));
#2490=EDGE_LOOP('',(#1210,#1211,#1212,#1213,#1214,#1215));
#2491=EDGE_LOOP('',(#1216,#1217,#1218,#1219));
#2492=EDGE_LOOP('',(#1220,#1221,#1222,#1223));
#2493=EDGE_LOOP('',(#1224,#1225,#1226,#1227));
#2494=EDGE_LOOP('',(#1228,#1229,#1230,#1231));
#2495=EDGE_LOOP('',(#1232,#1233,#1234,#1235));
#2496=EDGE_LOOP('',(#1236,#1237,#1238,#1239));
#2497=EDGE_LOOP('',(#1240,#1241,#1242,#1243));
#2498=FACE_BOUND('',#2258,.T.);
#2499=FACE_BOUND('',#2259,.T.);
#2500=FACE_BOUND('',#2260,.T.);
#2501=FACE_BOUND('',#2261,.T.);
#2502=FACE_BOUND('',#2262,.T.);
#2503=FACE_BOUND('',#2263,.T.);
#2504=FACE_BOUND('',#2264,.T.);
#2505=FACE_BOUND('',#2265,.T.);
#2506=FACE_BOUND('',#2266,.T.);
#2507=FACE_BOUND('',#2267,.T.);
#2508=FACE_BOUND('',#2268,.T.);
#2509=FACE_BOUND('',#2269,.T.);
#2510=FACE_BOUND('',#2270,.T.);
#2511=FACE_BOUND('',#2271,.T.);
#2512=FACE_BOUND('',#2272,.T.);
#2513=FACE_BOUND('',#2273,.T.);
#2514=FACE_BOUND('',#2274,.T.);
#2515=FACE_BOUND('',#2275,.T.);
#2516=FACE_BOUND('',#2276,.T.);
#2517=FACE_BOUND('',#2277,.T.);
#2518=FACE_BOUND('',#2278,.T.);
#2519=FACE_BOUND('',#2279,.T.);
#2520=FACE_BOUND('',#2280,.T.);
#2521=FACE_BOUND('',#2281,.T.);
#2522=FACE_BOUND('',#2282,.T.);
#2523=FACE_BOUND('',#2283,.T.);
#2524=FACE_BOUND('',#2284,.T.);
#2525=FACE_BOUND('',#2285,.T.);
#2526=FACE_BOUND('',#2286,.T.);
#2527=FACE_BOUND('',#2287,.T.);
#2528=FACE_BOUND('',#2288,.T.);
#2529=FACE_BOUND('',#2289,.T.);
#2530=FACE_BOUND('',#2290,.T.);
#2531=FACE_BOUND('',#2291,.T.);
#2532=FACE_BOUND('',#2292,.T.);
#2533=FACE_BOUND('',#2293,.T.);
#2534=FACE_BOUND('',#2294,.T.);
#2535=FACE_BOUND('',#2295,.T.);
#2536=FACE_BOUND('',#2296,.T.);
#2537=FACE_BOUND('',#2297,.T.);
#2538=FACE_BOUND('',#2298,.T.);
#2539=FACE_BOUND('',#2299,.T.);
#2540=FACE_BOUND('',#2300,.T.);
#2541=FACE_BOUND('',#2301,.T.);
#2542=FACE_BOUND('',#2302,.T.);
#2543=FACE_BOUND('',#2303,.T.);
#2544=FACE_BOUND('',#2304,.T.);
#2545=FACE_BOUND('',#2305,.T.);
#2546=FACE_BOUND('',#2306,.T.);
#2547=FACE_BOUND('',#2307,.T.);
#2548=FACE_BOUND('',#2308,.T.);
#2549=FACE_BOUND('',#2309,.T.);
#2550=FACE_BOUND('',#2310,.T.);
#2551=FACE_BOUND('',#2311,.T.);
#2552=FACE_BOUND('',#2312,.T.);
#2553=FACE_BOUND('',#2313,.T.);
#2554=FACE_BOUND('',#2314,.T.);
#2555=FACE_BOUND('',#2315,.T.);
#2556=FACE_BOUND('',#2316,.T.);
#2557=FACE_BOUND('',#2317,.T.);
#2558=FACE_BOUND('',#2318,.T.);
#2559=FACE_BOUND('',#2319,.T.);
#2560=FACE_BOUND('',#2320,.T.);
#2561=FACE_BOUND('',#2321,.T.);
#2562=FACE_BOUND('',#2322,.T.);
#2563=FACE_BOUND('',#2323,.T.);
#2564=FACE_BOUND('',#2324,.T.);
#2565=FACE_BOUND('',#2325,.T.);
#2566=FACE_BOUND('',#2326,.T.);
#2567=FACE_BOUND('',#2327,.T.);
#2568=FACE_BOUND('',#2328,.T.);
#2569=FACE_BOUND('',#2329,.T.);
#2570=FACE_BOUND('',#2330,.T.);
#2571=FACE_BOUND('',#2331,.T.);
#2572=FACE_BOUND('',#2332,.T.);
#2573=FACE_BOUND('',#2333,.T.);
#2574=FACE_BOUND('',#2334,.T.);
#2575=FACE_BOUND('',#2335,.T.);
#2576=FACE_BOUND('',#2336,.T.);
#2577=FACE_BOUND('',#2337,.T.);
#2578=FACE_BOUND('',#2338,.T.);
#2579=FACE_BOUND('',#2339,.T.);
#2580=FACE_BOUND('',#2340,.T.);
#2581=FACE_BOUND('',#2341,.T.);
#2582=FACE_BOUND('',#2342,.T.);
#2583=FACE_BOUND('',#2343,.T.);
#2584=FACE_BOUND('',#2344,.T.);
#2585=FACE_BOUND('',#2345,.T.);
#2586=FACE_BOUND('',#2346,.T.);
#2587=FACE_BOUND('',#2347,.T.);
#2588=FACE_BOUND('',#2348,.T.);
#2589=FACE_BOUND('',#2349,.T.);
#2590=FACE_BOUND('',#2350,.T.);
#2591=FACE_BOUND('',#2351,.T.);
#2592=FACE_BOUND('',#2352,.T.);
#2593=FACE_BOUND('',#2353,.T.);
#2594=FACE_BOUND('',#2354,.T.);
#2595=FACE_BOUND('',#2355,.T.);
#2596=FACE_BOUND('',#2356,.T.);
#2597=FACE_BOUND('',#2357,.T.);
#2598=FACE_BOUND('',#2358,.T.);
#2599=FACE_BOUND('',#2359,.T.);
#2600=FACE_BOUND('',#2360,.T.);
#2601=FACE_BOUND('',#2361,.T.);
#2602=FACE_BOUND('',#2362,.T.);
#2603=FACE_BOUND('',#2363,.T.);
#2604=FACE_BOUND('',#2364,.T.);
#2605=FACE_BOUND('',#2365,.T.);
#2606=FACE_BOUND('',#2366,.T.);
#2607=FACE_BOUND('',#2367,.T.);
#2608=FACE_BOUND('',#2368,.T.);
#2609=FACE_BOUND('',#2369,.T.);
#2610=FACE_BOUND('',#2370,.T.);
#2611=FACE_BOUND('',#2371,.T.);
#2612=FACE_BOUND('',#2372,.T.);
#2613=FACE_BOUND('',#2373,.T.);
#2614=FACE_BOUND('',#2374,.T.);
#2615=FACE_BOUND('',#2375,.T.);
#2616=FACE_BOUND('',#2376,.T.);
#2617=FACE_BOUND('',#2377,.T.);
#2618=FACE_BOUND('',#2378,.T.);
#2619=FACE_BOUND('',#2379,.T.);
#2620=FACE_BOUND('',#2380,.T.);
#2621=FACE_BOUND('',#2381,.T.);
#2622=FACE_BOUND('',#2382,.T.);
#2623=FACE_BOUND('',#2383,.T.);
#2624=FACE_BOUND('',#2384,.T.);
#2625=FACE_BOUND('',#2385,.T.);
#2626=FACE_BOUND('',#2386,.T.);
#2627=FACE_BOUND('',#2387,.T.);
#2628=FACE_BOUND('',#2388,.T.);
#2629=FACE_BOUND('',#2389,.T.);
#2630=FACE_BOUND('',#2390,.T.);
#2631=FACE_BOUND('',#2391,.T.);
#2632=FACE_BOUND('',#2392,.T.);
#2633=FACE_BOUND('',#2393,.T.);
#2634=FACE_BOUND('',#2394,.T.);
#2635=FACE_BOUND('',#2395,.T.);
#2636=FACE_BOUND('',#2396,.T.);
#2637=FACE_BOUND('',#2397,.T.);
#2638=FACE_BOUND('',#2398,.T.);
#2639=FACE_BOUND('',#2399,.T.);
#2640=FACE_BOUND('',#2400,.T.);
#2641=FACE_BOUND('',#2401,.T.);
#2642=FACE_BOUND('',#2402,.T.);
#2643=FACE_BOUND('',#2403,.T.);
#2644=FACE_BOUND('',#2404,.T.);
#2645=FACE_BOUND('',#2405,.T.);
#2646=FACE_BOUND('',#2406,.T.);
#2647=FACE_BOUND('',#2407,.T.);
#2648=FACE_BOUND('',#2408,.T.);
#2649=FACE_BOUND('',#2409,.T.);
#2650=FACE_BOUND('',#2410,.T.);
#2651=FACE_BOUND('',#2411,.T.);
#2652=FACE_BOUND('',#2412,.T.);
#2653=FACE_BOUND('',#2413,.T.);
#2654=FACE_BOUND('',#2414,.T.);
#2655=FACE_BOUND('',#2415,.T.);
#2656=FACE_BOUND('',#2416,.T.);
#2657=FACE_BOUND('',#2417,.T.);
#2658=FACE_BOUND('',#2418,.T.);
#2659=FACE_BOUND('',#2419,.T.);
#2660=FACE_BOUND('',#2420,.T.);
#2661=FACE_BOUND('',#2421,.T.);
#2662=FACE_BOUND('',#2422,.T.);
#2663=FACE_BOUND('',#2423,.T.);
#2664=FACE_BOUND('',#2424,.T.);
#2665=FACE_BOUND('',#2425,.T.);
#2666=FACE_BOUND('',#2426,.T.);
#2667=FACE_BOUND('',#2427,.T.);
#2668=FACE_BOUND('',#2428,.T.);
#2669=FACE_BOUND('',#2429,.T.);
#2670=FACE_BOUND('',#2430,.T.);
#2671=FACE_BOUND('',#2431,.T.);
#2672=FACE_BOUND('',#2432,.T.);
#2673=FACE_BOUND('',#2433,.T.);
#2674=FACE_BOUND('',#2434,.T.);
#2675=FACE_BOUND('',#2435,.T.);
#2676=FACE_BOUND('',#2436,.T.);
#2677=FACE_BOUND('',#2437,.T.);
#2678=FACE_BOUND('',#2438,.T.);
#2679=FACE_BOUND('',#2439,.T.);
#2680=FACE_BOUND('',#2440,.T.);
#2681=FACE_BOUND('',#2441,.T.);
#2682=FACE_BOUND('',#2442,.T.);
#2683=FACE_BOUND('',#2443,.T.);
#2684=FACE_BOUND('',#2444,.T.);
#2685=FACE_BOUND('',#2445,.T.);
#2686=FACE_BOUND('',#2446,.T.);
#2687=FACE_BOUND('',#2447,.T.);
#2688=FACE_BOUND('',#2448,.T.);
#2689=FACE_BOUND('',#2449,.T.);
#2690=FACE_BOUND('',#2450,.T.);
#2691=FACE_BOUND('',#2451,.T.);
#2692=FACE_BOUND('',#2452,.T.);
#2693=FACE_BOUND('',#2453,.T.);
#2694=FACE_BOUND('',#2454,.T.);
#2695=FACE_BOUND('',#2455,.T.);
#2696=FACE_BOUND('',#2456,.T.);
#2697=FACE_BOUND('',#2457,.T.);
#2698=FACE_BOUND('',#2458,.T.);
#2699=FACE_BOUND('',#2459,.T.);
#2700=FACE_BOUND('',#2460,.T.);
#2701=FACE_BOUND('',#2461,.T.);
#2702=FACE_BOUND('',#2462,.T.);
#2703=FACE_BOUND('',#2463,.T.);
#2704=FACE_BOUND('',#2464,.T.);
#2705=FACE_BOUND('',#2465,.T.);
#2706=FACE_BOUND('',#2466,.T.);
#2707=FACE_BOUND('',#2467,.T.);
#2708=FACE_BOUND('',#2468,.T.);
#2709=FACE_BOUND('',#2469,.T.);
#2710=FACE_BOUND('',#2470,.T.);
#2711=FACE_BOUND('',#2471,.T.);
#2712=FACE_BOUND('',#2472,.T.);
#2713=FACE_BOUND('',#2473,.T.);
#2714=FACE_BOUND('',#2474,.T.);
#2715=FACE_BOUND('',#2475,.T.);
#2716=FACE_BOUND('',#2476,.T.);
#2717=FACE_BOUND('',#2477,.T.);
#2718=FACE_BOUND('',#2478,.T.);
#2719=FACE_BOUND('',#2479,.T.);
#2720=FACE_BOUND('',#2480,.T.);
#2721=FACE_BOUND('',#2481,.T.);
#2722=FACE_BOUND('',#2482,.T.);
#2723=FACE_BOUND('',#2483,.T.);
#2724=FACE_BOUND('',#2484,.T.);
#2725=FACE_BOUND('',#2485,.T.);
#2726=FACE_BOUND('',#2486,.T.);
#2727=FACE_BOUND('',#2487,.T.);
#2728=FACE_BOUND('',#2488,.T.);
#2729=FACE_BOUND('',#2489,.T.);
#2730=FACE_BOUND('',#2490,.T.);
#2731=FACE_BOUND('',#2491,.T.);
#2732=FACE_BOUND('',#2492,.T.);
#2733=FACE_BOUND('',#2493,.T.);
#2734=FACE_BOUND('',#2494,.T.);
#2735=FACE_BOUND('',#2495,.T.);
#2736=FACE_BOUND('',#2496,.T.);
#2737=FACE_BOUND('',#2497,.T.);
#2738=PLANE('',#3004);
#2739=PLANE('',#3005);
#2740=PLANE('',#3008);
#2741=PLANE('',#3009);
#2742=PLANE('',#3010);
#2743=PLANE('',#3024);
#2744=PLANE('',#3029);
#2745=PLANE('',#3031);
#2746=PLANE('',#3032);
#2747=PLANE('',#3034);
#2748=PLANE('',#3036);
#2749=PLANE('',#3038);
#2750=PLANE('',#3039);
#2751=PLANE('',#3041);
#2752=PLANE('',#3043);
#2753=PLANE('',#3044);
#2754=PLANE('',#3052);
#2755=PLANE('',#3056);
#2756=PLANE('',#3057);
#2757=PLANE('',#3063);
#2758=PLANE('',#3069);
#2759=PLANE('',#3070);
#2760=PLANE('',#3076);
#2761=PLANE('',#3077);
#2762=PLANE('',#3083);
#2763=PLANE('',#3086);
#2764=PLANE('',#3089);
#2765=PLANE('',#3095);
#2766=PLANE('',#3096);
#2767=PLANE('',#3102);
#2768=PLANE('',#3103);
#2769=PLANE('',#3109);
#2770=PLANE('',#3110);
#2771=PLANE('',#3111);
#2772=PLANE('',#3112);
#2773=PLANE('',#3113);
#2774=PLANE('',#3116);
#2775=PLANE('',#3117);
#2776=PLANE('',#3124);
#2777=PLANE('',#3126);
#2778=PLANE('',#3127);
#2779=PLANE('',#3128);
#2780=PLANE('',#3129);
#2781=PLANE('',#3132);
#2782=PLANE('',#3137);
#2783=PLANE('',#3138);
#2784=PLANE('',#3139);
#2785=PLANE('',#3146);
#2786=PLANE('',#3150);
#2787=PLANE('',#3154);
#2788=PLANE('',#3155);
#2789=PLANE('',#3156);
#2790=PLANE('',#3157);
#2791=PLANE('',#3158);
#2792=PLANE('',#3159);
#2793=PLANE('',#3160);
#2794=PLANE('',#3161);
#2795=PLANE('',#3167);
#2796=PLANE('',#3168);
#2797=PLANE('',#3169);
#2798=PLANE('',#3170);
#2799=PLANE('',#3171);
#2800=PLANE('',#3172);
#2801=PLANE('',#3173);
#2802=PLANE('',#3174);
#2803=PLANE('',#3175);
#2804=PLANE('',#3176);
#2805=PLANE('',#3177);
#2806=PLANE('',#3178);
#2807=PLANE('',#3179);
#2808=PLANE('',#3180);
#2809=PLANE('',#3181);
#2810=ADVANCED_FACE('',(#2498,#2499),#2738,.T.);
#2811=ADVANCED_FACE('',(#2500,#2501),#2739,.F.);
#2812=ADVANCED_FACE('',(#2502,#2503),#2740,.T.);
#2813=ADVANCED_FACE('',(#2504),#2741,.F.);
#2814=ADVANCED_FACE('',(#2505,#2506,#2507,#2508,#2509,#2510),#2742,.F.);
#2815=ADVANCED_FACE('',(#2511,#2512,#2513),#2743,.F.);
#2816=ADVANCED_FACE('',(#2514),#2744,.F.);
#2817=ADVANCED_FACE('',(#2515),#2745,.T.);
#2818=ADVANCED_FACE('',(#2516),#2746,.F.);
#2819=ADVANCED_FACE('',(#2517),#2747,.F.);
#2820=ADVANCED_FACE('',(#2518),#57,.T.);
#2821=ADVANCED_FACE('',(#2519,#2520),#58,.F.);
#2822=ADVANCED_FACE('',(#2521),#59,.T.);
#2823=ADVANCED_FACE('',(#2522),#2748,.T.);
#2824=ADVANCED_FACE('',(#2523),#60,.T.);
#2825=ADVANCED_FACE('',(#2524),#16,.T.);
#2826=ADVANCED_FACE('',(#2525),#61,.F.);
#2827=ADVANCED_FACE('',(#2526),#62,.F.);
#2828=ADVANCED_FACE('',(#2527),#2749,.T.);
#2829=ADVANCED_FACE('',(#2528),#63,.T.);
#2830=ADVANCED_FACE('',(#2529,#2530),#2750,.F.);
#2831=ADVANCED_FACE('',(#2531,#2532),#64,.T.);
#2832=ADVANCED_FACE('',(#2533),#2751,.F.);
#2833=ADVANCED_FACE('',(#2534),#65,.F.);
#2834=ADVANCED_FACE('',(#2535),#2752,.F.);
#2835=ADVANCED_FACE('',(#2536),#2753,.T.);
#2836=ADVANCED_FACE('',(#2537),#66,.F.);
#2837=ADVANCED_FACE('',(#2538),#67,.T.);
#2838=ADVANCED_FACE('',(#2539),#17,.T.);
#2839=ADVANCED_FACE('',(#2540),#68,.F.);
#2840=ADVANCED_FACE('',(#2541),#69,.F.);
#2841=ADVANCED_FACE('',(#2542),#70,.T.);
#2842=ADVANCED_FACE('',(#2543),#71,.T.);
#2843=ADVANCED_FACE('',(#2544),#72,.F.);
#2844=ADVANCED_FACE('',(#2545),#73,.F.);
#2845=ADVANCED_FACE('',(#2546),#74,.T.);
#2846=ADVANCED_FACE('',(#2547),#75,.T.);
#2847=ADVANCED_FACE('',(#2548),#76,.F.);
#2848=ADVANCED_FACE('',(#2549),#77,.T.);
#2849=ADVANCED_FACE('',(#2550),#78,.T.);
#2850=ADVANCED_FACE('',(#2551),#18,.T.);
#2851=ADVANCED_FACE('',(#2552),#19,.T.);
#2852=ADVANCED_FACE('',(#2553),#79,.T.);
#2853=ADVANCED_FACE('',(#2554),#80,.T.);
#2854=ADVANCED_FACE('',(#2555),#81,.T.);
#2855=ADVANCED_FACE('',(#2556),#82,.T.);
#2856=ADVANCED_FACE('',(#2557),#83,.T.);
#2857=ADVANCED_FACE('',(#2558),#84,.T.);
#2858=ADVANCED_FACE('',(#2559),#85,.T.);
#2859=ADVANCED_FACE('',(#2560),#86,.T.);
#2860=ADVANCED_FACE('',(#2561),#87,.T.);
#2861=ADVANCED_FACE('',(#2562),#88,.T.);
#2862=ADVANCED_FACE('',(#2563),#89,.T.);
#2863=ADVANCED_FACE('',(#2564),#90,.T.);
#2864=ADVANCED_FACE('',(#2565),#91,.T.);
#2865=ADVANCED_FACE('',(#2566),#92,.T.);
#2866=ADVANCED_FACE('',(#2567),#93,.T.);
#2867=ADVANCED_FACE('',(#2568),#94,.T.);
#2868=ADVANCED_FACE('',(#2569),#95,.T.);
#2869=ADVANCED_FACE('',(#2570),#96,.T.);
#2870=ADVANCED_FACE('',(#2571),#97,.T.);
#2871=ADVANCED_FACE('',(#2572),#98,.T.);
#2872=ADVANCED_FACE('',(#2573),#99,.T.);
#2873=ADVANCED_FACE('',(#2574),#100,.T.);
#2874=ADVANCED_FACE('',(#2575),#101,.T.);
#2875=ADVANCED_FACE('',(#2576),#102,.T.);
#2876=ADVANCED_FACE('',(#2577),#103,.T.);
#2877=ADVANCED_FACE('',(#2578),#104,.T.);
#2878=ADVANCED_FACE('',(#2579),#105,.T.);
#2879=ADVANCED_FACE('',(#2580),#106,.T.);
#2880=ADVANCED_FACE('',(#2581),#107,.T.);
#2881=ADVANCED_FACE('',(#2582),#108,.T.);
#2882=ADVANCED_FACE('',(#2583,#2584),#20,.F.);
#2883=ADVANCED_FACE('',(#2585,#2586),#21,.F.);
#2884=ADVANCED_FACE('',(#2587),#22,.T.);
#2885=ADVANCED_FACE('',(#2588),#2754,.F.);
#2886=ADVANCED_FACE('',(#2589,#2590),#23,.F.);
#2887=ADVANCED_FACE('',(#2591),#2755,.T.);
#2888=ADVANCED_FACE('',(#2592,#2593),#2756,.T.);
#2889=ADVANCED_FACE('',(#2594,#2595),#24,.T.);
#2890=ADVANCED_FACE('',(#2596,#2597),#25,.F.);
#2891=ADVANCED_FACE('',(#2598,#2599),#2757,.T.);
#2892=ADVANCED_FACE('',(#2600,#2601),#26,.F.);
#2893=ADVANCED_FACE('',(#2602,#2603),#27,.T.);
#2894=ADVANCED_FACE('',(#2604,#2605),#2758,.T.);
#2895=ADVANCED_FACE('',(#2606),#2759,.F.);
#2896=ADVANCED_FACE('',(#2607,#2608),#28,.F.);
#2897=ADVANCED_FACE('',(#2609,#2610),#29,.T.);
#2898=ADVANCED_FACE('',(#2611,#2612),#2760,.T.);
#2899=ADVANCED_FACE('',(#2613),#2761,.F.);
#2900=ADVANCED_FACE('',(#2614,#2615),#30,.T.);
#2901=ADVANCED_FACE('',(#2616,#2617),#31,.F.);
#2902=ADVANCED_FACE('',(#2618,#2619),#2762,.T.);
#2903=ADVANCED_FACE('',(#2620,#2621),#32,.T.);
#2904=ADVANCED_FACE('',(#2622),#2763,.T.);
#2905=ADVANCED_FACE('',(#2623,#2624),#33,.T.);
#2906=ADVANCED_FACE('',(#2625),#2764,.T.);
#2907=ADVANCED_FACE('',(#2626,#2627),#34,.F.);
#2908=ADVANCED_FACE('',(#2628,#2629),#35,.T.);
#2909=ADVANCED_FACE('',(#2630,#2631),#2765,.T.);
#2910=ADVANCED_FACE('',(#2632),#2766,.F.);
#2911=ADVANCED_FACE('',(#2633,#2634),#36,.F.);
#2912=ADVANCED_FACE('',(#2635,#2636),#37,.T.);
#2913=ADVANCED_FACE('',(#2637,#2638),#2767,.T.);
#2914=ADVANCED_FACE('',(#2639),#2768,.F.);
#2915=ADVANCED_FACE('',(#2640,#2641),#38,.T.);
#2916=ADVANCED_FACE('',(#2642,#2643),#39,.F.);
#2917=ADVANCED_FACE('',(#2644,#2645),#2769,.T.);
#2918=ADVANCED_FACE('',(#2646),#2770,.F.);
#2919=ADVANCED_FACE('',(#2647),#2771,.F.);
#2920=ADVANCED_FACE('',(#2648),#2772,.F.);
#2921=ADVANCED_FACE('',(#2649),#2773,.F.);
#2922=ADVANCED_FACE('',(#2650,#2651),#109,.T.);
#2923=ADVANCED_FACE('',(#2652,#2653),#110,.T.);
#2924=ADVANCED_FACE('',(#2654,#2655),#111,.T.);
#2925=ADVANCED_FACE('',(#2656,#2657),#112,.T.);
#2926=ADVANCED_FACE('',(#2658,#2659),#40,.F.);
#2927=ADVANCED_FACE('',(#2660),#113,.F.);
#2928=ADVANCED_FACE('',(#2661),#114,.F.);
#2929=ADVANCED_FACE('',(#2662),#115,.F.);
#2930=ADVANCED_FACE('',(#2663),#41,.F.);
#2931=ADVANCED_FACE('',(#2664),#2774,.T.);
#2932=ADVANCED_FACE('',(#2665),#2775,.T.);
#2933=ADVANCED_FACE('',(#2666),#42,.F.);
#2934=ADVANCED_FACE('',(#2667),#116,.F.);
#2935=ADVANCED_FACE('',(#2668),#117,.F.);
#2936=ADVANCED_FACE('',(#2669),#118,.F.);
#2937=ADVANCED_FACE('',(#2670),#119,.T.);
#2938=ADVANCED_FACE('',(#2671),#120,.T.);
#2939=ADVANCED_FACE('',(#2672,#2673),#43,.F.);
#2940=ADVANCED_FACE('',(#2674),#44,.T.);
#2941=ADVANCED_FACE('',(#2675,#2676),#45,.F.);
#2942=ADVANCED_FACE('',(#2677),#46,.T.);
#2943=ADVANCED_FACE('',(#2678),#47,.F.);
#2944=ADVANCED_FACE('',(#2679),#2776,.T.);
#2945=ADVANCED_FACE('',(#2680),#48,.F.);
#2946=ADVANCED_FACE('',(#2681),#12,.T.);
#2947=ADVANCED_FACE('',(#2682),#121,.T.);
#2948=ADVANCED_FACE('',(#2683),#13,.T.);
#2949=ADVANCED_FACE('',(#2684,#2685),#122,.T.);
#2950=ADVANCED_FACE('',(#2686),#2777,.F.);
#2951=ADVANCED_FACE('',(#2687),#2778,.F.);
#2952=ADVANCED_FACE('',(#2688),#2779,.T.);
#2953=ADVANCED_FACE('',(#2689),#2780,.F.);
#2954=ADVANCED_FACE('',(#2690),#2781,.T.);
#2955=ADVANCED_FACE('',(#2691),#49,.T.);
#2956=ADVANCED_FACE('',(#2692),#50,.F.);
#2957=ADVANCED_FACE('',(#2693),#2782,.F.);
#2958=ADVANCED_FACE('',(#2694,#2695),#2783,.T.);
#2959=ADVANCED_FACE('',(#2696,#2697,#2698),#2784,.T.);
#2960=ADVANCED_FACE('',(#2699,#2700),#51,.F.);
#2961=ADVANCED_FACE('',(#2701,#2702),#52,.F.);
#2962=ADVANCED_FACE('',(#2703),#2785,.T.);
#2963=ADVANCED_FACE('',(#2704),#53,.T.);
#2964=ADVANCED_FACE('',(#2705),#2786,.F.);
#2965=ADVANCED_FACE('',(#2706,#2707),#54,.F.);
#2966=ADVANCED_FACE('',(#2708,#2709),#2787,.T.);
#2967=ADVANCED_FACE('',(#2710,#2711),#2788,.F.);
#2968=ADVANCED_FACE('',(#2712),#2789,.F.);
#2969=ADVANCED_FACE('',(#2713),#2790,.F.);
#2970=ADVANCED_FACE('',(#2714),#2791,.T.);
#2971=ADVANCED_FACE('',(#2715),#2792,.F.);
#2972=ADVANCED_FACE('',(#2716),#2793,.F.);
#2973=ADVANCED_FACE('',(#2717),#2794,.T.);
#2974=ADVANCED_FACE('',(#2718,#2719),#55,.T.);
#2975=ADVANCED_FACE('',(#2720,#2721),#56,.F.);
#2976=ADVANCED_FACE('',(#2722,#2723),#2795,.T.);
#2977=ADVANCED_FACE('',(#2724),#2796,.F.);
#2978=ADVANCED_FACE('',(#2725),#2797,.F.);
#2979=ADVANCED_FACE('',(#2726),#2798,.F.);
#2980=ADVANCED_FACE('',(#2727),#2799,.T.);
#2981=ADVANCED_FACE('',(#2728),#2800,.T.);
#2982=ADVANCED_FACE('',(#2729),#2801,.T.);
#2983=ADVANCED_FACE('',(#2730),#2802,.F.);
#2984=ADVANCED_FACE('',(#2731),#2803,.T.);
#2985=ADVANCED_FACE('',(#2732),#2804,.F.);
#2986=ADVANCED_FACE('',(#2733),#2805,.T.);
#2987=ADVANCED_FACE('',(#2734),#2806,.T.);
#2988=ADVANCED_FACE('',(#2735),#2807,.F.);
#2989=ADVANCED_FACE('',(#2736),#2808,.T.);
#2990=ADVANCED_FACE('',(#2737),#2809,.F.);
#2991=CLOSED_SHELL('',(#2810,#2811,#2812,#2813,#2814,#2815,#2816,#2817,
#2818,#2819,#2820,#2821,#2822,#2823,#2824,#2825,#2826,#2827,#2828,#2829,
#2830,#2831,#2832,#2833,#2834,#2835,#2836,#2837,#2838,#2839,#2840,#2841,
#2842,#2843,#2844,#2845,#2846,#2847,#2848,#2849,#2850,#2851,#2852,#2853,
#2854,#2855,#2856,#2857,#2858,#2859,#2860,#2861,#2862,#2863,#2864,#2865,
#2866,#2867,#2868,#2869,#2870,#2871,#2872,#2873,#2874,#2875,#2876,#2877,
#2878,#2879,#2880,#2881,#2882,#2883,#2884,#2885,#2886,#2887,#2888,#2889,
#2890,#2891,#2892,#2893,#2894,#2895,#2896,#2897,#2898,#2899,#2900,#2901,
#2902,#2903,#2904,#2905,#2906,#2907,#2908,#2909,#2910,#2911,#2912,#2913,
#2914,#2915,#2916,#2917,#2918,#2919,#2920,#2921,#2922,#2923,#2924,#2925,
#2926,#2927,#2928,#2929,#2930,#2931,#2932,#2933,#2934,#2935,#2936,#2937,
#2938,#2939,#2940,#2941,#2942,#2943,#2944,#2945,#2946,#2947,#2948,#2949,
#2950,#2951,#2952,#2953,#2954,#2955,#2956,#2957,#2958,#2959,#2960,#2961,
#2962,#2963,#2964,#2965,#2966,#2967,#2968,#2969,#2970,#2971,#2972,#2973,
#2974,#2975,#2976,#2977,#2978,#2979,#2980,#2981,#2982,#2983,#2984,#2985,
#2986,#2987,#2988,#2989,#2990));
#2992=STYLED_ITEM('',(#2993),#3000);
#2993=PRESENTATION_STYLE_ASSIGNMENT((#2994));
#2994=SURFACE_STYLE_USAGE(.BOTH.,#2995);
#2995=SURFACE_SIDE_STYLE('',(#2996));
#2996=SURFACE_STYLE_FILL_AREA(#2997);
#2997=FILL_AREA_STYLE('',(#2998));
#2998=FILL_AREA_STYLE_COLOUR('',#2999);
#2999=COLOUR_RGB('',0.615686274509804,0.811764705882353,0.929411764705882);
#3000=MANIFOLD_SOLID_BREP('Part 1',#2991);
#3001=SHAPE_DEFINITION_REPRESENTATION(#12291,#3002);
#3002=SHAPE_REPRESENTATION('Part 1',(#3003),#12286);
#3003=AXIS2_PLACEMENT_3D('',#3689,#3182,#3183);
#3004=AXIS2_PLACEMENT_3D('',#3690,#3184,#3185);
#3005=AXIS2_PLACEMENT_3D('',#3735,#3198,#3199);
#3006=AXIS2_PLACEMENT_3D('',#3751,#3207,#3208);
#3007=AXIS2_PLACEMENT_3D('',#3755,#3210,#3211);
#3008=AXIS2_PLACEMENT_3D('',#3776,#3222,#3223);
#3009=AXIS2_PLACEMENT_3D('',#3917,#3232,#3233);
#3010=AXIS2_PLACEMENT_3D('',#3926,#3238,#3239);
#3011=AXIS2_PLACEMENT_3D('',#3941,#3247,#3248);
#3012=AXIS2_PLACEMENT_3D('',#3953,#3255,#3256);
#3013=AXIS2_PLACEMENT_3D('',#3956,#3258,#3259);
#3014=AXIS2_PLACEMENT_3D('',#3960,#3262,#3263);
#3015=AXIS2_PLACEMENT_3D('',#3962,#3264,#3265);
#3016=AXIS2_PLACEMENT_3D('',#3977,#3266,#3267);
#3017=AXIS2_PLACEMENT_3D('',#3986,#3268,#3269);
#3018=AXIS2_PLACEMENT_3D('',#3998,#3270,#3271);
#3019=AXIS2_PLACEMENT_3D('',#4005,#3272,#3273);
#3020=AXIS2_PLACEMENT_3D('',#4018,#3274,#3275);
#3021=AXIS2_PLACEMENT_3D('',#4026,#3276,#3277);
#3022=AXIS2_PLACEMENT_3D('',#4040,#3278,#3279);
#3023=AXIS2_PLACEMENT_3D('',#4048,#3280,#3281);
#3024=AXIS2_PLACEMENT_3D('',#4050,#3282,#3283);
#3025=AXIS2_PLACEMENT_3D('',#4182,#3293,#3294);
#3026=AXIS2_PLACEMENT_3D('',#4185,#3296,#3297);
#3027=AXIS2_PLACEMENT_3D('',#4190,#3300,#3301);
#3028=AXIS2_PLACEMENT_3D('',#4192,#3302,#3303);
#3029=AXIS2_PLACEMENT_3D('',#4194,#3304,#3305);
#3030=AXIS2_PLACEMENT_3D('',#4195,#3306,#3307);
#3031=AXIS2_PLACEMENT_3D('',#4197,#3308,#3309);
#3032=AXIS2_PLACEMENT_3D('',#4199,#3311,#3312);
#3033=AXIS2_PLACEMENT_3D('',#4200,#3313,#3314);
#3034=AXIS2_PLACEMENT_3D('',#4202,#3315,#3316);
#3035=AXIS2_PLACEMENT_3D('',#4203,#3317,#3318);
#3036=AXIS2_PLACEMENT_3D('',#4414,#3323,#3324);
#3037=AXIS2_PLACEMENT_3D('',#4799,#3327,#3328);
#3038=AXIS2_PLACEMENT_3D('',#5249,#3330,#3331);
#3039=AXIS2_PLACEMENT_3D('',#5489,#3332,#3333);
#3040=AXIS2_PLACEMENT_3D('',#5490,#3334,#3335);
#3041=AXIS2_PLACEMENT_3D('',#5775,#3342,#3343);
#3042=AXIS2_PLACEMENT_3D('',#5786,#3344,#3345);
#3043=AXIS2_PLACEMENT_3D('',#5836,#3347,#3348);
#3044=AXIS2_PLACEMENT_3D('',#5975,#3349,#3350);
#3045=AXIS2_PLACEMENT_3D('',#6682,#3352,#3353);
#3046=AXIS2_PLACEMENT_3D('',#8432,#3354,#3355);
#3047=AXIS2_PLACEMENT_3D('',#8444,#3356,#3357);
#3048=AXIS2_PLACEMENT_3D('',#10918,#3358,#3359);
#3049=AXIS2_PLACEMENT_3D('',#10991,#3360,#3361);
#3050=AXIS2_PLACEMENT_3D('',#11067,#3362,#3363);
#3051=AXIS2_PLACEMENT_3D('',#11070,#3365,#3366);
#3052=AXIS2_PLACEMENT_3D('',#11073,#3368,#3369);
#3053=AXIS2_PLACEMENT_3D('',#11075,#3371,#3372);
#3054=AXIS2_PLACEMENT_3D('',#11076,#3373,#3374);
#3055=AXIS2_PLACEMENT_3D('',#11078,#3375,#3376);
#3056=AXIS2_PLACEMENT_3D('',#11080,#3377,#3378);
#3057=AXIS2_PLACEMENT_3D('',#11082,#3380,#3381);
#3058=AXIS2_PLACEMENT_3D('',#11083,#3382,#3383);
#3059=AXIS2_PLACEMENT_3D('',#11084,#3384,#3385);
#3060=AXIS2_PLACEMENT_3D('',#11086,#3386,#3387);
#3061=AXIS2_PLACEMENT_3D('',#11087,#3388,#3389);
#3062=AXIS2_PLACEMENT_3D('',#11089,#3390,#3391);
#3063=AXIS2_PLACEMENT_3D('',#11091,#3392,#3393);
#3064=AXIS2_PLACEMENT_3D('',#11092,#3394,#3395);
#3065=AXIS2_PLACEMENT_3D('',#11093,#3396,#3397);
#3066=AXIS2_PLACEMENT_3D('',#11095,#3398,#3399);
#3067=AXIS2_PLACEMENT_3D('',#11097,#3400,#3401);
#3068=AXIS2_PLACEMENT_3D('',#11098,#3402,#3403);
#3069=AXIS2_PLACEMENT_3D('',#11109,#3404,#3405);
#3070=AXIS2_PLACEMENT_3D('',#11110,#3406,#3407);
#3071=AXIS2_PLACEMENT_3D('',#11111,#3408,#3409);
#3072=AXIS2_PLACEMENT_3D('',#11112,#3410,#3411);
#3073=AXIS2_PLACEMENT_3D('',#11114,#3412,#3413);
#3074=AXIS2_PLACEMENT_3D('',#11116,#3414,#3415);
#3075=AXIS2_PLACEMENT_3D('',#11117,#3416,#3417);
#3076=AXIS2_PLACEMENT_3D('',#11124,#3418,#3419);
#3077=AXIS2_PLACEMENT_3D('',#11125,#3420,#3421);
#3078=AXIS2_PLACEMENT_3D('',#11126,#3422,#3423);
#3079=AXIS2_PLACEMENT_3D('',#11127,#3424,#3425);
#3080=AXIS2_PLACEMENT_3D('',#11138,#3426,#3427);
#3081=AXIS2_PLACEMENT_3D('',#11139,#3428,#3429);
#3082=AXIS2_PLACEMENT_3D('',#11141,#3430,#3431);
#3083=AXIS2_PLACEMENT_3D('',#11143,#3432,#3433);
#3084=AXIS2_PLACEMENT_3D('',#11144,#3434,#3435);
#3085=AXIS2_PLACEMENT_3D('',#11145,#3436,#3437);
#3086=AXIS2_PLACEMENT_3D('',#11156,#3438,#3439);
#3087=AXIS2_PLACEMENT_3D('',#11157,#3440,#3441);
#3088=AXIS2_PLACEMENT_3D('',#11158,#3442,#3443);
#3089=AXIS2_PLACEMENT_3D('',#11169,#3444,#3445);
#3090=AXIS2_PLACEMENT_3D('',#11170,#3446,#3447);
#3091=AXIS2_PLACEMENT_3D('',#11171,#3448,#3449);
#3092=AXIS2_PLACEMENT_3D('',#11173,#3450,#3451);
#3093=AXIS2_PLACEMENT_3D('',#11175,#3452,#3453);
#3094=AXIS2_PLACEMENT_3D('',#11176,#3454,#3455);
#3095=AXIS2_PLACEMENT_3D('',#11187,#3456,#3457);
#3096=AXIS2_PLACEMENT_3D('',#11188,#3458,#3459);
#3097=AXIS2_PLACEMENT_3D('',#11189,#3460,#3461);
#3098=AXIS2_PLACEMENT_3D('',#11190,#3462,#3463);
#3099=AXIS2_PLACEMENT_3D('',#11192,#3464,#3465);
#3100=AXIS2_PLACEMENT_3D('',#11194,#3466,#3467);
#3101=AXIS2_PLACEMENT_3D('',#11195,#3468,#3469);
#3102=AXIS2_PLACEMENT_3D('',#11202,#3470,#3471);
#3103=AXIS2_PLACEMENT_3D('',#11203,#3472,#3473);
#3104=AXIS2_PLACEMENT_3D('',#11204,#3474,#3475);
#3105=AXIS2_PLACEMENT_3D('',#11205,#3476,#3477);
#3106=AXIS2_PLACEMENT_3D('',#11216,#3478,#3479);
#3107=AXIS2_PLACEMENT_3D('',#11217,#3480,#3481);
#3108=AXIS2_PLACEMENT_3D('',#11219,#3482,#3483);
#3109=AXIS2_PLACEMENT_3D('',#11221,#3484,#3485);
#3110=AXIS2_PLACEMENT_3D('',#11222,#3486,#3487);
#3111=AXIS2_PLACEMENT_3D('',#11223,#3488,#3489);
#3112=AXIS2_PLACEMENT_3D('',#11224,#3490,#3491);
#3113=AXIS2_PLACEMENT_3D('',#11225,#3492,#3493);
#3114=AXIS2_PLACEMENT_3D('',#11826,#3494,#3495);
#3115=AXIS2_PLACEMENT_3D('',#11866,#3499,#3500);
#3116=AXIS2_PLACEMENT_3D('',#11867,#3501,#3502);
#3117=AXIS2_PLACEMENT_3D('',#11868,#3503,#3504);
#3118=AXIS2_PLACEMENT_3D('',#11869,#3505,#3506);
#3119=AXIS2_PLACEMENT_3D('',#11993,#3510,#3511);
#3120=AXIS2_PLACEMENT_3D('',#11994,#3512,#3513);
#3121=AXIS2_PLACEMENT_3D('',#11996,#3515,#3516);
#3122=AXIS2_PLACEMENT_3D('',#11997,#3517,#3518);
#3123=AXIS2_PLACEMENT_3D('',#11998,#3519,#3520);
#3124=AXIS2_PLACEMENT_3D('',#12006,#3522,#3523);
#3125=AXIS2_PLACEMENT_3D('',#12013,#3525,#3526);
#3126=AXIS2_PLACEMENT_3D('',#12143,#3527,#3528);
#3127=AXIS2_PLACEMENT_3D('',#12156,#3536,#3537);
#3128=AXIS2_PLACEMENT_3D('',#12159,#3540,#3541);
#3129=AXIS2_PLACEMENT_3D('',#12160,#3542,#3543);
#3130=AXIS2_PLACEMENT_3D('',#12163,#3545,#3546);
#3131=AXIS2_PLACEMENT_3D('',#12166,#3548,#3549);
#3132=AXIS2_PLACEMENT_3D('',#12167,#3550,#3551);
#3133=AXIS2_PLACEMENT_3D('',#12171,#3554,#3555);
#3134=AXIS2_PLACEMENT_3D('',#12174,#3557,#3558);
#3135=AXIS2_PLACEMENT_3D('',#12175,#3559,#3560);
#3136=AXIS2_PLACEMENT_3D('',#12176,#3561,#3562);
#3137=AXIS2_PLACEMENT_3D('',#12177,#3563,#3564);
#3138=AXIS2_PLACEMENT_3D('',#12179,#3566,#3567);
#3139=AXIS2_PLACEMENT_3D('',#12180,#3568,#3569);
#3140=AXIS2_PLACEMENT_3D('',#12181,#3570,#3571);
#3141=AXIS2_PLACEMENT_3D('',#12183,#3572,#3573);
#3142=AXIS2_PLACEMENT_3D('',#12185,#3574,#3575);
#3143=AXIS2_PLACEMENT_3D('',#12186,#3576,#3577);
#3144=AXIS2_PLACEMENT_3D('',#12188,#3578,#3579);
#3145=AXIS2_PLACEMENT_3D('',#12189,#3580,#3581);
#3146=AXIS2_PLACEMENT_3D('',#12191,#3582,#3583);
#3147=AXIS2_PLACEMENT_3D('',#12197,#3587,#3588);
#3148=AXIS2_PLACEMENT_3D('',#12198,#3589,#3590);
#3149=AXIS2_PLACEMENT_3D('',#12202,#3592,#3593);
#3150=AXIS2_PLACEMENT_3D('',#12203,#3594,#3595);
#3151=AXIS2_PLACEMENT_3D('',#12206,#3598,#3599);
#3152=AXIS2_PLACEMENT_3D('',#12207,#3600,#3601);
#3153=AXIS2_PLACEMENT_3D('',#12209,#3602,#3603);
#3154=AXIS2_PLACEMENT_3D('',#12211,#3604,#3605);
#3155=AXIS2_PLACEMENT_3D('',#12212,#3606,#3607);
#3156=AXIS2_PLACEMENT_3D('',#12213,#3608,#3609);
#3157=AXIS2_PLACEMENT_3D('',#12214,#3610,#3611);
#3158=AXIS2_PLACEMENT_3D('',#12215,#3612,#3613);
#3159=AXIS2_PLACEMENT_3D('',#12218,#3616,#3617);
#3160=AXIS2_PLACEMENT_3D('',#12220,#3619,#3620);
#3161=AXIS2_PLACEMENT_3D('',#12222,#3622,#3623);
#3162=AXIS2_PLACEMENT_3D('',#12223,#3624,#3625);
#3163=AXIS2_PLACEMENT_3D('',#12224,#3626,#3627);
#3164=AXIS2_PLACEMENT_3D('',#12226,#3628,#3629);
#3165=AXIS2_PLACEMENT_3D('',#12227,#3630,#3631);
#3166=AXIS2_PLACEMENT_3D('',#12229,#3632,#3633);
#3167=AXIS2_PLACEMENT_3D('',#12231,#3634,#3635);
#3168=AXIS2_PLACEMENT_3D('',#12232,#3636,#3637);
#3169=AXIS2_PLACEMENT_3D('',#12233,#3638,#3639);
#3170=AXIS2_PLACEMENT_3D('',#12239,#3643,#3644);
#3171=AXIS2_PLACEMENT_3D('',#12245,#3648,#3649);
#3172=AXIS2_PLACEMENT_3D('',#12251,#3653,#3654);
#3173=AXIS2_PLACEMENT_3D('',#12261,#3660,#3661);
#3174=AXIS2_PLACEMENT_3D('',#12265,#3664,#3665);
#3175=AXIS2_PLACEMENT_3D('',#12273,#3670,#3671);
#3176=AXIS2_PLACEMENT_3D('',#12275,#3673,#3674);
#3177=AXIS2_PLACEMENT_3D('',#12277,#3676,#3677);
#3178=AXIS2_PLACEMENT_3D('',#12279,#3679,#3680);
#3179=AXIS2_PLACEMENT_3D('',#12280,#3681,#3682);
#3180=AXIS2_PLACEMENT_3D('',#12283,#3685,#3686);
#3181=AXIS2_PLACEMENT_3D('',#12284,#3687,#3688);
#3182=DIRECTION('',(0.,0.,1.));
#3183=DIRECTION('',(1.,0.,0.));
#3184=DIRECTION('',(0.,0.,1.));
#3185=DIRECTION('',(1.,0.,0.));
#3186=DIRECTION('',(0.,-1.,0.));
#3187=DIRECTION('',(-1.,0.,0.));
#3188=DIRECTION('',(0.,-1.,0.));
#3189=DIRECTION('',(-1.,0.,-6.10012650892945E-16));
#3190=DIRECTION('',(0.,-1.,0.));
#3191=DIRECTION('',(-1.,0.,-6.10012650892945E-16));
#3192=DIRECTION('',(0.,-1.,0.));
#3193=DIRECTION('',(-1.,0.,-6.10012650892945E-16));
#3194=DIRECTION('',(0.,-1.,0.));
#3195=DIRECTION('',(-1.,-1.04083408558608E-16,0.));
#3196=DIRECTION('',(0.,-1.,0.));
#3197=DIRECTION('',(-1.,0.,-6.10012650892945E-16));
#3198=DIRECTION('',(0.,0.,1.));
#3199=DIRECTION('',(1.,0.,0.));
#3200=DIRECTION('',(1.,0.,6.10012650892945E-16));
#3201=DIRECTION('',(0.,1.,0.));
#3202=DIRECTION('',(1.,0.,0.));
#3203=DIRECTION('',(0.,1.,0.));
#3204=DIRECTION('',(1.,0.,6.10012650892945E-16));
#3205=DIRECTION('',(0.,-1.,0.));
#3206=DIRECTION('',(-1.,-1.04083408558608E-16,0.));
#3207=DIRECTION('',(0.,0.,1.));
#3208=DIRECTION('',(1.,0.,0.));
#3209=DIRECTION('',(-1.,0.,0.));
#3210=DIRECTION('',(0.,0.,1.));
#3211=DIRECTION('',(1.,0.,0.));
#3212=DIRECTION('',(-1.,-1.04083408558608E-16,0.));
#3213=DIRECTION('',(0.,-1.,0.));
#3214=DIRECTION('',(1.,0.,0.));
#3215=DIRECTION('',(0.,-1.,0.));
#3216=DIRECTION('',(-1.,0.,0.));
#3217=DIRECTION('',(0.,-1.,0.));
#3218=DIRECTION('',(1.,0.,0.));
#3219=DIRECTION('',(0.,-1.,0.));
#3220=DIRECTION('',(1.,0.,0.));
#3221=DIRECTION('',(0.,-1.,0.));
#3222=DIRECTION('',(0.,0.,1.));
#3223=DIRECTION('',(1.,0.,0.));
#3224=DIRECTION('',(-1.,-1.04083408558608E-16,0.));
#3225=DIRECTION('',(0.,-1.,0.));
#3226=DIRECTION('',(0.,-1.,0.));
#3227=DIRECTION('',(-1.,-1.04083408558608E-16,0.));
#3228=DIRECTION('',(0.,-1.,0.));
#3229=DIRECTION('',(1.,0.,0.));
#3230=DIRECTION('',(0.,-1.,0.));
#3231=DIRECTION('',(1.,0.,0.));
#3232=DIRECTION('',(1.,0.,0.));
#3233=DIRECTION('',(0.,0.,-1.));
#3234=DIRECTION('',(0.,0.,-1.));
#3235=DIRECTION('',(0.,-1.,0.));
#3236=DIRECTION('',(0.,-1.15648231731787E-16,-1.));
#3237=DIRECTION('',(0.,1.,0.));
#3238=DIRECTION('',(0.,-1.,0.));
#3239=DIRECTION('',(1.,0.,0.));
#3240=DIRECTION('',(1.,0.,0.));
#3241=DIRECTION('',(0.,0.,1.));
#3242=DIRECTION('',(-1.,0.,0.));
#3243=DIRECTION('',(0.,0.,1.));
#3244=DIRECTION('',(1.,0.,-1.38777878078144E-16));
#3245=DIRECTION('',(0.,0.,-1.));
#3246=DIRECTION('',(0.,0.,1.));
#3247=DIRECTION('',(0.,1.,0.));
#3248=DIRECTION('',(0.,0.,1.));
#3249=DIRECTION('',(0.,0.,-1.));
#3250=DIRECTION('',(1.,0.,0.));
#3251=DIRECTION('',(0.,0.,-1.));
#3252=DIRECTION('',(0.,0.,-1.));
#3253=DIRECTION('',(-1.,0.,0.));
#3254=DIRECTION('',(0.,0.,-1.));
#3255=DIRECTION('',(0.,1.,0.));
#3256=DIRECTION('',(0.,0.,1.));
#3257=DIRECTION('',(0.,0.,-1.));
#3258=DIRECTION('',(0.,-1.,0.));
#3259=DIRECTION('',(0.,0.,1.));
#3260=DIRECTION('',(-7.70988211545246E-16,0.,-1.));
#3261=DIRECTION('',(0.,0.,-1.));
#3262=DIRECTION('',(0.,-1.,0.));
#3263=DIRECTION('',(0.,0.,-1.));
#3264=DIRECTION('',(0.,-1.,0.));
#3265=DIRECTION('',(0.,0.,-1.));
#3266=DIRECTION('',(0.,-1.,0.));
#3267=DIRECTION('',(0.,0.,-1.));
#3268=DIRECTION('',(0.,-1.,0.));
#3269=DIRECTION('',(0.,0.,-1.));
#3270=DIRECTION('',(0.,-1.,0.));
#3271=DIRECTION('',(0.,0.,-1.));
#3272=DIRECTION('',(0.,-1.,0.));
#3273=DIRECTION('',(0.,0.,-1.));
#3274=DIRECTION('',(0.,-1.,0.));
#3275=DIRECTION('',(0.,0.,-1.));
#3276=DIRECTION('',(0.,-1.,0.));
#3277=DIRECTION('',(0.,0.,-1.));
#3278=DIRECTION('',(0.,-1.,0.));
#3279=DIRECTION('',(0.,0.,-1.));
#3280=DIRECTION('',(0.,-1.,0.));
#3281=DIRECTION('',(0.,0.,-1.));
#3282=DIRECTION('',(1.04083408558608E-16,-1.,0.));
#3283=DIRECTION('',(1.,1.04083408558608E-16,0.));
#3284=DIRECTION('',(1.,0.,0.));
#3285=DIRECTION('',(0.,0.,-1.));
#3286=DIRECTION('',(0.,0.,1.));
#3287=DIRECTION('',(0.,0.,1.));
#3288=DIRECTION('',(0.,0.,1.));
#3289=DIRECTION('',(-1.,-1.04083408558608E-16,0.));
#3290=DIRECTION('',(0.,0.,-1.));
#3291=DIRECTION('',(0.,0.,-1.));
#3292=DIRECTION('',(0.,0.,1.));
#3293=DIRECTION('',(-1.04083408558608E-16,1.,0.));
#3294=DIRECTION('',(-1.,-1.04083408558608E-16,0.));
#3295=DIRECTION('',(0.,0.,-1.));
#3296=DIRECTION('',(-1.04083408558608E-16,1.,0.));
#3297=DIRECTION('',(-1.,-1.04083408558608E-16,0.));
#3298=DIRECTION('',(0.,0.,-1.));
#3299=DIRECTION('',(1.,0.,0.));
#3300=DIRECTION('',(-1.04083408558608E-16,1.,0.));
#3301=DIRECTION('',(-1.,-1.04083408558608E-16,0.));
#3302=DIRECTION('',(-1.04083408558608E-16,1.,0.));
#3303=DIRECTION('',(-1.,-1.04083408558608E-16,0.));
#3304=DIRECTION('',(0.,-1.,0.));
#3305=DIRECTION('',(1.,0.,0.));
#3306=DIRECTION('',(0.,1.,0.));
#3307=DIRECTION('',(0.,0.,1.));
#3308=DIRECTION('',(1.,0.,0.));
#3309=DIRECTION('',(0.,0.,-1.));
#3310=DIRECTION('',(0.,-1.,0.));
#3311=DIRECTION('',(0.,-1.,0.));
#3312=DIRECTION('',(1.,0.,0.));
#3313=DIRECTION('',(0.,1.,0.));
#3314=DIRECTION('',(0.,0.,1.));
#3315=DIRECTION('',(1.04083408558608E-16,-1.,0.));
#3316=DIRECTION('',(1.,1.04083408558608E-16,0.));
#3317=DIRECTION('',(0.,-1.,0.));
#3318=DIRECTION('',(0.,0.,-1.));
#3319=DIRECTION('',(0.,-1.,0.));
#3320=DIRECTION('',(0.,0.,-1.));
#3321=DIRECTION('',(0.,0.,-1.));
#3322=DIRECTION('',(0.,-1.,0.));
#3323=DIRECTION('',(-1.,0.,0.));
#3324=DIRECTION('',(0.,0.,1.));
#3325=DIRECTION('',(0.,-1.,0.));
#3326=DIRECTION('',(0.,-1.,0.));
#3327=DIRECTION('',(0.,-1.,0.));
#3328=DIRECTION('',(-0.521369692747302,0.,-0.853330910892477));
#3329=DIRECTION('',(0.,-1.,0.));
#3330=DIRECTION('',(0.,-1.,0.));
#3331=DIRECTION('',(1.,0.,0.));
#3332=DIRECTION('',(0.,0.,1.));
#3333=DIRECTION('',(1.,0.,0.));
#3334=DIRECTION('',(0.,0.,1.));
#3335=DIRECTION('',(1.,0.,0.));
#3336=DIRECTION('',(0.,-1.,0.));
#3337=DIRECTION('',(0.,-1.,0.));
#3338=DIRECTION('',(0.,-1.,0.));
#3339=DIRECTION('',(0.,-1.,0.));
#3340=DIRECTION('',(0.,-1.,0.));
#3341=DIRECTION('',(0.,0.,1.));
#3342=DIRECTION('',(1.04083408558608E-16,-1.,0.));
#3343=DIRECTION('',(1.,1.04083408558608E-16,0.));
#3344=DIRECTION('',(0.,1.,0.));
#3345=DIRECTION('',(0.,0.,1.));
#3346=DIRECTION('',(0.,-1.,0.));
#3347=DIRECTION('',(-1.,0.,0.));
#3348=DIRECTION('',(0.,0.,1.));
#3349=DIRECTION('',(0.,-1.,0.));
#3350=DIRECTION('',(1.,0.,0.));
#3351=DIRECTION('',(0.,-1.,0.));
#3352=DIRECTION('',(0.,-1.,0.));
#3353=DIRECTION('',(0.521369692747304,0.,-0.853330910892475));
#3354=DIRECTION('',(1.,0.,0.));
#3355=DIRECTION('',(0.,-0.984323949989791,-0.176369956275139));
#3356=DIRECTION('',(-1.,0.,0.));
#3357=DIRECTION('',(0.,-0.984323949989791,-0.176369956275139));
#3358=DIRECTION('',(0.,1.,0.));
#3359=DIRECTION('',(0.,0.,1.));
#3360=DIRECTION('',(0.,1.,0.));
#3361=DIRECTION('',(0.,0.,1.));
#3362=DIRECTION('',(0.,-1.,0.));
#3363=DIRECTION('',(0.,0.,-1.));
#3364=DIRECTION('',(0.,-1.,0.));
#3365=DIRECTION('',(0.,-1.,0.));
#3366=DIRECTION('',(0.,0.,1.));
#3367=DIRECTION('',(0.,-1.,0.));
#3368=DIRECTION('',(-1.,0.,0.));
#3369=DIRECTION('',(0.,0.,1.));
#3370=DIRECTION('',(0.,0.,-1.));
#3371=DIRECTION('',(0.,-1.,0.));
#3372=DIRECTION('',(0.,0.,-1.));
#3373=DIRECTION('',(0.,-1.,0.));
#3374=DIRECTION('',(0.,0.,1.));
#3375=DIRECTION('',(0.,-1.,0.));
#3376=DIRECTION('',(0.,0.,-1.));
#3377=DIRECTION('',(-1.,0.,7.70988211545246E-16));
#3378=DIRECTION('',(7.70988211545246E-16,0.,1.));
#3379=DIRECTION('',(-7.70988211545246E-16,0.,-1.));
#3380=DIRECTION('',(0.,1.,0.));
#3381=DIRECTION('',(-1.,0.,0.));
#3382=DIRECTION('',(0.,-1.,0.));
#3383=DIRECTION('',(0.,0.,-1.));
#3384=DIRECTION('',(0.,1.,0.));
#3385=DIRECTION('',(0.,0.,1.));
#3386=DIRECTION('',(0.,-1.,0.));
#3387=DIRECTION('',(0.,0.,-1.));
#3388=DIRECTION('',(0.,1.,0.));
#3389=DIRECTION('',(0.,0.,1.));
#3390=DIRECTION('',(0.,1.,0.));
#3391=DIRECTION('',(0.,0.,1.));
#3392=DIRECTION('',(0.,1.,0.));
#3393=DIRECTION('',(-1.,0.,0.));
#3394=DIRECTION('',(0.,-1.,0.));
#3395=DIRECTION('',(0.,0.,-1.));
#3396=DIRECTION('',(0.,1.,0.));
#3397=DIRECTION('',(0.,0.,1.));
#3398=DIRECTION('',(0.,1.,0.));
#3399=DIRECTION('',(0.,0.,1.));
#3400=DIRECTION('',(0.,-1.,0.));
#3401=DIRECTION('',(0.,0.,-1.));
#3402=DIRECTION('',(0.,1.,0.));
#3403=DIRECTION('',(0.,0.,1.));
#3404=DIRECTION('',(0.,1.,0.));
#3405=DIRECTION('',(-1.,0.,0.));
#3406=DIRECTION('',(0.,-1.,0.));
#3407=DIRECTION('',(1.,0.,0.));
#3408=DIRECTION('',(0.,-1.,0.));
#3409=DIRECTION('',(0.,0.,-1.));
#3410=DIRECTION('',(0.,1.,0.));
#3411=DIRECTION('',(0.,0.,1.));
#3412=DIRECTION('',(0.,1.,0.));
#3413=DIRECTION('',(0.,0.,1.));
#3414=DIRECTION('',(0.,-1.,0.));
#3415=DIRECTION('',(0.,0.,-1.));
#3416=DIRECTION('',(0.,1.,0.));
#3417=DIRECTION('',(0.,0.,1.));
#3418=DIRECTION('',(0.,1.,0.));
#3419=DIRECTION('',(-1.,0.,0.));
#3420=DIRECTION('',(0.,-1.,0.));
#3421=DIRECTION('',(1.,0.,0.));
#3422=DIRECTION('',(0.,-1.,0.));
#3423=DIRECTION('',(0.,0.,-1.));
#3424=DIRECTION('',(0.,1.,0.));
#3425=DIRECTION('',(0.,0.,1.));
#3426=DIRECTION('',(0.,-1.,0.));
#3427=DIRECTION('',(0.,0.,-1.));
#3428=DIRECTION('',(0.,1.,0.));
#3429=DIRECTION('',(0.,0.,1.));
#3430=DIRECTION('',(0.,1.,0.));
#3431=DIRECTION('',(0.,0.,1.));
#3432=DIRECTION('',(0.,1.,0.));
#3433=DIRECTION('',(-1.,0.,0.));
#3434=DIRECTION('',(0.,-1.,0.));
#3435=DIRECTION('',(0.,0.,-1.));
#3436=DIRECTION('',(0.,1.,0.));
#3437=DIRECTION('',(0.,0.,1.));
#3438=DIRECTION('',(0.,1.,0.));
#3439=DIRECTION('',(-1.,0.,0.));
#3440=DIRECTION('',(0.,-1.,0.));
#3441=DIRECTION('',(0.,0.,-1.));
#3442=DIRECTION('',(0.,1.,0.));
#3443=DIRECTION('',(0.,0.,1.));
#3444=DIRECTION('',(0.,1.,0.));
#3445=DIRECTION('',(-1.,0.,0.));
#3446=DIRECTION('',(0.,-1.,0.));
#3447=DIRECTION('',(0.,0.,-1.));
#3448=DIRECTION('',(0.,1.,0.));
#3449=DIRECTION('',(0.,0.,1.));
#3450=DIRECTION('',(0.,1.,0.));
#3451=DIRECTION('',(0.,0.,1.));
#3452=DIRECTION('',(0.,-1.,0.));
#3453=DIRECTION('',(0.,0.,-1.));
#3454=DIRECTION('',(0.,1.,0.));
#3455=DIRECTION('',(0.,0.,1.));
#3456=DIRECTION('',(0.,1.,0.));
#3457=DIRECTION('',(-1.,0.,0.));
#3458=DIRECTION('',(0.,-1.,0.));
#3459=DIRECTION('',(1.,0.,0.));
#3460=DIRECTION('',(0.,-1.,0.));
#3461=DIRECTION('',(0.,0.,-1.));
#3462=DIRECTION('',(0.,1.,0.));
#3463=DIRECTION('',(0.,0.,1.));
#3464=DIRECTION('',(0.,1.,0.));
#3465=DIRECTION('',(0.,0.,1.));
#3466=DIRECTION('',(0.,-1.,0.));
#3467=DIRECTION('',(0.,0.,-1.));
#3468=DIRECTION('',(0.,1.,0.));
#3469=DIRECTION('',(0.,0.,1.));
#3470=DIRECTION('',(0.,1.,0.));
#3471=DIRECTION('',(-1.,0.,0.));
#3472=DIRECTION('',(0.,-1.,0.));
#3473=DIRECTION('',(1.,0.,0.));
#3474=DIRECTION('',(0.,-1.,0.));
#3475=DIRECTION('',(0.,0.,-1.));
#3476=DIRECTION('',(0.,1.,0.));
#3477=DIRECTION('',(0.,0.,1.));
#3478=DIRECTION('',(0.,-1.,0.));
#3479=DIRECTION('',(0.,0.,-1.));
#3480=DIRECTION('',(0.,1.,0.));
#3481=DIRECTION('',(0.,0.,1.));
#3482=DIRECTION('',(0.,1.,0.));
#3483=DIRECTION('',(0.,0.,1.));
#3484=DIRECTION('',(0.,1.,0.));
#3485=DIRECTION('',(-1.,0.,0.));
#3486=DIRECTION('',(0.,-1.,0.));
#3487=DIRECTION('',(1.,0.,0.));
#3488=DIRECTION('',(0.,-1.,0.));
#3489=DIRECTION('',(1.,0.,0.));
#3490=DIRECTION('',(0.,-1.,0.));
#3491=DIRECTION('',(1.,0.,0.));
#3492=DIRECTION('',(0.,-1.,0.));
#3493=DIRECTION('',(1.,0.,0.));
#3494=DIRECTION('',(0.,0.,1.));
#3495=DIRECTION('',(1.,0.,0.));
#3496=DIRECTION('',(0.,-1.,0.));
#3497=DIRECTION('',(0.,-1.,0.));
#3498=DIRECTION('',(0.,-1.,0.));
#3499=DIRECTION('',(0.,-1.,0.));
#3500=DIRECTION('',(0.,0.,-1.));
#3501=DIRECTION('',(1.,0.,0.));
#3502=DIRECTION('',(0.,0.,-1.));
#3503=DIRECTION('',(-1.,0.,0.));
#3504=DIRECTION('',(0.,0.,1.));
#3505=DIRECTION('',(0.,1.,0.));
#3506=DIRECTION('',(0.,0.,1.));
#3507=DIRECTION('',(0.,-1.,0.));
#3508=DIRECTION('',(0.,-1.,0.));
#3509=DIRECTION('',(0.,-1.,0.));
#3510=DIRECTION('',(0.,-1.,0.));
#3511=DIRECTION('',(0.,0.,-1.));
#3512=DIRECTION('',(0.,-1.,0.));
#3513=DIRECTION('',(0.,0.,-1.));
#3514=DIRECTION('',(0.,-1.,0.));
#3515=DIRECTION('',(0.,-1.,0.));
#3516=DIRECTION('',(0.,0.,-1.));
#3517=DIRECTION('',(0.,-1.,0.));
#3518=DIRECTION('',(0.,0.,-1.));
#3519=DIRECTION('',(0.,0.,1.));
#3520=DIRECTION('',(1.,0.,0.));
#3521=DIRECTION('',(0.,0.,1.));
#3522=DIRECTION('',(0.,1.,0.));
#3523=DIRECTION('',(0.,0.,1.));
#3524=DIRECTION('',(0.,0.,1.));
#3525=DIRECTION('',(0.,0.,1.));
#3526=DIRECTION('',(1.,0.,0.));
#3527=DIRECTION('',(0.,1.,-1.15648231731787E-16));
#3528=DIRECTION('',(0.,1.15648231731787E-16,1.));
#3529=DIRECTION('',(0.,-1.15648231731787E-16,-1.));
#3530=DIRECTION('',(1.,0.,0.));
#3531=DIRECTION('',(0.,-1.15648231731787E-16,-1.));
#3532=DIRECTION('',(1.,0.,0.));
#3533=DIRECTION('',(0.,-1.15648231731787E-16,-1.));
#3534=DIRECTION('',(-1.,0.,0.));
#3535=DIRECTION('',(0.,-1.15648231731787E-16,-1.));
#3536=DIRECTION('',(0.,-2.89120579329468E-16,-1.));
#3537=DIRECTION('',(0.,1.,-2.89120579329468E-16));
#3538=DIRECTION('',(0.,-1.,0.));
#3539=DIRECTION('',(0.,-1.,2.89120579329468E-16));
#3540=DIRECTION('',(-1.,0.,0.));
#3541=DIRECTION('',(0.,-1.,0.));
#3542=DIRECTION('',(-1.,0.,0.));
#3543=DIRECTION('',(0.,-1.,0.));
#3544=DIRECTION('',(0.,1.,0.));
#3545=DIRECTION('',(-1.,0.,0.));
#3546=DIRECTION('',(0.,0.,1.));
#3547=DIRECTION('',(0.,0.,1.));
#3548=DIRECTION('',(-1.,0.,0.));
#3549=DIRECTION('',(0.,0.,1.));
#3550=DIRECTION('',(0.,0.,-1.));
#3551=DIRECTION('',(-1.,0.,0.));
#3552=DIRECTION('',(1.,0.,0.));
#3553=DIRECTION('',(0.,1.,0.));
#3554=DIRECTION('',(1.,0.,0.));
#3555=DIRECTION('',(0.,0.,-1.));
#3556=DIRECTION('',(1.,0.,0.));
#3557=DIRECTION('',(-1.,0.,0.));
#3558=DIRECTION('',(0.,0.,1.));
#3559=DIRECTION('',(1.,0.,0.));
#3560=DIRECTION('',(0.,0.,-1.));
#3561=DIRECTION('',(-1.,0.,0.));
#3562=DIRECTION('',(0.,0.,1.));
#3563=DIRECTION('',(0.,1.,0.));
#3564=DIRECTION('',(0.,0.,1.));
#3565=DIRECTION('',(0.,0.,1.));
#3566=DIRECTION('',(-1.,0.,0.));
#3567=DIRECTION('',(0.,-1.,0.));
#3568=DIRECTION('',(-1.,0.,0.));
#3569=DIRECTION('',(0.,-1.,0.));
#3570=DIRECTION('',(-1.,0.,0.));
#3571=DIRECTION('',(0.,0.,1.));
#3572=DIRECTION('',(-1.,0.,0.));
#3573=DIRECTION('',(0.,0.,1.));
#3574=DIRECTION('',(1.,0.,0.));
#3575=DIRECTION('',(0.,0.,-1.));
#3576=DIRECTION('',(-1.,0.,0.));
#3577=DIRECTION('',(0.,0.,1.));
#3578=DIRECTION('',(1.,0.,0.));
#3579=DIRECTION('',(0.,0.,-1.));
#3580=DIRECTION('',(-1.,0.,0.));
#3581=DIRECTION('',(0.,0.,1.));
#3582=DIRECTION('',(0.,1.,0.));
#3583=DIRECTION('',(0.,0.,1.));
#3584=DIRECTION('',(0.,0.,1.));
#3585=DIRECTION('',(1.,0.,0.));
#3586=DIRECTION('',(0.,0.,1.));
#3587=DIRECTION('',(1.,0.,0.));
#3588=DIRECTION('',(0.,0.,-1.));
#3589=DIRECTION('',(-1.,0.,0.));
#3590=DIRECTION('',(0.,0.,1.));
#3591=DIRECTION('',(1.,0.,0.));
#3592=DIRECTION('',(-1.,0.,0.));
#3593=DIRECTION('',(0.,0.,1.));
#3594=DIRECTION('',(0.,0.,1.));
#3595=DIRECTION('',(1.,0.,0.));
#3596=DIRECTION('',(0.,-1.,0.));
#3597=DIRECTION('',(0.,-1.,0.));
#3598=DIRECTION('',(1.,0.,0.));
#3599=DIRECTION('',(0.,0.,-1.));
#3600=DIRECTION('',(-1.,0.,0.));
#3601=DIRECTION('',(0.,0.,1.));
#3602=DIRECTION('',(-1.,0.,0.));
#3603=DIRECTION('',(0.,0.,1.));
#3604=DIRECTION('',(-1.,0.,0.));
#3605=DIRECTION('',(0.,-1.,0.));
#3606=DIRECTION('',(-1.,0.,0.));
#3607=DIRECTION('',(0.,-1.,0.));
#3608=DIRECTION('',(1.,0.,0.));
#3609=DIRECTION('',(0.,0.,-1.));
#3610=DIRECTION('',(1.,0.,0.));
#3611=DIRECTION('',(0.,0.,-1.));
#3612=DIRECTION('',(0.,-1.,0.));
#3613=DIRECTION('',(0.,0.,-1.));
#3614=DIRECTION('',(0.,0.,1.));
#3615=DIRECTION('',(0.,0.,1.));
#3616=DIRECTION('',(-1.,0.,0.));
#3617=DIRECTION('',(0.,0.,1.));
#3618=DIRECTION('',(0.,0.,1.));
#3619=DIRECTION('',(0.,-1.,0.));
#3620=DIRECTION('',(0.,0.,-1.));
#3621=DIRECTION('',(0.,0.,1.));
#3622=DIRECTION('',(-1.,0.,0.));
#3623=DIRECTION('',(0.,0.,1.));
#3624=DIRECTION('',(0.,-1.,0.));
#3625=DIRECTION('',(0.,0.,-1.));
#3626=DIRECTION('',(0.,1.,0.));
#3627=DIRECTION('',(0.,0.,1.));
#3628=DIRECTION('',(0.,-1.,0.));
#3629=DIRECTION('',(0.,0.,-1.));
#3630=DIRECTION('',(0.,1.,0.));
#3631=DIRECTION('',(0.,0.,1.));
#3632=DIRECTION('',(0.,1.,0.));
#3633=DIRECTION('',(0.,0.,1.));
#3634=DIRECTION('',(0.,1.,0.));
#3635=DIRECTION('',(-1.,0.,0.));
#3636=DIRECTION('',(0.,-1.,0.));
#3637=DIRECTION('',(1.,0.,0.));
#3638=DIRECTION('',(-1.38777878078144E-16,0.,-1.));
#3639=DIRECTION('',(-1.,0.,1.38777878078144E-16));
#3640=DIRECTION('',(0.,-1.,0.));
#3641=DIRECTION('',(1.,0.,-1.38777878078144E-16));
#3642=DIRECTION('',(0.,-1.,0.));
#3643=DIRECTION('',(-1.,0.,0.));
#3644=DIRECTION('',(0.,0.,1.));
#3645=DIRECTION('',(0.,0.,1.));
#3646=DIRECTION('',(0.,-1.,0.));
#3647=DIRECTION('',(0.,0.,1.));
#3648=DIRECTION('',(-1.,0.,0.));
#3649=DIRECTION('',(0.,0.,1.));
#3650=DIRECTION('',(0.,0.,1.));
#3651=DIRECTION('',(0.,-1.,0.));
#3652=DIRECTION('',(0.,0.,1.));
#3653=DIRECTION('',(1.,0.,0.));
#3654=DIRECTION('',(0.,0.,-1.));
#3655=DIRECTION('',(0.,-1.,0.));
#3656=DIRECTION('',(0.,0.,-1.));
#3657=DIRECTION('',(0.,-1.,0.));
#3658=DIRECTION('',(0.,0.,-1.));
#3659=DIRECTION('',(0.,-1.,0.));
#3660=DIRECTION('',(0.,0.,-1.));
#3661=DIRECTION('',(-1.,0.,0.));
#3662=DIRECTION('',(0.,-1.,0.));
#3663=DIRECTION('',(1.,0.,0.));
#3664=DIRECTION('',(1.,0.,0.));
#3665=DIRECTION('',(0.,0.,-1.));
#3666=DIRECTION('',(0.,-1.,0.));
#3667=DIRECTION('',(0.,0.,-1.));
#3668=DIRECTION('',(0.,-1.,0.));
#3669=DIRECTION('',(0.,0.,-1.));
#3670=DIRECTION('',(0.,0.,1.));
#3671=DIRECTION('',(1.,0.,0.));
#3672=DIRECTION('',(-1.,0.,0.));
#3673=DIRECTION('',(0.,1.,0.));
#3674=DIRECTION('',(-1.,0.,0.));
#3675=DIRECTION('',(-1.,0.,0.));
#3676=DIRECTION('',(0.,0.,1.));
#3677=DIRECTION('',(1.,0.,0.));
#3678=DIRECTION('',(-1.,0.,0.));
#3679=DIRECTION('',(0.,1.,0.));
#3680=DIRECTION('',(-1.,0.,0.));
#3681=DIRECTION('',(0.,0.,1.));
#3682=DIRECTION('',(1.,0.,0.));
#3683=DIRECTION('',(-1.,0.,0.));
#3684=DIRECTION('',(-1.,0.,0.));
#3685=DIRECTION('',(0.,1.,0.));
#3686=DIRECTION('',(-1.,0.,0.));
#3687=DIRECTION('',(0.,1.,0.));
#3688=DIRECTION('',(-1.,0.,0.));
#3689=CARTESIAN_POINT('',(0.,0.,0.));
#3690=CARTESIAN_POINT('',(0.,0.00347559493780137,0.004));
#3691=CARTESIAN_POINT('',(-0.0466,0.00347559493780137,0.004));
#3692=CARTESIAN_POINT('',(-0.0466,0.00439909,0.004));
#3693=CARTESIAN_POINT('',(-0.0466,-0.02510091,0.00399999999999994));
#3694=CARTESIAN_POINT('',(-0.0341,0.00439909,0.004));
#3695=CARTESIAN_POINT('',(-0.0216,0.00439909,0.004));
#3696=CARTESIAN_POINT('',(-0.0216,0.00347559493780137,0.004));
#3697=CARTESIAN_POINT('',(-0.0216,-0.02510091,0.00399999999999995));
#3698=CARTESIAN_POINT('',(0.034125,-0.02510091,0.004));
#3699=CARTESIAN_POINT('',(0.015891526885122,-0.02510091,0.004));
#3700=CARTESIAN_POINT('',(0.015891526885122,-0.01810091,0.004));
#3701=CARTESIAN_POINT('',(0.015891526885122,-0.01810091,0.004));
#3702=CARTESIAN_POINT('',(0.034125,-0.01810091,0.004));
#3703=CARTESIAN_POINT('',(0.0248915268851221,-0.01810091,0.004));
#3704=CARTESIAN_POINT('',(0.0248915268851221,-0.01810091,0.004));
#3705=CARTESIAN_POINT('',(0.0248915268851221,-0.02510091,0.004));
#3706=CARTESIAN_POINT('',(0.034125,-0.02510091,0.004));
#3707=CARTESIAN_POINT('',(0.0618958980337503,-0.02510091,0.004));
#3708=CARTESIAN_POINT('',(0.0618958980337503,0.012002,0.004));
#3709=CARTESIAN_POINT('',(0.0618958980337503,0.012,0.004));
#3710=CARTESIAN_POINT('',(-0.025,0.012,0.004));
#3711=CARTESIAN_POINT('',(-0.06825,0.012,0.004));
#3712=CARTESIAN_POINT('',(-0.06825,-0.00914314674568273,0.004));
#3713=CARTESIAN_POINT('',(-0.06825,-0.02510091,0.004));
#3714=CARTESIAN_POINT('',(0.034125,-0.02510091,0.004));
#3715=CARTESIAN_POINT('',(0.0613703968394238,-0.00194369182165643,0.004));
#3716=CARTESIAN_POINT('',(0.0620712654701492,-0.00528801659394818,0.004));
#3717=CARTESIAN_POINT('',(0.061441870391974,-0.00862187104136746,0.004));
#3718=CARTESIAN_POINT('',(0.0596419939462698,-0.0114396032324834,0.004));
#3719=CARTESIAN_POINT('',(0.0568550523562716,-0.0133868267665092,0.004));
#3720=CARTESIAN_POINT('',(0.0535323150428438,-0.0141203592462883,0.004));
#3721=CARTESIAN_POINT('',(0.0501816548594416,-0.0135263837390485,0.004));
#3722=CARTESIAN_POINT('',(0.047313346767858,-0.0116954013193007,0.004));
#3723=CARTESIAN_POINT('',(0.0453640621165183,-0.00890613308161351,0.004));
#3724=CARTESIAN_POINT('',(0.0446305645976688,-0.00558322823490585,0.004));
#3725=CARTESIAN_POINT('',(0.0452245220819576,-0.00223256610521939,0.004));
#3726=CARTESIAN_POINT('',(0.0470555094071907,0.000635742297923356,0.004));
#3727=CARTESIAN_POINT('',(0.0498447779180164,0.00258503248640238,0.004));
#3728=CARTESIAN_POINT('',(0.0531676770201958,0.00331850791256049,0.004));
#3729=CARTESIAN_POINT('',(0.0565183618735928,0.00272463327401776,0.004));
#3730=CARTESIAN_POINT('',(0.0593865851275144,0.000893336658691017,0.004));
#3731=CARTESIAN_POINT('',(0.0613703968394238,-0.00194369182165643,0.004));
#3732=CARTESIAN_POINT('',(0.0620712654701492,-0.00528801659394818,0.004));
#3733=CARTESIAN_POINT('',(0.061441870391974,-0.00862187104136746,0.004));
#3734=CARTESIAN_POINT('',(0.06185,-0.00540091,0.004));
#3735=CARTESIAN_POINT('',(0.,0.00347559493780137,0.091));
#3736=CARTESIAN_POINT('',(0.034125,-0.02510091,0.091));
#3737=CARTESIAN_POINT('',(0.06825,-0.02510091,0.091));
#3738=CARTESIAN_POINT('',(0.08525,-0.02510091,0.091));
#3739=CARTESIAN_POINT('',(0.06825,-0.02385091,0.091));
#3740=CARTESIAN_POINT('',(0.06825,-0.02010091,0.091));
#3741=CARTESIAN_POINT('',(0.06425,-0.02010091,0.091));
#3742=CARTESIAN_POINT('',(0.06425,-0.02010091,0.091));
#3743=CARTESIAN_POINT('',(0.06425,-0.02385091,0.091));
#3744=CARTESIAN_POINT('',(0.06425,-0.02510091,0.091));
#3745=CARTESIAN_POINT('',(0.034125,-0.02510091,0.091));
#3746=CARTESIAN_POINT('',(-0.0618958980337503,-0.02510091,0.091));
#3747=CARTESIAN_POINT('',(-0.0618958980337503,0.012002,0.091));
#3748=CARTESIAN_POINT('',(-0.0618958980337503,0.012,0.091));
#3749=CARTESIAN_POINT('',(-0.025,0.012,0.091));
#3750=CARTESIAN_POINT('',(-0.0401443629983003,0.012,0.091));
#3751=CARTESIAN_POINT('',(-0.0362,0.0124725713517659,0.091));
#3752=CARTESIAN_POINT('',(-0.0362,0.0085,0.091));
#3753=CARTESIAN_POINT('',(0.,0.0085,0.091));
#3754=CARTESIAN_POINT('',(-0.0271451427035317,0.0085,0.091));
#3755=CARTESIAN_POINT('',(-0.0271451427035317,0.0124725713517659,0.091));
#3756=CARTESIAN_POINT('',(-0.0232007797052312,0.012,0.091));
#3757=CARTESIAN_POINT('',(-0.025,0.012,0.091));
#3758=CARTESIAN_POINT('',(0.06425,0.012,0.091));
#3759=CARTESIAN_POINT('',(0.06425,0.00825,0.091));
#3760=CARTESIAN_POINT('',(0.06425,0.007,0.091));
#3761=CARTESIAN_POINT('',(0.06425,0.007,0.091));
#3762=CARTESIAN_POINT('',(0.06825,0.007,0.091));
#3763=CARTESIAN_POINT('',(0.06825,0.00825,0.091));
#3764=CARTESIAN_POINT('',(0.06825,0.01089909,0.091));
#3765=CARTESIAN_POINT('',(0.08525,0.01089909,0.091));
#3766=CARTESIAN_POINT('',(0.08525,0.01089909,0.091));
#3767=CARTESIAN_POINT('',(0.08525,-0.00914314674568271,0.091));
#3768=CARTESIAN_POINT('',(0.,0.006477,0.091));
#3769=CARTESIAN_POINT('',(0.0210646233767271,0.006477,0.091));
#3770=CARTESIAN_POINT('',(0.0401146233767271,0.006477,0.091));
#3771=CARTESIAN_POINT('',(0.0210646233767271,0.00347559493780137,0.091));
#3772=CARTESIAN_POINT('',(0.0210646233767271,-0.006477,0.091));
#3773=CARTESIAN_POINT('',(0.,-0.006477,0.091));
#3774=CARTESIAN_POINT('',(0.0401146233767271,-0.006477,0.091));
#3775=CARTESIAN_POINT('',(0.0401146233767271,0.00347559493780137,0.091));
#3776=CARTESIAN_POINT('',(0.,0.00347559493780137,0.095));
#3777=CARTESIAN_POINT('',(-0.0271451427035317,0.0065,0.095));
#3778=CARTESIAN_POINT('',(-0.0301634284690211,0.0065,0.095));
#3779=CARTESIAN_POINT('',(-0.0331817142345106,0.0065,0.095));
#3780=CARTESIAN_POINT('',(-0.0362,0.0065,0.095));
#3781=CARTESIAN_POINT('',(-0.0271451427035317,0.0065,0.095));
#3782=CARTESIAN_POINT('',(-0.0362,0.0065,0.095));
#3783=CARTESIAN_POINT('',(-0.0362,0.0065,0.095));
#3784=CARTESIAN_POINT('',(-0.0369504281421249,0.0065,0.095));
#3785=CARTESIAN_POINT('',(-0.0384231967584586,0.00678045668451609,0.095));
#3786=CARTESIAN_POINT('',(-0.0403485920909758,0.00798125302584057,0.095));
#3787=CARTESIAN_POINT('',(-0.0416986889613068,0.00980736017038004,0.095));
#3788=CARTESIAN_POINT('',(-0.0420937668764048,0.0112491854468173,0.095));
#3789=CARTESIAN_POINT('',(-0.0421537116635035,0.012,0.095));
#3790=CARTESIAN_POINT('',(-0.0421537116635035,0.012,0.095));
#3791=CARTESIAN_POINT('',(-0.025,0.012,0.095));
#3792=CARTESIAN_POINT('',(-0.0791042950302399,0.0120005,0.095));
#3793=CARTESIAN_POINT('',(-0.0791042950302399,0.012002,0.095));
#3794=CARTESIAN_POINT('',(-0.0791042950302399,0.0108990855185224,0.095));
#3795=CARTESIAN_POINT('',(-0.0791042950302399,0.0108990855185224,0.095));
#3796=CARTESIAN_POINT('',(-0.079104295030175,-0.00177347632098506,0.095));
#3797=CARTESIAN_POINT('',(-0.0791042950301102,-0.0144460381604925,0.095));
#3798=CARTESIAN_POINT('',(-0.0791042950300453,-0.0271186,0.095));
#3799=CARTESIAN_POINT('',(-0.0791042950300244,-0.0271186,0.095));
#3800=CARTESIAN_POINT('',(-0.0791042950300454,-0.0271186,0.095));
#3801=CARTESIAN_POINT('',(-0.0781528633533636,-0.0271186,0.095));
#3802=CARTESIAN_POINT('',(-0.0772014316766818,-0.0271186,0.095));
#3803=CARTESIAN_POINT('',(-0.07625,-0.0271186,0.095));
#3804=CARTESIAN_POINT('',(-0.07625,-0.0271186,0.095));
#3805=CARTESIAN_POINT('',(-0.07625,-0.0271186,0.095));
#3806=CARTESIAN_POINT('',(-0.0696872839522965,-0.0271186,0.095));
#3807=CARTESIAN_POINT('',(-0.063124567904593,-0.0271186,0.095));
#3808=CARTESIAN_POINT('',(-0.0565618518568895,-0.0271186,0.095));
#3809=CARTESIAN_POINT('',(-0.0565618518569555,-0.0271186000007266,0.095));
#3810=CARTESIAN_POINT('',(-0.0565618518569555,-0.0271186000007266,0.095));
#3811=CARTESIAN_POINT('',(-0.0518938738134313,-0.0275424286802618,0.095));
#3812=CARTESIAN_POINT('',(-0.0465595703712783,-0.027875762013353,0.095));
#3813=CARTESIAN_POINT('',(-0.0405589415304966,-0.0281186000000002,0.095));
#3814=CARTESIAN_POINT('',(-0.0405589415305026,-0.0281186,0.095));
#3815=CARTESIAN_POINT('',(-0.0405589415304966,-0.0281186000000002,0.095));
#3816=CARTESIAN_POINT('',(-0.0397944229663817,-0.0281495391155147,0.095));
#3817=CARTESIAN_POINT('',(-0.0382266136841738,-0.0282091784019741,0.095));
#3818=CARTESIAN_POINT('',(-0.0361695259211927,-0.0282781395348433,0.095));
#3819=CARTESIAN_POINT('',(-0.0344661724101722,-0.0283299387608224,0.095));
#3820=CARTESIAN_POINT('',(-0.0331580346378462,-0.0283671455781317,0.095));
#3821=CARTESIAN_POINT('',(-0.0320484365346526,-0.0283966392842452,0.095));
#3822=CARTESIAN_POINT('',(-0.031249593612988,-0.0284167732061904,0.095));
#3823=CARTESIAN_POINT('',(-0.03080412568644,-0.0284277209959803,0.095));
#3824=CARTESIAN_POINT('',(-0.0304269254619089,-0.0284368059290462,0.095));
#3825=CARTESIAN_POINT('',(-0.0302056959744917,-0.0284420438022736,0.095));
#3826=CARTESIAN_POINT('',(-0.0298496658045359,-0.0284503793184036,0.095));
#3827=CARTESIAN_POINT('',(-0.0292387584163445,-0.0284643607120998,0.095));
#3828=CARTESIAN_POINT('',(-0.0283129079724085,-0.0284847194480483,0.095));
#3829=CARTESIAN_POINT('',(-0.0271443489279371,-0.02850910406365,0.095));
#3830=CARTESIAN_POINT('',(-0.0255002004876595,-0.0285417844948264,0.095));
#3831=CARTESIAN_POINT('',(-0.0237281327595926,-0.0285746684865237,0.095));
#3832=CARTESIAN_POINT('',(-0.0220714790486013,-0.0286035309898822,0.095));
#3833=CARTESIAN_POINT('',(-0.021209075640213,-0.0286181063435478,0.095));
#3834=CARTESIAN_POINT('',(-0.0207186518717405,-0.0286262801337622,0.095));
#3835=CARTESIAN_POINT('',(-0.0203178381065788,-0.028632886636589,0.095));
#3836=CARTESIAN_POINT('',(-0.0200240873008952,-0.0286377009118967,0.095));
#3837=CARTESIAN_POINT('',(-0.0195950779403745,-0.0286447301591441,0.095));
#3838=CARTESIAN_POINT('',(-0.0188616752265018,-0.0286567102821547,0.095));
#3839=CARTESIAN_POINT('',(-0.0173825403551893,-0.02868075978075,0.095));
#3840=CARTESIAN_POINT('',(-0.0152759249806555,-0.0287145862616673,0.095));
#3841=CARTESIAN_POINT('',(-0.0127452419187383,-0.0287549584915396,0.095));
#3842=CARTESIAN_POINT('',(-0.00937183628865232,-0.0288065397687196,0.095));
#3843=CARTESIAN_POINT('',(-0.00515551612883154,-0.0288798970182971,0.095));
#3844=CARTESIAN_POINT('',(-0.001783985579814,-0.0289551791141101,0.095));
#3845=CARTESIAN_POINT('',(-9.85134020261225E-5,-0.028996375602762,0.095));
#3846=CARTESIAN_POINT('',(-9.85725593647967E-5,-0.0289987959073004,0.095));
#3847=CARTESIAN_POINT('',(-9.86317167034709E-5,-0.0290012162118389,0.095));
#3848=CARTESIAN_POINT('',(0.000614534560982068,-0.0289836256598471,0.095));
#3849=CARTESIAN_POINT('',(0.00210794702420741,-0.0289487177481642,0.095));
#3850=CARTESIAN_POINT('',(0.00414177795459802,-0.0289057761552795,0.095));
#3851=CARTESIAN_POINT('',(0.005870223862624,-0.0288718202902623,0.095));
#3852=CARTESIAN_POINT('',(0.00721439399325489,-0.0288465985179966,0.095));
#3853=CARTESIAN_POINT('',(0.00838407373051045,-0.0288256273280245,0.095));
#3854=CARTESIAN_POINT('',(0.0093277480295467,-0.0288092329016668,0.095));
#3855=CARTESIAN_POINT('',(0.0100950440494824,-0.0287962246659891,0.095));
#3856=CARTESIAN_POINT('',(0.0106955833657626,-0.0287861837198723,0.095));
#3857=CARTESIAN_POINT('',(0.0115544743050125,-0.0287718714956998,0.095));
#3858=CARTESIAN_POINT('',(0.0130303995796517,-0.0287475278263761,0.095));
#3859=CARTESIAN_POINT('',(0.0147287544755542,-0.0287200317832299,0.095));
#3860=CARTESIAN_POINT('',(0.0164234079368959,-0.0286931278254621,0.095));
#3861=CARTESIAN_POINT('',(0.017693957072884,-0.0286732193848023,0.095));
#3862=CARTESIAN_POINT('',(0.0187557812005335,-0.0286568011548052,0.095));
#3863=CARTESIAN_POINT('',(0.0194928923809904,-0.0286455205514247,0.095));
#3864=CARTESIAN_POINT('',(0.0199237633384267,-0.0286389555370396,0.095));
#3865=CARTESIAN_POINT('',(0.0202196868499161,-0.0286344762180345,0.095));
#3866=CARTESIAN_POINT('',(0.0206196984821946,-0.0286283774044257,0.095));
#3867=CARTESIAN_POINT('',(0.0211135257979468,-0.0286206886447428,0.095));
#3868=CARTESIAN_POINT('',(0.0219882621278088,-0.028606728249488,0.095));
#3869=CARTESIAN_POINT('',(0.0232097700500208,-0.0285861915659666,0.095));
#3870=CARTESIAN_POINT('',(0.0246488600046285,-0.0285603317533619,0.095));
#3871=CARTESIAN_POINT('',(0.026525534085082,-0.028524325614597,0.095));
#3872=CARTESIAN_POINT('',(0.0287954013776568,-0.0284764123874001,0.095));
#3873=CARTESIAN_POINT('',(0.0322638670590511,-0.0283935708260715,0.095));
#3874=CARTESIAN_POINT('',(0.0362937927700631,-0.0282784222754624,0.095));
#3875=CARTESIAN_POINT('',(0.0391915777574257,-0.0281739355114136,0.095));
#3876=CARTESIAN_POINT('',(0.0405589415305786,-0.0281186000000002,0.095));
#3877=CARTESIAN_POINT('',(0.0405589415305786,-0.0281186,0.095));
#3878=CARTESIAN_POINT('',(0.0405589415305786,-0.0281186000000002,0.095));
#3879=CARTESIAN_POINT('',(0.0465595703714864,-0.0278757620133335,0.095));
#3880=CARTESIAN_POINT('',(0.0518938738134774,-0.0275424286802584,0.095));
#3881=CARTESIAN_POINT('',(0.0565618518565516,-0.027118600000775,0.095));
#3882=CARTESIAN_POINT('',(0.0565618518564812,-0.0271186,0.095));
#3883=CARTESIAN_POINT('',(0.0565618518564812,-0.0271186,0.095));
#3884=CARTESIAN_POINT('',(0.0631245679043208,-0.0271186,0.095));
#3885=CARTESIAN_POINT('',(0.0696872839521604,-0.0271186,0.095));
#3886=CARTESIAN_POINT('',(0.07625,-0.0271186,0.095));
#3887=CARTESIAN_POINT('',(0.07625,-0.0271186,0.095));
#3888=CARTESIAN_POINT('',(0.07625,-0.0271186,0.095));
#3889=CARTESIAN_POINT('',(0.0772014316766909,-0.0271186,0.095));
#3890=CARTESIAN_POINT('',(0.0781528633533817,-0.0271186,0.095));
#3891=CARTESIAN_POINT('',(0.0791042950300726,-0.0271186,0.095));
#3892=CARTESIAN_POINT('',(0.0791042950300581,-0.0271186,0.095));
#3893=CARTESIAN_POINT('',(0.0791042950300726,-0.0271186,0.095));
#3894=CARTESIAN_POINT('',(0.0791042950300878,-0.0144460381604925,0.095));
#3895=CARTESIAN_POINT('',(0.0791042950301031,-0.00177347632098504,0.095));
#3896=CARTESIAN_POINT('',(0.0791042950301183,0.0108990855185224,0.095));
#3897=CARTESIAN_POINT('',(0.0791042950301183,0.0108990855185224,0.095));
#3898=CARTESIAN_POINT('',(0.0791042950301183,0.012002,0.095));
#3899=CARTESIAN_POINT('',(0.0791042950301183,0.0120005,0.095));
#3900=CARTESIAN_POINT('',(-0.025,0.012,0.095));
#3901=CARTESIAN_POINT('',(-0.0211914310422018,0.012,0.095));
#3902=CARTESIAN_POINT('',(-0.0211914310422018,0.0119999999727984,0.095));
#3903=CARTESIAN_POINT('',(-0.0212513353566071,0.011249692387495,0.095));
#3904=CARTESIAN_POINT('',(-0.0216464908719361,0.00980712477515704,0.095));
#3905=CARTESIAN_POINT('',(-0.0229964814180325,0.00798131638767489,0.095));
#3906=CARTESIAN_POINT('',(-0.0249221856536055,0.00678043857687652,0.095));
#3907=CARTESIAN_POINT('',(-0.0263942013965928,0.0065,0.095));
#3908=CARTESIAN_POINT('',(-0.0271451427035317,0.0065,0.095));
#3909=CARTESIAN_POINT('',(0.0210646233767271,0.00347559493780137,0.095));
#3910=CARTESIAN_POINT('',(0.0210646233767271,0.006477,0.095));
#3911=CARTESIAN_POINT('',(0.0210646233767271,-0.006477,0.095));
#3912=CARTESIAN_POINT('',(0.,0.006477,0.095));
#3913=CARTESIAN_POINT('',(0.0401146233767271,0.006477,0.095));
#3914=CARTESIAN_POINT('',(0.0401146233767271,0.00347559493780137,0.095));
#3915=CARTESIAN_POINT('',(0.0401146233767271,-0.006477,0.095));
#3916=CARTESIAN_POINT('',(0.,-0.006477,0.095));
#3917=CARTESIAN_POINT('',(0.06825,-0.00914314674568271,0.095));
#3918=CARTESIAN_POINT('',(0.06825,0.012,0.095));
#3919=CARTESIAN_POINT('',(0.06825,0.012,0.086));
#3920=CARTESIAN_POINT('',(0.06825,0.012,0.016));
#3921=CARTESIAN_POINT('',(0.06825,0.011449545,0.016));
#3922=CARTESIAN_POINT('',(0.06825,0.01089909,0.016));
#3923=CARTESIAN_POINT('',(0.06825,0.01089909,0.0535));
#3924=CARTESIAN_POINT('',(0.06825,0.01089909,0.086));
#3925=CARTESIAN_POINT('',(0.06825,0.011449545,0.086));
#3926=CARTESIAN_POINT('',(1.38777878078145E-17,-0.02510091,0.0475));
#3927=CARTESIAN_POINT('',(-0.0341,-0.02510091,0.03624621));
#3928=CARTESIAN_POINT('',(-0.0466,-0.02510091,0.03624621));
#3929=CARTESIAN_POINT('',(-0.0216,-0.02510091,0.03624621));
#3930=CARTESIAN_POINT('',(-0.0216,-0.02510091,0.03749621));
#3931=CARTESIAN_POINT('',(-0.0216,-0.02510091,0.03874621));
#3932=CARTESIAN_POINT('',(-0.0341,-0.02510091,0.03874621));
#3933=CARTESIAN_POINT('',(-0.0466,-0.02510091,0.03874621));
#3934=CARTESIAN_POINT('',(-0.0466,-0.02510091,0.03749621));
#3935=CARTESIAN_POINT('',(-0.0341,-0.02510091,0.00624621));
#3936=CARTESIAN_POINT('',(-0.0466,-0.02510091,0.00624621));
#3937=CARTESIAN_POINT('',(-0.0216,-0.02510091,0.00624621));
#3938=CARTESIAN_POINT('',(-0.0466,-0.02510091,0.003873105));
#3939=CARTESIAN_POINT('',(-0.06825,-0.02510091,0.0475));
#3940=CARTESIAN_POINT('',(-0.06825,-0.02510091,0.0846458980337502));
#3941=CARTESIAN_POINT('',(-0.06525,-0.02510091,0.088));
#3942=CARTESIAN_POINT('',(0.06425,-0.02510091,0.08725));
#3943=CARTESIAN_POINT('',(0.06425,-0.02510091,0.086));
#3944=CARTESIAN_POINT('',(0.06425,-0.02510091,0.086));
#3945=CARTESIAN_POINT('',(0.06825,-0.02510091,0.086));
#3946=CARTESIAN_POINT('',(0.06825,-0.02510091,0.08725));
#3947=CARTESIAN_POINT('',(0.08525,-0.02510091,0.0475));
#3948=CARTESIAN_POINT('',(0.08525,-0.02510091,0.016));
#3949=CARTESIAN_POINT('',(0.08525,-0.02510091,0.016));
#3950=CARTESIAN_POINT('',(0.06425,-0.02510091,0.016));
#3951=CARTESIAN_POINT('',(0.06425,-0.02510091,0.0475));
#3952=CARTESIAN_POINT('',(0.06425,-0.02510091,0.011387482193696));
#3953=CARTESIAN_POINT('',(0.06525,-0.02510091,0.007));
#3954=CARTESIAN_POINT('',(0.0248915268851221,-0.02510091,0.00625));
#3955=CARTESIAN_POINT('',(0.0248915268851221,-0.02510091,0.0085));
#3956=CARTESIAN_POINT('',(0.0203915268851221,-0.02510091,0.0085));
#3957=CARTESIAN_POINT('',(0.0158915268851221,-0.02510091,0.0085));
#3958=CARTESIAN_POINT('',(0.015891526885122,-0.02510091,0.00625));
#3959=CARTESIAN_POINT('',(-0.0216,-0.02510091,0.00387310499999995));
#3960=CARTESIAN_POINT('',(-0.0598,-0.02510091,0.02124621));
#3961=CARTESIAN_POINT('',(-0.0598,-0.02510091,0.01674621));
#3962=CARTESIAN_POINT('',(-0.045,-0.02510091,0.04979586));
#3963=CARTESIAN_POINT('',(-0.0417382200310851,-0.02510091,0.0485266904154346));
#3964=CARTESIAN_POINT('',(-0.0448721342963768,-0.02510091,0.0532935235575533));
#3965=CARTESIAN_POINT('',(-0.0417382200310824,-0.02510091,0.0485266904154336));
#3966=CARTESIAN_POINT('',(-0.0410370184673533,-0.02510091,0.0478075461601344));
#3967=CARTESIAN_POINT('',(-0.0395281483922496,-0.02510091,0.046534725332672));
#3968=CARTESIAN_POINT('',(-0.0368921850463107,-0.02510091,0.0451008888987423));
#3969=CARTESIAN_POINT('',(-0.0340433356381281,-0.02510091,0.0442054719985095));
#3970=CARTESIAN_POINT('',(-0.0310649018154489,-0.02510091,0.0439040952650095));
#3971=CARTESIAN_POINT('',(-0.028088363805114,-0.02510091,0.0441790081507493));
#3972=CARTESIAN_POINT('',(-0.0252277595473902,-0.02510091,0.0450505918501062));
#3973=CARTESIAN_POINT('',(-0.0225821718948196,-0.02510091,0.0464599091136997));
#3974=CARTESIAN_POINT('',(-0.0210612778741597,-0.02510091,0.0477202154484996));
#3975=CARTESIAN_POINT('',(-0.0203532480776251,-0.02510091,0.0484337029515356));
#3976=CARTESIAN_POINT('',(-0.0203532480317489,-0.02510091,0.0484337029852551));
#3977=CARTESIAN_POINT('',(-0.0185,-0.02510091,0.04979586));
#3978=CARTESIAN_POINT('',(-0.0177498831902254,-0.02510091,0.0519701011944615));
#3979=CARTESIAN_POINT('',(-0.0177498831902254,-0.02510091,0.0519701011944615));
#3980=CARTESIAN_POINT('',(-0.0165312338537114,-0.02510091,0.054264395763397));
#3981=CARTESIAN_POINT('',(-0.0156282809839403,-0.02510091,0.0581604469075877));
#3982=CARTESIAN_POINT('',(-0.0164627953289146,-0.02510091,0.0633234108662448));
#3983=CARTESIAN_POINT('',(-0.0175151792216779,-0.02510091,0.065696519512617));
#3984=CARTESIAN_POINT('',(-0.0181941324463256,-0.02510091,0.066809250613458));
#3985=CARTESIAN_POINT('',(-0.0181941324460099,-0.02510091,0.0668092506098594));
#3986=CARTESIAN_POINT('',(-0.0185,-0.02510091,0.07029586));
#3987=CARTESIAN_POINT('',(-0.0219379051008876,-0.02510091,0.0709522200515656));
#3988=CARTESIAN_POINT('',(-0.0219379051008866,-0.02510091,0.0709522200515654));
#3989=CARTESIAN_POINT('',(-0.0233810302006764,-0.02510091,0.0720455956564354));
#3990=CARTESIAN_POINT('',(-0.0257824820403272,-0.02510091,0.0732594178988452));
#3991=CARTESIAN_POINT('',(-0.0293119306754169,-0.02510091,0.0739883752154445));
#3992=CARTESIAN_POINT('',(-0.0328901872264195,-0.02510091,0.0740657434614888));
#3993=CARTESIAN_POINT('',(-0.0364133018594785,-0.02510091,0.0731895347321425));
#3994=CARTESIAN_POINT('',(-0.0395486498350032,-0.02510091,0.0714254523691459));
#3995=CARTESIAN_POINT('',(-0.0409183554586753,-0.02510091,0.0702889046395172));
#3996=CARTESIAN_POINT('',(-0.0415594422471204,-0.02510091,0.0696535498601908));
#3997=CARTESIAN_POINT('',(-0.0415594422424302,-0.02510091,0.0696535498593152));
#3998=CARTESIAN_POINT('',(-0.045,-0.02510091,0.07029586));
#3999=CARTESIAN_POINT('',(-0.0436434561352634,-0.02510091,0.0670694395774503));
#4000=CARTESIAN_POINT('',(-0.0436434561509379,-0.02510091,0.0670694396147307));
#4001=CARTESIAN_POINT('',(-0.0449422057970758,-0.02510091,0.0650351174588656));
#4002=CARTESIAN_POINT('',(-0.0465168614897611,-0.02510091,0.0603888419874602));
#4003=CARTESIAN_POINT('',(-0.0457853542020632,-0.02510091,0.05551370254863));
#4004=CARTESIAN_POINT('',(-0.0448721342963308,-0.02510091,0.0532935235588103));
#4005=CARTESIAN_POINT('',(0.0185,-0.02510091,0.04770414));
#4006=CARTESIAN_POINT('',(0.02193790510067,-0.02510091,0.047047779947295));
#4007=CARTESIAN_POINT('',(0.0181941324442032,-0.02510091,0.0511907493899821));
#4008=CARTESIAN_POINT('',(0.0219379051029748,-0.02510091,0.047047779946855));
#4009=CARTESIAN_POINT('',(0.023381030202275,-0.02510091,0.045954404342752));
#4010=CARTESIAN_POINT('',(0.0257824820406117,-0.02510091,0.0447405821012225));
#4011=CARTESIAN_POINT('',(0.0293119306740827,-0.02510091,0.0440116247848049));
#4012=CARTESIAN_POINT('',(0.0328901872230057,-0.02510091,0.0439342565382759));
#4013=CARTESIAN_POINT('',(0.0364133018546378,-0.02510091,0.0448104652662383));
#4014=CARTESIAN_POINT('',(0.0395486498290624,-0.02510091,0.0465745476268548));
#4015=CARTESIAN_POINT('',(0.0409183554526941,-0.02510091,0.0477110953552679));
#4016=CARTESIAN_POINT('',(0.0415594422412129,-0.02510091,0.0483464501339545));
#4017=CARTESIAN_POINT('',(0.0415594422411751,-0.02510091,0.0483464501339615));
#4018=CARTESIAN_POINT('',(0.045,-0.02510091,0.04770414));
#4019=CARTESIAN_POINT('',(0.0436434561892224,-0.02510091,0.0509305604452366));
#4020=CARTESIAN_POINT('',(0.0436434561892225,-0.02510091,0.0509305604452365));
#4021=CARTESIAN_POINT('',(0.0449422058191095,-0.02510091,0.0529648825967888));
#4022=CARTESIAN_POINT('',(0.0465168614876289,-0.02510091,0.0576111580507956));
#4023=CARTESIAN_POINT('',(0.0457853541972399,-0.02510091,0.0624862974636725));
#4024=CARTESIAN_POINT('',(0.0448721342958055,-0.02510091,0.0647064764424667));
#4025=CARTESIAN_POINT('',(0.0448721342958055,-0.02510091,0.0647064764424667));
#4026=CARTESIAN_POINT('',(0.045,-0.02510091,0.06820414));
#4027=CARTESIAN_POINT('',(0.0417382200310839,-0.02510091,0.0694733095845642));
#4028=CARTESIAN_POINT('',(0.0417382200310839,-0.02510091,0.0694733095845643));
#4029=CARTESIAN_POINT('',(0.0410370184680534,-0.02510091,0.0701924538391502));
#4030=CARTESIAN_POINT('',(0.0395281483945069,-0.02510091,0.0714652746655317));
#4031=CARTESIAN_POINT('',(0.0368921850515136,-0.02510091,0.072899111098854));
#4032=CARTESIAN_POINT('',(0.034043335646499,-0.02510091,0.0737945279995616));
#4033=CARTESIAN_POINT('',(0.0310649018268901,-0.02510091,0.07409590473476));
#4034=CARTESIAN_POINT('',(0.0280883638192658,-0.02510091,0.0738209918518006));
#4035=CARTESIAN_POINT('',(0.0252277595632788,-0.02510091,0.0729494081562732));
#4036=CARTESIAN_POINT('',(0.0225821719117519,-0.02510091,0.0715400908974022));
#4037=CARTESIAN_POINT('',(0.0210612778906444,-0.02510091,0.0702797845659194));
#4038=CARTESIAN_POINT('',(0.0203532480936569,-0.02510091,0.0695662970646197));
#4039=CARTESIAN_POINT('',(0.0203532480296626,-0.02510091,0.0695662970175833));
#4040=CARTESIAN_POINT('',(0.0185,-0.02510091,0.06820414));
#4041=CARTESIAN_POINT('',(0.0177498831902262,-0.02510091,0.0660298988055381));
#4042=CARTESIAN_POINT('',(0.0177498831902262,-0.02510091,0.0660298988055382));
#4043=CARTESIAN_POINT('',(0.0165312338540051,-0.02510091,0.0637356042371555));
#4044=CARTESIAN_POINT('',(0.0156282809842498,-0.02510091,0.0598395530941865));
#4045=CARTESIAN_POINT('',(0.0164627953281151,-0.02510091,0.054676589136748));
#4046=CARTESIAN_POINT('',(0.0175151792200177,-0.02510091,0.0523034804907867));
#4047=CARTESIAN_POINT('',(0.018194132444199,-0.02510091,0.0511907493900303));
#4048=CARTESIAN_POINT('',(0.0203915268851221,-0.02510091,0.03399242));
#4049=CARTESIAN_POINT('',(0.0203915268851221,-0.02510091,0.02949242));
#4050=CARTESIAN_POINT('',(-0.025,0.012,0.095));
#4051=CARTESIAN_POINT('',(0.06425,0.012,0.086));
#4052=CARTESIAN_POINT('',(0.06425,0.012,0.086));
#4053=CARTESIAN_POINT('',(0.06425,0.012,0.095));
#4054=CARTESIAN_POINT('',(-0.0232007797052312,0.012,0.078));
#4055=CARTESIAN_POINT('',(-0.0232008609399227,0.012,0.093));
#4056=CARTESIAN_POINT('',(-0.0232009421746143,0.012,0.093));
#4057=CARTESIAN_POINT('',(-0.0232009421746143,0.012,0.0943333333326105));
#4058=CARTESIAN_POINT('',(-0.0225311051304768,0.012,0.0949999999992772));
#4059=CARTESIAN_POINT('',(-0.0211914310422019,0.012,0.095));
#4060=CARTESIAN_POINT('',(0.0791042950301182,0.012,0.095));
#4061=CARTESIAN_POINT('',(0.0831719049814774,0.012,0.095));
#4062=CARTESIAN_POINT('',(0.0870968689325799,0.012,0.0942516212784655));
#4063=CARTESIAN_POINT('',(0.0908791868834256,0.012,0.0927548638353964));
#4064=CARTESIAN_POINT('',(0.09087918688349,0.0120004999999649,0.0927548638355594));
#4065=CARTESIAN_POINT('',(0.0908791868835286,0.012,0.0927548638356571));
#4066=CARTESIAN_POINT('',(0.0930160681601484,0.012,0.0919092565537836));
#4067=CARTESIAN_POINT('',(0.0953367844164796,0.012,0.0912334618891087));
#4068=CARTESIAN_POINT('',(0.0978413356525225,0.012,0.0907274798416325));
#4069=CARTESIAN_POINT('',(0.0978413356525225,0.012,0.0907274798416325));
#4070=CARTESIAN_POINT('',(0.0978413208921488,0.012,0.0907274067799164));
#4071=CARTESIAN_POINT('',(0.0969624194199518,0.012,0.0909049669512865));
#4072=CARTESIAN_POINT('',(0.0960835279105756,0.012,0.091082576525293));
#4073=CARTESIAN_POINT('',(0.0952052267932714,0.012,0.0912630771696588));
#4074=CARTESIAN_POINT('',(0.0952052267932715,0.012,0.0912630771696588));
#4075=CARTESIAN_POINT('',(0.0952052267932714,0.012,0.0912630771696588));
#4076=CARTESIAN_POINT('',(0.0949098933315958,0.012,0.0912607512924702));
#4077=CARTESIAN_POINT('',(0.0942252885415288,0.012,0.0912524039250999));
#4078=CARTESIAN_POINT('',(0.0929205297754236,0.012,0.0912289182074923));
#4079=CARTESIAN_POINT('',(0.0915917827716413,0.012,0.0911999041229583));
#4080=CARTESIAN_POINT('',(0.0904057074546848,0.012,0.0911716992117632));
#4081=CARTESIAN_POINT('',(0.0890636226377738,0.012,0.0911378846528847));
#4082=CARTESIAN_POINT('',(0.0879391937532199,0.012,0.0911095832791641));
#4083=CARTESIAN_POINT('',(0.0871610720676657,0.012,0.0910912622785627));
#4084=CARTESIAN_POINT('',(0.0868287257853838,0.012,0.091083711453959));
#4085=CARTESIAN_POINT('',(0.0866437865544687,0.012,0.091079627080307));
#4086=CARTESIAN_POINT('',(0.0865397548104813,0.012,0.0910773678495485));
#4087=CARTESIAN_POINT('',(0.0863384096381744,0.012,0.0910730806336461));
#4088=CARTESIAN_POINT('',(0.0861038789796793,0.012,0.0910681627518032));
#4089=CARTESIAN_POINT('',(0.0856777651308438,0.012,0.0910594113828393));
#4090=CARTESIAN_POINT('',(0.0850761932154401,0.012,0.0910476022813513));
#4091=CARTESIAN_POINT('',(0.0844757872544645,0.012,0.0910365559251638));
#4092=CARTESIAN_POINT('',(0.0839868848773033,0.012,0.09102794022996));
#4093=CARTESIAN_POINT('',(0.08364520415122,0.012,0.0910223113384935));
#4094=CARTESIAN_POINT('',(0.0832078032050441,0.012,0.0910145433633117));
#4095=CARTESIAN_POINT('',(0.0826701905850571,0.012,0.09100292899627));
#4096=CARTESIAN_POINT('',(0.0817378560485935,0.012,0.0909782673607006));
#4097=CARTESIAN_POINT('',(0.0804882721350064,0.012,0.0909313007789764));
#4098=CARTESIAN_POINT('',(0.0793279383791581,0.012,0.0908680440576247));
#4099=CARTESIAN_POINT('',(0.0785749486514393,0.012,0.0908161436422489));
#4100=CARTESIAN_POINT('',(0.0781467449414553,0.012,0.090782989532394));
#4101=CARTESIAN_POINT('',(0.0778676430044896,0.012,0.0907600675614851));
#4102=CARTESIAN_POINT('',(0.0774627703367326,0.012,0.0907239702272835));
#4103=CARTESIAN_POINT('',(0.0769715682834248,0.012,0.0906758749307876));
#4104=CARTESIAN_POINT('',(0.0761009637131186,0.012,0.0905805170714735));
#4105=CARTESIAN_POINT('',(0.0748964611784097,0.012,0.0904180656035133));
#4106=CARTESIAN_POINT('',(0.0734916032112921,0.012,0.0901793556149639));
#4107=CARTESIAN_POINT('',(0.0725860984053552,0.012,0.0899913652954269));
#4108=CARTESIAN_POINT('',(0.072140776368551,0.012,0.08989013017963));
#4109=CARTESIAN_POINT('',(0.0721407763686446,0.012,0.08989013017963));
#4110=CARTESIAN_POINT('',(0.0721407763686446,0.012,0.095));
#4111=CARTESIAN_POINT('',(0.0721408481849119,0.0120000010278679,0.000445275157473756));
#4112=CARTESIAN_POINT('',(0.0721407763686446,0.012,0.095));
#4113=CARTESIAN_POINT('',(0.0721407763686446,0.012,0.));
#4114=CARTESIAN_POINT('',(-0.025,0.012,0.));
#4115=CARTESIAN_POINT('',(-0.0721407763686446,0.012,0.));
#4116=CARTESIAN_POINT('',(-0.0721407763686446,0.012,0.095));
#4117=CARTESIAN_POINT('',(-0.0721408654616949,0.0120000033360329,0.000444469920590287));
#4118=CARTESIAN_POINT('',(-0.0721407763686446,0.012,0.095));
#4119=CARTESIAN_POINT('',(-0.0721407763686442,0.012,0.0898901301796585));
#4120=CARTESIAN_POINT('',(-0.0721407763686442,0.012,0.0898901301796585));
#4121=CARTESIAN_POINT('',(-0.0725859959515213,0.012,0.0899913420045783));
#4122=CARTESIAN_POINT('',(-0.0734912758299102,0.012,0.0901792912638247));
#4123=CARTESIAN_POINT('',(-0.0748963776834462,0.012,0.0904180113521297));
#4124=CARTESIAN_POINT('',(-0.0760999645128985,0.012,0.0905803931638755));
#4125=CARTESIAN_POINT('',(-0.0769724270774143,0.012,0.0906759265686038));
#4126=CARTESIAN_POINT('',(-0.0774609154804833,0.012,0.0907238003832296));
#4127=CARTESIAN_POINT('',(-0.0778744514650891,0.012,0.0907606525531163));
#4128=CARTESIAN_POINT('',(-0.0781213678263474,0.012,0.0907808195704992));
#4129=CARTESIAN_POINT('',(-0.0785260581954659,0.012,0.09081196485443));
#4130=CARTESIAN_POINT('',(-0.0792414293041364,0.012,0.0908606508194095));
#4131=CARTESIAN_POINT('',(-0.0803827286277729,0.012,0.0909222654340848));
#4132=CARTESIAN_POINT('',(-0.081651347822548,0.012,0.090970912180941));
#4133=CARTESIAN_POINT('',(-0.0826212993098729,0.012,0.0909986950053677));
#4134=CARTESIAN_POINT('',(-0.0831824281959966,0.012,0.0910124704530961));
#4135=CARTESIAN_POINT('',(-0.0836520059226907,0.012,0.0910225251895094));
#4136=CARTESIAN_POINT('',(-0.0839850565540458,0.012,0.0910291578129269));
#4137=CARTESIAN_POINT('',(-0.0844769009306876,0.012,0.091038985835815));
#4138=CARTESIAN_POINT('',(-0.0850747336471847,0.012,0.0910505493710356));
#4139=CARTESIAN_POINT('',(-0.0856807723143024,0.012,0.0910618753851733));
#4140=CARTESIAN_POINT('',(-0.0860996730260224,0.012,0.0910694824478415));
#4141=CARTESIAN_POINT('',(-0.0863149683076233,0.012,0.091073333179224));
#4142=CARTESIAN_POINT('',(-0.0864287379194155,0.012,0.091075356598084));
#4143=CARTESIAN_POINT('',(-0.0865401652903995,0.012,0.0910773206922798));
#4144=CARTESIAN_POINT('',(-0.0865518210449932,0.012,0.0910775398448491));
#4145=CARTESIAN_POINT('',(-0.086608351946659,0.012,0.0910786114019505));
#4146=CARTESIAN_POINT('',(-0.0867033426748832,0.012,0.0910805416682078));
#4147=CARTESIAN_POINT('',(-0.0868846350959643,0.012,0.0910844711735318));
#4148=CARTESIAN_POINT('',(-0.0871572232453201,0.012,0.0910907414030256));
#4149=CARTESIAN_POINT('',(-0.087600767516409,0.012,0.0911012977945317));
#4150=CARTESIAN_POINT('',(-0.0881600073465195,0.012,0.0911150510825709));
#4151=CARTESIAN_POINT('',(-0.0887566094349475,0.012,0.0911300379304751));
#4152=CARTESIAN_POINT('',(-0.0891206643719583,0.012,0.0911392477340272));
#4153=CARTESIAN_POINT('',(-0.0895278803876747,0.012,0.0911496198936351));
#4154=CARTESIAN_POINT('',(-0.0899049962692748,0.012,0.0911591485145933));
#4155=CARTESIAN_POINT('',(-0.0905525075240251,0.012,0.0911751509330199));
#4156=CARTESIAN_POINT('',(-0.0915928426203925,0.012,0.0911999573804222));
#4157=CARTESIAN_POINT('',(-0.0929201786765218,0.012,0.0912289001248416));
#4158=CARTESIAN_POINT('',(-0.0942253980762743,0.012,0.091252409175269));
#4159=CARTESIAN_POINT('',(-0.0949098968126856,0.012,0.0912607513226199));
#4160=CARTESIAN_POINT('',(-0.0952052280443428,0.012,0.0912630771795354));
#4161=CARTESIAN_POINT('',(-0.0952052280443428,0.012,0.0912630771795354));
#4162=CARTESIAN_POINT('',(-0.0952052280443428,0.012,0.0912630771795354));
#4163=CARTESIAN_POINT('',(-0.0960835283666599,0.012,0.091082576659826));
#4164=CARTESIAN_POINT('',(-0.0969624183063933,0.012,0.090904967238072));
#4165=CARTESIAN_POINT('',(-0.0978413182850761,0.012,0.090727407316598));
#4166=CARTESIAN_POINT('',(-0.0978413330434793,0.012,0.0907274803687246));
#4167=CARTESIAN_POINT('',(-0.0978413330434793,0.012,0.0907274803687245));
#4168=CARTESIAN_POINT('',(-0.0953367828048098,0.012,0.0912334623584304));
#4169=CARTESIAN_POINT('',(-0.0930160674181789,0.012,0.0919092568474003));
#4170=CARTESIAN_POINT('',(-0.0908791868835863,0.012,0.0927548638356343));
#4171=CARTESIAN_POINT('',(-0.0908791868835476,0.0120004999999649,0.0927548638355366));
#4172=CARTESIAN_POINT('',(-0.0908791868834831,0.012,0.0927548638353736));
#4173=CARTESIAN_POINT('',(-0.087096868932558,0.012,0.0942516212784579));
#4174=CARTESIAN_POINT('',(-0.083171904981477,0.012,0.095));
#4175=CARTESIAN_POINT('',(-0.0791042950302399,0.012,0.095));
#4176=CARTESIAN_POINT('',(-0.0421537116635035,0.012,0.095));
#4177=CARTESIAN_POINT('',(-0.0408140375737793,0.012,0.095));
#4178=CARTESIAN_POINT('',(-0.0401442005289172,0.012,0.0943333333333333));
#4179=CARTESIAN_POINT('',(-0.0401442005289172,0.012,0.093));
#4180=CARTESIAN_POINT('',(-0.040144282921224,0.0120000096279045,0.093));
#4181=CARTESIAN_POINT('',(-0.0401443629983003,0.012,0.078));
#4182=CARTESIAN_POINT('',(-0.06525,0.012,0.088));
#4183=CARTESIAN_POINT('',(-0.06825,0.012,0.0846458980337502));
#4184=CARTESIAN_POINT('',(-0.06825,0.012,0.095));
#4185=CARTESIAN_POINT('',(0.06525,0.012,0.007));
#4186=CARTESIAN_POINT('',(0.06425,0.012,0.011387482193696));
#4187=CARTESIAN_POINT('',(0.06425,0.012,0.095));
#4188=CARTESIAN_POINT('',(0.06425,0.012,0.016));
#4189=CARTESIAN_POINT('',(0.06425,0.012,0.016));
#4190=CARTESIAN_POINT('',(0.06525,0.012,0.007));
#4191=CARTESIAN_POINT('',(0.06225,0.012,0.007));
#4192=CARTESIAN_POINT('',(-0.06525,0.012,0.088));
#4193=CARTESIAN_POINT('',(-0.06825,0.012,0.088));
#4194=CARTESIAN_POINT('',(1.38777878078145E-17,-0.02510091,0.0475));
#4195=CARTESIAN_POINT('',(-0.06525,-0.02510091,0.088));
#4196=CARTESIAN_POINT('',(-0.06525,-0.02510091,0.091));
#4197=CARTESIAN_POINT('',(-0.06825,-0.00914314674568273,0.095));
#4198=CARTESIAN_POINT('',(-0.06825,0.012002,0.0846458980337502));
#4199=CARTESIAN_POINT('',(1.38777878078145E-17,-0.02510091,0.0475));
#4200=CARTESIAN_POINT('',(0.06525,-0.02510091,0.007));
#4201=CARTESIAN_POINT('',(0.06525,-0.02510091,0.01));
#4202=CARTESIAN_POINT('',(-0.025,0.012,0.095));
#4203=CARTESIAN_POINT('',(0.0975739908449581,0.012,0.0516526827759289));
#4204=CARTESIAN_POINT('',(0.0992693777120527,0.011999998964799,0.0902075098657435));
#4205=CARTESIAN_POINT('',(0.0999826744074052,0.0120004999999987,0.0901693761642048));
#4206=CARTESIAN_POINT('',(0.0992690352591725,0.012,0.0902071067287697));
#4207=CARTESIAN_POINT('',(0.0988754834512332,0.012,0.0905414172953302));
#4208=CARTESIAN_POINT('',(0.0983434083364721,0.012,0.0906259725060209));
#4209=CARTESIAN_POINT('',(0.0978413208922181,0.012,0.0907274067799025));
#4210=CARTESIAN_POINT('',(0.0978413356525225,0.012,0.0907274798416325));
#4211=CARTESIAN_POINT('',(0.0983472669729862,0.012,0.0906252690496444));
#4212=CARTESIAN_POINT('',(0.0988606998509448,0.012,0.0905299876195944));
#4213=CARTESIAN_POINT('',(0.0993816342863984,0.012,0.0904416355514823));
#4214=CARTESIAN_POINT('',(0.0993816337764081,0.0120004984750915,0.0904416325446079));
#4215=CARTESIAN_POINT('',(0.0993816322464372,0.012,0.0904416235239848));
#4216=CARTESIAN_POINT('',(0.0996268760286722,0.012,0.0904000382120258));
#4217=CARTESIAN_POINT('',(0.0998272234156611,0.012,0.0903092890920993));
#4218=CARTESIAN_POINT('',(0.099982674407404,0.012,0.0901693761642051));
#4219=CARTESIAN_POINT('',(0.0972913691021618,0.013645164465017,0.0902605782178622));
#4220=CARTESIAN_POINT('',(0.0972913691021618,0.0129999999999985,0.0902605782178622));
#4221=CARTESIAN_POINT('',(0.0953639885563953,0.013645164465017,0.0902835885770283));
#4222=CARTESIAN_POINT('',(0.0953639885563953,0.0129999999999985,0.0902835885770283));
#4223=CARTESIAN_POINT('',(0.0921228872109505,0.013645164465017,0.090219640987262));
#4224=CARTESIAN_POINT('',(0.0921228872109505,0.0129999999999985,0.090219640987262));
#4225=CARTESIAN_POINT('',(0.087678170235959,0.013645164465017,0.090096449172059));
#4226=CARTESIAN_POINT('',(0.087678170235959,0.0129999999999985,0.090096449172059));
#4227=CARTESIAN_POINT('',(0.083374662405355,0.013645164465017,0.0900200191763083));
#4228=CARTESIAN_POINT('',(0.083374662405355,0.0129999999999985,0.0900200191763083));
#4229=CARTESIAN_POINT('',(0.0782836288869575,0.013645164465017,0.0899052014559806));
#4230=CARTESIAN_POINT('',(0.0782836288869575,0.0129999999999985,0.0899052014559806));
#4231=CARTESIAN_POINT('',(0.0742279472521487,0.013645164465017,0.0893559324492651));
#4232=CARTESIAN_POINT('',(0.0742279472521487,0.0129999999999985,0.0893559324492651));
#4233=CARTESIAN_POINT('',(0.0721407763686446,0.013645164465017,0.0888632380287212));
#4234=CARTESIAN_POINT('',(0.0721407763686446,0.0129999999999985,0.0888632380287212));
#4235=CARTESIAN_POINT('',(0.0721407763686446,0.0318814,0.0888632380287212));
#4236=CARTESIAN_POINT('',(0.0721407763686446,0.0131461159114915,0.0888632380287212));
#4237=CARTESIAN_POINT('',(0.0721406816035625,0.013,0.0888636472019495));
#4238=CARTESIAN_POINT('',(0.0721407798235085,0.013,0.088863238844271));
#4239=CARTESIAN_POINT('',(0.0742155020179145,0.0129999999999999,0.0893529944218387));
#4240=CARTESIAN_POINT('',(0.0782475740767968,0.0129999999999996,0.0899014970501576));
#4241=CARTESIAN_POINT('',(0.0833075176444309,0.0129999999999993,0.0900194389086813));
#4242=CARTESIAN_POINT('',(0.0875797842574559,0.0129999999999991,0.090094041854044));
#4243=CARTESIAN_POINT('',(0.0919967980597293,0.0129999999999988,0.090216137803043));
#4244=CARTESIAN_POINT('',(0.0952261309793083,0.0129999999999986,0.0902818700371166));
#4245=CARTESIAN_POINT('',(0.0971530276163631,0.0129999999999985,0.0902621125457999));
#4246=CARTESIAN_POINT('',(0.0971529968396531,0.0129998313982581,0.0902618770844303));
#4247=CARTESIAN_POINT('',(0.0971530273816315,0.0130000000396377,0.0902621125482068));
#4248=CARTESIAN_POINT('',(0.09680398117805,0.013057835242209,0.0902656915027372));
#4249=CARTESIAN_POINT('',(0.0964266966534155,0.0130869126786467,0.0902673605125717));
#4250=CARTESIAN_POINT('',(0.0960199469846661,0.0130872323489507,0.0902667702915221));
#4251=CARTESIAN_POINT('',(0.0960199473005323,0.0130872095028682,0.0902667692777258));
#4252=CARTESIAN_POINT('',(0.0960199469460808,0.0130871855056595,0.0902667702914662));
#4253=CARTESIAN_POINT('',(0.0942718339592167,0.0130886254549425,0.0902642336616803));
#4254=CARTESIAN_POINT('',(0.0907744108474493,0.0131355781817856,0.0901815310156383));
#4255=CARTESIAN_POINT('',(0.0837815127578236,0.0132362659615478,0.0900040744759398));
#4256=CARTESIAN_POINT('',(0.0785307716925059,0.0132678669413554,0.0899486456550426));
#4257=CARTESIAN_POINT('',(0.0750916917536108,0.0135618306525336,0.0894302342771026));
#4258=CARTESIAN_POINT('',(0.0750917466796249,0.0135628333049952,0.0894302425566424));
#4259=CARTESIAN_POINT('',(0.075091801605639,0.0135638359574569,0.0894302508361821));
#4260=CARTESIAN_POINT('',(0.0738810420803012,0.013667143435012,0.0892477428522398));
#4261=CARTESIAN_POINT('',(0.0728948623251194,0.0135279034196902,0.0890412464257825));
#4262=CARTESIAN_POINT('',(0.0721407763686446,0.0131461159114915,0.0888632380287212));
#4263=CARTESIAN_POINT('',(-0.0735329384804315,-0.0288708635090162,0.0910000000000019));
#4264=CARTESIAN_POINT('',(-0.0735329384804315,-0.0288708635090162,0.0149999999999936));
#4265=CARTESIAN_POINT('',(-0.0721970553913543,-0.0291104082794198,0.0910000000000019));
#4266=CARTESIAN_POINT('',(-0.0721970553913543,-0.0291104082794198,0.0149999999999936));
#4267=CARTESIAN_POINT('',(-0.0695203334394652,-0.0295849498910193,0.091000000000002));
#4268=CARTESIAN_POINT('',(-0.0695203334394652,-0.0295849498910193,0.0149999999999936));
#4269=CARTESIAN_POINT('',(-0.0639964898804714,-0.0303823635646991,0.0910000000000019));
#4270=CARTESIAN_POINT('',(-0.0639964898804714,-0.0303823635646991,0.0149999999999936));
#4271=CARTESIAN_POINT('',(-0.0539807476599839,-0.0314741755850922,0.0910000000000019));
#4272=CARTESIAN_POINT('',(-0.0539807476599839,-0.0314741755850922,0.0149999999999936));
#4273=CARTESIAN_POINT('',(-0.0387866959110807,-0.0323001152244747,0.0910000000000019));
#4274=CARTESIAN_POINT('',(-0.0387866959110807,-0.0323001152244747,0.0149999999999936));
#4275=CARTESIAN_POINT('',(-0.0196223176018675,-0.0326621989294127,0.0910000000000019));
#4276=CARTESIAN_POINT('',(-0.0196223176018675,-0.0326621989294127,0.0149999999999936));
#4277=CARTESIAN_POINT('',(-0.00653911830475314,-0.0328387098432192,0.0910000000000019));
#4278=CARTESIAN_POINT('',(-0.00653911830475314,-0.0328387098432192,0.0149999999999936));
#4279=CARTESIAN_POINT('',(1.52951696307934E-17,-0.033,0.0910000000000019));
#4280=CARTESIAN_POINT('',(1.52951696307934E-17,-0.033,0.0149999999999936));
#4281=CARTESIAN_POINT('',(-0.0341084660906236,-0.0323434593368388,0.0738015482778209));
#4282=CARTESIAN_POINT('',(-0.0301642804124086,-0.0324473726497094,0.0741883757512485));
#4283=CARTESIAN_POINT('',(-0.0262877847692812,-0.0325288898907947,0.0734476178079946));
#4284=CARTESIAN_POINT('',(-0.0228550335333235,-0.0325910815120984,0.0716931345693654));
#4285=CARTESIAN_POINT('',(-0.0205492084679968,-0.0326298742955815,0.0698595255551668));
#4286=CARTESIAN_POINT('',(-0.0186218685387522,-0.0326608834123302,0.0676055030063418));
#4287=CARTESIAN_POINT('',(-0.0171930374819668,-0.0326833939807541,0.0650281533119095));
#4288=CARTESIAN_POINT('',(-0.0162730510672023,-0.0326977941549904,0.0622028552609538));
#4289=CARTESIAN_POINT('',(-0.0159394871592529,-0.0327030105093153,0.0592785573393365));
#4290=CARTESIAN_POINT('',(-0.0161707732242206,-0.0326993932639715,0.0563101513756971));
#4291=CARTESIAN_POINT('',(-0.0169810080718461,-0.0326867171964823,0.0534837544073628));
#4292=CARTESIAN_POINT('',(-0.0183336176634285,-0.0326654462314896,0.0508246617914987));
#4293=CARTESIAN_POINT('',(-0.0201661838563142,-0.032636121612001,0.0485232993676256));
#4294=CARTESIAN_POINT('',(-0.0224344565277678,-0.0325983374651967,0.0465857118773634));
#4295=CARTESIAN_POINT('',(-0.0250116682009213,-0.0325523395632536,0.0451606585337038));
#4296=CARTESIAN_POINT('',(-0.027848587745375,-0.0324962926642605,0.0442394434655057));
#4297=CARTESIAN_POINT('',(-0.0307814823352113,-0.0324304514584605,0.0439079793309155));
#4298=CARTESIAN_POINT('',(-0.0337570841268637,-0.0323531501533236,0.0441415215929053));
#4299=CARTESIAN_POINT('',(-0.036594963749832,-0.0322674197155292,0.0449549641651722));
#4300=CARTESIAN_POINT('',(-0.0392625109955865,-0.032174090531966,0.0463100054574753));
#4301=CARTESIAN_POINT('',(-0.0415692367203189,-0.0320819120122628,0.0481415170049323));
#4302=CARTESIAN_POINT('',(-0.0435175745936326,-0.031994762113942,0.0504141115195139));
#4303=CARTESIAN_POINT('',(-0.0449431541661071,-0.0319250217669276,0.0529829333143451));
#4304=CARTESIAN_POINT('',(-0.0458682685207772,-0.0318769500995,0.0558172861948833));
#4305=CARTESIAN_POINT('',(-0.0461984731388967,-0.0318591926018946,0.0587392834256463));
#4306=CARTESIAN_POINT('',(-0.0459650880559995,-0.0318717724702344,0.0616969996270893));
#4307=CARTESIAN_POINT('',(-0.0451451082212811,-0.0319147330599873,0.0645319628072081));
#4308=CARTESIAN_POINT('',(-0.0437946867676444,-0.0319815964183046,0.0671716703453714));
#4309=CARTESIAN_POINT('',(-0.0419483682091997,-0.0320656601192567,0.0694807089306041));
#4310=CARTESIAN_POINT('',(-0.0396823725495951,-0.0321581358859538,0.0714099645911591));
#4311=CARTESIAN_POINT('',(-0.0370493417616117,-0.0322525575305903,0.0728633799716074));
#4312=CARTESIAN_POINT('',(-0.0341084660906236,-0.0323434593368388,0.0738015482778209));
#4313=CARTESIAN_POINT('',(-0.0301642804124086,-0.0324473726497094,0.0741883757512485));
#4314=CARTESIAN_POINT('',(-0.0262877847692812,-0.0325288898907947,0.0734476178079946));
#4315=CARTESIAN_POINT('',(-0.031,-0.0324233965789745,0.073999920256713));
#4316=CARTESIAN_POINT('',(0.,-0.033,0.095));
#4317=CARTESIAN_POINT('',(0.,-0.033,0.091));
#4318=CARTESIAN_POINT('',(-6.0263823068612E-10,-0.0329999752899037,0.0149999999999905));
#4319=CARTESIAN_POINT('',(1.52951696307934E-17,-0.033,0.091));
#4320=CARTESIAN_POINT('',(-0.00653911830475311,-0.0328387098432192,0.0910000000000002));
#4321=CARTESIAN_POINT('',(-0.0196223176018676,-0.0326621989294127,0.0910000000000005));
#4322=CARTESIAN_POINT('',(-0.0387866959110805,-0.0323001152244747,0.0910000000000009));
#4323=CARTESIAN_POINT('',(-0.0539807476599839,-0.0314741755850922,0.0910000000000013));
#4324=CARTESIAN_POINT('',(-0.0639964898804713,-0.0303823635646991,0.0910000000000016));
#4325=CARTESIAN_POINT('',(-0.0695203334394652,-0.0295849498910193,0.0910000000000017));
#4326=CARTESIAN_POINT('',(-0.0721970553913541,-0.0291104082794198,0.0910000000000018));
#4327=CARTESIAN_POINT('',(-0.0735329384804313,-0.0288708635090162,0.0910000000000018));
#4328=CARTESIAN_POINT('',(-0.0735329384813447,-0.0288708635088524,0.0910000000000019));
#4329=CARTESIAN_POINT('',(-0.0735329384822579,-0.0288708635086887,0.0475));
#4330=CARTESIAN_POINT('',(-0.0735329384813447,-0.0288708635088524,0.015));
#4331=CARTESIAN_POINT('',(-0.0735329384804313,-0.0288708635090162,0.015));
#4332=CARTESIAN_POINT('',(-0.0721970554119771,-0.0291104082757218,0.0149999999999999));
#4333=CARTESIAN_POINT('',(-0.0695203335018827,-0.0295849498804224,0.0149999999999996));
#4334=CARTESIAN_POINT('',(-0.0639964900315568,-0.030382363544788,0.014999999999999));
#4335=CARTESIAN_POINT('',(-0.0539807479762276,-0.031474175557367,0.0149999999999982));
#4336=CARTESIAN_POINT('',(-0.0387866964860321,-0.0323001152030781,0.0149999999999968));
#4337=CARTESIAN_POINT('',(-0.0196223185013901,-0.0326621989185299,0.0149999999999952));
#4338=CARTESIAN_POINT('',(-0.00653911941548981,-0.0328387098248432,0.0149999999999941));
#4339=CARTESIAN_POINT('',(-1.21138631710299E-9,-0.0329999999701207,0.0149999999999936));
#4340=CARTESIAN_POINT('',(-0.104473424658353,0.00672098704787926,-0.0828059304902926));
#4341=CARTESIAN_POINT('',(-0.104473424658353,-0.00448717508711002,-0.0828059304902926));
#4342=CARTESIAN_POINT('',(-0.100090465960744,0.00672098704787926,-0.0814345709937545));
#4343=CARTESIAN_POINT('',(-0.100090465960744,-0.00448717508711002,-0.0814345709937545));
#4344=CARTESIAN_POINT('',(-0.0953321119766281,0.00672098704787926,-0.078740942630225));
#4345=CARTESIAN_POINT('',(-0.0953321119766281,-0.00448717508711002,-0.078740942630225));
#4346=CARTESIAN_POINT('',(-0.0905128915624077,0.00672098704787926,-0.075823014367594));
#4347=CARTESIAN_POINT('',(-0.0905128915624077,-0.00448717508711002,-0.075823014367594));
#4348=CARTESIAN_POINT('',(-0.102282421592101,0.00453364085742447,-0.082027128709698));
#4349=CARTESIAN_POINT('',(-0.102686940304275,0.00426680271206545,-0.0821868977576537));
#4350=CARTESIAN_POINT('',(-0.103287797390789,0.00382671973503435,-0.082410959324434));
#4351=CARTESIAN_POINT('',(-0.103964364174579,0.00310799336256553,-0.0826428081417782));
#4352=CARTESIAN_POINT('',(-0.104361566040704,0.00243415100530398,-0.082771003749093));
#4353=CARTESIAN_POINT('',(-0.104413669745828,0.00162853078772753,-0.082787213283966));
#4354=CARTESIAN_POINT('',(-0.104086292724894,0.000913391892366446,-0.0826829243439651));
#4355=CARTESIAN_POINT('',(-0.103609919384737,0.000318923589534436,-0.0825222958355961));
#4356=CARTESIAN_POINT('',(-0.103252312473731,-2.38895826183429E-5,-0.0823945661621363));
#4357=CARTESIAN_POINT('',(-0.103068010127655,-0.000187512785150904,-0.0823268121575949));
#4358=CARTESIAN_POINT('',(-0.102282470185574,0.00453373214846571,-0.0820271479021377));
#4359=CARTESIAN_POINT('',(-0.103067807581729,-0.000187319295225063,-0.0823268922722133));
#4360=CARTESIAN_POINT('',(-0.102282518779047,0.00453382343950694,-0.0820271670945775));
#4361=CARTESIAN_POINT('',(-0.10199465849998,0.00472429678327308,-0.0819134744933692));
#4362=CARTESIAN_POINT('',(-0.101320747535496,0.00508138313966179,-0.0816391424290261));
#4363=CARTESIAN_POINT('',(-0.100225707675229,0.00546813741739198,-0.0811545889678498));
#4364=CARTESIAN_POINT('',(-0.0991943043620334,0.0057416937507369,-0.080666644864857));
#4365=CARTESIAN_POINT('',(-0.0983403848785614,0.00592914967679053,-0.0802458669544162));
#4366=CARTESIAN_POINT('',(-0.0975664505107691,0.00606988432029833,-0.0798495523431383));
#4367=CARTESIAN_POINT('',(-0.0969808204708205,0.00616168974679981,-0.0795409621345692));
#4368=CARTESIAN_POINT('',(-0.0966492946762557,0.00621016757114923,-0.079364081484669));
#4369=CARTESIAN_POINT('',(-0.0963581768899338,0.00625032657990702,-0.0792072147756271));
#4370=CARTESIAN_POINT('',(-0.0962048762135955,0.00627056528673448,-0.0791239811775563));
#4371=CARTESIAN_POINT('',(-0.0959519508313672,0.00630328109041582,-0.0789861337891964));
#4372=CARTESIAN_POINT('',(-0.0955306476314548,0.00635489289761244,-0.0787544552701472));
#4373=CARTESIAN_POINT('',(-0.0949157731130734,0.00642293803690558,-0.0784113013562453));
#4374=CARTESIAN_POINT('',(-0.0941726678172931,0.0064927057673067,-0.0779887026133463));
#4375=CARTESIAN_POINT('',(-0.0934473028390887,0.00654968663631477,-0.0775698348767135));
#4376=CARTESIAN_POINT('',(-0.0926336121957967,0.00660027115709828,-0.0770930079805576));
#4377=CARTESIAN_POINT('',(-0.0916431902155023,0.0066431361349117,-0.0765050894068136));
#4378=CARTESIAN_POINT('',(-0.090948024759541,0.0066521459768362,-0.0760864776136779));
#4379=CARTESIAN_POINT('',(-0.0905128915624077,0.0066473669430701,-0.075823014367594));
#4380=CARTESIAN_POINT('',(-0.0905128915624077,0.00664736694307005,-0.075823014367594));
#4381=CARTESIAN_POINT('',(-0.0905128915624077,0.0318814,-0.075823014367594));
#4382=CARTESIAN_POINT('',(-0.0905128915624077,-0.00442072353294999,-0.075823014367594));
#4383=CARTESIAN_POINT('',(-0.0905128915624077,-0.00442072353295,-0.075823014367594));
#4384=CARTESIAN_POINT('',(-0.0909213657681616,-0.00434719675447135,-0.0760703362012267));
#4385=CARTESIAN_POINT('',(-0.0916192662141512,-0.00420560644550824,-0.0764911659136701));
#4386=CARTESIAN_POINT('',(-0.0925922234991638,-0.00398265606457803,-0.0770682723557587));
#4387=CARTESIAN_POINT('',(-0.0931794651248167,-0.00384216558196184,-0.0774129722803192));
#4388=CARTESIAN_POINT('',(-0.0936726804736305,-0.00372086663336591,-0.0776999250758755));
#4389=CARTESIAN_POINT('',(-0.0940658905614106,-0.00362203368334803,-0.0779266672793648));
#4390=CARTESIAN_POINT('',(-0.0946166832958785,-0.00348107554195086,-0.0782417457970797));
#4391=CARTESIAN_POINT('',(-0.0952803465268203,-0.00330593640700861,-0.0786159746086217));
#4392=CARTESIAN_POINT('',(-0.095933768441053,-0.00312640617618206,-0.0789768454379397));
#4393=CARTESIAN_POINT('',(-0.0963762644770408,-0.00300107222126207,-0.0792171099887354));
#4394=CARTESIAN_POINT('',(-0.0966345819551333,-0.00292670217204311,-0.0793560380674443));
#4395=CARTESIAN_POINT('',(-0.0968045865926406,-0.00287733527628431,-0.0794470017939427));
#4396=CARTESIAN_POINT('',(-0.0970590507116326,-0.00280253783690253,-0.0795821466643853));
#4397=CARTESIAN_POINT('',(-0.0973606812123147,-0.00271253181336871,-0.0797408763728203));
#4398=CARTESIAN_POINT('',(-0.0978859765122531,-0.00255261056659575,-0.0800139667474993));
#4399=CARTESIAN_POINT('',(-0.0985809486797581,-0.0023312430018181,-0.0803656204449525));
#4400=CARTESIAN_POINT('',(-0.0992129064513404,-0.00211662552324798,-0.0806742084276518));
#4401=CARTESIAN_POINT('',(-0.0996255584581044,-0.00196862074772577,-0.0808702968875436));
#4402=CARTESIAN_POINT('',(-0.0998184457918697,-0.00189751774509785,-0.0809607696876197));
#4403=CARTESIAN_POINT('',(-0.099934807045462,-0.00185388815257918,-0.0810149264370503));
#4404=CARTESIAN_POINT('',(-0.0999969664445245,-0.00183048011719994,-0.0810437920724466));
#4405=CARTESIAN_POINT('',(-0.100149496492612,-0.00177207819100236,-0.0811141301356328));
#4406=CARTESIAN_POINT('',(-0.10031716953379,-0.00170640273223715,-0.0811907445948674));
#4407=CARTESIAN_POINT('',(-0.100617022308921,-0.00158575878394119,-0.0813262939116536));
#4408=CARTESIAN_POINT('',(-0.101012860368894,-0.0014163087362657,-0.0815009267597894));
#4409=CARTESIAN_POINT('',(-0.101452241669914,-0.00121157749117553,-0.0816889543533688));
#4410=CARTESIAN_POINT('',(-0.101985442167991,-0.00093888878095645,-0.0819102242444656));
#4411=CARTESIAN_POINT('',(-0.102556860932323,-0.000597577440452869,-0.0821363745671097));
#4412=CARTESIAN_POINT('',(-0.102913985632128,-0.000324258495014424,-0.082270189016407));
#4413=CARTESIAN_POINT('',(-0.103068008772181,-0.000187514003213297,-0.0823268116592896));
#4414=CARTESIAN_POINT('',(0.0721407763686446,0.0318814,0.0444316190143606));
#4415=CARTESIAN_POINT('',(0.0721407763686446,0.012,0.08989013017963));
#4416=CARTESIAN_POINT('',(0.0721407763686446,0.0120000000000015,0.0897530089391813));
#4417=CARTESIAN_POINT('',(0.0721407763686446,0.0120229119883229,0.0894842998705927));
#4418=CARTESIAN_POINT('',(0.0721407763686446,0.0122123454859872,0.0890984029162683));
#4419=CARTESIAN_POINT('',(0.0721407763686446,0.0125851082686767,0.0888906207211034));
#4420=CARTESIAN_POINT('',(0.0721407763686446,0.0128619167804802,0.0888641002703215));
#4421=CARTESIAN_POINT('',(0.0721407763686446,0.013,0.0888641002703273));
#4422=CARTESIAN_POINT('',(0.0721407763686446,0.0131461159114915,0.0888632380287213));
#4423=CARTESIAN_POINT('',(0.0721407763686446,0.013435062797022,0.0883384980123704));
#4424=CARTESIAN_POINT('',(0.0721407763686446,0.0139849167981018,0.087337809567115));
#4425=CARTESIAN_POINT('',(0.0721407763686446,0.0146024109681029,0.0862084125999079));
#4426=CARTESIAN_POINT('',(0.0721407763686446,0.0150540153368067,0.0853787008624162));
#4427=CARTESIAN_POINT('',(0.0721407763686446,0.015372765550906,0.0847910007707927));
#4428=CARTESIAN_POINT('',(0.0721407763686446,0.0156175527498304,0.0843379299876381));
#4429=CARTESIAN_POINT('',(0.0721407763686446,0.0158103635365879,0.0839797776596688));
#4430=CARTESIAN_POINT('',(0.0721407763686446,0.0159292763407148,0.0837584627855935));
#4431=CARTESIAN_POINT('',(0.0721407763686446,0.0161209764476096,0.0834006115036234));
#4432=CARTESIAN_POINT('',(0.0721407763686446,0.0163657155931948,0.0829420534864882));
#4433=CARTESIAN_POINT('',(0.0721407763686446,0.0167888854723381,0.082145090587247));
#4434=CARTESIAN_POINT('',(0.0721407763686446,0.0173665070102682,0.0810450662475664));
#4435=CARTESIAN_POINT('',(0.0721407763686446,0.0179127787578379,0.079987786903528));
#4436=CARTESIAN_POINT('',(0.0721407763686446,0.0182757227790233,0.0792760374608573));
#4437=CARTESIAN_POINT('',(0.0721407763686446,0.0184812396899479,0.0788700737340006));
#4438=CARTESIAN_POINT('',(0.0721407763686446,0.0186719360641758,0.0784917552321603));
#4439=CARTESIAN_POINT('',(0.0721407763686446,0.0189866260177831,0.0778623859919243));
#4440=CARTESIAN_POINT('',(0.0721407763686446,0.0194563433358481,0.0769099135785398));
#4441=CARTESIAN_POINT('',(0.0721407763686446,0.0202569979543598,0.0752540101722062));
#4442=CARTESIAN_POINT('',(0.0721407763686446,0.0210955401442553,0.0734409187381239));
#4443=CARTESIAN_POINT('',(0.0721407763686446,0.0218637018986821,0.0716950621683615));
#4444=CARTESIAN_POINT('',(0.0721407763686446,0.0224031999793731,0.070422423006814));
#4445=CARTESIAN_POINT('',(0.0721407763686446,0.0228240420110649,0.0693879357708443));
#4446=CARTESIAN_POINT('',(0.0721407763686446,0.0231399171388488,0.068585402879234));
#4447=CARTESIAN_POINT('',(0.0721407763686446,0.0233165283460003,0.0681254723285239));
#4448=CARTESIAN_POINT('',(0.0721407763686446,0.0234224114925701,0.0678456666667328));
#4449=CARTESIAN_POINT('',(0.0721407763686446,0.0235138366950309,0.0676024397088428));
#4450=CARTESIAN_POINT('',(0.0721407763686446,0.0236768040927778,0.0671636491947442));
#4451=CARTESIAN_POINT('',(0.0721407763686446,0.0239893702375086,0.0663015506363051));
#4452=CARTESIAN_POINT('',(0.0721407763686446,0.0245789242229143,0.0645911072871253));
#4453=CARTESIAN_POINT('',(0.0721407763686446,0.0253104483392248,0.0622109609593176));
#4454=CARTESIAN_POINT('',(0.0721407763686446,0.0258964640453367,0.0599108467802598));
#4455=CARTESIAN_POINT('',(0.0721407763686446,0.0262304877631868,0.0583400829627441));
#4456=CARTESIAN_POINT('',(0.0721407763686446,0.0263987997238233,0.0574589768975164));
#4457=CARTESIAN_POINT('',(0.0721407763686446,0.0264965238576664,0.0569026922917269));
#4458=CARTESIAN_POINT('',(0.0721407763686446,0.0265654698653035,0.0564849505726615));
#4459=CARTESIAN_POINT('',(0.0721407763686446,0.0266471760085909,0.0559640242730977));
#4460=CARTESIAN_POINT('',(0.0721407763686446,0.0267700343821581,0.0551064318124828));
#4461=CARTESIAN_POINT('',(0.0721407763686446,0.0269732317155164,0.053376294827838));
#4462=CARTESIAN_POINT('',(0.0721407763686446,0.0271228158141934,0.0509860154652885));
#4463=CARTESIAN_POINT('',(0.0721407763686446,0.0270892958194318,0.0486480619612019));
#4464=CARTESIAN_POINT('',(0.0721407763686446,0.0269699174263801,0.0469523072392163));
#4465=CARTESIAN_POINT('',(0.0721407763686446,0.0268735559820977,0.0459685349481502));
#4466=CARTESIAN_POINT('',(0.0721407763686446,0.026803432957321,0.0453598490668807));
#4467=CARTESIAN_POINT('',(0.0721407763686446,0.0267368851624896,0.044843842683206));
#4468=CARTESIAN_POINT('',(0.0721407763686446,0.0266788137924076,0.0444211918183469));
#4469=CARTESIAN_POINT('',(0.0721407763686446,0.0265711305058685,0.0436934493181521));
#4470=CARTESIAN_POINT('',(0.0721407763686446,0.0263156627587419,0.0421814952315818));
#4471=CARTESIAN_POINT('',(0.0721407763686446,0.0259385750431645,0.0403672423779787));
#4472=CARTESIAN_POINT('',(0.0721407763686446,0.0254748914215109,0.0384573037449429));
#4473=CARTESIAN_POINT('',(0.0721407763686446,0.0250842414522165,0.03697907457835));
#4474=CARTESIAN_POINT('',(0.0721407763686446,0.0247222947559129,0.0357068156224463));
#4475=CARTESIAN_POINT('',(0.0721407763686446,0.0244122866421746,0.0346691465958783));
#4476=CARTESIAN_POINT('',(0.0721407763686446,0.0242070694180877,0.0340031383807141));
#4477=CARTESIAN_POINT('',(0.0721407763686446,0.024063684435232,0.0335473919315035));
#4478=CARTESIAN_POINT('',(0.0721407763686446,0.0239726122282103,0.0332611766221797));
#4479=CARTESIAN_POINT('',(0.0721407763686446,0.0239099108458921,0.0330653998460837));
#4480=CARTESIAN_POINT('',(0.0721407763686446,0.0238289135833994,0.0328142102600266));
#4481=CARTESIAN_POINT('',(0.0721407763686446,0.0236956214753448,0.0324049385381147));
#4482=CARTESIAN_POINT('',(0.0721407763686446,0.0235212122451657,0.0318765968077818));
#4483=CARTESIAN_POINT('',(0.0721407763686446,0.0232258328313389,0.0309965770291714));
#4484=CARTESIAN_POINT('',(0.0721407763686446,0.0229061427343445,0.0300649558057372));
#4485=CARTESIAN_POINT('',(0.0721407763686446,0.0225612284254355,0.0290792090583021));
#4486=CARTESIAN_POINT('',(0.0721407763686446,0.0223369766268162,0.0284456535084848));
#4487=CARTESIAN_POINT('',(0.0721407763686446,0.0221715469850045,0.0279821560342532));
#4488=CARTESIAN_POINT('',(0.0721407763686446,0.0220917158594261,0.0277593084636244));
#4489=CARTESIAN_POINT('',(0.0721407763686446,0.022038912229739,0.0276122245153019));
#4490=CARTESIAN_POINT('',(0.0721407763686446,0.0219977240291117,0.0274976253815677));
#4491=CARTESIAN_POINT('',(0.0721407763686446,0.0219199641146292,0.0272816412065537));
#4492=CARTESIAN_POINT('',(0.0721407763686446,0.0217869262085857,0.0269133880446679));
#4493=CARTESIAN_POINT('',(0.0721407763686446,0.0216070752331942,0.026417605872917));
#4494=CARTESIAN_POINT('',(0.0721407763686446,0.0213000480352178,0.0255755808509373));
#4495=CARTESIAN_POINT('',(0.0721407763686446,0.0209607766631075,0.0246510539307168));
#4496=CARTESIAN_POINT('',(0.0721407763686446,0.0205892799199266,0.0236441377530741));
#4497=CARTESIAN_POINT('',(0.0721407763686446,0.0203450220936561,0.0229841439403637));
#4498=CARTESIAN_POINT('',(0.0721407763686446,0.0201388434698569,0.0224281987177492));
#4499=CARTESIAN_POINT('',(0.0721407763686446,0.019987918227054,0.0220218742610053));
#4500=CARTESIAN_POINT('',(0.0721407763686446,0.0197867140780376,0.0214803324369901));
#4501=CARTESIAN_POINT('',(0.0721407763686446,0.019549762777033,0.0208422749592813));
#4502=CARTESIAN_POINT('',(0.0721407763686446,0.019267017563649,0.0200805264577984));
#4503=CARTESIAN_POINT('',(0.0721407763686446,0.018862187792435,0.0189888902036499));
#4504=CARTESIAN_POINT('',(0.0721407763686446,0.0185214528947235,0.0180685058254565));
#4505=CARTESIAN_POINT('',(0.0721407763686446,0.0182471295607755,0.0173256358117715));
#4506=CARTESIAN_POINT('',(0.0721407763686446,0.0181015429329981,0.0169303804149366));
#4507=CARTESIAN_POINT('',(0.0721407763686446,0.0180166446724836,0.016699326769674));
#4508=CARTESIAN_POINT('',(0.0721407763686446,0.0179680036798039,0.0165667002192708));
#4509=CARTESIAN_POINT('',(0.0721407763686446,0.0179454433654664,0.0165051473049431));
#4510=CARTESIAN_POINT('',(0.0721407763686446,0.0178795305189154,0.0163250010531814));
#4511=CARTESIAN_POINT('',(0.0721407763686446,0.0177963922639474,0.0160974569158808));
#4512=CARTESIAN_POINT('',(0.0721407763686446,0.017648974244508,0.0156932358661782));
#4513=CARTESIAN_POINT('',(0.0721407763686446,0.0174401978841885,0.0151185567329477));
#4514=CARTESIAN_POINT('',(0.0721407763686446,0.0171070015529431,0.0141967026096363));
#4515=CARTESIAN_POINT('',(0.0721407763686446,0.0166934517924839,0.0130437190210032));
#4516=CARTESIAN_POINT('',(0.0721407763686446,0.0160377446771107,0.0111962555222272));
#4517=CARTESIAN_POINT('',(0.0721407763686446,0.015389809211891,0.00934368803958963));
#4518=CARTESIAN_POINT('',(0.0721407763686446,0.014747680872296,0.00749734847837119));
#4519=CARTESIAN_POINT('',(0.0721407763686446,0.0143425639966417,0.0063268989607888));
#4520=CARTESIAN_POINT('',(0.0721407763686446,0.0140325106536364,0.00542632594596342));
#4521=CARTESIAN_POINT('',(0.0721407763686446,0.0137649251319324,0.00465175932163435));
#4522=CARTESIAN_POINT('',(0.0721407763686446,0.0135075862826767,0.00393210079881617));
#4523=CARTESIAN_POINT('',(0.0721407763686446,0.0132985070767588,0.00336492206437123));
#4524=CARTESIAN_POINT('',(0.0721407763686446,0.0131372984576015,0.00293869672605242));
#4525=CARTESIAN_POINT('',(0.0721407763686446,0.0130337623429401,0.00267040578024242));
#4526=CARTESIAN_POINT('',(0.0721407763686446,0.0129621099327954,0.0024867188194911));
#4527=CARTESIAN_POINT('',(0.0721407763686446,0.012845958235357,0.0021935989156918));
#4528=CARTESIAN_POINT('',(0.0721407763686446,0.0127228002734822,0.00189328583881721));
#4529=CARTESIAN_POINT('',(0.0721407763686446,0.0125747576181993,0.00154863640146081));
#4530=CARTESIAN_POINT('',(0.0721407763686445,0.0124767968735861,0.00133245988943195));
#4531=CARTESIAN_POINT('',(0.0721407763686446,0.0124059291996926,0.00118324077266046));
#4532=CARTESIAN_POINT('',(0.0721407763686446,0.0123853322053609,0.00113989588772397));
#4533=CARTESIAN_POINT('',(0.0721407763686446,0.0123097291040376,0.000986578721917869));
#4534=CARTESIAN_POINT('',(0.0721407763686446,0.0121828246467704,0.000742550271072698));
#4535=CARTESIAN_POINT('',(0.0721407763686446,0.0120773814668121,0.000563107410570721));
#4536=CARTESIAN_POINT('',(0.0721407763686446,0.0119985929290709,0.000446219770447828));
#4537=CARTESIAN_POINT('',(0.0720764658519202,0.0116817578390093,0.00272765288647032));
#4538=CARTESIAN_POINT('',(0.0720764658519202,-0.0243321352590381,0.00272765288647032));
#4539=CARTESIAN_POINT('',(0.0721281349172052,0.0116817578390093,0.000536171893243353));
#4540=CARTESIAN_POINT('',(0.0721281349172052,-0.0243321352590381,0.000536171893243353));
#4541=CARTESIAN_POINT('',(0.0722323159315306,0.0116817578390093,-0.00385118826152351));
#4542=CARTESIAN_POINT('',(0.0722323159315306,-0.0243321352590381,-0.00385118826152351));
#4543=CARTESIAN_POINT('',(0.0721118031178765,0.0116817578390093,-0.012280737846696));
#4544=CARTESIAN_POINT('',(0.0721118031178765,-0.0243321352590381,-0.012280737846696));
#4545=CARTESIAN_POINT('',(0.0716308426769114,0.0116817578390093,-0.0222615775851673));
#4546=CARTESIAN_POINT('',(0.0716308426769114,-0.0243321352590381,-0.0222615775851673));
#4547=CARTESIAN_POINT('',(0.0710428280564685,0.0116817578390093,-0.0333081330092053));
#4548=CARTESIAN_POINT('',(0.0710428280564685,-0.0243321352590381,-0.0333081330092053));
#4549=CARTESIAN_POINT('',(0.0710056238437562,0.0116817578390093,-0.043420876872224));
#4550=CARTESIAN_POINT('',(0.0710056238437562,-0.0243321352590381,-0.043420876872224));
#4551=CARTESIAN_POINT('',(0.0720730443561096,0.0116817578390093,-0.0525874517892089));
#4552=CARTESIAN_POINT('',(0.0720730443561096,-0.0243321352590381,-0.0525874517892089));
#4553=CARTESIAN_POINT('',(0.074786313125519,0.0116817578390093,-0.0607941553451924));
#4554=CARTESIAN_POINT('',(0.074786313125519,-0.0243321352590381,-0.0607941553451924));
#4555=CARTESIAN_POINT('',(0.0797448750070355,0.0116817578390093,-0.0680416633311405));
#4556=CARTESIAN_POINT('',(0.0797448750070355,-0.0243321352590381,-0.0680416633311405));
#4557=CARTESIAN_POINT('',(0.0847960579472732,0.0116817578390093,-0.072195815270665));
#4558=CARTESIAN_POINT('',(0.0847960579472732,-0.0243321352590381,-0.072195815270665));
#4559=CARTESIAN_POINT('',(0.0875825632582116,0.0116817578390093,-0.0740332627260324));
#4560=CARTESIAN_POINT('',(0.0875825632582116,-0.0243321352590381,-0.0740332627260324));
#4561=CARTESIAN_POINT('',(0.0721407763686446,0.0318814,0.));
#4562=CARTESIAN_POINT('',(0.0721407668648396,0.0114682359174894,-2.24073430410464E-10));
#4563=CARTESIAN_POINT('',(0.0721407763686446,-0.0138812521544997,0.));
#4564=CARTESIAN_POINT('',(0.0721407763719587,0.0114682367336849,-1.40564782699289E-10));
#4565=CARTESIAN_POINT('',(0.0721748358152489,0.0112193052247095,-0.00144459033595841));
#4566=CARTESIAN_POINT('',(0.0722005840108901,0.0108786428082157,-0.00366840850912763));
#4567=CARTESIAN_POINT('',(0.072186365966257,0.0105392229252103,-0.00634503032536212));
#4568=CARTESIAN_POINT('',(0.0721684078651231,0.010383284263726,-0.00770988208043976));
#4569=CARTESIAN_POINT('',(0.0721553714064525,0.0102992639411379,-0.008485639216345));
#4570=CARTESIAN_POINT('',(0.0721435215141603,0.0102355435494788,-0.0090978645613562));
#4571=CARTESIAN_POINT('',(0.072132523778655,0.0101844279924728,-0.00960715270847524));
#4572=CARTESIAN_POINT('',(0.0721154627768695,0.0101138511125978,-0.010332719276561));
#4573=CARTESIAN_POINT('',(0.0720815758674204,0.0099963182351378,-0.011606241355813));
#4574=CARTESIAN_POINT('',(0.0720204280550858,0.00983910141123682,-0.013496781153027));
#4575=CARTESIAN_POINT('',(0.0719436552282759,0.00969819173018624,-0.0154548752968233));
#4576=CARTESIAN_POINT('',(0.0718819299618398,0.00960713713874317,-0.0168740046784141));
#4577=CARTESIAN_POINT('',(0.0718454671933449,0.00955834789142265,-0.0176793478306124));
#4578=CARTESIAN_POINT('',(0.071815072126019,0.00952042983519522,-0.0183332687832912));
#4579=CARTESIAN_POINT('',(0.0717919464018227,0.00949323933555377,-0.0188209232466012));
#4580=CARTESIAN_POINT('',(0.0717571619910904,0.00945417101318634,-0.0195441076895996));
#4581=CARTESIAN_POINT('',(0.0716948127906268,0.00938938949968469,-0.0208118083220671));
#4582=CARTESIAN_POINT('',(0.0716171970468164,0.00931905114921767,-0.0223411689646746));
#4583=CARTESIAN_POINT('',(0.071536025535592,0.00925337764680938,-0.0239303384221677));
#4584=CARTESIAN_POINT('',(0.0714842986971243,0.0092141369270657,-0.0249500582036242));
#4585=CARTESIAN_POINT('',(0.0714427753018089,0.0091838651037796,-0.0257803198950988));
#4586=CARTESIAN_POINT('',(0.0714116252222591,0.00916168046529497,-0.0264113495910306));
#4587=CARTESIAN_POINT('',(0.0713859532093629,0.00914375364422558,-0.026940049413007));
#4588=CARTESIAN_POINT('',(0.071367827960511,0.00913124892729771,-0.0273193889246572));
#4589=CARTESIAN_POINT('',(0.07135796899279,0.00912448031103245,-0.0275273913897537));
#4590=CARTESIAN_POINT('',(0.0713493309164255,0.00911857074071883,-0.0277109635128941));
#4591=CARTESIAN_POINT('',(0.0713455757580291,0.00911601200136447,-0.0277912330730821));
#4592=CARTESIAN_POINT('',(0.0713387715638634,0.00911138916955911,-0.0279370229023576));
#4593=CARTESIAN_POINT('',(0.0713274783258921,0.00910375971198667,-0.0281807668595108));
#4594=CARTESIAN_POINT('',(0.0713104209980738,0.00909232176174041,-0.028553988955013));
#4595=CARTESIAN_POINT('',(0.0712894508123069,0.00907831590118403,-0.0290235259949495));
#4596=CARTESIAN_POINT('',(0.0712607192987822,0.00905906150411085,-0.0296844765861516));
#4597=CARTESIAN_POINT('',(0.0712238977326658,0.00903399823460573,-0.0305724894068503));
#4598=CARTESIAN_POINT('',(0.0711652417973792,0.00899175387022623,-0.0321220569219939));
#4599=CARTESIAN_POINT('',(0.0711109234481791,0.00894620775083529,-0.0338621944077728));
#4600=CARTESIAN_POINT('',(0.0710776980871553,0.00890373299718504,-0.035529660595383));
#4601=CARTESIAN_POINT('',(0.071064935837718,0.00887835273564356,-0.0365352631532535));
#4602=CARTESIAN_POINT('',(0.071059081120263,0.00885976630698328,-0.0372781352606846));
#4603=CARTESIAN_POINT('',(0.0710575254348666,0.00883752111503089,-0.0381614790514908));
#4604=CARTESIAN_POINT('',(0.0710631883395808,0.00880988017813305,-0.0392359802981088));
#4605=CARTESIAN_POINT('',(0.071091170455157,0.00876238639532962,-0.0410340564288553));
#4606=CARTESIAN_POINT('',(0.0711607571369777,0.00871193030028986,-0.0428331520256651));
#4607=CARTESIAN_POINT('',(0.0712563643793239,0.00866490345899651,-0.044408841032105));
#4608=CARTESIAN_POINT('',(0.0713241772406244,0.00863700317080612,-0.0453009528947739));
#4609=CARTESIAN_POINT('',(0.0713816650736024,0.00861554607662058,-0.0459616797735408));
#4610=CARTESIAN_POINT('',(0.0714257957405777,0.00859994396937516,-0.0464294583167367));
#4611=CARTESIAN_POINT('',(0.0714636828702079,0.00858715520357468,-0.0468018728998411));
#4612=CARTESIAN_POINT('',(0.0714893949049202,0.00857870048029999,-0.0470428932435557));
#4613=CARTESIAN_POINT('',(0.0715055962949538,0.00857344948203671,-0.0471905877219615));
#4614=CARTESIAN_POINT('',(0.0715135453155027,0.00857087673730383,-0.0472626969395504));
#4615=CARTESIAN_POINT('',(0.0715375594737624,0.00856321745937887,-0.0474749254002723));
#4616=CARTESIAN_POINT('',(0.0715647920281629,0.00855470415429881,-0.0477077894410412));
#4617=CARTESIAN_POINT('',(0.0716166865145997,0.00853883007250764,-0.0481356379984762));
#4618=CARTESIAN_POINT('',(0.071694392285454,0.00851613427824497,-0.0487276262207752));
#4619=CARTESIAN_POINT('',(0.0717960962972205,0.0084880010526322,-0.049431656859967));
#4620=CARTESIAN_POINT('',(0.0719420920910558,0.00844960017470061,-0.05035346045082));
#4621=CARTESIAN_POINT('',(0.0721445813298047,0.00839979364157994,-0.0514782443662363));
#4622=CARTESIAN_POINT('',(0.0725114535651747,0.00831627708550696,-0.0532195398371549));
#4623=CARTESIAN_POINT('',(0.0729418666452125,0.00822717311718302,-0.0548734386734311));
#4624=CARTESIAN_POINT('',(0.0733759167938803,0.00814386154705471,-0.0562543431971229));
#4625=CARTESIAN_POINT('',(0.0736041078494817,0.00810140693404275,-0.0569207666337156));
#4626=CARTESIAN_POINT('',(0.07374243143236,0.00807606259776,-0.0573073641503716));
#4627=CARTESIAN_POINT('',(0.0738366763919354,0.00805892743756442,-0.0575647121614471));
#4628=CARTESIAN_POINT('',(0.0739765317171898,0.00803376963996374,-0.0579349489254954));
#4629=CARTESIAN_POINT('',(0.0741521896646107,0.00800256933617159,-0.0583833806832897));
#4630=CARTESIAN_POINT('',(0.0744770393123679,0.00794576503845968,-0.0591749835502464));
#4631=CARTESIAN_POINT('',(0.0749674725015668,0.00786255257273322,-0.0602621846005548));
#4632=CARTESIAN_POINT('',(0.0756037130925621,0.00775817537469094,-0.0615176994438876));
#4633=CARTESIAN_POINT('',(0.0765146940110213,0.00761292366238046,-0.0631253570338141));
#4634=CARTESIAN_POINT('',(0.0777449113052915,0.00742340024866214,-0.0649885454898367));
#4635=CARTESIAN_POINT('',(0.0794675116656396,0.0071654411567714,-0.0671428953114709));
#4636=CARTESIAN_POINT('',(0.081046209198985,0.00693031165166098,-0.0687953753807802));
#4637=CARTESIAN_POINT('',(0.0823940869606239,0.00672669848766239,-0.0700541353393737));
#4638=CARTESIAN_POINT('',(0.0832106796145919,0.00660171851119459,-0.0707649444554379));
#4639=CARTESIAN_POINT('',(0.0838875800719102,0.00649727908954734,-0.0713267334133995));
#4640=CARTESIAN_POINT('',(0.0843188883553627,0.0064303273344356,-0.0716731724326767));
#4641=CARTESIAN_POINT('',(0.0846690554317931,0.00637571629325545,-0.0719478062200414));
#4642=CARTESIAN_POINT('',(0.0848898610832662,0.00634117918290696,-0.0721181876339641));
#4643=CARTESIAN_POINT('',(0.0850679683825542,0.00631323726271542,-0.0722541229004594));
#4644=CARTESIAN_POINT('',(0.0853082146565446,0.00627557325950996,-0.0724357119480962));
#4645=CARTESIAN_POINT('',(0.0856837607964552,0.00621678517054179,-0.0727150207524083));
#4646=CARTESIAN_POINT('',(0.0861961986784769,0.00613652990134308,-0.073085770432549));
#4647=CARTESIAN_POINT('',(0.0869149416085594,0.0060229948092526,-0.073588785562537));
#4648=CARTESIAN_POINT('',(0.0873470038650177,0.00595262949867654,-0.0738779326766286));
#4649=CARTESIAN_POINT('',(0.0875825632582116,0.00591250712845155,-0.0740332627260324));
#4650=CARTESIAN_POINT('',(0.0875828972071474,0.00591250604733967,-0.0740334667190562));
#4651=CARTESIAN_POINT('',(0.0875825641128491,0.0318814,-0.0740332626631037));
#4652=CARTESIAN_POINT('',(0.0875825635270693,-0.00417735006485938,-0.0740332623037348));
#4653=CARTESIAN_POINT('',(0.087582563087521,-0.00417734947542677,-0.0740332626134774));
#4654=CARTESIAN_POINT('',(0.0875820313145038,-0.004177561758753,-0.0740329119574128));
#4655=CARTESIAN_POINT('',(0.0875147820279213,-0.00420272326494818,-0.0739886822481367));
#4656=CARTESIAN_POINT('',(0.0872660690840508,-0.00429614096236179,-0.0738233414332616));
#4657=CARTESIAN_POINT('',(0.086971025059572,-0.00440783237063145,-0.0736236200483126));
#4658=CARTESIAN_POINT('',(0.086701132025038,-0.00451063514816046,-0.0734383848688508));
#4659=CARTESIAN_POINT('',(0.0864413839735874,-0.00461028312689597,-0.0732573088884448));
#4660=CARTESIAN_POINT('',(0.0862322948580329,-0.00469108660501215,-0.0731092634756216));
#4661=CARTESIAN_POINT('',(0.0861189935653071,-0.00473500933076667,-0.0730285151838373));
#4662=CARTESIAN_POINT('',(0.0859982178180915,-0.00478198917505365,-0.0729418308523414));
#4663=CARTESIAN_POINT('',(0.0860013841602748,-0.00478076949608025,-0.0729440601176374));
#4664=CARTESIAN_POINT('',(0.0859596035742436,-0.00479704737315005,-0.072913986118797));
#4665=CARTESIAN_POINT('',(0.0859011467582877,-0.00481986726477381,-0.0728717611430297));
#4666=CARTESIAN_POINT('',(0.0857906324492728,-0.00486309966863253,-0.0727916285641576));
#4667=CARTESIAN_POINT('',(0.0856366252603866,-0.00492362027970411,-0.0726789976660015));
#4668=CARTESIAN_POINT('',(0.0853960827090442,-0.00501861132091333,-0.0725014168898171));
#4669=CARTESIAN_POINT('',(0.0851034893374354,-0.00513514088953935,-0.0722818735934613));
#4670=CARTESIAN_POINT('',(0.0847692681167399,-0.00526978471031596,-0.072025598567629));
#4671=CARTESIAN_POINT('',(0.084380641678737,-0.00542785682491626,-0.0717223134448381));
#4672=CARTESIAN_POINT('',(0.0840048431306007,-0.0055828000153514,-0.0714214529241867));
#4673=CARTESIAN_POINT('',(0.0834013074471363,-0.00583513402186497,-0.0709253474261791));
#4674=CARTESIAN_POINT('',(0.0827490907674804,-0.00611450423231631,-0.0703649593426408));
#4675=CARTESIAN_POINT('',(0.0821934496099275,-0.0063590841609369,-0.069863629451873));
#4676=CARTESIAN_POINT('',(0.0818627076058474,-0.00650716896947425,-0.0695558342398968));
#4677=CARTESIAN_POINT('',(0.0816796322034041,-0.00658982768358614,-0.0693827535643836));
#4678=CARTESIAN_POINT('',(0.0815726938168772,-0.00663829403724228,-0.0692809314964375));
#4679=CARTESIAN_POINT('',(0.0813835169297144,-0.00672453047008432,-0.0690986912552006));
#4680=CARTESIAN_POINT('',(0.0811600657703353,-0.00682716387617627,-0.0688801592686439));
#4681=CARTESIAN_POINT('',(0.0807561162956778,-0.00701454106038397,-0.0684775008363977));
#4682=CARTESIAN_POINT('',(0.080188256711418,-0.00728402209494831,-0.0678869902584116));
#4683=CARTESIAN_POINT('',(0.0795121206310643,-0.00761633582511832,-0.0671409116499518));
#4684=CARTESIAN_POINT('',(0.0786240396869137,-0.00807073055730528,-0.0660946604082889));
#4685=CARTESIAN_POINT('',(0.0777858101473669,-0.00853360910521796,-0.0649983764847933));
#4686=CARTESIAN_POINT('',(0.0770169501801399,-0.00899664203282176,-0.0638760020578412));
#4687=CARTESIAN_POINT('',(0.076486728350964,-0.00933368118615123,-0.0630452761588526));
#4688=CARTESIAN_POINT('',(0.075932219328041,-0.00971073137218463,-0.0621053319398771));
#4689=CARTESIAN_POINT('',(0.0752739184704712,-0.0101953827237165,-0.0608904259291858));
#4690=CARTESIAN_POINT('',(0.074542899669725,-0.0107997631852672,-0.0593622858169253));
#4691=CARTESIAN_POINT('',(0.0739310197443425,-0.0113954584756323,-0.0578433594269607));
#4692=CARTESIAN_POINT('',(0.0735047830554831,-0.0118643878051015,-0.0566426552419956));
#4693=CARTESIAN_POINT('',(0.0732076245827737,-0.0122219628914138,-0.0557249414171392));
#4694=CARTESIAN_POINT('',(0.0729615213666225,-0.0125450264563627,-0.0548950150718319));
#4695=CARTESIAN_POINT('',(0.0726444299461381,-0.0129982801280259,-0.0537300820694633));
#4696=CARTESIAN_POINT('',(0.0723646008685292,-0.0134599614919005,-0.0525419033932514));
#4697=CARTESIAN_POINT('',(0.0721167476899159,-0.0139352967102467,-0.0513162642174672));
#4698=CARTESIAN_POINT('',(0.0719471641060579,-0.0142982224882841,-0.0503790964525748));
#4699=CARTESIAN_POINT('',(0.0718195972364081,-0.0146045645496397,-0.0495867613686507));
#4700=CARTESIAN_POINT('',(0.071736314414776,-0.0148242740884079,-0.0490177082944851));
#4701=CARTESIAN_POINT('',(0.0716920219415587,-0.0149465934748901,-0.0487006863296832));
#4702=CARTESIAN_POINT('',(0.0716559541762929,-0.0150500023884893,-0.0484325259232306));
#4703=CARTESIAN_POINT('',(0.0716354360831326,-0.0151106621588106,-0.0482751616946154));
#4704=CARTESIAN_POINT('',(0.0716031729796134,-0.0152078957519716,-0.0480228631871377));
#4705=CARTESIAN_POINT('',(0.0715503244092941,-0.0153739698296588,-0.0475916895908669));
#4706=CARTESIAN_POINT('',(0.071477026145749,-0.0156234944034349,-0.0469429670363226));
#4707=CARTESIAN_POINT('',(0.0713960133916624,-0.0159350820320535,-0.0461306932647568));
#4708=CARTESIAN_POINT('',(0.0712973436450309,-0.0163692707776871,-0.0449949451707707));
#4709=CARTESIAN_POINT('',(0.0712144367695589,-0.0168313676325763,-0.0437788845428193));
#4710=CARTESIAN_POINT('',(0.0711580053559999,-0.0172582017957753,-0.0426465779524344));
#4711=CARTESIAN_POINT('',(0.0711338415814308,-0.017479687652443,-0.0420564017942334));
#4712=CARTESIAN_POINT('',(0.0711215465137021,-0.0176046410955758,-0.041722716767319));
#4713=CARTESIAN_POINT('',(0.0711121681193656,-0.0177085987664554,-0.0414446402107942));
#4714=CARTESIAN_POINT('',(0.0711064101183117,-0.0177775309582547,-0.0412599283901065));
#4715=CARTESIAN_POINT('',(0.0710981918621779,-0.0178816763100938,-0.0409803931150702));
#4716=CARTESIAN_POINT('',(0.0710858068502126,-0.0180582784622193,-0.0405050138278011));
#4717=CARTESIAN_POINT('',(0.0710664604695301,-0.0184157739312653,-0.0395374394505832));
#4718=CARTESIAN_POINT('',(0.0710546777504079,-0.0189240054271613,-0.0381470298944588));
#4719=CARTESIAN_POINT('',(0.0710633435495157,-0.0195391719386742,-0.0364388501342532));
#4720=CARTESIAN_POINT('',(0.0710864455591004,-0.0200410509232709,-0.0350284358615963));
#4721=CARTESIAN_POINT('',(0.0711155770828267,-0.0204678738654858,-0.0338106785764457));
#4722=CARTESIAN_POINT('',(0.0711489834672276,-0.0208704450260433,-0.0326410813513206));
#4723=CARTESIAN_POINT('',(0.0711881354845623,-0.0212519895234739,-0.0315049082759661));
#4724=CARTESIAN_POINT('',(0.0712305422128022,-0.0216088896476279,-0.0304140535577181));
#4725=CARTESIAN_POINT('',(0.0712636575761399,-0.0218656113247999,-0.0296149605473661));
#4726=CARTESIAN_POINT('',(0.0712915449928856,-0.0220674852650643,-0.0289749345424382));
#4727=CARTESIAN_POINT('',(0.0713148151189172,-0.0222281026233236,-0.0284577651153949));
#4728=CARTESIAN_POINT('',(0.0713302212495135,-0.0223319691985769,-0.0281206116171036));
#4729=CARTESIAN_POINT('',(0.0713536534212251,-0.0224850102447544,-0.0276174953454809));
#4730=CARTESIAN_POINT('',(0.0713822488864244,-0.0226650300309041,-0.0270158126297827));
#4731=CARTESIAN_POINT('',(0.0714336164589398,-0.0229744003080738,-0.025958603786089));
#4732=CARTESIAN_POINT('',(0.0715052802299718,-0.0233709116373918,-0.0245326610562844));
#4733=CARTESIAN_POINT('',(0.071587037445405,-0.0237832080379551,-0.0229318756294903));
#4734=CARTESIAN_POINT('',(0.0716372011499227,-0.0240140553739351,-0.0219468257651999));
#4735=CARTESIAN_POINT('',(0.0716610223494066,-0.0241186141537137,-0.0214751050386398));
#4736=CARTESIAN_POINT('',(0.0716609533676727,-0.0241185728704158,-0.0214750924045566));
#4737=CARTESIAN_POINT('',(0.0716610228103234,-0.0241186,-0.0214750959113074));
#4738=CARTESIAN_POINT('',(0.071999196422506,-0.0241186,-0.0147783920151284));
#4739=CARTESIAN_POINT('',(0.0723203593581047,-0.0241186,-0.00761679558043348));
#4740=CARTESIAN_POINT('',(0.0721407763686446,-0.0241186,0.));
#4741=CARTESIAN_POINT('',(0.0721405649182441,-0.0241186000527371,6.58652819784944E-18));
#4742=CARTESIAN_POINT('',(0.0617078938574208,-0.0241186000000054,0.442498109880209));
#4743=CARTESIAN_POINT('',(0.0651464468948279,-0.0241186000000035,0.296656036211826));
#4744=CARTESIAN_POINT('',(0.0685849999322349,-0.0241186000000018,0.150813962543443));
#4745=CARTESIAN_POINT('',(0.072023552969642,-0.0241186,0.00497188887505865));
#4746=CARTESIAN_POINT('',(0.0720504166652467,-0.0241186,0.00383249767452441));
#4747=CARTESIAN_POINT('',(0.0720774137309077,-0.0241186,0.00269762453116605));
#4748=CARTESIAN_POINT('',(0.0721308743820048,-0.0241186,0.00040980601574578));
#4749=CARTESIAN_POINT('',(0.0721592176183627,-0.0241186,-0.00071358638871748));
#4750=CARTESIAN_POINT('',(0.0722053033041527,-0.0241186,-0.0040461209203615));
#4751=CARTESIAN_POINT('',(0.0721951272998715,-0.0241186,-0.00629139528620125));
#4752=CARTESIAN_POINT('',(0.0721133751334836,-0.0241186,-0.0107754018024094));
#4753=CARTESIAN_POINT('',(0.072041233949941,-0.0241186,-0.0130235072771069));
#4754=CARTESIAN_POINT('',(0.0718577240866104,-0.0241186,-0.0175359786537092));
#4755=CARTESIAN_POINT('',(0.0717459530001159,-0.0241186,-0.019799982070336));
#4756=CARTESIAN_POINT('',(0.0714000299829664,-0.0241186,-0.0266242923011313));
#4757=CARTESIAN_POINT('',(0.0711390118169464,-0.0241186,-0.0312178339600706));
#4758=CARTESIAN_POINT('',(0.0710406537949426,-0.0241186,-0.0382306786848215));
#4759=CARTESIAN_POINT('',(0.0710556461083549,-0.0241186,-0.0405945500585112));
#4760=CARTESIAN_POINT('',(0.0712961863934381,-0.0241186,-0.0453974819076722));
#4761=CARTESIAN_POINT('',(0.0715200066395839,-0.0241186,-0.047826705586399));
#4762=CARTESIAN_POINT('',(0.0723418755341059,-0.0241186,-0.0527032946152903));
#4763=CARTESIAN_POINT('',(0.0729431657453869,-0.0241186,-0.0551663468050381));
#4764=CARTESIAN_POINT('',(0.0747669763143191,-0.0241186,-0.060058602880778));
#4765=CARTESIAN_POINT('',(0.0759684681300269,-0.0241186,-0.062387937376508));
#4766=CARTESIAN_POINT('',(0.0782375778166596,-0.0241186,-0.0656284472517264));
#4767=CARTESIAN_POINT('',(0.0790781065338668,-0.0241186,-0.0666689645070124));
#4768=CARTESIAN_POINT('',(0.0808376968688152,-0.0241186,-0.0685918677864078));
#4769=CARTESIAN_POINT('',(0.0817543858136544,-0.0241186,-0.0694818543003758));
#4770=CARTESIAN_POINT('',(0.0836499508111808,-0.0241186,-0.0711550287073563));
#4771=CARTESIAN_POINT('',(0.0846303544009339,-0.0241186,-0.0719369564521995));
#4772=CARTESIAN_POINT('',(0.0861371718546591,-0.0241186,-0.0730478277426111));
#4773=CARTESIAN_POINT('',(0.0866397452972823,-0.0241186,-0.0734008967574376));
#4774=CARTESIAN_POINT('',(0.0874277399488855,-0.0241186,-0.0739317936210786));
#4775=CARTESIAN_POINT('',(0.087679509614774,-0.0241186,-0.0740970884776447));
#4776=CARTESIAN_POINT('',(0.0881493778731542,-0.0241186,-0.0744071271174377));
#4777=CARTESIAN_POINT('',(0.088390547138495,-0.0241186,-0.0745658320212271));
#4778=CARTESIAN_POINT('',(0.0891105515615372,-0.0241186,-0.0750412779339542));
#4779=CARTESIAN_POINT('',(0.0895853551046801,-0.0241186,-0.0753539222515959));
#4780=CARTESIAN_POINT('',(0.0905401615965177,-0.0241186,-0.0759835305110557));
#4781=CARTESIAN_POINT('',(0.0910175648424366,-0.0241186,-0.0762983346407856));
#4782=CARTESIAN_POINT('',(0.0924497745801931,-0.0241186,-0.0772427470299753));
#4783=CARTESIAN_POINT('',(0.0934045810720307,-0.0241186,-0.077872355289435));
#4784=CARTESIAN_POINT('',(0.0962690005475439,-0.0241186,-0.0797611800678145));
#4785=CARTESIAN_POINT('',(0.0981786135312194,-0.0241186,-0.0810203965867342));
#4786=CARTESIAN_POINT('',(0.103907452482246,-0.0241186,-0.0847980461434933));
#4787=CARTESIAN_POINT('',(0.107726678449596,-0.0241186,-0.0873164791813324));
#4788=CARTESIAN_POINT('',(0.111545904416947,-0.0241186,-0.0898349122191717));
#4789=CARTESIAN_POINT('',(0.233761135372178,-0.0241186,-0.17042476943003));
#4790=CARTESIAN_POINT('',(0.355976366327408,-0.0241186000000005,-0.251014626640888));
#4791=CARTESIAN_POINT('',(0.478191597282639,-0.0241186000000006,-0.331604483851747));
#4792=CARTESIAN_POINT('',(0.0720765190117262,-0.0241186027216944,0.00272765787052609));
#4793=CARTESIAN_POINT('',(0.0720764658519202,-0.0241186054433888,0.00272765288647032));
#4794=CARTESIAN_POINT('',(0.0720890952303411,-0.0233843628655812,0.00219199305571821));
#4795=CARTESIAN_POINT('',(0.0721095884175698,-0.0218240989126401,0.00132279927304547));
#4796=CARTESIAN_POINT('',(0.072135560007594,-0.0183646451647896,0.000221245653142735));
#4797=CARTESIAN_POINT('',(0.0721407763686446,-0.0156844328439231,-8.16628138458211E-17));
#4798=CARTESIAN_POINT('',(0.0721407763686446,-0.0138812521544997,0.));
#4799=CARTESIAN_POINT('',(0.39629256125439,0.0318814,0.427937570532647));
#4800=CARTESIAN_POINT('',(0.0875833739520481,0.00591250550644916,-0.0740334394606155));
#4801=CARTESIAN_POINT('',(0.087583485104271,0.00600688736793816,-0.0740335078185719));
#4802=CARTESIAN_POINT('',(0.0876505705720577,0.00613967057930656,-0.0740747806194529));
#4803=CARTESIAN_POINT('',(0.0878453638364236,0.00627117288419895,-0.0741944761855951));
#4804=CARTESIAN_POINT('',(0.0879805572757782,0.00633617919909131,-0.0742774963338854));
#4805=CARTESIAN_POINT('',(0.0881219825854746,0.00638871071824211,-0.0743642881031637));
#4806=CARTESIAN_POINT('',(0.0881880420758578,0.00640898684956063,-0.0744048072530992));
#4807=CARTESIAN_POINT('',(0.088313347186374,0.00644495515107247,-0.0744816480591971));
#4808=CARTESIAN_POINT('',(0.0884748318021202,0.00648256115864247,-0.074580611832655));
#4809=CARTESIAN_POINT('',(0.0886660458533277,0.00651742592805249,-0.0746976817972932));
#4810=CARTESIAN_POINT('',(0.088820370421633,0.00654098669802282,-0.0747920970669163));
#4811=CARTESIAN_POINT('',(0.0889716945852728,0.00656070002062147,-0.0748846121861947));
#4812=CARTESIAN_POINT('',(0.0890183603256006,0.0065660111292166,-0.0749131266503864));
#4813=CARTESIAN_POINT('',(0.0891356159563507,0.00657906231470147,-0.0749847670582161));
#4814=CARTESIAN_POINT('',(0.08933623284941,0.00659823390248323,-0.0751072598599961));
#4815=CARTESIAN_POINT('',(0.0897767868892021,0.00663015753107397,-0.0753759501938983));
#4816=CARTESIAN_POINT('',(0.0902039199241103,0.0066439435269118,-0.0756357919109576));
#4817=CARTESIAN_POINT('',(0.0905127489628518,0.00664738571515747,-0.0758232492950567));
#4818=CARTESIAN_POINT('',(0.0905128915624081,0.00664738571515731,-0.0758230143675942));
#4819=CARTESIAN_POINT('',(0.0905128915624081,0.0318814,-0.0758230143675942));
#4820=CARTESIAN_POINT('',(0.0905128915624081,-0.0044207268176958,-0.0758230143675942));
#4821=CARTESIAN_POINT('',(0.0905127489628517,-0.00442072681769575,-0.0758232492950566));
#4822=CARTESIAN_POINT('',(0.0902037628514422,-0.00447638368994213,-0.0756356965687851));
#4823=CARTESIAN_POINT('',(0.0897757159264062,-0.00454405877266631,-0.0753752858063871));
#4824=CARTESIAN_POINT('',(0.0893480129547611,-0.00459511370503055,-0.0751144533628609));
#4825=CARTESIAN_POINT('',(0.0891421847914663,-0.00461389777444374,-0.0749887720658133));
#4826=CARTESIAN_POINT('',(0.0890423787907449,-0.00462234115856298,-0.0749278111150551));
#4827=CARTESIAN_POINT('',(0.0887900607131482,-0.00463839058283101,-0.0747735860364457));
#4828=CARTESIAN_POINT('',(0.0885565123435603,-0.004642450724954,-0.0746306449539254));
#4829=CARTESIAN_POINT('',(0.0882044743827299,-0.00462739123992772,-0.0744149522228792));
#4830=CARTESIAN_POINT('',(0.0878753244504616,-0.00456235598796087,-0.0742129120070424));
#4831=CARTESIAN_POINT('',(0.0876354126382319,-0.0044121972034719,-0.0740654498142055));
#4832=CARTESIAN_POINT('',(0.0875827813524414,-0.00426368261039967,-0.0740330750149369));
#4833=CARTESIAN_POINT('',(0.087582950063287,-0.00417735071984315,-0.0740331787713005));
#4834=CARTESIAN_POINT('',(0.104465668068495,0.00672110221258927,-0.0828035023167121));
#4835=CARTESIAN_POINT('',(0.104465668068495,-0.00448717907831381,-0.0828035023167121));
#4836=CARTESIAN_POINT('',(0.100084852267995,0.00672110221258927,-0.0814313931056895));
#4837=CARTESIAN_POINT('',(0.100084852267995,-0.00448717907831381,-0.0814313931056895));
#4838=CARTESIAN_POINT('',(0.0953292692372356,0.00672110221258927,-0.0787392214162311));
#4839=CARTESIAN_POINT('',(0.0953292692372356,-0.00448717907831381,-0.0787392214162311));
#4840=CARTESIAN_POINT('',(0.0905128915624081,0.00672110221258927,-0.0758230143675942));
#4841=CARTESIAN_POINT('',(0.0905128915624081,-0.00448717907831381,-0.0758230143675942));
#4842=CARTESIAN_POINT('',(0.0905128915624081,0.0066473857151573,-0.0758230143675942));
#4843=CARTESIAN_POINT('',(0.0909476765482259,0.00665222853969995,-0.0760862667796528));
#4844=CARTESIAN_POINT('',(0.0916423612095136,0.00664327760808801,-0.0765045955584435));
#4845=CARTESIAN_POINT('',(0.0926330021232286,0.00660036672133214,-0.0770926445080993));
#4846=CARTESIAN_POINT('',(0.0934457291866082,0.00654978734947157,-0.0775689260164778));
#4847=CARTESIAN_POINT('',(0.0941752286390494,0.00649244397544535,-0.0779901742729843));
#4848=CARTESIAN_POINT('',(0.0949183640871467,0.00642275287107095,-0.078412777287039));
#4849=CARTESIAN_POINT('',(0.0956576476925899,0.00634076588515714,-0.0788252599271632));
#4850=CARTESIAN_POINT('',(0.0963647735984772,0.00625185935065131,-0.0792122844044457));
#4851=CARTESIAN_POINT('',(0.0971690985638898,0.00613447608695521,-0.0796419631192601));
#4852=CARTESIAN_POINT('',(0.0977865853346808,0.00602775173406395,-0.079962427139239));
#4853=CARTESIAN_POINT('',(0.0982721704869745,0.00593455124510547,-0.0802091528273529));
#4854=CARTESIAN_POINT('',(0.0985691314956041,0.00587316138261687,-0.0803576260045232));
#4855=CARTESIAN_POINT('',(0.098802955197228,0.00582268185812541,-0.0804733144301203));
#4856=CARTESIAN_POINT('',(0.0991473773692089,0.00574453766109876,-0.0806418968387573));
#4857=CARTESIAN_POINT('',(0.0996712588842475,0.00561479274374009,-0.0808934359828558));
#4858=CARTESIAN_POINT('',(0.100382931953665,0.00540890861837282,-0.0812233615586701));
#4859=CARTESIAN_POINT('',(0.101367206114666,0.00505256925613008,-0.0816577104296199));
#4860=CARTESIAN_POINT('',(0.101956324873843,0.00475027642074574,-0.0818983338233539));
#4861=CARTESIAN_POINT('',(0.102282471655308,0.0045337028307152,-0.0820271484826621));
#4862=CARTESIAN_POINT('',(0.10228245314974,0.00453366758674678,-0.0820271411452657));
#4863=CARTESIAN_POINT('',(0.103070139683516,-0.000185621588245778,-0.082327594951755));
#4864=CARTESIAN_POINT('',(0.103256165361401,-2.03666764543867E-5,-0.0823959681450041));
#4865=CARTESIAN_POINT('',(0.103616406124163,0.000325813791887336,-0.0825245488237789));
#4866=CARTESIAN_POINT('',(0.104089334529084,0.000918573389101364,-0.0826838978458594));
#4867=CARTESIAN_POINT('',(0.104413632752672,0.0016313573342992,-0.0827872041081123));
#4868=CARTESIAN_POINT('',(0.104361391768522,0.00243202207304299,-0.0827709317317369));
#4869=CARTESIAN_POINT('',(0.103968338155848,0.00310333780341935,-0.0826441418120756));
#4870=CARTESIAN_POINT('',(0.103284340891036,0.0038306082712014,-0.082409793004047));
#4871=CARTESIAN_POINT('',(0.102685365474433,0.00426784084513275,-0.0821862755865569));
#4872=CARTESIAN_POINT('',(0.10228243459047,0.00453363228312315,-0.082027133843542));
#4873=CARTESIAN_POINT('',(0.103070139683516,-0.00018562158824574,-0.0823275949517549));
#4874=CARTESIAN_POINT('',(0.103070139970164,-0.000185621954498248,-0.0823275950571118));
#4875=CARTESIAN_POINT('',(0.102915850745062,-0.000322689857907003,-0.0822708865057652));
#4876=CARTESIAN_POINT('',(0.102558135100956,-0.000596613644088766,-0.0821368730357611));
#4877=CARTESIAN_POINT('',(0.101985825451227,-0.000938575767921255,-0.0819103850830229));
#4878=CARTESIAN_POINT('',(0.101451815713825,-0.00121172250480012,-0.0816887774491716));
#4879=CARTESIAN_POINT('',(0.101011781531616,-0.00141676456849143,-0.0815004607201304));
#4880=CARTESIAN_POINT('',(0.100615349180149,-0.0015864511296682,-0.0813255494027007));
#4881=CARTESIAN_POINT('',(0.100315075607532,-0.00170723946373469,-0.081189793689575));
#4882=CARTESIAN_POINT('',(0.100147128684332,-0.00177300501924667,-0.0811130438238512));
#4883=CARTESIAN_POINT('',(0.099994466240415,-0.00183144006697808,-0.0810426347020781));
#4884=CARTESIAN_POINT('',(0.0999323881085757,-0.00185481025417061,-0.0810138026846771));
#4885=CARTESIAN_POINT('',(0.0998160609437172,-0.00189841457726351,-0.080959654581984));
#4886=CARTESIAN_POINT('',(0.0996232684876446,-0.00196946270741259,-0.0808692146002113));
#4887=CARTESIAN_POINT('',(0.0992107832756579,-0.00211736977887445,-0.0806731824123572));
#4888=CARTESIAN_POINT('',(0.0985790878213978,-0.00233185248361326,-0.0803646927509992));
#4889=CARTESIAN_POINT('',(0.0978843647727845,-0.00255310599035968,-0.0800131394372183));
#4890=CARTESIAN_POINT('',(0.0973592832479876,-0.00271294453605564,-0.079740145336874));
#4891=CARTESIAN_POINT('',(0.0970577239072441,-0.00280292085005857,-0.0795814450991718));
#4892=CARTESIAN_POINT('',(0.096803461272961,-0.00287765360954797,-0.0794464016901719));
#4893=CARTESIAN_POINT('',(0.0966332549460488,-0.00292707631044811,-0.0793553266409375));
#4894=CARTESIAN_POINT('',(0.0963748363578767,-0.00300147114265224,-0.0792163378096036));
#4895=CARTESIAN_POINT('',(0.0959321524107181,-0.00312685288448201,-0.0789759602013943));
#4896=CARTESIAN_POINT('',(0.0952786587347462,-0.00330639617953505,-0.0786150318716791));
#4897=CARTESIAN_POINT('',(0.0946151416624996,-0.00348148953046086,-0.0782408701676401));
#4898=CARTESIAN_POINT('',(0.0940645806366853,-0.00362237944533131,-0.077925914237856));
#4899=CARTESIAN_POINT('',(0.0936716709537958,-0.00372112858434569,-0.0776993400403226));
#4900=CARTESIAN_POINT('',(0.0931785462261702,-0.00384239388637074,-0.0774124349663162));
#4901=CARTESIAN_POINT('',(0.0925914970494964,-0.0039828269083777,-0.077067842948958));
#4902=CARTESIAN_POINT('',(0.0916188386546468,-0.00420569466464655,-0.0764909086252151));
#4903=CARTESIAN_POINT('',(0.0909211986572951,-0.00434722899513747,-0.0760702350194009));
#4904=CARTESIAN_POINT('',(0.0905128915624081,-0.0044207268176957,-0.0758230143675942));
#4905=CARTESIAN_POINT('',(0.100661262458309,0.0237298860434112,0.089688153338326));
#4906=CARTESIAN_POINT('',(0.100661262458309,-0.0231186,0.089688153338326));
#4907=CARTESIAN_POINT('',(0.10238950557887,0.0237298860434112,0.0844699321296805));
#4908=CARTESIAN_POINT('',(0.10238950557887,-0.0231186,0.0844699321296805));
#4909=CARTESIAN_POINT('',(0.104984944988778,0.0237298860434112,0.0766308926295752));
#4910=CARTESIAN_POINT('',(0.104984944988778,-0.0231186,0.0766308926295752));
#4911=CARTESIAN_POINT('',(0.108691781817446,0.0237298860434112,0.0653219173860412));
#4912=CARTESIAN_POINT('',(0.108691781817446,-0.0231186,0.0653219173860412));
#4913=CARTESIAN_POINT('',(0.11164664885644,0.0237298860434112,0.0562121397504973));
#4914=CARTESIAN_POINT('',(0.11164664885644,-0.0231186,0.0562121397504973));
#4915=CARTESIAN_POINT('',(0.11486525338744,0.0237298860434112,0.0462356559482705));
#4916=CARTESIAN_POINT('',(0.11486525338744,-0.0231186,0.0462356559482705));
#4917=CARTESIAN_POINT('',(0.119353278221244,0.0237298860434112,0.0317463017491928));
#4918=CARTESIAN_POINT('',(0.119353278221244,-0.0231186,0.0317463017491928));
#4919=CARTESIAN_POINT('',(0.123657599146398,0.0237298860434112,0.0156899094266975));
#4920=CARTESIAN_POINT('',(0.123657599146398,-0.0231186,0.0156899094266975));
#4921=CARTESIAN_POINT('',(0.126912018978013,0.0237298860434112,-0.00161587204545087));
#4922=CARTESIAN_POINT('',(0.126912018978013,-0.0231186,-0.00161587204545087));
#4923=CARTESIAN_POINT('',(0.128612216063723,0.0237298860434112,-0.0151178333588904));
#4924=CARTESIAN_POINT('',(0.128612216063723,-0.0231186,-0.0151178333588904));
#4925=CARTESIAN_POINT('',(0.129336867361946,0.0237298860434112,-0.0291276833911375));
#4926=CARTESIAN_POINT('',(0.129336867361946,-0.0231186,-0.0291276833911375));
#4927=CARTESIAN_POINT('',(0.128945261794564,0.0237298860434112,-0.0432478318851442));
#4928=CARTESIAN_POINT('',(0.128945261794564,-0.0231186,-0.0432478318851442));
#4929=CARTESIAN_POINT('',(0.127432132917967,0.0237298860434112,-0.0565346877406275));
#4930=CARTESIAN_POINT('',(0.127432132917967,-0.0231186,-0.0565346877406275));
#4931=CARTESIAN_POINT('',(0.123877407546539,0.0237298860434112,-0.0720216699913095));
#4932=CARTESIAN_POINT('',(0.123877407546539,-0.0231186,-0.0720216699913095));
#4933=CARTESIAN_POINT('',(0.119445215683427,0.0237298860434112,-0.0798304363302166));
#4934=CARTESIAN_POINT('',(0.119445215683427,-0.0231186,-0.0798304363302166));
#4935=CARTESIAN_POINT('',(0.115670714999753,0.0237298860434112,-0.0821981226748731));
#4936=CARTESIAN_POINT('',(0.115670714999753,-0.0231186,-0.0821981226748731));
#4937=CARTESIAN_POINT('',(0.116205407225674,0.00190765978927845,-0.0818399478055204));
#4938=CARTESIAN_POINT('',(0.116244730660843,0.00193899936747253,-0.0818119055765127));
#4939=CARTESIAN_POINT('',(0.116366115511916,0.00202008103123858,-0.0817248058321106));
#4940=CARTESIAN_POINT('',(0.116622562905057,0.00216754342396643,-0.0815303207387103));
#4941=CARTESIAN_POINT('',(0.116887779496648,0.00231299224572485,-0.0813156436351864));
#4942=CARTESIAN_POINT('',(0.11711679761243,0.0024362865164218,-0.0811215765290009));
#4943=CARTESIAN_POINT('',(0.117328990342585,0.00254928477420697,-0.0809328006356527));
#4944=CARTESIAN_POINT('',(0.117494186560514,0.00263689358633823,-0.0807792562507918));
#4945=CARTESIAN_POINT('',(0.117584666815757,0.00268483004991254,-0.0806935694509204));
#4946=CARTESIAN_POINT('',(0.117674684458105,0.00273249751463659,-0.0806067487657194));
#4947=CARTESIAN_POINT('',(0.117687996862327,0.00273954697545219,-0.0805936634732648));
#4948=CARTESIAN_POINT('',(0.117724141505177,0.00275869757381312,-0.0805584163398627));
#4949=CARTESIAN_POINT('',(0.117782868005237,0.0027898425383821,-0.0805005835976937));
#4950=CARTESIAN_POINT('',(0.117880630824394,0.00284179907056085,-0.0804029926357092));
#4951=CARTESIAN_POINT('',(0.118011590359472,0.00291170137572883,-0.0802690323401409));
#4952=CARTESIAN_POINT('',(0.118206329517652,0.00301618725148812,-0.0800646892173419));
#4953=CARTESIAN_POINT('',(0.118433277036145,0.00313911123874466,-0.0798161925654451));
#4954=CARTESIAN_POINT('',(0.118679709619463,0.00327419168322001,-0.0795328685666105));
#4955=CARTESIAN_POINT('',(0.118900569006372,0.00339652742678493,-0.079268586863577));
#4956=CARTESIAN_POINT('',(0.119048662270934,0.00347930522981488,-0.0790851285403287));
#4957=CARTESIAN_POINT('',(0.119257030227282,0.0035964062154019,-0.0788210579823371));
#4958=CARTESIAN_POINT('',(0.119592823517043,0.00378711227949078,-0.0783773867650327));
#4959=CARTESIAN_POINT('',(0.120022946882724,0.00403591868925599,-0.0777661809088832));
#4960=CARTESIAN_POINT('',(0.120379251579518,0.00424595867545075,-0.0772185142507209));
#4961=CARTESIAN_POINT('',(0.120634193891239,0.0043976333847735,-0.0768071202688547));
#4962=CARTESIAN_POINT('',(0.12078467161956,0.00448749509286691,-0.076558228848629));
#4963=CARTESIAN_POINT('',(0.121000871037018,0.00461696205841146,-0.0761897605217082));
#4964=CARTESIAN_POINT('',(0.121261695762128,0.00477377194506187,-0.0757287042109427));
#4965=CARTESIAN_POINT('',(0.121708916775437,0.00504382763264683,-0.0749004676940587));
#4966=CARTESIAN_POINT('',(0.122291210485922,0.00539785601548409,-0.0737173451481875));
#4967=CARTESIAN_POINT('',(0.122814472515534,0.00571598943066963,-0.0725318581456347));
#4968=CARTESIAN_POINT('',(0.123194120914276,0.00594504474625972,-0.071607725855009));
#4969=CARTESIAN_POINT('',(0.123473443805882,0.0061119686850846,-0.070893341126371));
#4970=CARTESIAN_POINT('',(0.123694673590452,0.00624258267157015,-0.0703028085958723));
#4971=CARTESIAN_POINT('',(0.12400030794648,0.00642116065654169,-0.0694564280368186));
#4972=CARTESIAN_POINT('',(0.124513459675438,0.00671558534430797,-0.0679461980267657));
#4973=CARTESIAN_POINT('',(0.125069856296379,0.00702293638874855,-0.0661037377933396));
#4974=CARTESIAN_POINT('',(0.125590093294486,0.00729848100569538,-0.0641603848058718));
#4975=CARTESIAN_POINT('',(0.125962820460564,0.00748981308488405,-0.0626501097021812));
#4976=CARTESIAN_POINT('',(0.126257306344351,0.00763588600795216,-0.0613544244387836));
#4977=CARTESIAN_POINT('',(0.126456958957322,0.00773212201981653,-0.0604176861945854));
#4978=CARTESIAN_POINT('',(0.126566063052338,0.00778395165943957,-0.0598896767691258));
#4979=CARTESIAN_POINT('',(0.126654090543529,0.00782528707316233,-0.059453353354818));
#4980=CARTESIAN_POINT('',(0.126712692135134,0.00785252260198275,-0.0591568234883718));
#4981=CARTESIAN_POINT('',(0.126792162625013,0.00788921020608715,-0.0587491781375922));
#4982=CARTESIAN_POINT('',(0.126929375443134,0.00795178083025491,-0.0580271835905986));
#4983=CARTESIAN_POINT('',(0.127122456831567,0.00803783409150296,-0.0569588515354242));
#4984=CARTESIAN_POINT('',(0.127347541901109,0.00813534686766665,-0.0556208732721526));
#4985=CARTESIAN_POINT('',(0.127565148862509,0.0082272201596108,-0.0542253412981645));
#4986=CARTESIAN_POINT('',(0.127774101782417,0.00831342514068219,-0.0527720687047293));
#4987=CARTESIAN_POINT('',(0.127940068888819,0.00838054207709643,-0.0515126932568235));
#4988=CARTESIAN_POINT('',(0.128067380379124,0.00843141040387037,-0.0504759545107465));
#4989=CARTESIAN_POINT('',(0.1281599306679,0.00846812812530355,-0.049684317583015));
#4990=CARTESIAN_POINT('',(0.128234669228307,0.00849760319274505,-0.0490110908346918));
#4991=CARTESIAN_POINT('',(0.128285306723165,0.00851750500093701,-0.0485363012123262));
#4992=CARTESIAN_POINT('',(0.128314277933712,0.00852887437841886,-0.0482587987571278));
#4993=CARTESIAN_POINT('',(0.128331171230992,0.00853549831487819,-0.048094900988456));
#4994=CARTESIAN_POINT('',(0.128346970391031,0.00854168940553054,-0.0479397209468132));
#4995=CARTESIAN_POINT('',(0.128353976927409,0.0085444328214959,-0.0478704456254028));
#4996=CARTESIAN_POINT('',(0.128368351732653,0.00855004842780096,-0.0477277517508104));
#4997=CARTESIAN_POINT('',(0.128395972727916,0.00856079379434702,-0.0474498728990615));
#4998=CARTESIAN_POINT('',(0.128437000203757,0.00857666386683523,-0.0470267208456163));
#4999=CARTESIAN_POINT('',(0.128486942122871,0.00859594090182352,-0.0464917475995054));
#5000=CARTESIAN_POINT('',(0.128554633003789,0.00862216623659794,-0.0457366405305903));
#5001=CARTESIAN_POINT('',(0.128640321558015,0.00865583346479404,-0.0447160783638137));
#5002=CARTESIAN_POINT('',(0.128776298205442,0.00871160834979008,-0.0429177530346656));
#5003=CARTESIAN_POINT('',(0.128905171522634,0.0087703458144733,-0.0408622299501804));
#5004=CARTESIAN_POINT('',(0.129013614689403,0.00883169526776611,-0.0385653824421304));
#5005=CARTESIAN_POINT('',(0.129082500266702,0.00887983902980274,-0.0366762388226027));
#5006=CARTESIAN_POINT('',(0.129129706108408,0.00892677025432174,-0.0348061123806358));
#5007=CARTESIAN_POINT('',(0.129164287551172,0.00898695899110195,-0.0325005065629262));
#5008=CARTESIAN_POINT('',(0.12916533291871,0.00904410521598452,-0.0304145531657443));
#5009=CARTESIAN_POINT('',(0.129144881720105,0.00909809696024237,-0.0285683830301484));
#5010=CARTESIAN_POINT('',(0.129125440649656,0.00913053702167038,-0.0275131160095541));
#5011=CARTESIAN_POINT('',(0.129107123905498,0.00915571859717804,-0.0267281827697596));
#5012=CARTESIAN_POINT('',(0.129092328585261,0.00917418114489,-0.0261701326525635));
#5013=CARTESIAN_POINT('',(0.129079221016121,0.00918934534391436,-0.0257270622073994));
#5014=CARTESIAN_POINT('',(0.129068683046664,0.00920104689717107,-0.0253938582205892));
#5015=CARTESIAN_POINT('',(0.129061494825782,0.00920881261113484,-0.0251772916288015));
#5016=CARTESIAN_POINT('',(0.129056879095702,0.00921375408999666,-0.0250409908086138));
#5017=CARTESIAN_POINT('',(0.129046473772854,0.00922469938520342,-0.02474270891625));
#5018=CARTESIAN_POINT('',(0.129030138683465,0.00924131793664768,-0.0242988919801129));
#5019=CARTESIAN_POINT('',(0.12899293341367,0.00927737995366794,-0.0233672200858778));
#5020=CARTESIAN_POINT('',(0.128933307010291,0.00933036299475939,-0.0220925567140115));
#5021=CARTESIAN_POINT('',(0.128850748532113,0.00939835289892813,-0.0205960242273576));
#5022=CARTESIAN_POINT('',(0.128728307411335,0.00949418580756148,-0.0186640656315973));
#5023=CARTESIAN_POINT('',(0.128589718727415,0.00959786237805418,-0.0168219019972656));
#5024=CARTESIAN_POINT('',(0.128457460049255,0.00969592152816687,-0.0152816789551692));
#5025=CARTESIAN_POINT('',(0.128380170313983,0.0097533503491077,-0.0144314551342415));
#5026=CARTESIAN_POINT('',(0.128334167423413,0.0097876557194558,-0.0139441015359333));
#5027=CARTESIAN_POINT('',(0.128305850647918,0.00980883683383823,-0.0136500315687351));
#5028=CARTESIAN_POINT('',(0.128280514365481,0.00982781559551293,-0.0133893313740728));
#5029=CARTESIAN_POINT('',(0.128237079618305,0.00986042567547714,-0.0129495591411586));
#5030=CARTESIAN_POINT('',(0.128147332851013,0.00992812810668528,-0.0120670157813281));
#5031=CARTESIAN_POINT('',(0.127961404433265,0.0100699602070186,-0.0103388294249065));
#5032=CARTESIAN_POINT('',(0.127676987686482,0.0102929952452967,-0.00794816865921705));
#5033=CARTESIAN_POINT('',(0.127374738322473,0.0105417072774442,-0.00567391225787448));
#5034=CARTESIAN_POINT('',(0.127122801048895,0.0107583902043313,-0.00390772496683488));
#5035=CARTESIAN_POINT('',(0.126872784045563,0.0109793506195722,-0.00222613948959582));
#5036=CARTESIAN_POINT('',(0.126506369537058,0.011320918709665,9.3287470144546E-5));
#5037=CARTESIAN_POINT('',(0.126041676903455,0.0117874483055964,0.00280972655475207));
#5038=CARTESIAN_POINT('',(0.125624430635409,0.0122311888951845,0.0050875162600296));
#5039=CARTESIAN_POINT('',(0.12531851640076,0.0125697127204851,0.0066789312404699));
#5040=CARTESIAN_POINT('',(0.125140008898845,0.0127708775535101,0.00758679502480145));
#5041=CARTESIAN_POINT('',(0.125026173343533,0.0129006757584425,0.00815728462237734));
#5042=CARTESIAN_POINT('',(0.124935635690032,0.013004823597501,0.00860600776765163));
#5043=CARTESIAN_POINT('',(0.124859843544024,0.0130924592995168,0.00897927734661574));
#5044=CARTESIAN_POINT('',(0.124716437414173,0.0132593631534764,0.00967949667690158));
#5045=CARTESIAN_POINT('',(0.124421414118559,0.0136069998552355,0.0110938005059904));
#5046=CARTESIAN_POINT('',(0.124050202269367,0.0140524521936247,0.0128115955419327));
#5047=CARTESIAN_POINT('',(0.123646426811695,0.014542524283174,0.0146121843044692));
#5048=CARTESIAN_POINT('',(0.123379806332417,0.0148678789753069,0.0157732969878694));
#5049=CARTESIAN_POINT('',(0.123157835797426,0.0151395593536088,0.0167229270388728));
#5050=CARTESIAN_POINT('',(0.12298707035685,0.0153489149987353,0.0174450609575438));
#5051=CARTESIAN_POINT('',(0.122840847127146,0.0155284343585843,0.0180562934482726));
#5052=CARTESIAN_POINT('',(0.12272222936359,0.0156741906646739,0.0185479158846811));
#5053=CARTESIAN_POINT('',(0.122645864229679,0.0157680791945168,0.0188625757030637));
#5054=CARTESIAN_POINT('',(0.122594536782521,0.0158312069663103,0.0190732188693821));
#5055=CARTESIAN_POINT('',(0.122560976773882,0.0158724905824316,0.0192106214274319));
#5056=CARTESIAN_POINT('',(0.122542691315022,0.0158949871547219,0.0192853833767311));
#5057=CARTESIAN_POINT('',(0.122525755651719,0.0159158407181758,0.0193545704678652));
#5058=CARTESIAN_POINT('',(0.122493304551273,0.0159558221077278,0.0194869607094298));
#5059=CARTESIAN_POINT('',(0.122450965941905,0.0160080269931576,0.019659304021522));
#5060=CARTESIAN_POINT('',(0.122338493602546,0.0161467467111241,0.0201156716306252));
#5061=CARTESIAN_POINT('',(0.122133051491268,0.0163999950247404,0.0209428425083771));
#5062=CARTESIAN_POINT('',(0.121837317246213,0.0167619481248695,0.0221125848637712));
#5063=CARTESIAN_POINT('',(0.121557507489706,0.0171015201886028,0.0232008249456641));
#5064=CARTESIAN_POINT('',(0.121367588701314,0.0173306633352403,0.0239313984172717));
#5065=CARTESIAN_POINT('',(0.121198438439369,0.0175337770436647,0.0245758666976293));
#5066=CARTESIAN_POINT('',(0.12106067651033,0.0176984959375037,0.0250977834747993));
#5067=CARTESIAN_POINT('',(0.120814906543876,0.0179903844674394,0.0260222250398894));
#5068=CARTESIAN_POINT('',(0.120495531654719,0.018364487464461,0.027206094683395));
#5069=CARTESIAN_POINT('',(0.120208051998386,0.0186955405649899,0.0282555336554467));
#5070=CARTESIAN_POINT('',(0.12002608502125,0.0189023389153456,0.0289134959146436));
#5071=CARTESIAN_POINT('',(0.119927240091092,0.019013879475377,0.0292693414396515));
#5072=CARTESIAN_POINT('',(0.119868227985982,0.019080147805353,0.0294811994377765));
#5073=CARTESIAN_POINT('',(0.119821233917563,0.0191327039392907,0.0296495518846601));
#5074=CARTESIAN_POINT('',(0.119789811497406,0.0191677761971849,0.0297620167946469));
#5075=CARTESIAN_POINT('',(0.119732210921765,0.0192318398074316,0.0299677970966792));
#5076=CARTESIAN_POINT('',(0.119631283525887,0.0193436149415731,0.0303275577152637));
#5077=CARTESIAN_POINT('',(0.119408175378898,0.0195884443686854,0.0311191204932033));
#5078=CARTESIAN_POINT('',(0.119084042907355,0.0199356990039529,0.0322562856101932));
#5079=CARTESIAN_POINT('',(0.118775474640882,0.0202553264137833,0.033325106480922));
#5080=CARTESIAN_POINT('',(0.118542785155176,0.0204898758520387,0.0341244481360086));
#5081=CARTESIAN_POINT('',(0.11839694096717,0.0206337999326134,0.0346226578679145));
#5082=CARTESIAN_POINT('',(0.118295105272774,0.020732888021449,0.0349693975294227));
#5083=CARTESIAN_POINT('',(0.11814831992985,0.0208739162192245,0.0354677831806933));
#5084=CARTESIAN_POINT('',(0.117914941988382,0.0210931401711633,0.0362563166902682));
#5085=CARTESIAN_POINT('',(0.117577099892702,0.0213974367619688,0.0373884550014205));
#5086=CARTESIAN_POINT('',(0.117251227880983,0.0216724923849176,0.0384689941465432));
#5087=CARTESIAN_POINT('',(0.116997641784608,0.0218759896234487,0.0393042327719209));
#5088=CARTESIAN_POINT('',(0.116836192137596,0.0220005203001545,0.0398335413343785));
#5089=CARTESIAN_POINT('',(0.116720854440113,0.0220871963978293,0.040210624264077));
#5090=CARTESIAN_POINT('',(0.116561195858086,0.0222043328558148,0.0407314167885609));
#5091=CARTESIAN_POINT('',(0.116302466583035,0.0223856964609762,0.0415720760114787));
#5092=CARTESIAN_POINT('',(0.115779278219758,0.0227211063360945,0.043260720081657));
#5093=CARTESIAN_POINT('',(0.11506156990044,0.0230879408347575,0.0455487894938146));
#5094=CARTESIAN_POINT('',(0.114375573903829,0.023314135315961,0.0477100522411187));
#5095=CARTESIAN_POINT('',(0.113846255579321,0.0234089145954088,0.0493674510114397));
#5096=CARTESIAN_POINT('',(0.113339169171638,0.0234473407908327,0.0509501097020685));
#5097=CARTESIAN_POINT('',(0.112675889775125,0.0233837791471223,0.0530130438741915));
#5098=CARTESIAN_POINT('',(0.111983992280494,0.0231606460838392,0.0551595887319934));
#5099=CARTESIAN_POINT('',(0.111416334945916,0.022888267745848,0.0569168137362918));
#5100=CARTESIAN_POINT('',(0.110983125323578,0.022636498786729,0.0582559237288106));
#5101=CARTESIAN_POINT('',(0.110617167559491,0.0223880643373601,0.0593855012206209));
#5102=CARTESIAN_POINT('',(0.110319201139875,0.0221641495677708,0.0603041821950315));
#5103=CARTESIAN_POINT('',(0.110135740165733,0.0220179252455099,0.0608694181487465));
#5104=CARTESIAN_POINT('',(0.109978634053663,0.0218869001659783,0.0613531696429141));
#5105=CARTESIAN_POINT('',(0.109855720598418,0.0217816760030635,0.0617315025927201));
#5106=CARTESIAN_POINT('',(0.109638905252291,0.0215903910054512,0.0623985848870136));
#5107=CARTESIAN_POINT('',(0.10919616093086,0.0211755401624226,0.0637595348798886));
#5108=CARTESIAN_POINT('',(0.108670723486653,0.0206291316065827,0.0653717034766989));
#5109=CARTESIAN_POINT('',(0.108126475075861,0.020010195276567,0.0670383868682217));
#5110=CARTESIAN_POINT('',(0.107708918084541,0.0195095695665875,0.0683154792085746));
#5111=CARTESIAN_POINT('',(0.107353783835793,0.0190627350937048,0.0694002891893377));
#5112=CARTESIAN_POINT('',(0.10706423902982,0.0186858638643724,0.0702839125644334));
#5113=CARTESIAN_POINT('',(0.10688355073109,0.0184456724784593,0.0708349956060328));
#5114=CARTESIAN_POINT('',(0.106751801984418,0.018267748763884,0.0712366290354668));
#5115=CARTESIAN_POINT('',(0.106682954385039,0.0181740576712842,0.0714464611254589));
#5116=CARTESIAN_POINT('',(0.106602303813726,0.0180638652815363,0.0716922366934555));
#5117=CARTESIAN_POINT('',(0.106411812764131,0.0178012435311351,0.0722725826950649));
#5118=CARTESIAN_POINT('',(0.106002025542988,0.0172235925560496,0.0735201485868318));
#5119=CARTESIAN_POINT('',(0.105501610760753,0.0164902884799163,0.0750415602057416));
#5120=CARTESIAN_POINT('',(0.104976783834089,0.015693626546704,0.0766349820013337));
#5121=CARTESIAN_POINT('',(0.104569861049996,0.0150628637410897,0.0778693638737897));
#5122=CARTESIAN_POINT('',(0.104219941684611,0.014509808662478,0.0789299431429623));
#5123=CARTESIAN_POINT('',(0.103933547843369,0.0140509805348404,0.0797974685022506));
#5124=CARTESIAN_POINT('',(0.103751699747865,0.0137571179330463,0.0803481023619645));
#5125=CARTESIAN_POINT('',(0.103623255164689,0.0135482799615634,0.0807369271846862));
#5126=CARTESIAN_POINT('',(0.103549015512411,0.0134271805802969,0.0809616317790983));
#5127=CARTESIAN_POINT('',(0.103515146956734,0.0133718352119739,0.081064136573755));
#5128=CARTESIAN_POINT('',(0.103457399857043,0.0132773276440992,0.0812389020148193));
#5129=CARTESIAN_POINT('',(0.103370004988755,0.0131338663317318,0.0815033634527271));
#5130=CARTESIAN_POINT('',(0.103252718501714,0.0129406454851779,0.0818582277723502));
#5131=CARTESIAN_POINT('',(0.102956352236805,0.0124500874490964,0.0827547331724683));
#5132=CARTESIAN_POINT('',(0.102446987195302,0.0115986009625538,0.0842948152536843));
#5133=CARTESIAN_POINT('',(0.101633217285038,0.0102206720009978,0.0867533555321108));
#5134=CARTESIAN_POINT('',(0.101000487264581,0.00913956387288065,0.0886639050375949));
#5135=CARTESIAN_POINT('',(0.100661271050447,0.00855844980285511,0.0896881273954038));
#5136=CARTESIAN_POINT('',(0.116205407225674,0.00190765978927847,-0.0818399478055205));
#5137=CARTESIAN_POINT('',(0.100661262596262,0.00855849997078638,0.0896881530592591));
#5138=CARTESIAN_POINT('',(0.100661262458309,0.0085584350835929,0.089688153338326));
#5139=CARTESIAN_POINT('',(0.100661262458309,-0.00200057661093807,0.089688153338326));
#5140=CARTESIAN_POINT('',(0.100661262458309,-0.012559588305469,0.089688153338326));
#5141=CARTESIAN_POINT('',(0.100661262458309,-0.0231186,0.089688153338326));
#5142=CARTESIAN_POINT('',(0.100661830903904,-0.0231186,0.0896880844259664));
#5143=CARTESIAN_POINT('',(0.100661339214755,-0.0231186,0.0896879215815123));
#5144=CARTESIAN_POINT('',(0.101843906608249,-0.0231186,0.0861173022584301));
#5145=CARTESIAN_POINT('',(0.104210716350776,-0.0231186,0.0789690139395375));
#5146=CARTESIAN_POINT('',(0.10792311849705,-0.0231186,0.0676878342967578));
#5147=CARTESIAN_POINT('',(0.111932025045152,-0.0231186,0.055334415794042));
#5148=CARTESIAN_POINT('',(0.116451713152267,-0.0231186,0.0413108941582326));
#5149=CARTESIAN_POINT('',(0.121045046048503,-0.0231186,0.0257045040089007));
#5150=CARTESIAN_POINT('',(0.125120175419225,-0.0231186,0.00875767410702625));
#5151=CARTESIAN_POINT('',(0.128129841983026,-0.0231186,-0.00930755553842432));
#5152=CARTESIAN_POINT('',(0.129041160674227,-0.0231186,-0.0219932876329083));
#5153=CARTESIAN_POINT('',(0.12914096399011,-0.0231186,-0.0284164142745663));
#5154=CARTESIAN_POINT('',(0.129140963990107,-0.0231185990746033,-0.0284164142743361));
#5155=CARTESIAN_POINT('',(0.129140963990107,-0.0231185990746032,-0.028416414274336));
#5156=CARTESIAN_POINT('',(0.129184746261966,-0.0231178982100147,-0.0312341470750673));
#5157=CARTESIAN_POINT('',(0.129161398438471,-0.0226409343091741,-0.0339819846012446));
#5158=CARTESIAN_POINT('',(0.129080318973789,-0.0216877073720812,-0.0366327952636191));
#5159=CARTESIAN_POINT('',(0.129080318973789,-0.0216877073720813,-0.036632795263619));
#5160=CARTESIAN_POINT('',(0.129080318973789,-0.0216877073720813,-0.0366327952636188));
#5161=CARTESIAN_POINT('',(0.129053687989979,-0.0213746148866934,-0.0375034682029016));
#5162=CARTESIAN_POINT('',(0.128985369267842,-0.0207109291825806,-0.0393097178654026));
#5163=CARTESIAN_POINT('',(0.128854074119039,-0.0197875433488635,-0.0417210459070178));
#5164=CARTESIAN_POINT('',(0.128716125896623,-0.0189926158261647,-0.0437349834622768));
#5165=CARTESIAN_POINT('',(0.128614973674575,-0.0184722608378828,-0.0450274649653449));
#5166=CARTESIAN_POINT('',(0.128524414267126,-0.0180421075379387,-0.0460799235967205));
#5167=CARTESIAN_POINT('',(0.128451327065441,-0.0177119271295845,-0.0468796555537633));
#5168=CARTESIAN_POINT('',(0.128386489533833,-0.0174326134832101,-0.0475494157525766));
#5169=CARTESIAN_POINT('',(0.128337896843379,-0.0172306875950769,-0.0480297792519256));
#5170=CARTESIAN_POINT('',(0.128310740062685,-0.0171196215881684,-0.0482930396983903));
#5171=CARTESIAN_POINT('',(0.128286359067567,-0.01702123628663,-0.048525529074108));
#5172=CARTESIAN_POINT('',(0.128275635983125,-0.0169783970408577,-0.0486265029234644));
#5173=CARTESIAN_POINT('',(0.128256047613155,-0.0169004243059812,-0.0488100763614715));
#5174=CARTESIAN_POINT('',(0.128222920898949,-0.0167700654818788,-0.0491160171053943));
#5175=CARTESIAN_POINT('',(0.128171119131505,-0.0165702541186462,-0.0495824501339677));
#5176=CARTESIAN_POINT('',(0.128103864160947,-0.016318467913923,-0.0501657758117056));
#5177=CARTESIAN_POINT('',(0.12800607139923,-0.0159632844457709,-0.0509825564098839));
#5178=CARTESIAN_POINT('',(0.127868071589303,-0.0154843834305502,-0.0520717006360472));
#5179=CARTESIAN_POINT('',(0.127673933696901,-0.0148533685899548,-0.0534842135098883));
#5180=CARTESIAN_POINT('',(0.127447690939819,-0.0141660156210517,-0.0549966882881079));
#5181=CARTESIAN_POINT('',(0.127185697277282,-0.013422801482031,-0.056601612718944));
#5182=CARTESIAN_POINT('',(0.126933419899649,-0.0127553192854298,-0.0580129024447418));
#5183=CARTESIAN_POINT('',(0.126738360848698,-0.0122659319330772,-0.0590292819589217));
#5184=CARTESIAN_POINT('',(0.12661938321282,-0.0119754041328264,-0.0596268124295252));
#5185=CARTESIAN_POINT('',(0.12653175641402,-0.0117648253950878,-0.0600572395100955));
#5186=CARTESIAN_POINT('',(0.126423378107177,-0.0115093204432564,-0.0605759553555098));
#5187=CARTESIAN_POINT('',(0.126288659878426,-0.0111982694857922,-0.0612030553446273));
#5188=CARTESIAN_POINT('',(0.126055435562168,-0.0106742860006353,-0.0622492007660553));
#5189=CARTESIAN_POINT('',(0.125807526164753,-0.0101455387141948,-0.0632841004198901));
#5190=CARTESIAN_POINT('',(0.125581476577499,-0.00968179462895435,-0.0641774663131469));
#5191=CARTESIAN_POINT('',(0.125450596662681,-0.00941982058267739,-0.0646769789926658));
#5192=CARTESIAN_POINT('',(0.125352506008418,-0.00922662539332928,-0.0650429064109195));
#5193=CARTESIAN_POINT('',(0.125282664204184,-0.00909049220267595,-0.0652996684204325));
#5194=CARTESIAN_POINT('',(0.12522667813919,-0.008982474379729,-0.0655025901608165));
#5195=CARTESIAN_POINT('',(0.125190641136028,-0.0089134008742857,-0.0656320352876432));
#5196=CARTESIAN_POINT('',(0.125168125718563,-0.00887042205362032,-0.0657124590430968));
#5197=CARTESIAN_POINT('',(0.125158215074282,-0.00885150908346656,-0.0657478491858017));
#5198=CARTESIAN_POINT('',(0.125122780484314,-0.00878417544451885,-0.0658736391272769));
#5199=CARTESIAN_POINT('',(0.125084439314416,-0.00871169902591771,-0.0660087480682377));
#5200=CARTESIAN_POINT('',(0.12501320357901,-0.00857781369392533,-0.0662577485132489));
#5201=CARTESIAN_POINT('',(0.124913659594283,-0.00839313375359112,-0.0665993758843573));
#5202=CARTESIAN_POINT('',(0.124793443765016,-0.00817366729437832,-0.0670025983360318));
#5203=CARTESIAN_POINT('',(0.124633808583661,-0.00788689151907861,-0.067525843661328));
#5204=CARTESIAN_POINT('',(0.124434957046204,-0.00753799738944979,-0.0681558303138995));
#5205=CARTESIAN_POINT('',(0.124198333917065,-0.00713514699665548,-0.0688733931970221));
#5206=CARTESIAN_POINT('',(0.123964083130828,-0.00674775827338167,-0.069554198870616));
#5207=CARTESIAN_POINT('',(0.123733408258525,-0.0063767731730205,-0.0701977101299866));
#5208=CARTESIAN_POINT('',(0.123542731465009,-0.00607844950820612,-0.0707085396362496));
#5209=CARTESIAN_POINT('',(0.123414014003803,-0.00588085900618269,-0.0710439189008129));
#5210=CARTESIAN_POINT('',(0.123336456866059,-0.0057630778113117,-0.071242853477874));
#5211=CARTESIAN_POINT('',(0.123291424289755,-0.00569496795203779,-0.0713576787137773));
#5212=CARTESIAN_POINT('',(0.123197571952229,-0.00555426966751728,-0.0715939273217871));
#5213=CARTESIAN_POINT('',(0.123089311338738,-0.00539379822271056,-0.0718619697645394));
#5214=CARTESIAN_POINT('',(0.122891663772955,-0.00510476019162011,-0.0723417218474386));
#5215=CARTESIAN_POINT('',(0.122612885231735,-0.00470885092653301,-0.0729897184068558));
#5216=CARTESIAN_POINT('',(0.122276326436661,-0.00424824746271891,-0.0737301038468518));
#5217=CARTESIAN_POINT('',(0.121940698379187,-0.00380559074864478,-0.0744286431832215));
#5218=CARTESIAN_POINT('',(0.121605849907904,-0.00337976028086084,-0.0750883931039628));
#5219=CARTESIAN_POINT('',(0.121273265754789,-0.00297177897771678,-0.0757090592597421));
#5220=CARTESIAN_POINT('',(0.120996296616683,-0.00264419288733908,-0.0761983760792523));
#5221=CARTESIAN_POINT('',(0.120807039072727,-0.00242614376738481,-0.0765199172581894));
#5222=CARTESIAN_POINT('',(0.120694044095354,-0.00229785137315613,-0.0767077675581441));
#5223=CARTESIAN_POINT('',(0.120624277366933,-0.00221915900863529,-0.0768226262642648));
#5224=CARTESIAN_POINT('',(0.120498259513389,-0.00207864917428892,-0.0770265842802415));
#5225=CARTESIAN_POINT('',(0.120349062374784,-0.00191469450997834,-0.0772628831847088));
#5226=CARTESIAN_POINT('',(0.120077170794965,-0.00162126377026458,-0.0776819675191485));
#5227=CARTESIAN_POINT('',(0.119689622036849,-0.00121889237448446,-0.0782450249145433));
#5228=CARTESIAN_POINT('',(0.119212318678674,-0.000748187305743461,-0.0788850784130869));
#5229=CARTESIAN_POINT('',(0.118740752813311,-0.000305980853112918,-0.0794674316804769));
#5230=CARTESIAN_POINT('',(0.118305794441329,8.09990485480147E-5,-0.0799620348669263));
#5231=CARTESIAN_POINT('',(0.117936693920545,0.000396351925578675,-0.0803474953485099));
#5232=CARTESIAN_POINT('',(0.117742479416456,0.000559146877661855,-0.0805409434018123));
#5233=CARTESIAN_POINT('',(0.117622228878891,0.000658950833338464,-0.0806575150775335));
#5234=CARTESIAN_POINT('',(0.117544683311152,0.00072295920348114,-0.0807317445622718));
#5235=CARTESIAN_POINT('',(0.117409092578497,0.000834258587129667,-0.0808586175431223));
#5236=CARTESIAN_POINT('',(0.117265572281671,0.000951608326596715,-0.0809892772870644));
#5237=CARTESIAN_POINT('',(0.117104508241989,0.00108278695966251,-0.0811314729738465));
#5238=CARTESIAN_POINT('',(0.116979312194199,0.00118465975822837,-0.0812379163374475));
#5239=CARTESIAN_POINT('',(0.116914861067596,0.0012372626899719,-0.0812918616569535));
#5240=CARTESIAN_POINT('',(0.116876051018173,0.00126913862292686,-0.0813239901688239));
#5241=CARTESIAN_POINT('',(0.116870752676556,0.00127341660914142,-0.0813284674845973));
#5242=CARTESIAN_POINT('',(0.116787606940388,0.00134228671215616,-0.0813966151789583));
#5243=CARTESIAN_POINT('',(0.116709394168175,0.00140802225957997,-0.0814595576402564));
#5244=CARTESIAN_POINT('',(0.116570889003293,0.00152649251201882,-0.0815691122877749));
#5245=CARTESIAN_POINT('',(0.116413420617144,0.0016688959731715,-0.0816887275839168));
#5246=CARTESIAN_POINT('',(0.11627640593438,0.00180835460183632,-0.0817892273769312));
#5247=CARTESIAN_POINT('',(0.116222855501402,0.00187828247370323,-0.0818275051350957));
#5248=CARTESIAN_POINT('',(0.116205407225674,0.0019076597892785,-0.0818399478055204));
#5249=CARTESIAN_POINT('',(0.,-0.0281186,0.00289740705353235));
#5250=CARTESIAN_POINT('',(0.0791042950300726,-0.0281186,0.0940000000000001));
#5251=CARTESIAN_POINT('',(0.0781528633533817,-0.0281186,0.094));
#5252=CARTESIAN_POINT('',(0.0772014316766909,-0.0281186,0.094));
#5253=CARTESIAN_POINT('',(0.07625,-0.0281186,0.0940000000000001));
#5254=CARTESIAN_POINT('',(0.0791042950300881,-0.0281186,0.094));
#5255=CARTESIAN_POINT('',(0.07625,-0.0281186,0.094));
#5256=CARTESIAN_POINT('',(0.07625,-0.0281186,0.0940000000000001));
#5257=CARTESIAN_POINT('',(0.0748523210505788,-0.0281186,0.0940000000000001));
#5258=CARTESIAN_POINT('',(0.0734546421011577,-0.0281186,0.0940000000000001));
#5259=CARTESIAN_POINT('',(0.0720569631517365,-0.0281186,0.0940000000000001));
#5260=CARTESIAN_POINT('',(0.0720569631517365,-0.0281177315795073,0.0940013240472159));
#5261=CARTESIAN_POINT('',(0.0720569045412081,-0.0281185999999999,0.0940009905893231));
#5262=CARTESIAN_POINT('',(0.0727728323774775,-0.0281185999999999,0.0938751548849083));
#5263=CARTESIAN_POINT('',(0.074193924912366,-0.0281185999999989,0.093574771348607));
#5264=CARTESIAN_POINT('',(0.075582200324756,-0.0281186,0.0931258631063737));
#5265=CARTESIAN_POINT('',(0.07625,-0.0281186,0.0927822075439366));
#5266=CARTESIAN_POINT('',(0.07625,-0.0281186,0.0927822075439366));
#5267=CARTESIAN_POINT('',(0.07625,-0.0281186,0.0927822075439366));
#5268=CARTESIAN_POINT('',(0.07625,-0.0281186,0.0656229543704192));
#5269=CARTESIAN_POINT('',(0.07625,-0.0281186,0.0384637011969017));
#5270=CARTESIAN_POINT('',(0.07625,-0.0281186,0.0113044480233843));
#5271=CARTESIAN_POINT('',(0.07625,-0.0281186,0.0113044480233843));
#5272=CARTESIAN_POINT('',(0.07625,-0.0281186,0.0113044480233843));
#5273=CARTESIAN_POINT('',(0.0761325622424365,-0.0281186,0.0111680056849589));
#5274=CARTESIAN_POINT('',(0.076010632972602,-0.0281186,0.0110356915183837));
#5275=CARTESIAN_POINT('',(0.0758847303799957,-0.0281186,0.0109070292530455));
#5276=CARTESIAN_POINT('',(0.0758847303799958,-0.0281186,0.0109070292530455));
#5277=CARTESIAN_POINT('',(0.0761413341240691,-0.0281186,-3.06372978099408E-9));
#5278=CARTESIAN_POINT('',(0.0760610080998848,-0.0281186,0.00363579691405217));
#5279=CARTESIAN_POINT('',(0.0759704495038212,-0.0281186,0.00727135615574941));
#5280=CARTESIAN_POINT('',(0.0758847303799958,-0.0281186,0.0109070292530455));
#5281=CARTESIAN_POINT('',(0.0761413394601722,-0.0281189711117462,-2.9458388340334E-9));
#5282=CARTESIAN_POINT('',(0.076141334314694,-0.0281186,-1.16919960497196E-8));
#5283=CARTESIAN_POINT('',(0.0761654494153688,-0.0281186,-0.00109153556301669));
#5284=CARTESIAN_POINT('',(0.0761955189561756,-0.0281186,-0.00331954340966816));
#5285=CARTESIAN_POINT('',(0.0761877270015434,-0.0281186,-0.00621627143502459));
#5286=CARTESIAN_POINT('',(0.0761542251221644,-0.0281186,-0.00860191246560506));
#5287=CARTESIAN_POINT('',(0.0761220100395398,-0.0281186,-0.0101188215305283));
#5288=CARTESIAN_POINT('',(0.0760933570594525,-0.0281186,-0.0111997072905449));
#5289=CARTESIAN_POINT('',(0.0760755076500363,-0.0281186,-0.0118147934890226));
#5290=CARTESIAN_POINT('',(0.0760556744209053,-0.0281186,-0.0124581129021555));
#5291=CARTESIAN_POINT('',(0.0760348398000852,-0.0281186,-0.0130852651995984));
#5292=CARTESIAN_POINT('',(0.0760055051183303,-0.0281186,-0.0139129030168603));
#5293=CARTESIAN_POINT('',(0.0759735564881138,-0.0281186,-0.0147556379770636));
#5294=CARTESIAN_POINT('',(0.0759385312219926,-0.0281186,-0.015629578345543));
#5295=CARTESIAN_POINT('',(0.0759005608814295,-0.0281186,-0.0165302489783481));
#5296=CARTESIAN_POINT('',(0.0758664117369188,-0.0281186,-0.0173045766513467));
#5297=CARTESIAN_POINT('',(0.0758412447279633,-0.0281186,-0.0178579059810779));
#5298=CARTESIAN_POINT('',(0.0758264304149891,-0.0281186,-0.0181788388632118));
#5299=CARTESIAN_POINT('',(0.0758153050234811,-0.0281186,-0.0184176992315895));
#5300=CARTESIAN_POINT('',(0.0758033382436747,-0.0281186,-0.0186719599910238));
#5301=CARTESIAN_POINT('',(0.0757977770282382,-0.0281186,-0.0187889317483625));
#5302=CARTESIAN_POINT('',(0.0757816079137043,-0.0281186,-0.019126935742214));
#5303=CARTESIAN_POINT('',(0.0757573002829419,-0.0281186,-0.0196257621940758));
#5304=CARTESIAN_POINT('',(0.0757208009664895,-0.0281186,-0.0203644825137596));
#5305=CARTESIAN_POINT('',(0.0756784285569346,-0.0281186,-0.0212124099610832));
#5306=CARTESIAN_POINT('',(0.0756297507149319,-0.0281186,-0.02217864352344));
#5307=CARTESIAN_POINT('',(0.0755841582286784,-0.0281186,-0.0230778645047955));
#5308=CARTESIAN_POINT('',(0.0755443392567049,-0.0281186,-0.0238600566033448));
#5309=CARTESIAN_POINT('',(0.0755187261767337,-0.0281186,-0.0243621449591974));
#5310=CARTESIAN_POINT('',(0.0754961738969206,-0.0281186,-0.0248032958096713));
#5311=CARTESIAN_POINT('',(0.0754778088628931,-0.0281186,-0.0251628592619507));
#5312=CARTESIAN_POINT('',(0.0754459685410986,-0.0281186,-0.0257920577965022));
#5313=CARTESIAN_POINT('',(0.0753866397823423,-0.0281186,-0.0269852020179174));
#5314=CARTESIAN_POINT('',(0.0753422626434896,-0.0281186,-0.0279163268282697));
#5315=CARTESIAN_POINT('',(0.0753156655090117,-0.0281186,-0.028494124175801));
#5316=CARTESIAN_POINT('',(0.0753152510991648,-0.0281183259781094,-0.028494105099711));
#5317=CARTESIAN_POINT('',(0.0753156668289748,-0.0281186,-0.0284940955003273));
#5318=CARTESIAN_POINT('',(0.0915909664559287,-0.0281186,-0.0284940955003273));
#5319=CARTESIAN_POINT('',(0.107866266082883,-0.0281186,-0.0284940955003273));
#5320=CARTESIAN_POINT('',(0.124141565709837,-0.0281186,-0.0284940955003273));
#5321=CARTESIAN_POINT('',(0.124141566332885,-0.0281183131442975,-0.0284940956740219));
#5322=CARTESIAN_POINT('',(0.124141567463812,-0.0281186,-0.0284940955003273));
#5323=CARTESIAN_POINT('',(0.124103605898211,-0.0281186,-0.0260509708392883));
#5324=CARTESIAN_POINT('',(0.123919555764067,-0.0281186,-0.0211131724224709));
#5325=CARTESIAN_POINT('',(0.123419138504685,-0.0281186,-0.0148118435508238));
#5326=CARTESIAN_POINT('',(0.12285665869399,-0.0281186,-0.0096937065479284));
#5327=CARTESIAN_POINT('',(0.122353558954792,-0.0281186,-0.00581563033097458));
#5328=CARTESIAN_POINT('',(0.121867174807506,-0.0281186,-0.00255417933128307));
#5329=CARTESIAN_POINT('',(0.121490345746443,-0.0281186,-0.000249305081889551));
#5330=CARTESIAN_POINT('',(0.121266250532438,-0.0281186,0.00106489583425076));
#5331=CARTESIAN_POINT('',(0.121118743871274,-0.0281186,0.00190637468300025));
#5332=CARTESIAN_POINT('',(0.121005596733502,-0.0281186,0.00253928041367084));
#5333=CARTESIAN_POINT('',(0.120897818938385,-0.0281186,0.00313516275191686));
#5334=CARTESIAN_POINT('',(0.120702017183716,-0.0281186,0.00419943371534762));
#5335=CARTESIAN_POINT('',(0.120296744674139,-0.0281186,0.00632974651939137));
#5336=CARTESIAN_POINT('',(0.119670986566925,-0.0281186,0.00942120524062699));
#5337=CARTESIAN_POINT('',(0.118985054891884,-0.0281186,0.012564750190947));
#5338=CARTESIAN_POINT('',(0.118472645884243,-0.0281186,0.0147957970074928));
#5339=CARTESIAN_POINT('',(0.118171170456264,-0.0281186,0.0160770807459078));
#5340=CARTESIAN_POINT('',(0.117977929305033,-0.0281186,0.0168856157834912));
#5341=CARTESIAN_POINT('',(0.117823399611436,-0.0281186,0.0175246892796844));
#5342=CARTESIAN_POINT('',(0.117683509808235,-0.0281186,0.0180991746959396));
#5343=CARTESIAN_POINT('',(0.117427382212425,-0.0281186,0.0191407157316823));
#5344=CARTESIAN_POINT('',(0.11690513247239,-0.0281186,0.0212226454281622));
#5345=CARTESIAN_POINT('',(0.116270890756545,-0.0281186,0.0236594402888167));
#5346=CARTESIAN_POINT('',(0.115602556491843,-0.0281186,0.0261402039962967));
#5347=CARTESIAN_POINT('',(0.115083298809807,-0.0281186,0.0280264153554616));
#5348=CARTESIAN_POINT('',(0.114637218415071,-0.0281186,0.0296139157373702));
#5349=CARTESIAN_POINT('',(0.114268878674273,-0.0281186,0.030905182473748));
#5350=CARTESIAN_POINT('',(0.114041189916113,-0.0281186,0.0316960192645415));
#5351=CARTESIAN_POINT('',(0.113842712049211,-0.0281186,0.0323801798757207));
#5352=CARTESIAN_POINT('',(0.11370423467193,-0.0281186,0.0328553675097428));
#5353=CARTESIAN_POINT('',(0.113426503678895,-0.0281186,0.0338032152235012));
#5354=CARTESIAN_POINT('',(0.112866240025668,-0.0281186,0.0356925704182949));
#5355=CARTESIAN_POINT('',(0.112158853169122,-0.0281186,0.0380307269324985));
#5356=CARTESIAN_POINT('',(0.1113963909132,-0.0281186,0.0405063837244106));
#5357=CARTESIAN_POINT('',(0.110795036323263,-0.0281186,0.042438666651552));
#5358=CARTESIAN_POINT('',(0.110269759888762,-0.0281186,0.0441103287537509));
#5359=CARTESIAN_POINT('',(0.10983497374152,-0.0281186,0.0454847766115022));
#5360=CARTESIAN_POINT('',(0.109584953025681,-0.0281186,0.0462717960248382));
#5361=CARTESIAN_POINT('',(0.109416001070368,-0.0281186,0.0468022579402688));
#5362=CARTESIAN_POINT('',(0.109345223232759,-0.0281186,0.0470242609420023));
#5363=CARTESIAN_POINT('',(0.109288379321497,-0.0281186,0.0472024134417181));
#5364=CARTESIAN_POINT('',(0.109251663309332,-0.0281186,0.0473174500809211));
#5365=CARTESIAN_POINT('',(0.109177615054519,-0.0281186,0.0475493923354433));
#5366=CARTESIAN_POINT('',(0.109075741476893,-0.0281186,0.0478682741213355));
#5367=CARTESIAN_POINT('',(0.108907825098389,-0.0281186,0.0483934535259167));
#5368=CARTESIAN_POINT('',(0.108694808268561,-0.0281186,0.049058870767947));
#5369=CARTESIAN_POINT('',(0.108169794408591,-0.0281186,0.0506963536515682));
#5370=CARTESIAN_POINT('',(0.107519622927172,-0.0281186,0.0527169308832785));
#5371=CARTESIAN_POINT('',(0.106724465680273,-0.0281186,0.0551787180468633));
#5372=CARTESIAN_POINT('',(0.106205805837172,-0.0281186,0.0567808236853263));
#5373=CARTESIAN_POINT('',(0.105777959139645,-0.0281186,0.0581003161490586));
#5374=CARTESIAN_POINT('',(0.105450348068319,-0.0281186,0.0591096582539657));
#5375=CARTESIAN_POINT('',(0.105117104297512,-0.0281186,0.0601353652291125));
#5376=CARTESIAN_POINT('',(0.104831284940483,-0.0281186,0.0610142690726381));
#5377=CARTESIAN_POINT('',(0.104633658864554,-0.0281186,0.0616215762128584));
#5378=CARTESIAN_POINT('',(0.104511657066068,-0.0281186,0.0619963560893003));
#5379=CARTESIAN_POINT('',(0.104455272440223,-0.0281186,0.0621695172502232));
#5380=CARTESIAN_POINT('',(0.104361247248886,-0.0281186,0.0624581895740318));
#5381=CARTESIAN_POINT('',(0.104221512410239,-0.0281186,0.0628869600319397));
#5382=CARTESIAN_POINT('',(0.104038869479318,-0.0281186,0.0634470062995166));
#5383=CARTESIAN_POINT('',(0.103741288283498,-0.0281186,0.0643586419738528));
#5384=CARTESIAN_POINT('',(0.103353909066553,-0.0281186,0.0655438503770813));
#5385=CARTESIAN_POINT('',(0.102703474273686,-0.0281186,0.0675307464441279));
#5386=CARTESIAN_POINT('',(0.101831975813608,-0.0281186,0.0701873273732939));
#5387=CARTESIAN_POINT('',(0.100692972140316,-0.0281186,0.073650971398595));
#5388=CARTESIAN_POINT('',(0.0994606765808636,-0.0281186,0.0773906276312351));
#5389=CARTESIAN_POINT('',(0.0976932573609228,-0.0281186,0.0827447578900382));
#5390=CARTESIAN_POINT('',(0.0962277810262157,-0.0281186,0.0871742943060378));
#5391=CARTESIAN_POINT('',(0.0951886146872432,-0.0281186,0.0903112884009136));
#5392=CARTESIAN_POINT('',(0.0951886338575163,-0.0281186,0.0903112947512929));
#5393=CARTESIAN_POINT('',(0.095188610588365,-0.0281186,0.090311300774444));
#5394=CARTESIAN_POINT('',(0.0935455233058754,-0.0281186,0.0907366874674747));
#5395=CARTESIAN_POINT('',(0.0919863514715764,-0.0281186,0.0912412786663495));
#5396=CARTESIAN_POINT('',(0.090511095085468,-0.0281186,0.0918250743710683));
#5397=CARTESIAN_POINT('',(0.090511095085468,-0.0281186,0.0918250743710684));
#5398=CARTESIAN_POINT('',(0.0905110950854423,-0.0281186,0.0918250743710785));
#5399=CARTESIAN_POINT('',(0.0868470588561465,-0.0281186,0.093275024790961));
#5400=CARTESIAN_POINT('',(0.0830447921710284,-0.0281186,0.0940000000006015));
#5401=CARTESIAN_POINT('',(0.0791042950300881,-0.0281186,0.0940000000000001));
#5402=CARTESIAN_POINT('',(0.0758847303799958,-0.0281186,0.0109070292530455));
#5403=CARTESIAN_POINT('',(0.0759306341402624,-0.0281186,0.00896007670828977));
#5404=CARTESIAN_POINT('',(0.075976537900529,-0.0281186,0.00701312416353407));
#5405=CARTESIAN_POINT('',(0.0760224416607956,-0.0281186,0.00506617161877838));
#5406=CARTESIAN_POINT('',(0.0760493053564004,-0.0281186,0.00392678041824414));
#5407=CARTESIAN_POINT('',(0.0760764135512316,-0.0281186,0.00278738899515237));
#5408=CARTESIAN_POINT('',(0.0761296519439883,-0.0281186,0.000508607039198916));
#5409=CARTESIAN_POINT('',(0.0761584097786914,-0.0281186,-0.000630785284102602));
#5410=CARTESIAN_POINT('',(0.0762058146647048,-0.0281186,-0.00404892745565695));
#5411=CARTESIAN_POINT('',(0.0761951319751826,-0.0281186,-0.00632764276714995));
#5412=CARTESIAN_POINT('',(0.0761120406626954,-0.0281186,-0.0108850137033237));
#5413=CARTESIAN_POINT('',(0.0760388432785614,-0.0281186,-0.0131636375193099));
#5414=CARTESIAN_POINT('',(0.0758535057965499,-0.0281186,-0.0177209633214518));
#5415=CARTESIAN_POINT('',(0.0757410301983015,-0.0281186,-0.0199994258410437));
#5416=CARTESIAN_POINT('',(0.0754090415179913,-0.0281186,-0.0265459297626752));
#5417=CARTESIAN_POINT('',(0.0751700565805182,-0.0281186,-0.0308175838284442));
#5418=CARTESIAN_POINT('',(0.0750875458609904,-0.0281186,-0.0350859311047412));
#5419=CARTESIAN_POINT('',(0.0718858416888422,-0.0241186,0.0108127465093257));
#5420=CARTESIAN_POINT('',(0.0719317454491088,-0.0241186,0.00886579396457004));
#5421=CARTESIAN_POINT('',(0.0719776492093754,-0.0241186,0.00691884141981435));
#5422=CARTESIAN_POINT('',(0.072023552969642,-0.0241186,0.00497188887505865));
#5423=CARTESIAN_POINT('',(0.0720504166652467,-0.0241186,0.00383249767452441));
#5424=CARTESIAN_POINT('',(0.0720774137309077,-0.0241186,0.00269762453116605));
#5425=CARTESIAN_POINT('',(0.0721308743820048,-0.0241186,0.00040980601574578));
#5426=CARTESIAN_POINT('',(0.0721592176183627,-0.0241186,-0.00071358638871748));
#5427=CARTESIAN_POINT('',(0.0722053033041527,-0.0241186,-0.0040461209203615));
#5428=CARTESIAN_POINT('',(0.0721951272998715,-0.0241186,-0.00629139528620125));
#5429=CARTESIAN_POINT('',(0.0721133751334836,-0.0241186,-0.0107754018024094));
#5430=CARTESIAN_POINT('',(0.072041233949941,-0.0241186,-0.0130235072771069));
#5431=CARTESIAN_POINT('',(0.0718577240866104,-0.0241186,-0.0175359786537092));
#5432=CARTESIAN_POINT('',(0.0717459530001159,-0.0241186,-0.019799982070336));
#5433=CARTESIAN_POINT('',(0.0714146191140178,-0.0241186,-0.0263364804142188));
#5434=CARTESIAN_POINT('',(0.0711719150770121,-0.0241186,-0.0306368190577249));
#5435=CARTESIAN_POINT('',(0.0710881737799143,-0.0241186,-0.0350067452892907));
#5436=CARTESIAN_POINT('',(0.0716609613133524,-0.0241186,-0.0214750928085876));
#5437=CARTESIAN_POINT('',(0.0716400171376602,-0.0241186,-0.0218906360208676));
#5438=CARTESIAN_POINT('',(0.0716012857955702,-0.0241205948380249,-0.0226932354010598));
#5439=CARTESIAN_POINT('',(0.0715527474393547,-0.0241295009640174,-0.0238088849271334));
#5440=CARTESIAN_POINT('',(0.0715209591687502,-0.0241420275726059,-0.0246710871328826));
#5441=CARTESIAN_POINT('',(0.071503727548287,-0.0241531362583674,-0.0252268571827096));
#5442=CARTESIAN_POINT('',(0.0714949409802849,-0.0241606471831391,-0.0255484690218333));
#5443=CARTESIAN_POINT('',(0.0714899886012536,-0.0241654755184154,-0.0257420581749031));
#5444=CARTESIAN_POINT('',(0.0714821543397475,-0.0241751770968715,-0.0260912762653723));
#5445=CARTESIAN_POINT('',(0.0714747947337115,-0.024187770189188,-0.0264921286672636));
#5446=CARTESIAN_POINT('',(0.0714656134477837,-0.024213297914794,-0.0271981391490739));
#5447=CARTESIAN_POINT('',(0.0714654790162534,-0.0242486243170963,-0.027943318963557));
#5448=CARTESIAN_POINT('',(0.0714753962341132,-0.0242905617596033,-0.0286425432275875));
#5449=CARTESIAN_POINT('',(0.0714877960104217,-0.0243250848374959,-0.0291396808713616));
#5450=CARTESIAN_POINT('',(0.0715025676751711,-0.024357007801935,-0.0295374812681913));
#5451=CARTESIAN_POINT('',(0.0715145355516357,-0.0243798622825958,-0.0297958297929824));
#5452=CARTESIAN_POINT('',(0.0715228306232741,-0.0243947361855171,-0.0299542382170612));
#5453=CARTESIAN_POINT('',(0.0715269889015082,-0.0244021196908799,-0.0300321030803625));
#5454=CARTESIAN_POINT('',(0.0715405108118361,-0.0244248944076861,-0.0302587703181103));
#5455=CARTESIAN_POINT('',(0.0715570513800808,-0.024451161542636,-0.0305016960031781));
#5456=CARTESIAN_POINT('',(0.0715910217164477,-0.0245021424441596,-0.0309362098433517));
#5457=CARTESIAN_POINT('',(0.0716492164553109,-0.0245812345542203,-0.0314995376568332));
#5458=CARTESIAN_POINT('',(0.0717356794941534,-0.0246888071347274,-0.0321098445987117));
#5459=CARTESIAN_POINT('',(0.0718715313372845,-0.0248476670036911,-0.0328256592765315));
#5460=CARTESIAN_POINT('',(0.0720405855359124,-0.0250331044383392,-0.0334007949929976));
#5461=CARTESIAN_POINT('',(0.0722080881095658,-0.0252102854551032,-0.0337711362035987));
#5462=CARTESIAN_POINT('',(0.072320008811871,-0.02532684032075,-0.0339564127320909));
#5463=CARTESIAN_POINT('',(0.0723820252487802,-0.0253911570134932,-0.0340499655111943));
#5464=CARTESIAN_POINT('',(0.0725448705141992,-0.0255582772760621,-0.034230042688414));
#5465=CARTESIAN_POINT('',(0.0727416563257348,-0.0257579876855741,-0.0343591769805061));
#5466=CARTESIAN_POINT('',(0.0730211935754586,-0.0260387266430834,-0.0344162749787304));
#5467=CARTESIAN_POINT('',(0.0733235158349023,-0.0263385563446381,-0.0343107190348233));
#5468=CARTESIAN_POINT('',(0.0735556613886573,-0.0265667950485225,-0.0341505733822855));
#5469=CARTESIAN_POINT('',(0.0736859686745675,-0.026694398864403,-0.034042227827615));
#5470=CARTESIAN_POINT('',(0.0738049404151538,-0.0268105013253658,-0.0339298172253064));
#5471=CARTESIAN_POINT('',(0.0738536153267958,-0.0268578744171774,-0.0338797439332034));
#5472=CARTESIAN_POINT('',(0.0739439769329878,-0.0269457401804238,-0.0337844302419821));
#5473=CARTESIAN_POINT('',(0.0740926732326546,-0.0270898800640805,-0.0336141800117098));
#5474=CARTESIAN_POINT('',(0.0744065808927078,-0.0273925065782169,-0.0332092706814082));
#5475=CARTESIAN_POINT('',(0.0746875414593271,-0.0276600231911458,-0.0327680096662373));
#5476=CARTESIAN_POINT('',(0.0748824784363442,-0.0278438077994306,-0.0324304961753085));
#5477=CARTESIAN_POINT('',(0.0748823213435501,-0.0278438060090802,-0.0324304044686536));
#5478=CARTESIAN_POINT('',(0.0753148717048185,-0.0281180262763258,-0.028494088116792));
#5479=CARTESIAN_POINT('',(0.0752546216539083,-0.0281199797654518,-0.029805586130278));
#5480=CARTESIAN_POINT('',(0.0751105010379851,-0.0280288700406663,-0.0311221629288218));
#5481=CARTESIAN_POINT('',(0.0748825098570491,-0.0278435390699067,-0.0324303994997544));
#5482=CARTESIAN_POINT('',(0.0758847303799958,-0.0281186,0.0109070292530455));
#5483=CARTESIAN_POINT('',(0.0757770858281285,-0.0279912911911482,0.0100714929589939));
#5484=CARTESIAN_POINT('',(0.0754728829317267,-0.0276490191249286,0.00845280053001958));
#5485=CARTESIAN_POINT('',(0.0746843449025521,-0.0268070920894916,0.00617844753312721));
#5486=CARTESIAN_POINT('',(0.0735313158375574,-0.0256077023725635,0.00419797565697075));
#5487=CARTESIAN_POINT('',(0.0725861612403028,-0.0246385945174651,0.0031750648263604));
#5488=CARTESIAN_POINT('',(0.072076572171532,-0.0241186,0.00272766285458459));
#5489=CARTESIAN_POINT('',(0.,0.00347559493780137,0.));
#5490=CARTESIAN_POINT('',(0.05335,-0.00540091,0.));
#5491=CARTESIAN_POINT('',(0.05985,-0.00540091,0.));
#5492=CARTESIAN_POINT('',(0.0721407763686446,-0.0138812521544997,0.));
#5493=CARTESIAN_POINT('',(0.0715622724277035,-0.0139849869759366,0.));
#5494=CARTESIAN_POINT('',(0.0705097012161456,-0.0141730975298895,0.));
#5495=CARTESIAN_POINT('',(0.0694554060622799,-0.014359784520253,0.));
#5496=CARTESIAN_POINT('',(0.0687682323229479,-0.0144801596548927,0.));
#5497=CARTESIAN_POINT('',(0.0683324555418007,-0.014555713118058,0.));
#5498=CARTESIAN_POINT('',(0.068030654925873,-0.014607216664091,0.));
#5499=CARTESIAN_POINT('',(0.067861435460401,-0.0146356464663488,0.));
#5500=CARTESIAN_POINT('',(0.0677624196344771,-0.0146520565732377,0.));
#5501=CARTESIAN_POINT('',(0.0677271806505255,-0.0146578784212939,0.));
#5502=CARTESIAN_POINT('',(0.0675663947018215,-0.0146841141957422,0.));
#5503=CARTESIAN_POINT('',(0.0673952943015529,-0.014711818869769,0.));
#5504=CARTESIAN_POINT('',(0.0670744464863713,-0.0147633111734101,0.));
#5505=CARTESIAN_POINT('',(0.0666237200361772,-0.0148341999627417,0.));
#5506=CARTESIAN_POINT('',(0.0660733010870537,-0.0149185476103734,0.));
#5507=CARTESIAN_POINT('',(0.0653351226509463,-0.0150286962553456,0.));
#5508=CARTESIAN_POINT('',(0.0645833584580181,-0.0151363992241232,0.));
#5509=CARTESIAN_POINT('',(0.0638317670148158,-0.0152398457954767,0.));
#5510=CARTESIAN_POINT('',(0.063237341541364,-0.0153193160025482,0.));
#5511=CARTESIAN_POINT('',(0.0627365576581207,-0.0153844869008326,0.));
#5512=CARTESIAN_POINT('',(0.0620275529056893,-0.0154745487813366,0.));
#5513=CARTESIAN_POINT('',(0.0607849551847273,-0.0156262139935784,0.));
#5514=CARTESIAN_POINT('',(0.0593167592163393,-0.015791824458299,0.));
#5515=CARTESIAN_POINT('',(0.0578103422170252,-0.015948418934847,0.));
#5516=CARTESIAN_POINT('',(0.0566587007785777,-0.0160616622659029,0.));
#5517=CARTESIAN_POINT('',(0.0556851450453922,-0.0161521458484353,0.));
#5518=CARTESIAN_POINT('',(0.0549884659191896,-0.0162141165224763,0.));
#5519=CARTESIAN_POINT('',(0.0545974881067422,-0.0162481674898833,0.));
#5520=CARTESIAN_POINT('',(0.0542756851392224,-0.0162757433329881,0.));
#5521=CARTESIAN_POINT('',(0.0540569076622055,-0.0162942253083396,0.));
#5522=CARTESIAN_POINT('',(0.053727054424659,-0.0163217827369206,0.));
#5523=CARTESIAN_POINT('',(0.0531621630109132,-0.0163680199264455,0.));
#5524=CARTESIAN_POINT('',(0.0523331510574409,-0.0164333034443133,0.));
#5525=CARTESIAN_POINT('',(0.0513210774862386,-0.0165088716380311,0.));
#5526=CARTESIAN_POINT('',(0.0499422484394832,-0.0166064803401644,0.));
#5527=CARTESIAN_POINT('',(0.0481665326540557,-0.0167223350731872,0.));
#5528=CARTESIAN_POINT('',(0.045951260008934,-0.0168515901191845,0.));
#5529=CARTESIAN_POINT('',(0.043651833844277,-0.0169710529149238,0.));
#5530=CARTESIAN_POINT('',(0.0416654222800683,-0.017062451093418,0.));
#5531=CARTESIAN_POINT('',(0.0400342574666842,-0.0171306734163306,0.));
#5532=CARTESIAN_POINT('',(0.0389970750685854,-0.0171712785509369,0.));
#5533=CARTESIAN_POINT('',(0.0381571666393287,-0.0172025272978805,0.));
#5534=CARTESIAN_POINT('',(0.0375209740310774,-0.0172253847978714,0.));
#5535=CARTESIAN_POINT('',(0.0369896013844533,-0.0172438190751346,0.));
#5536=CARTESIAN_POINT('',(0.0366091086644066,-0.0172566592995704,0.));
#5537=CARTESIAN_POINT('',(0.0364007525217324,-0.0172636018027966,0.));
#5538=CARTESIAN_POINT('',(0.0362167575690064,-0.0172696671142077,0.));
#5539=CARTESIAN_POINT('',(0.0361371660542512,-0.0172722666805607,0.));
#5540=CARTESIAN_POINT('',(0.0359935711098936,-0.0172769358432361,0.));
#5541=CARTESIAN_POINT('',(0.0357571525073697,-0.0172845320930471,0.));
#5542=CARTESIAN_POINT('',(0.0354042108429259,-0.0172956434774907,0.));
#5543=CARTESIAN_POINT('',(0.0349744578704775,-0.0173087958973012,0.));
#5544=CARTESIAN_POINT('',(0.0343867293866101,-0.0173263026711835,0.));
#5545=CARTESIAN_POINT('',(0.0336274186820164,-0.0173480327686108,0.));
#5546=CARTESIAN_POINT('',(0.0323587049270212,-0.017382514275399,0.));
#5547=CARTESIAN_POINT('',(0.0306724720713754,-0.0174250600359294,0.));
#5548=CARTESIAN_POINT('',(0.0284882738412608,-0.0174752309473443,0.));
#5549=CARTESIAN_POINT('',(0.0261433906543003,-0.0175245165069761,0.));
#5550=CARTESIAN_POINT('',(0.024055449166396,-0.0175648496857999,0.));
#5551=CARTESIAN_POINT('',(0.0223046790369208,-0.0175966748181383,0.));
#5552=CARTESIAN_POINT('',(0.021177143252457,-0.0176163783776496,0.));
#5553=CARTESIAN_POINT('',(0.0202546363945183,-0.0176320368394447,0.));
#5554=CARTESIAN_POINT('',(0.0195537887490506,-0.0176437082115218,0.));
#5555=CARTESIAN_POINT('',(0.0189579594998361,-0.0176534428073333,0.));
#5556=CARTESIAN_POINT('',(0.0185431980989366,-0.0176601257549743,0.));
#5557=CARTESIAN_POINT('',(0.0182944547847208,-0.0176641048396981,0.));
#5558=CARTESIAN_POINT('',(0.0181367960507866,-0.0176666147662508,0.));
#5559=CARTESIAN_POINT('',(0.0178656446735981,-0.0176709213653213,0.));
#5560=CARTESIAN_POINT('',(0.0175493059511403,-0.0176759488644861,0.));
#5561=CARTESIAN_POINT('',(0.0169883971324964,-0.0176848645134102,0.));
#5562=CARTESIAN_POINT('',(0.0162303691572876,-0.0176969213108534,0.));
#5563=CARTESIAN_POINT('',(0.0153698371413209,-0.017710620317882,0.));
#5564=CARTESIAN_POINT('',(0.0142950792448463,-0.0177277469784579,0.));
#5565=CARTESIAN_POINT('',(0.0130844979278599,-0.0177470723913696,0.));
#5566=CARTESIAN_POINT('',(0.0118454231534508,-0.0177669138072974,0.));
#5567=CARTESIAN_POINT('',(0.0108196808700515,-0.0177834107563315,0.));
#5568=CARTESIAN_POINT('',(0.0101427761594396,-0.0177943694651008,0.));
#5569=CARTESIAN_POINT('',(0.00970787758445465,-0.017801464939759,0.));
#5570=CARTESIAN_POINT('',(0.00948069066626251,-0.017805199764927,0.));
#5571=CARTESIAN_POINT('',(0.00932523674960123,-0.0178077759490283,0.));
#5572=CARTESIAN_POINT('',(0.00922302302503757,-0.0178094811375696,0.));
#5573=CARTESIAN_POINT('',(0.00914565402695704,-0.0178107846661893,0.));
#5574=CARTESIAN_POINT('',(0.00910381798892531,-0.0178114942132108,0.));
#5575=CARTESIAN_POINT('',(0.00907144987206952,-0.0178120475395309,0.));
#5576=CARTESIAN_POINT('',(0.00907654096559427,-0.0178119592817911,0.));
#5577=CARTESIAN_POINT('',(0.00897339583837863,-0.0178137316866341,0.));
#5578=CARTESIAN_POINT('',(0.00887387692519028,-0.0178154472046531,0.));
#5579=CARTESIAN_POINT('',(0.00868263232342534,-0.0178187543934142,0.));
#5580=CARTESIAN_POINT('',(0.00842014446143739,-0.0178233288384748,0.));
#5581=CARTESIAN_POINT('',(0.00810363235953626,-0.0178288984775205,0.));
#5582=CARTESIAN_POINT('',(0.00768621325927301,-0.0178363179241592,0.));
#5583=CARTESIAN_POINT('',(0.00717000590014714,-0.0178456319840063,0.));
#5584=CARTESIAN_POINT('',(0.0063572185337575,-0.0178605975046639,0.));
#5585=CARTESIAN_POINT('',(0.00536529565717451,-0.0178794326057805,0.));
#5586=CARTESIAN_POINT('',(0.00421366975158367,-0.0179022367002613,0.));
#5587=CARTESIAN_POINT('',(0.0031006762629992,-0.017925243610918,0.));
#5588=CARTESIAN_POINT('',(0.00166821230242479,-0.0179561896136156,0.));
#5589=CARTESIAN_POINT('',(0.000651827696294241,-0.0179797030869921,0.));
#5590=CARTESIAN_POINT('',(-4.263082942213E-16,-0.017995513824922,0.));
#5591=CARTESIAN_POINT('',(-4.24573570745324E-16,-0.017995513824922,0.));
#5592=CARTESIAN_POINT('',(-4.24573570745324E-16,-0.017995513824922,0.));
#5593=CARTESIAN_POINT('',(-0.000651743834440715,-0.0179797051211504,0.));
#5594=CARTESIAN_POINT('',(-0.00166803409594794,-0.0179561939362032,0.));
#5595=CARTESIAN_POINT('',(-0.00310043516023002,-0.0179252494591257,0.));
#5596=CARTESIAN_POINT('',(-0.00421341292442008,-0.01790224292988,0.));
#5597=CARTESIAN_POINT('',(-0.00536505455521955,-0.0178794384539846,0.));
#5598=CARTESIAN_POINT('',(-0.00635701673858868,-0.0178606023994015,0.));
#5599=CARTESIAN_POINT('',(-0.0071698512843221,-0.0178456357344484,0.));
#5600=CARTESIAN_POINT('',(-0.00768609465989404,-0.0178363208007667,0.));
#5601=CARTESIAN_POINT('',(-0.00810354655552698,-0.0178289005590943,0.));
#5602=CARTESIAN_POINT('',(-0.00842008507931301,-0.0178233302777816,0.));
#5603=CARTESIAN_POINT('',(-0.00868259704331861,-0.0178187552524122,0.));
#5604=CARTESIAN_POINT('',(-0.008873858501433,-0.0178154476470895,0.));
#5605=CARTESIAN_POINT('',(-0.00897338865871033,-0.0178137318686612,0.));
#5606=CARTESIAN_POINT('',(-0.00907653849322912,-0.0178119593117719,0.));
#5607=CARTESIAN_POINT('',(-0.00907146694118425,-0.0178120472377312,0.));
#5608=CARTESIAN_POINT('',(-0.00910385550542026,-0.0178114935394927,0.));
#5609=CARTESIAN_POINT('',(-0.00914572887689355,-0.0178107833278047,0.));
#5610=CARTESIAN_POINT('',(-0.00922314734850173,-0.0178094789114692,0.));
#5611=CARTESIAN_POINT('',(-0.009325416865913,-0.0178077727247958,0.));
#5612=CARTESIAN_POINT('',(-0.00948093948232455,-0.017805195310635,0.));
#5613=CARTESIAN_POINT('',(-0.00970820203023327,-0.0178014591316686,0.));
#5614=CARTESIAN_POINT('',(-0.0101431995799526,-0.0177943618851494,0.));
#5615=CARTESIAN_POINT('',(-0.0108201867798223,-0.0177834016996989,0.));
#5616=CARTESIAN_POINT('',(-0.0118459620533541,-0.0177669041600733,0.));
#5617=CARTESIAN_POINT('',(-0.0130850038442411,-0.0177470633346142,0.));
#5618=CARTESIAN_POINT('',(-0.0142955026444398,-0.0177277393988679,0.));
#5619=CARTESIAN_POINT('',(-0.0153701616234485,-0.0177106145091325,0.));
#5620=CARTESIAN_POINT('',(-0.0162306027086525,-0.0176969171297683,0.));
#5621=CARTESIAN_POINT('',(-0.0169885419420728,-0.0176848619214279,0.));
#5622=CARTESIAN_POINT('',(-0.0175493798906523,-0.0176759475403541,0.));
#5623=CARTESIAN_POINT('',(-0.0178656784480337,-0.0176709207615666,0.));
#5624=CARTESIAN_POINT('',(-0.0181367919257697,-0.0176666148368028,0.));
#5625=CARTESIAN_POINT('',(-0.0182944375104022,-0.0176641051612626,0.));
#5626=CARTESIAN_POINT('',(-0.0185431551436732,-0.0176601265498943,0.));
#5627=CARTESIAN_POINT('',(-0.0189578765867067,-0.0176534443440207,0.));
#5628=CARTESIAN_POINT('',(-0.019553649555581,-0.0176437107900199,0.));
#5629=CARTESIAN_POINT('',(-0.0202544351635139,-0.0176320405675241,0.));
#5630=CARTESIAN_POINT('',(-0.0211768651396526,-0.0176163835299585,0.));
#5631=CARTESIAN_POINT('',(-0.0223043164513351,-0.0175966815354391,0.));
#5632=CARTESIAN_POINT('',(-0.0240549759475321,-0.0175648584526827,0.));
#5633=CARTESIAN_POINT('',(-0.0261428252561713,-0.0175245269815923,0.));
#5634=CARTESIAN_POINT('',(-0.0284876715688547,-0.0174752421050658,0.));
#5635=CARTESIAN_POINT('',(-0.0306719066679903,-0.0174250705107081,0.));
#5636=CARTESIAN_POINT('',(-0.032358231724788,-0.0173825230417494,0.));
#5637=CARTESIAN_POINT('',(-0.0336270560675303,-0.0173480394868158,0.));
#5638=CARTESIAN_POINT('',(-0.0343864513609163,-0.0173263078207286,0.));
#5639=CARTESIAN_POINT('',(-0.0349742564884296,-0.0173087996301426,0.));
#5640=CARTESIAN_POINT('',(-0.0354040722260054,-0.0172956460377537,0.));
#5641=CARTESIAN_POINT('',(-0.0357570678943235,-0.0172845336834481,0.));
#5642=CARTESIAN_POINT('',(-0.0359935305185867,-0.0172769365634274,0.));
#5643=CARTESIAN_POINT('',(-0.0361371446325413,-0.0172722671331921,0.));
#5644=CARTESIAN_POINT('',(-0.0362167692973705,-0.0172696666836876,0.));
#5645=CARTESIAN_POINT('',(-0.0364007270299698,-0.017263603072178,0.));
#5646=CARTESIAN_POINT('',(-0.0366090586837715,-0.0172566619039472,0.));
#5647=CARTESIAN_POINT('',(-0.036989498286558,-0.0172438243749472,0.));
#5648=CARTESIAN_POINT('',(-0.0375208045799732,-0.017225393545725,0.));
#5649=CARTESIAN_POINT('',(-0.0381569206237079,-0.0172025399874779,0.));
#5650=CARTESIAN_POINT('',(-0.0389967353738233,-0.0171712960758055,0.));
#5651=CARTESIAN_POINT('',(-0.0400338144436613,-0.0171306962703489,0.));
#5652=CARTESIAN_POINT('',(-0.0416648441387752,-0.0170624809182904,0.));
#5653=CARTESIAN_POINT('',(-0.043651143052809,-0.0169710885510824,0.));
#5654=CARTESIAN_POINT('',(-0.045950524196967,-0.0168516280770019,0.));
#5655=CARTESIAN_POINT('',(-0.0481658417983709,-0.0167223707151675,0.));
#5656=CARTESIAN_POINT('',(-0.049941670501575,-0.0166065101465996,0.));
#5657=CARTESIAN_POINT('',(-0.0513206341100041,-0.0165088945240695,0.));
#5658=CARTESIAN_POINT('',(-0.0523328333770363,-0.0164333197810876,0.));
#5659=CARTESIAN_POINT('',(-0.0531619616944891,-0.0163680304635624,0.));
#5660=CARTESIAN_POINT('',(-0.0537269584569129,-0.0163217874765686,0.));
#5661=CARTESIAN_POINT('',(-0.0540568527886924,-0.0162942285093764,0.));
#5662=CARTESIAN_POINT('',(-0.0542757242451837,-0.0162757399002293,0.));
#5663=CARTESIAN_POINT('',(-0.0545973865565458,-0.0162481780198031,0.));
#5664=CARTESIAN_POINT('',(-0.0549882684509784,-0.0162141374534256,0.));
#5665=CARTESIAN_POINT('',(-0.0556847609655937,-0.016152186285256,0.));
#5666=CARTESIAN_POINT('',(-0.0566581288529756,-0.0160617226108419,0.));
#5667=CARTESIAN_POINT('',(-0.0578096282991038,-0.0159484942416506,0.));
#5668=CARTESIAN_POINT('',(-0.0593159871003715,-0.0157919058294582,0.));
#5669=CARTESIAN_POINT('',(-0.0607842873188485,-0.0156262848796966,0.));
#5670=CARTESIAN_POINT('',(-0.0620271961851502,-0.0154745857973384,0.));
#5671=CARTESIAN_POINT('',(-0.0627363390103611,-0.0153845110299501,0.));
#5672=CARTESIAN_POINT('',(-0.0632374920439091,-0.0153192960486516,0.));
#5673=CARTESIAN_POINT('',(-0.0638313836525268,-0.0152399014819941,0.));
#5674=CARTESIAN_POINT('',(-0.0645827351224147,-0.0151364910029004,0.));
#5675=CARTESIAN_POINT('',(-0.065334346458675,-0.0150288100790821,0.));
#5676=CARTESIAN_POINT('',(-0.0660725909271933,-0.0149186518145417,0.));
#5677=CARTESIAN_POINT('',(-0.0666231497406087,-0.0148342836154686,0.));
#5678=CARTESIAN_POINT('',(-0.0670740638094656,-0.0147633673617906,0.));
#5679=CARTESIAN_POINT('',(-0.067395097483415,-0.014711847684566,0.));
#5680=CARTESIAN_POINT('',(-0.067566293562016,-0.0146841291416566,0.));
#5681=CARTESIAN_POINT('',(-0.0677272194034721,-0.0146578723256026,0.));
#5682=CARTESIAN_POINT('',(-0.0677623657626643,-0.0146520660100642,0.));
#5683=CARTESIAN_POINT('',(-0.0678613438763232,-0.0146356630160532,0.));
#5684=CARTESIAN_POINT('',(-0.0680304688479136,-0.0146072499392895,0.));
#5685=CARTESIAN_POINT('',(-0.068332182302946,-0.0145557621451051,0.));
#5686=CARTESIAN_POINT('',(-0.0687678904735648,-0.0144802209457152,0.));
#5687=CARTESIAN_POINT('',(-0.0694550351095503,-0.014359851042603,0.));
#5688=CARTESIAN_POINT('',(-0.0705094042021443,-0.0141731507874437,0.));
#5689=CARTESIAN_POINT('',(-0.0715621536535794,-0.0139850082739962,0.));
#5690=CARTESIAN_POINT('',(-0.0721407763686446,-0.0138812521544952,0.));
#5691=CARTESIAN_POINT('',(-0.0721407763686446,-0.0138812521544952,0.));
#5692=CARTESIAN_POINT('',(-0.0721407763686446,0.00347559493780137,0.));
#5693=CARTESIAN_POINT('',(-0.0721407763686446,0.0114683329960313,-9.42067569449282E-7));
#5694=CARTESIAN_POINT('',(-0.0721407763686446,0.012002,0.));
#5695=CARTESIAN_POINT('',(-0.0721407772270091,0.0115108955443237,-1.96418928933789E-8));
#5696=CARTESIAN_POINT('',(-0.0721407763686446,0.012002,0.));
#5697=CARTESIAN_POINT('',(0.0721407763686446,0.012002,0.));
#5698=CARTESIAN_POINT('',(0.0721407767114544,0.0114969307476752,-7.72735708959234E-9));
#5699=CARTESIAN_POINT('',(0.0721407763686446,0.012002,0.));
#5700=CARTESIAN_POINT('',(0.0735329384804315,-0.0288708635090162,0.091));
#5701=CARTESIAN_POINT('',(0.0735329384804315,-0.0288708635090162,0.0149999999999873));
#5702=CARTESIAN_POINT('',(0.0721970553913543,-0.0291104082794198,0.0910000000000001));
#5703=CARTESIAN_POINT('',(0.0721970553913543,-0.0291104082794198,0.0149999999999873));
#5704=CARTESIAN_POINT('',(0.0695203334394652,-0.0295849498910193,0.091));
#5705=CARTESIAN_POINT('',(0.0695203334394652,-0.0295849498910193,0.0149999999999873));
#5706=CARTESIAN_POINT('',(0.0639964898804714,-0.0303823635646991,0.0910000000000001));
#5707=CARTESIAN_POINT('',(0.0639964898804714,-0.0303823635646991,0.0149999999999873));
#5708=CARTESIAN_POINT('',(0.0539807476599838,-0.0314741755850921,0.0910000000000001));
#5709=CARTESIAN_POINT('',(0.0539807476599838,-0.0314741755850921,0.0149999999999873));
#5710=CARTESIAN_POINT('',(0.0387866959110806,-0.0323001152244747,0.091));
#5711=CARTESIAN_POINT('',(0.0387866959110806,-0.0323001152244747,0.0149999999999873));
#5712=CARTESIAN_POINT('',(0.0196223176018675,-0.0326621989294126,0.091));
#5713=CARTESIAN_POINT('',(0.0196223176018675,-0.0326621989294126,0.0149999999999873));
#5714=CARTESIAN_POINT('',(0.00653911830475317,-0.0328387098432192,0.091));
#5715=CARTESIAN_POINT('',(0.00653911830475317,-0.0328387098432192,0.0149999999999873));
#5716=CARTESIAN_POINT('',(2.65651423053569E-17,-0.033,0.091));
#5717=CARTESIAN_POINT('',(2.65651423053569E-17,-0.033,0.0149999999999873));
#5718=CARTESIAN_POINT('',(0.027896044551817,-0.0324954454977261,0.0737820913672404));
#5719=CARTESIAN_POINT('',(0.0308961865386076,-0.0324276998737192,0.0740936632395579));
#5720=CARTESIAN_POINT('',(0.0338117368620768,-0.0323514096193646,0.0738386550603882));
#5721=CARTESIAN_POINT('',(0.0365571894475744,-0.0322685382368759,0.0730545160149166));
#5722=CARTESIAN_POINT('',(0.0391792670326468,-0.0321771901865041,0.0717421367079424));
#5723=CARTESIAN_POINT('',(0.0414927511630345,-0.032085147978071,0.0699309899300845));
#5724=CARTESIAN_POINT('',(0.0434534413381109,-0.0319977729364139,0.0676769470702478));
#5725=CARTESIAN_POINT('',(0.0448964717944205,-0.0319273870071218,0.0651225080204413));
#5726=CARTESIAN_POINT('',(0.0458432175052639,-0.03187828360559,0.062295744531694));
#5727=CARTESIAN_POINT('',(0.046195958558937,-0.0318593286471251,0.0593784752433773));
#5728=CARTESIAN_POINT('',(0.0459855490989297,-0.0318706766881597,0.0564171931303929));
#5729=CARTESIAN_POINT('',(0.045187448049536,-0.031912559831097,0.0535759108440274));
#5730=CARTESIAN_POINT('',(0.0438556125329858,-0.0319786832581463,0.0509228130725424));
#5731=CARTESIAN_POINT('',(0.0420242383975041,-0.0320623695658091,0.0485978667350118));
#5732=CARTESIAN_POINT('',(0.0397698105065651,-0.0321547732826147,0.0466506539702254));
#5733=CARTESIAN_POINT('',(0.0371900274001111,-0.0322477434892851,0.0452032233817067));
#5734=CARTESIAN_POINT('',(0.0343567285654791,-0.0323360912685905,0.0442626221271707));
#5735=CARTESIAN_POINT('',(0.0314242555286808,-0.0324147215478566,0.0439103543421318));
#5736=CARTESIAN_POINT('',(0.0284494619247628,-0.0324835357268426,0.0441222921459245));
#5737=CARTESIAN_POINT('',(0.0256051755284957,-0.0325411326109155,0.0449174416465761));
#5738=CARTESIAN_POINT('',(0.0229442642563269,-0.0325895436907723,0.046248000693941));
#5739=CARTESIAN_POINT('',(0.0206212663244103,-0.0326286927213605,0.0480711817460645));
#5740=CARTESIAN_POINT('',(0.018674761767348,-0.0326600452838445,0.050317915132969));
#5741=CARTESIAN_POINT('',(0.0172282260108586,-0.0326828421392663,0.0528913651317964));
#5742=CARTESIAN_POINT('',(0.0162916603583913,-0.0326975031944759,0.0557120141115589));
#5743=CARTESIAN_POINT('',(0.0159412803765863,-0.0327029824414704,0.0586368019532808));
#5744=CARTESIAN_POINT('',(0.0161556428742553,-0.0326996298952762,0.0616043144285586));
#5745=CARTESIAN_POINT('',(0.0169495145593454,-0.0326872103469783,0.0644350044145519));
#5746=CARTESIAN_POINT('',(0.0182844609701157,-0.0326662231476241,0.0670978151713187));
#5747=CARTESIAN_POINT('',(0.0200998750254223,-0.0326371970014462,0.0694072119816332));
#5748=CARTESIAN_POINT('',(0.0223534140803667,-0.0325997248744745,0.0713576418751771));
#5749=CARTESIAN_POINT('',(0.0249642047284478,-0.0325532560963617,0.0728237483405169));
#5750=CARTESIAN_POINT('',(0.027896044551817,-0.0324954454977261,0.0737820913672404));
#5751=CARTESIAN_POINT('',(0.0308961865386076,-0.0324276998737192,0.0740936632395579));
#5752=CARTESIAN_POINT('',(0.0338117368620768,-0.0323514096193646,0.0738386550603882));
#5753=CARTESIAN_POINT('',(0.031,-0.0324233965789745,0.073999920256713));
#5754=CARTESIAN_POINT('',(0.073532938482258,-0.0288708635086887,0.0475));
#5755=CARTESIAN_POINT('',(0.0735329384813447,-0.0288708635088524,0.0150000000000004));
#5756=CARTESIAN_POINT('',(0.0735329384813447,-0.0288708635088524,0.091));
#5757=CARTESIAN_POINT('',(0.0735329384804315,-0.0288708635090162,0.091));
#5758=CARTESIAN_POINT('',(0.0721970553913543,-0.0291104082794198,0.091));
#5759=CARTESIAN_POINT('',(0.0695203334394652,-0.0295849498910193,0.091));
#5760=CARTESIAN_POINT('',(0.0639964898804714,-0.0303823635646991,0.091));
#5761=CARTESIAN_POINT('',(0.0539807476599839,-0.0314741755850921,0.091));
#5762=CARTESIAN_POINT('',(0.0387866959110805,-0.0323001152244747,0.091));
#5763=CARTESIAN_POINT('',(0.0196223176018676,-0.0326621989294127,0.091));
#5764=CARTESIAN_POINT('',(0.00653911830475316,-0.0328387098432192,0.091));
#5765=CARTESIAN_POINT('',(2.65651423053569E-17,-0.033,0.091));
#5766=CARTESIAN_POINT('',(1.36854478331494E-11,-0.0329999999996624,0.0149999999999873));
#5767=CARTESIAN_POINT('',(0.00653911831730151,-0.0328387098430116,0.0149999999999884));
#5768=CARTESIAN_POINT('',(0.0196223176120298,-0.0326621989292897,0.0149999999999905));
#5769=CARTESIAN_POINT('',(0.038786695917576,-0.032300115224233,0.0149999999999937));
#5770=CARTESIAN_POINT('',(0.0539807476635566,-0.0314741755847789,0.0149999999999963));
#5771=CARTESIAN_POINT('',(0.0639964898821783,-0.0303823635644742,0.0149999999999981));
#5772=CARTESIAN_POINT('',(0.0695203334401704,-0.0295849498908996,0.0149999999999992));
#5773=CARTESIAN_POINT('',(0.0721970553915873,-0.029110408279378,0.0149999999999997));
#5774=CARTESIAN_POINT('',(0.0735329384804315,-0.0288708635090162,0.015));
#5775=CARTESIAN_POINT('',(-0.025,0.012,0.095));
#5776=CARTESIAN_POINT('',(-0.0993816342907907,0.012,0.0904416355507373));
#5777=CARTESIAN_POINT('',(-0.0988606989583598,0.012,0.0905299877709333));
#5778=CARTESIAN_POINT('',(-0.098347265209256,0.012,0.0906252693769291));
#5779=CARTESIAN_POINT('',(-0.0978413330434793,0.012,0.0907274803687245));
#5780=CARTESIAN_POINT('',(-0.0993816337808077,0.0120004984751132,0.0904416325439057));
#5781=CARTESIAN_POINT('',(-0.0978413182851093,0.012,0.0907274073165913));
#5782=CARTESIAN_POINT('',(-0.0983442066157842,0.012,0.090625811213882));
#5783=CARTESIAN_POINT('',(-0.0988732226070419,0.012,0.0905429885819689));
#5784=CARTESIAN_POINT('',(-0.0992685198124675,0.012,0.0902075443313101));
#5785=CARTESIAN_POINT('',(-0.0992693761650227,0.0120000005209968,0.0902075099593544));
#5786=CARTESIAN_POINT('',(-0.0975739908688634,0.012,0.0516526831912523));
#5787=CARTESIAN_POINT('',(-0.0999826744017629,0.0120005,0.090169376164559));
#5788=CARTESIAN_POINT('',(-0.099982674401763,0.012,0.0901693761645591));
#5789=CARTESIAN_POINT('',(-0.0998272234070802,0.012,0.0903092890935575));
#5790=CARTESIAN_POINT('',(-0.0996268760234454,0.012,0.0904000382131748));
#5791=CARTESIAN_POINT('',(-0.0993816322508586,0.012,0.0904416235234111));
#5792=CARTESIAN_POINT('',(-0.0972912175335541,0.013645140856122,0.0902605800272471));
#5793=CARTESIAN_POINT('',(-0.0972912175335541,0.0129999999999992,0.0902605800272471));
#5794=CARTESIAN_POINT('',(-0.0953638373244161,0.013645140856122,0.0902835867573233));
#5795=CARTESIAN_POINT('',(-0.0953638373244161,0.0129999999999992,0.0902835867573233));
#5796=CARTESIAN_POINT('',(-0.0921227487298587,0.013645140856122,0.0902196371585349));
#5797=CARTESIAN_POINT('',(-0.0921227487298587,0.0129999999999992,0.0902196371585349));
#5798=CARTESIAN_POINT('',(-0.0876780620654055,0.013645140856122,0.0900964465044252));
#5799=CARTESIAN_POINT('',(-0.0876780620654055,0.0129999999999992,0.0900964465044252));
#5800=CARTESIAN_POINT('',(-0.0833745886068989,0.013645140856122,0.0900200185560751));
#5801=CARTESIAN_POINT('',(-0.0833745886068989,0.0129999999999992,0.0900200185560751));
#5802=CARTESIAN_POINT('',(-0.0782835892743851,0.013645140856122,0.0899051974034447));
#5803=CARTESIAN_POINT('',(-0.0782835892743851,0.0129999999999992,0.0899051974034447));
#5804=CARTESIAN_POINT('',(-0.0742279335743198,0.013645140856122,0.0893559292204974));
#5805=CARTESIAN_POINT('',(-0.0742279335743198,0.0129999999999992,0.0893559292204974));
#5806=CARTESIAN_POINT('',(-0.0721407763686446,0.013645140856122,0.0888632380287212));
#5807=CARTESIAN_POINT('',(-0.0721407763686446,0.0129999999999992,0.0888632380287212));
#5808=CARTESIAN_POINT('',(-0.0960199476742363,0.0130872323388905,0.0902667702925227));
#5809=CARTESIAN_POINT('',(-0.0964266044901231,0.0130869127071627,0.0902673603763491));
#5810=CARTESIAN_POINT('',(-0.0968038398131266,0.013057835275408,0.0902656923197533));
#5811=CARTESIAN_POINT('',(-0.0971528758513914,0.0130000000436265,0.0902621141017888));
#5812=CARTESIAN_POINT('',(-0.0960199476549476,0.013087208921991,0.0902667702924948));
#5813=CARTESIAN_POINT('',(-0.0971528631926935,0.012999943518655,0.0902618155026682));
#5814=CARTESIAN_POINT('',(-0.0971528760858039,0.0129999999999992,0.0902621140993857));
#5815=CARTESIAN_POINT('',(-0.0952259801703083,0.0129999999999993,0.090281868092411));
#5816=CARTESIAN_POINT('',(-0.091996660281568,0.0129999999999994,0.090216133956711));
#5817=CARTESIAN_POINT('',(-0.0875796768636825,0.0129999999999995,0.0900940392474195));
#5818=CARTESIAN_POINT('',(-0.083307444325042,0.0129999999999996,0.0900194382570755));
#5819=CARTESIAN_POINT('',(-0.0782475346886988,0.0129999999999998,0.0899014929863362));
#5820=CARTESIAN_POINT('',(-0.0742154884216637,0.0129999999999999,0.0893529912123296));
#5821=CARTESIAN_POINT('',(-0.0721407798235087,0.013,0.088863238844271));
#5822=CARTESIAN_POINT('',(-0.0721407763686446,0.013,0.0888636691495277));
#5823=CARTESIAN_POINT('',(-0.0721407763686446,0.0318814,0.0888632380287212));
#5824=CARTESIAN_POINT('',(-0.0721407763686446,0.0131460932585381,0.0888632380287212));
#5825=CARTESIAN_POINT('',(-0.0721407763686446,0.0131460932585381,0.0888632380287212));
#5826=CARTESIAN_POINT('',(-0.0728948619920988,0.0135278810372769,0.0890412463471702));
#5827=CARTESIAN_POINT('',(-0.0738810416460647,0.0136671203739066,0.0892477427766908));
#5828=CARTESIAN_POINT('',(-0.0750918012870301,0.0135638112684273,0.0894302507881555));
#5829=CARTESIAN_POINT('',(-0.0750917304806948,0.0135628223315104,0.089430240114788));
#5830=CARTESIAN_POINT('',(-0.0750916596743596,0.0135618333945931,0.0894302294414211));
#5831=CARTESIAN_POINT('',(-0.0785245800711332,0.0132683945539366,0.0899477152032895));
#5832=CARTESIAN_POINT('',(-0.0837893583077863,0.0132360889578467,0.0900043865421481));
#5833=CARTESIAN_POINT('',(-0.0907760595360425,0.0131355658349996,0.0901815527212027));
#5834=CARTESIAN_POINT('',(-0.0942721928292233,0.0130886251532667,0.0902642341931155));
#5835=CARTESIAN_POINT('',(-0.0960199476356589,0.0130871855050915,0.0902667702924667));
#5836=CARTESIAN_POINT('',(-0.0721407763686446,0.0318814,0.0444316190143606));
#5837=CARTESIAN_POINT('',(-0.0721407763686446,0.013,0.0888641002703342));
#5838=CARTESIAN_POINT('',(-0.0721407763686446,0.0128627470577761,0.0888641002703293));
#5839=CARTESIAN_POINT('',(-0.0721407763686445,0.012592863145557,0.0888879402606844));
#5840=CARTESIAN_POINT('',(-0.0721407763686445,0.0120871069488538,0.0891690475254991));
#5841=CARTESIAN_POINT('',(-0.0721407763686446,0.0119999999999992,0.0896143342877834));
#5842=CARTESIAN_POINT('',(-0.0721407763686446,0.012,0.0898901301796586));
#5843=CARTESIAN_POINT('',(-0.0721407763686446,0.0119983814120607,0.000445554237542042));
#5844=CARTESIAN_POINT('',(-0.0721407763686446,0.0120770654954738,0.00056244126746114));
#5845=CARTESIAN_POINT('',(-0.0721407763686446,0.0121821231863053,0.000741221289363615));
#5846=CARTESIAN_POINT('',(-0.0721407763686446,0.0123094271663457,0.000986023398077531));
#5847=CARTESIAN_POINT('',(-0.0721407763686446,0.0123839090611409,0.00113696659210998));
#5848=CARTESIAN_POINT('',(-0.0721407763686446,0.012404526680502,0.00118028561924151));
#5849=CARTESIAN_POINT('',(-0.0721407763686446,0.0124748642279255,0.00132826108000297));
#5850=CARTESIAN_POINT('',(-0.0721407763686446,0.0125721047759431,0.00154257250170714));
#5851=CARTESIAN_POINT('',(-0.0721407763686446,0.0127200207347186,0.00188675978969492));
#5852=CARTESIAN_POINT('',(-0.0721407763686446,0.0128402822774372,0.00217946205857957));
#5853=CARTESIAN_POINT('',(-0.0721407763686446,0.0129604706903513,0.00248253692284939));
#5854=CARTESIAN_POINT('',(-0.0721407763686446,0.0130130497044057,0.00261749924872249));
#5855=CARTESIAN_POINT('',(-0.0721407763686446,0.0131042054746376,0.0028540002453131));
#5856=CARTESIAN_POINT('',(-0.0721407763686446,0.0132485539832304,0.0032369148240804));
#5857=CARTESIAN_POINT('',(-0.0721407763686446,0.0134518773655943,0.00378861674638233));
#5858=CARTESIAN_POINT('',(-0.0721407763686446,0.0136788859951308,0.00442054108054214));
#5859=CARTESIAN_POINT('',(-0.0721407763686446,0.0138390625508502,0.00487313402475491));
#5860=CARTESIAN_POINT('',(-0.0721407763686446,0.0139152416391824,0.00508959545342128));
#5861=CARTESIAN_POINT('',(-0.0721407763686446,0.0139475166276681,0.00518149533790951));
#5862=CARTESIAN_POINT('',(-0.0721407763686446,0.0139732475938118,0.00525488594411438));
#5863=CARTESIAN_POINT('',(-0.0721407763686446,0.0139774984156277,0.00526702766014873));
#5864=CARTESIAN_POINT('',(-0.0721407763686446,0.0139960624401569,0.00532005535565441));
#5865=CARTESIAN_POINT('',(-0.0721407763686446,0.0140199871875123,0.00538854374247883));
#5866=CARTESIAN_POINT('',(-0.0721407763686446,0.0140670239814744,0.00552339533278913));
#5867=CARTESIAN_POINT('',(-0.0721407763686446,0.0141356530934015,0.00572055438700639));
#5868=CARTESIAN_POINT('',(-0.0721407763686446,0.0142358304031637,0.00600885687200546));
#5869=CARTESIAN_POINT('',(-0.0721407763686446,0.0143923161966215,0.00645978899599663));
#5870=CARTESIAN_POINT('',(-0.0721407763686446,0.0145840800131092,0.00701311380390653));
#5871=CARTESIAN_POINT('',(-0.0721407763686446,0.0147810048920474,0.00758185657550671));
#5872=CARTESIAN_POINT('',(-0.0721407763686446,0.0148887233901135,0.00789306776105416));
#5873=CARTESIAN_POINT('',(-0.0721407763686446,0.014949786926609,0.00806952597141179));
#5874=CARTESIAN_POINT('',(-0.0721407763686446,0.015013573862288,0.00825380221521556));
#5875=CARTESIAN_POINT('',(-0.0721407763686446,0.0151185196094798,0.00855675022607419));
#5876=CARTESIAN_POINT('',(-0.0721407763686446,0.0152906171472392,0.00905282668942612));
#5877=CARTESIAN_POINT('',(-0.0721407763686446,0.0154966446733135,0.00964541201898799));
#5878=CARTESIAN_POINT('',(-0.0721407763686446,0.0157273706341339,0.010306633305793));
#5879=CARTESIAN_POINT('',(-0.0721407763686446,0.0159295169891965,0.0108838261278193));
#5880=CARTESIAN_POINT('',(-0.0721407763686446,0.0162663803002899,0.0118408221709058));
#5881=CARTESIAN_POINT('',(-0.0721407763686446,0.0166675996160459,0.0129713501455653));
#5882=CARTESIAN_POINT('',(-0.0721407763686446,0.0170807242322632,0.0141238419530966));
#5883=CARTESIAN_POINT('',(-0.0721407763686446,0.0174118467067098,0.015040377890168));
#5884=CARTESIAN_POINT('',(-0.0721407763686446,0.0176196059268834,0.0156125509733981));
#5885=CARTESIAN_POINT('',(-0.0721407763686446,0.0177661160800493,0.0160144925976801));
#5886=CARTESIAN_POINT('',(-0.0721407763686446,0.0178489922587511,0.0162414384444577));
#5887=CARTESIAN_POINT('',(-0.0721407763686446,0.0179139967153321,0.0164191979462529));
#5888=CARTESIAN_POINT('',(-0.0721407763686446,0.0179388886823467,0.0164871562355572));
#5889=CARTESIAN_POINT('',(-0.0721407763686446,0.017989299243172,0.0166246856205702));
#5890=CARTESIAN_POINT('',(-0.0721407763686446,0.018077406001256,0.0168646158117696));
#5891=CARTESIAN_POINT('',(-0.0721407763686446,0.0182260461884796,0.0172683800798739));
#5892=CARTESIAN_POINT('',(-0.0721407763686446,0.018502771744782,0.0180180825043594));
#5893=CARTESIAN_POINT('',(-0.0721407763686446,0.0188418358372482,0.0189341838617702));
#5894=CARTESIAN_POINT('',(-0.0721407763686446,0.0192411740720438,0.0200111025483466));
#5895=CARTESIAN_POINT('',(-0.0721407763686446,0.019518514410647,0.0207582791475889));
#5896=CARTESIAN_POINT('',(-0.0721407763686446,0.0197508639166194,0.0213838948945679));
#5897=CARTESIAN_POINT('',(-0.0721407763686446,0.0199461583990603,0.0219094653061126));
#5898=CARTESIAN_POINT('',(-0.0721407763686446,0.0200981624676732,0.0223186263827197));
#5899=CARTESIAN_POINT('',(-0.0721407763686446,0.020304227779214,0.0228741343491073));
#5900=CARTESIAN_POINT('',(-0.0721407763686446,0.0205485791531754,0.0235341491143226));
#5901=CARTESIAN_POINT('',(-0.0721407763686446,0.0209194218467302,0.0245387900750425));
#5902=CARTESIAN_POINT('',(-0.0721407763686446,0.0212573048911872,0.0254588472966575));
#5903=CARTESIAN_POINT('',(-0.0721407763686446,0.0215621463660616,0.0262940444800199));
#5904=CARTESIAN_POINT('',(-0.0721407763686446,0.0217402341315097,0.0267843890534355));
#5905=CARTESIAN_POINT('',(-0.0721407763686446,0.0218718129296787,0.0271481324361489));
#5906=CARTESIAN_POINT('',(-0.0721407763686446,0.0219483644536575,0.0273604645622607));
#5907=CARTESIAN_POINT('',(-0.0721407763686446,0.0219892130580197,0.0274739568873786));
#5908=CARTESIAN_POINT('',(-0.0721407763686446,0.0220419577055574,0.0276206630017389));
#5909=CARTESIAN_POINT('',(-0.0721407763686446,0.0221216086831715,0.0278426678845929));
#5910=CARTESIAN_POINT('',(-0.0721407763686446,0.0222867363404977,0.0283045526237559));
#5911=CARTESIAN_POINT('',(-0.0721407763686446,0.0225105367776486,0.0289356046591428));
#5912=CARTESIAN_POINT('',(-0.0721407763686446,0.022854764801506,0.0299170920360009));
#5913=CARTESIAN_POINT('',(-0.0721407763686446,0.0231737888938056,0.0308439954108237));
#5914=CARTESIAN_POINT('',(-0.0721407763686446,0.0234685433798563,0.0317188983060633));
#5915=CARTESIAN_POINT('',(-0.0721407763686446,0.0236425498025498,0.0322437843199836));
#5916=CARTESIAN_POINT('',(-0.0721407763686446,0.0237755816876752,0.0326503546952963));
#5917=CARTESIAN_POINT('',(-0.0721407763686446,0.023856294208244,0.0328994173764966));
#5918=CARTESIAN_POINT('',(-0.0721407763686446,0.0239190560739785,0.0330943656422084));
#5919=CARTESIAN_POINT('',(-0.0721407763686446,0.0240107391169512,0.0333809675460859));
#5920=CARTESIAN_POINT('',(-0.0721407763686446,0.0241549469389199,0.0338367926039824));
#5921=CARTESIAN_POINT('',(-0.0721407763686446,0.0243614975171005,0.0345031336655244));
#5922=CARTESIAN_POINT('',(-0.0721407763686446,0.0246736177825861,0.0355410037384636));
#5923=CARTESIAN_POINT('',(-0.0721407763686446,0.0250383299493842,0.0368132624498289));
#5924=CARTESIAN_POINT('',(-0.0721407763686446,0.0254324461356394,0.0382909692348585));
#5925=CARTESIAN_POINT('',(-0.0721407763686446,0.0259009716180906,0.0401995737155447));
#5926=CARTESIAN_POINT('',(-0.0721407763686446,0.0262831969354398,0.0420114243162822));
#5927=CARTESIAN_POINT('',(-0.0721407763686446,0.0265434942943439,0.0435206017457736));
#5928=CARTESIAN_POINT('',(-0.0721407763686446,0.0266535892155509,0.0442464867884928));
#5929=CARTESIAN_POINT('',(-0.0721407763686446,0.0267131756491596,0.0446684201533328));
#5930=CARTESIAN_POINT('',(-0.0721407763686446,0.0267816484739207,0.0451843268595335));
#5931=CARTESIAN_POINT('',(-0.0721407763686446,0.0268540920157698,0.0457937919624122));
#5932=CARTESIAN_POINT('',(-0.0721407763686446,0.0269543454894966,0.0467810282339947));
#5933=CARTESIAN_POINT('',(-0.0721407763686446,0.0270807093422883,0.0484868332480989));
#5934=CARTESIAN_POINT('',(-0.0721407763686446,0.0271254181654348,0.0508659238802273));
#5935=CARTESIAN_POINT('',(-0.0721407763686446,0.0269866561612475,0.0532295456417647));
#5936=CARTESIAN_POINT('',(-0.0721407763686446,0.0267898778515236,0.0549577751550493));
#5937=CARTESIAN_POINT('',(-0.0721407763686446,0.0266698175716766,0.0558148962154843));
#5938=CARTESIAN_POINT('',(-0.0721407763686446,0.0265899401620376,0.0563345660165085));
#5939=CARTESIAN_POINT('',(-0.0721407763686446,0.0265216332127558,0.0567563046635711));
#5940=CARTESIAN_POINT('',(-0.0721407763686446,0.0264249081922725,0.0573163306499957));
#5941=CARTESIAN_POINT('',(-0.0721407763686446,0.0262578377237762,0.0582041816206691));
#5942=CARTESIAN_POINT('',(-0.0721407763686446,0.0259255531871512,0.0597865352255765));
#5943=CARTESIAN_POINT('',(-0.0721407763686446,0.0253405164233159,0.0621037488596585));
#5944=CARTESIAN_POINT('',(-0.0721407763686446,0.0246080728376975,0.0645013049857017));
#5945=CARTESIAN_POINT('',(-0.0721407763686446,0.0240167933284066,0.0662243551436746));
#5946=CARTESIAN_POINT('',(-0.0721407763686446,0.0237031896673303,0.0670925900295866));
#5947=CARTESIAN_POINT('',(-0.0721407763686446,0.0235395268973117,0.0675347829073563));
#5948=CARTESIAN_POINT('',(-0.0721407763686446,0.0234478680761729,0.067779443906532));
#5949=CARTESIAN_POINT('',(-0.0721407763686446,0.0233423362252933,0.0680592194836209));
#5950=CARTESIAN_POINT('',(-0.0721407763686446,0.0231658740214757,0.0685201421190902));
#5951=CARTESIAN_POINT('',(-0.0721407763686446,0.0228502742876021,0.0693240645584916));
#5952=CARTESIAN_POINT('',(-0.0721407763686446,0.0224292959988062,0.0703611186581705));
#5953=CARTESIAN_POINT('',(-0.0721407763686446,0.0218890241336791,0.0716376822791159));
#5954=CARTESIAN_POINT('',(-0.0721407763686446,0.0211189533374141,0.0733900835693732));
#5955=CARTESIAN_POINT('',(-0.0721407763686446,0.0202772508334953,0.0752115363484966));
#5956=CARTESIAN_POINT('',(-0.0721407763686446,0.0194726146585704,0.0768765928490412));
#5957=CARTESIAN_POINT('',(-0.0721407763686446,0.0190004319309191,0.0778345049329505));
#5958=CARTESIAN_POINT('',(-0.0721407763686446,0.0186837575547406,0.0784680910470364));
#5959=CARTESIAN_POINT('',(-0.0721407763686446,0.0184930147141032,0.0788466377950662));
#5960=CARTESIAN_POINT('',(-0.0721407763686446,0.0182871599152091,0.0792534122701821));
#5961=CARTESIAN_POINT('',(-0.0721407763686446,0.017923704799563,0.0799663924373215));
#5962=CARTESIAN_POINT('',(-0.0721407763686446,0.0173765021490638,0.0810257662923981));
#5963=CARTESIAN_POINT('',(-0.0721407763686446,0.0167977918815671,0.0821281094792945));
#5964=CARTESIAN_POINT('',(-0.0721407763686446,0.0163737661822307,0.0829268370207326));
#5965=CARTESIAN_POINT('',(-0.0721407763686446,0.0161285035537954,0.0833864570433242));
#5966=CARTESIAN_POINT('',(-0.0721407763686446,0.0159364197193335,0.0837450852116797));
#5967=CARTESIAN_POINT('',(-0.0721407763686446,0.0158172437652225,0.0839669234061671));
#5968=CARTESIAN_POINT('',(-0.0721407763686446,0.0156240049395599,0.0843259192644443));
#5969=CARTESIAN_POINT('',(-0.0721407763686446,0.0153786475595748,0.0847800949763386));
#5970=CARTESIAN_POINT('',(-0.0721407763686446,0.0150591225457504,0.0853692717006387));
#5971=CARTESIAN_POINT('',(-0.0721407763686446,0.0146063765414478,0.0862011284156332));
#5972=CARTESIAN_POINT('',(-0.0721407763686446,0.0139872461311451,0.0873335483011761));
#5973=CARTESIAN_POINT('',(-0.0721407763686446,0.0134358611963527,0.0883370171156506));
#5974=CARTESIAN_POINT('',(-0.0721407763686446,0.0131460932585381,0.0888632380287212));
#5975=CARTESIAN_POINT('',(0.,-0.0281186,0.00289740705353235));
#5976=CARTESIAN_POINT('',(-0.0791042950300159,-0.0281186,0.0940000000000001));
#5977=CARTESIAN_POINT('',(-0.0830447921698456,-0.0281186,0.0940000000007109));
#5978=CARTESIAN_POINT('',(-0.086847058854984,-0.0281186,0.0932750247910719));
#5979=CARTESIAN_POINT('',(-0.0905110950854311,-0.0281186,0.0918250743710829));
#5980=CARTESIAN_POINT('',(-0.0791042950300454,-0.0281186,0.094));
#5981=CARTESIAN_POINT('',(-0.0905110950854311,-0.0281186,0.091825074371083));
#5982=CARTESIAN_POINT('',(-0.0905110950854387,-0.0281186,0.09182507437108));
#5983=CARTESIAN_POINT('',(-0.091986351470705,-0.0281186,0.0912412786666877));
#5984=CARTESIAN_POINT('',(-0.0935455233034848,-0.0281186,0.0907366874682049));
#5985=CARTESIAN_POINT('',(-0.0951886105837781,-0.0281186,0.0903113007756316));
#5986=CARTESIAN_POINT('',(-0.0951886338554347,-0.0281186,0.0903112947518428));
#5987=CARTESIAN_POINT('',(-0.0951886146830941,-0.0281186,0.0903112884007787));
#5988=CARTESIAN_POINT('',(-0.0962277367815237,-0.0281186,0.0871744277795816));
#5989=CARTESIAN_POINT('',(-0.0976931641375765,-0.0281186,0.0827450391101186));
#5990=CARTESIAN_POINT('',(-0.0994605528183955,-0.0281186,0.0773910009143283));
#5991=CARTESIAN_POINT('',(-0.100692842853521,-0.0281186,0.0736513612715757));
#5992=CARTESIAN_POINT('',(-0.101831858393943,-0.0281186,0.0701876813435402));
#5993=CARTESIAN_POINT('',(-0.102703381200419,-0.0281186,0.067531026861732));
#5994=CARTESIAN_POINT('',(-0.103353844224778,-0.0281186,0.0655440455256077));
#5995=CARTESIAN_POINT('',(-0.103741244563905,-0.0281186,0.0643587733421213));
#5996=CARTESIAN_POINT('',(-0.104038845159677,-0.0281186,0.0634470790707856));
#5997=CARTESIAN_POINT('',(-0.104221500369302,-0.0281186,0.0628869957627734));
#5998=CARTESIAN_POINT('',(-0.104361247295601,-0.0281186,0.0624581887301269));
#5999=CARTESIAN_POINT('',(-0.10445527634013,-0.0281186,0.0621695049635288));
#6000=CARTESIAN_POINT('',(-0.104511673180972,-0.0281186,0.0619963065252753));
#6001=CARTESIAN_POINT('',(-0.104633654440753,-0.0281186,0.0616215902714774));
#6002=CARTESIAN_POINT('',(-0.10483123494815,-0.0281186,0.0610144239252892));
#6003=CARTESIAN_POINT('',(-0.1051170013158,-0.0281186,0.0601356839361776));
#6004=CARTESIAN_POINT('',(-0.105450188441768,-0.0281186,0.0591101520490276));
#6005=CARTESIAN_POINT('',(-0.105777753140301,-0.0281186,0.0581009532871183));
#6006=CARTESIAN_POINT('',(-0.106205550520437,-0.0281186,0.0567816132476905));
#6007=CARTESIAN_POINT('',(-0.106724172727549,-0.0281186,0.0551796238946321));
#6008=CARTESIAN_POINT('',(-0.107519320723463,-0.0281186,0.0527178651866628));
#6009=CARTESIAN_POINT('',(-0.108169551212973,-0.0281186,0.0506971053505005));
#6010=CARTESIAN_POINT('',(-0.108694663276762,-0.0281186,0.049059318691046));
#6011=CARTESIAN_POINT('',(-0.108907729310729,-0.0281186,0.0483937492370072));
#6012=CARTESIAN_POINT('',(-0.109075689111558,-0.0281186,0.047868435550546));
#6013=CARTESIAN_POINT('',(-0.109177593479958,-0.0281186,0.0475494584566388));
#6014=CARTESIAN_POINT('',(-0.109251661011383,-0.0281186,0.0473174567067662));
#6015=CARTESIAN_POINT('',(-0.109288393537863,-0.0281186,0.0472023687848991));
#6016=CARTESIAN_POINT('',(-0.109345234628639,-0.0281186,0.0470242258450383));
#6017=CARTESIAN_POINT('',(-0.109415999974765,-0.0281186,0.0468022628633858));
#6018=CARTESIAN_POINT('',(-0.109584930277159,-0.0281186,0.046271870836022));
#6019=CARTESIAN_POINT('',(-0.109834918169821,-0.0281186,0.045484957066669));
#6020=CARTESIAN_POINT('',(-0.1102696563657,-0.0281186,0.0441106636796119));
#6021=CARTESIAN_POINT('',(-0.110794887169032,-0.0281186,0.0424391484086222));
#6022=CARTESIAN_POINT('',(-0.111396211299486,-0.0281186,0.0405069633445197));
#6023=CARTESIAN_POINT('',(-0.112158665857445,-0.0281186,0.0380313306043164));
#6024=CARTESIAN_POINT('',(-0.112866088473191,-0.0281186,0.0356930590579867));
#6025=CARTESIAN_POINT('',(-0.11342643775174,-0.0281186,0.0338034249863393));
#6026=CARTESIAN_POINT('',(-0.113704206046564,-0.0281186,0.0328554594364296));
#6027=CARTESIAN_POINT('',(-0.113842733568551,-0.0281186,0.0323801053005214));
#6028=CARTESIAN_POINT('',(-0.114041166458262,-0.0281186,0.031696108229118));
#6029=CARTESIAN_POINT('',(-0.114268827090397,-0.0281186,0.0309053772083274));
#6030=CARTESIAN_POINT('',(-0.114637116026708,-0.0281186,0.0296142980666736));
#6031=CARTESIAN_POINT('',(-0.115083152335994,-0.0281186,0.0280269611193259));
#6032=CARTESIAN_POINT('',(-0.115602378539807,-0.0281186,0.0261408658712289));
#6033=CARTESIAN_POINT('',(-0.116270703472951,-0.0281186,0.0236601356505946));
#6034=CARTESIAN_POINT('',(-0.116904979670317,-0.0281186,0.0212232128016567));
#6035=CARTESIAN_POINT('',(-0.11742730854215,-0.0281186,0.0191409858987227));
#6036=CARTESIAN_POINT('',(-0.117683475789642,-0.0281186,0.0180993003750001));
#6037=CARTESIAN_POINT('',(-0.117823407593739,-0.0281186,0.0175246534118107));
#6038=CARTESIAN_POINT('',(-0.117977919540524,-0.0281186,0.0168856671390034));
#6039=CARTESIAN_POINT('',(-0.118171128707002,-0.0281186,0.0160772798258093));
#6040=CARTESIAN_POINT('',(-0.11847256634157,-0.0281186,0.0147961737025053));
#6041=CARTESIAN_POINT('',(-0.118984922321585,-0.0281186,0.0125653742896446));
#6042=CARTESIAN_POINT('',(-0.119670827260202,-0.0281186,0.00942195338443626));
#6043=CARTESIAN_POINT('',(-0.120296619694241,-0.0281186,0.00633033266573811));
#6044=CARTESIAN_POINT('',(-0.120701951161555,-0.0281186,0.00419974064307482));
#6045=CARTESIAN_POINT('',(-0.120897788025267,-0.0281186,0.00313530623138801));
#6046=CARTESIAN_POINT('',(-0.121005592399033,-0.0281186,0.00253929571932718));
#6047=CARTESIAN_POINT('',(-0.121118752010549,-0.0281186,0.00190634377545409));
#6048=CARTESIAN_POINT('',(-0.121266251633016,-0.0281186,0.00106493406646828));
#6049=CARTESIAN_POINT('',(-0.121490348292765,-0.0281186,-0.000249231327847833));
#6050=CARTESIAN_POINT('',(-0.121867174152807,-0.0281186,-0.00255401889804918));
#6051=CARTESIAN_POINT('',(-0.122353557267905,-0.0281186,-0.00581538895669164));
#6052=CARTESIAN_POINT('',(-0.122856655186227,-0.0281186,-0.00969340123593636));
#6053=CARTESIAN_POINT('',(-0.123419134011616,-0.0281186,-0.01481150982634));
#6054=CARTESIAN_POINT('',(-0.123919551721066,-0.0281186,-0.0211129039519174));
#6055=CARTESIAN_POINT('',(-0.124103604227325,-0.0281186,-0.0260508632970056));
#6056=CARTESIAN_POINT('',(-0.124141567463812,-0.0281186,-0.0284940955003273));
#6057=CARTESIAN_POINT('',(-0.124141567209873,-0.0281183131442877,-0.0284940956740219));
#6058=CARTESIAN_POINT('',(-0.124141567209873,-0.0281186,-0.0284940955003273));
#6059=CARTESIAN_POINT('',(-0.107866266540067,-0.0281186,-0.0284940955003273));
#6060=CARTESIAN_POINT('',(-0.0915909658702597,-0.0281186,-0.0284940955003273));
#6061=CARTESIAN_POINT('',(-0.0753156652004528,-0.0281186,-0.0284940955003273));
#6062=CARTESIAN_POINT('',(-0.0753152502724691,-0.0281183260128506,-0.028494105116152));
#6063=CARTESIAN_POINT('',(-0.0753156638813619,-0.0281186,-0.0284941241558435));
#6064=CARTESIAN_POINT('',(-0.075342261902151,-0.0281186,-0.0279163218477962));
#6065=CARTESIAN_POINT('',(-0.0753866423047355,-0.0281186,-0.0269851462610506));
#6066=CARTESIAN_POINT('',(-0.0754459914616551,-0.0281186,-0.0257916094257953));
#6067=CARTESIAN_POINT('',(-0.0754778329246382,-0.0281186,-0.025162388778026));
#6068=CARTESIAN_POINT('',(-0.0754962167743231,-0.0281186,-0.0248024577576531));
#6069=CARTESIAN_POINT('',(-0.0755187612015759,-0.0281186,-0.0243614518159543));
#6070=CARTESIAN_POINT('',(-0.0755443737896825,-0.0281186,-0.0238593663432489));
#6071=CARTESIAN_POINT('',(-0.0755841872038794,-0.0281186,-0.0230772721158973));
#6072=CARTESIAN_POINT('',(-0.0756297751418212,-0.0281186,-0.0221781305332128));
#6073=CARTESIAN_POINT('',(-0.0756784478632402,-0.0281186,-0.0212119906571087));
#6074=CARTESIAN_POINT('',(-0.0757208162256802,-0.0281186,-0.0203641415445346));
#6075=CARTESIAN_POINT('',(-0.0757573131250372,-0.0281186,-0.0196254721331311));
#6076=CARTESIAN_POINT('',(-0.0757816176313353,-0.0281186,-0.019126716965458));
#6077=CARTESIAN_POINT('',(-0.0757977889163805,-0.0281186,-0.0187886747015356));
#6078=CARTESIAN_POINT('',(-0.0758033454089318,-0.0281186,-0.0186718066096417));
#6079=CARTESIAN_POINT('',(-0.0758153258780635,-0.0281186,-0.018417263710955));
#6080=CARTESIAN_POINT('',(-0.0758264421852722,-0.0281186,-0.0181786025504417));
#6081=CARTESIAN_POINT('',(-0.0758412528241813,-0.0281186,-0.0178577556527614));
#6082=CARTESIAN_POINT('',(-0.0758664106851917,-0.0281186,-0.0173046317134361));
#6083=CARTESIAN_POINT('',(-0.0759005516527763,-0.0281186,-0.016530486528796));
#6084=CARTESIAN_POINT('',(-0.0759385160913755,-0.0281186,-0.0156299397204954));
#6085=CARTESIAN_POINT('',(-0.0759735402230211,-0.0281186,-0.0147560118613165));
#6086=CARTESIAN_POINT('',(-0.0760054929738473,-0.0281186,-0.0139131603890359));
#6087=CARTESIAN_POINT('',(-0.0760348342237684,-0.0281186,-0.0130853640166946));
#6088=CARTESIAN_POINT('',(-0.0760556853097892,-0.0281186,-0.0124577693814082));
#6089=CARTESIAN_POINT('',(-0.0760755164687496,-0.0281186,-0.0118145857783753));
#6090=CARTESIAN_POINT('',(-0.0760933664203301,-0.0281186,-0.0111995449844996));
#6091=CARTESIAN_POINT('',(-0.0761220190195369,-0.0281186,-0.0101187685416215));
#6092=CARTESIAN_POINT('',(-0.0761542339284479,-0.0281186,-0.00860196489109704));
#6093=CARTESIAN_POINT('',(-0.0761877345865768,-0.0281186,-0.00621644082103276));
#6094=CARTESIAN_POINT('',(-0.0761955240452001,-0.0281186,-0.00331973597142001));
#6095=CARTESIAN_POINT('',(-0.0761654513030016,-0.0281186,-0.00109162100310498));
#6096=CARTESIAN_POINT('',(-0.076141334314694,-0.0281186,-1.16919960497196E-8));
#6097=CARTESIAN_POINT('',(-0.0761413395006945,-0.0281189740343752,-4.11996825544493E-18));
#6098=CARTESIAN_POINT('',(-0.076141334059038,-0.0281186,-1.20223006409067E-10));
#6099=CARTESIAN_POINT('',(-0.0760610080283021,-0.0281186,0.00363579887576391));
#6100=CARTESIAN_POINT('',(-0.0759704494806871,-0.0281186,0.00727135713695613));
#6101=CARTESIAN_POINT('',(-0.0758847303799932,-0.0281186,0.0109070292531534));
#6102=CARTESIAN_POINT('',(-0.0758847303799932,-0.0281186,0.0109070292531534));
#6103=CARTESIAN_POINT('',(-0.0758847303799931,-0.0281186,0.0109070292531534));
#6104=CARTESIAN_POINT('',(-0.0760106329725998,-0.0281186,0.0110356915184981));
#6105=CARTESIAN_POINT('',(-0.0761325622424352,-0.0281186,0.0111680056850793));
#6106=CARTESIAN_POINT('',(-0.07625,-0.0281186,0.0113044480235102));
#6107=CARTESIAN_POINT('',(-0.07625,-0.0281186,0.0113044480235102));
#6108=CARTESIAN_POINT('',(-0.07625,-0.0281186,0.0113044480235102));
#6109=CARTESIAN_POINT('',(-0.07625,-0.0281186,0.038463701197001));
#6110=CARTESIAN_POINT('',(-0.07625,-0.0281186,0.0656229543704917));
#6111=CARTESIAN_POINT('',(-0.07625,-0.0281186,0.0927822075439824));
#6112=CARTESIAN_POINT('',(-0.07625,-0.0281186,0.0927822075439824));
#6113=CARTESIAN_POINT('',(-0.07625,-0.0281186,0.0927822075439825));
#6114=CARTESIAN_POINT('',(-0.0755920314819387,-0.0281186,0.0931208039068118));
#6115=CARTESIAN_POINT('',(-0.0742084262312666,-0.0281186,0.0935718923639037));
#6116=CARTESIAN_POINT('',(-0.0727761365661408,-0.0281186,0.0938745837519476));
#6117=CARTESIAN_POINT('',(-0.0720564952325014,-0.0281186,0.0940010625290989));
#6118=CARTESIAN_POINT('',(-0.0720565273298277,-0.0281178515325161,0.0940012451570651));
#6119=CARTESIAN_POINT('',(-0.0720565273298277,-0.0281186,0.0940000000000001));
#6120=CARTESIAN_POINT('',(-0.0734543515532185,-0.0281186,0.0940000000000001));
#6121=CARTESIAN_POINT('',(-0.0748521757766092,-0.0281186,0.0940000000000001));
#6122=CARTESIAN_POINT('',(-0.07625,-0.0281186,0.0940000000000001));
#6123=CARTESIAN_POINT('',(-0.07625,-0.0281186,0.094));
#6124=CARTESIAN_POINT('',(-0.07625,-0.0281186,0.0940000000000001));
#6125=CARTESIAN_POINT('',(-0.0772014316766818,-0.0281186,0.094));
#6126=CARTESIAN_POINT('',(-0.0781528633533636,-0.0281186,0.094));
#6127=CARTESIAN_POINT('',(-0.0791042950300454,-0.0281186,0.0940000000000001));
#6128=CARTESIAN_POINT('',(-0.0720764659455495,0.0116818556079696,0.00272764891529466));
#6129=CARTESIAN_POINT('',(-0.0720764659455495,-0.0243321400002611,0.00272764891529466));
#6130=CARTESIAN_POINT('',(-0.0721281350088841,0.0116818556079696,0.00053616800480055));
#6131=CARTESIAN_POINT('',(-0.0721281350088841,-0.0243321400002611,0.00053616800480055));
#6132=CARTESIAN_POINT('',(-0.0722323159383887,0.0116818556079696,-0.00385119191125239));
#6133=CARTESIAN_POINT('',(-0.0722323159383887,-0.0243321400002611,-0.00385119191125239));
#6134=CARTESIAN_POINT('',(-0.0721118029967901,0.0116818556079696,-0.0122807410046084));
#6135=CARTESIAN_POINT('',(-0.0721118029967901,-0.0243321400002611,-0.0122807410046084));
#6136=CARTESIAN_POINT('',(-0.0716308425242876,0.0116818556079696,-0.0222615801819852));
#6137=CARTESIAN_POINT('',(-0.0716308425242876,-0.0243321400002611,-0.0222615801819852));
#6138=CARTESIAN_POINT('',(-0.0710428279869417,0.0116818556079696,-0.0333081349946688));
#6139=CARTESIAN_POINT('',(-0.0710428279869417,-0.0243321400002611,-0.0333081349946688));
#6140=CARTESIAN_POINT('',(-0.0710056239213289,0.0116818556079696,-0.0434208783162525));
#6141=CARTESIAN_POINT('',(-0.0710056239213289,-0.0243321400002611,-0.0434208783162525));
#6142=CARTESIAN_POINT('',(-0.0720730445812269,0.0116818556079696,-0.0525874527613337));
#6143=CARTESIAN_POINT('',(-0.0720730445812269,-0.0243321400002611,-0.0525874527613337));
#6144=CARTESIAN_POINT('',(-0.0747863134339948,0.0116818556079696,-0.0607941559160668));
#6145=CARTESIAN_POINT('',(-0.0747863134339948,-0.0243321400002611,-0.0607941559160668));
#6146=CARTESIAN_POINT('',(-0.0797448752809646,0.0116818556079696,-0.0680416635748497));
#6147=CARTESIAN_POINT('',(-0.0797448752809646,-0.0243321400002611,-0.0680416635748497));
#6148=CARTESIAN_POINT('',(-0.084796058052469,0.0116818556079696,-0.0721958153400321));
#6149=CARTESIAN_POINT('',(-0.084796058052469,-0.0243321400002611,-0.0721958153400321));
#6150=CARTESIAN_POINT('',(-0.0875825632582112,0.0116818556079696,-0.0740332627260321));
#6151=CARTESIAN_POINT('',(-0.0875825632582112,-0.0243321400002611,-0.0740332627260321));
#6152=CARTESIAN_POINT('',(-0.0875825641128487,0.0318814,-0.0740332626631035));
#6153=CARTESIAN_POINT('',(-0.0875825586936387,0.0059121382474655,-0.0740332694721825));
#6154=CARTESIAN_POINT('',(-0.0875825514723953,-0.00417909284649932,-0.0740332546197688));
#6155=CARTESIAN_POINT('',(-0.0875825630987821,0.00591213880679498,-0.0740332626209031));
#6156=CARTESIAN_POINT('',(-0.0873557935309363,0.00595095712244205,-0.0738837286625985));
#6157=CARTESIAN_POINT('',(-0.0869305348483356,0.0060202753454735,-0.0735997668037362));
#6158=CARTESIAN_POINT('',(-0.0861909038959907,0.00613710790337915,-0.0730818597339115));
#6159=CARTESIAN_POINT('',(-0.085683736327235,0.00621658709160997,-0.0727155516440897));
#6160=CARTESIAN_POINT('',(-0.0851970818510066,0.00629295279155341,-0.0723524057752486));
#6161=CARTESIAN_POINT('',(-0.0848503924214882,0.00634740765181677,-0.0720886287607108));
#6162=CARTESIAN_POINT('',(-0.084233836793851,0.00644368923595169,-0.0716094800504598));
#6163=CARTESIAN_POINT('',(-0.0835521126019023,0.00654918141164316,-0.0710526578638483));
#6164=CARTESIAN_POINT('',(-0.0829032977577273,0.00664875116251174,-0.0704971995964362));
#6165=CARTESIAN_POINT('',(-0.0822166219903288,0.00675349875917728,-0.0698891607461952));
#6166=CARTESIAN_POINT('',(-0.0810493452487344,0.00692981983404662,-0.0687976117811358));
#6167=CARTESIAN_POINT('',(-0.0797881400657977,0.00711786329570435,-0.067478357684924));
#6168=CARTESIAN_POINT('',(-0.0786112944970788,0.00729382131088789,-0.0660729418519308));
#6169=CARTESIAN_POINT('',(-0.0775376773228822,0.00745544975684764,-0.0646681593367728));
#6170=CARTESIAN_POINT('',(-0.0765354156755068,0.00760982156324751,-0.0631598482108737));
#6171=CARTESIAN_POINT('',(-0.0756227722140654,0.00775518493960194,-0.0615530658752286));
#6172=CARTESIAN_POINT('',(-0.0749825881080101,0.00786007478436184,-0.0602940061073032));
#6173=CARTESIAN_POINT('',(-0.0744892998947895,0.00794367067186592,-0.0592034173710681));
#6174=CARTESIAN_POINT('',(-0.0741622723924259,0.00800079744512325,-0.0584084757965212));
#6175=CARTESIAN_POINT('',(-0.0739855055172884,0.0080321666370511,-0.0579582537299979));
#6176=CARTESIAN_POINT('',(-0.0738444926235648,0.00805751389522102,-0.0575857345776296));
#6177=CARTESIAN_POINT('',(-0.073750364173955,0.00807461642669723,-0.0573292175351983));
#6178=CARTESIAN_POINT('',(-0.073611795900066,0.00809998650961034,-0.0569427720477766));
#6179=CARTESIAN_POINT('',(-0.0733833599531126,0.00814245395008619,-0.0562770797859174));
#6180=CARTESIAN_POINT('',(-0.0729486777015524,0.00822581401604898,-0.0548973903671659));
#6181=CARTESIAN_POINT('',(-0.0725175719777842,0.00831496334564586,-0.0532451870603852));
#6182=CARTESIAN_POINT('',(-0.072149956102115,0.00839852857432642,-0.0515057203245733));
#6183=CARTESIAN_POINT('',(-0.071946991603484,0.00844836499128372,-0.0503821659934133));
#6184=CARTESIAN_POINT('',(-0.0718006073071011,0.00848678997869251,-0.049461388469769));
#6185=CARTESIAN_POINT('',(-0.0716986093163463,0.00851494080801901,-0.0487581673786831));
#6186=CARTESIAN_POINT('',(-0.0716206527370551,0.00853765267507788,-0.0481668274726021));
#6187=CARTESIAN_POINT('',(-0.0715685870936442,0.00855353521443107,-0.0477395371083324));
#6188=CARTESIAN_POINT('',(-0.0715412472857936,0.00856205769603389,-0.0475068499782069));
#6189=CARTESIAN_POINT('',(-0.0715171780380462,0.00856971161150489,-0.0472951651857241));
#6190=CARTESIAN_POINT('',(-0.0715090761256056,0.00857232579330707,-0.0472220365372488));
#6191=CARTESIAN_POINT('',(-0.0714927579039892,0.00857759925692057,-0.0470739828741488));
#6192=CARTESIAN_POINT('',(-0.0714668118962014,0.00858610612334502,-0.0468319305184726));
#6193=CARTESIAN_POINT('',(-0.0714286365827578,0.0085989556503933,-0.0464584327522901));
#6194=CARTESIAN_POINT('',(-0.0713841892018592,0.0086146245140823,-0.0459894984147456));
#6195=CARTESIAN_POINT('',(-0.0713263274006041,0.00863615677289611,-0.0453275992052924));
#6196=CARTESIAN_POINT('',(-0.0712581207140205,0.00866412779539708,-0.0444346359159166));
#6197=CARTESIAN_POINT('',(-0.0711619938120693,0.00871121620681903,-0.0428590090379594));
#6198=CARTESIAN_POINT('',(-0.0710919746858529,0.0087616619890501,-0.0410619639500469));
#6199=CARTESIAN_POINT('',(-0.0710635440684413,0.00880907017443593,-0.0392681359420041));
#6200=CARTESIAN_POINT('',(-0.07105759915047,0.00883665847660968,-0.0381960575960793));
#6201=CARTESIAN_POINT('',(-0.071058896458243,0.0088588117701641,-0.0373165809973008));
#6202=CARTESIAN_POINT('',(-0.0710645678524926,0.00887746087326961,-0.0365712622156995));
#6203=CARTESIAN_POINT('',(-0.0710771078557134,0.00890285728563492,-0.0355649463822768));
#6204=CARTESIAN_POINT('',(-0.0711100328841641,0.00894536751814875,-0.0338955551377061));
#6205=CARTESIAN_POINT('',(-0.0711641243323579,0.00899089512405163,-0.0321547544454779));
#6206=CARTESIAN_POINT('',(-0.0712225879625569,0.00903307807928023,-0.0306055014330128));
#6207=CARTESIAN_POINT('',(-0.071259292922956,0.00905808289759035,-0.0297181951025821));
#6208=CARTESIAN_POINT('',(-0.0712879281321306,0.00907727881599159,-0.029058108344616));
#6209=CARTESIAN_POINT('',(-0.0713088238641433,0.00909123505489715,-0.0285893699031488));
#6210=CARTESIAN_POINT('',(-0.0713258159075491,0.00910262632381673,-0.0282169481112062));
#6211=CARTESIAN_POINT('',(-0.0713370628016925,0.00911022137240892,-0.0279738185693321));
#6212=CARTESIAN_POINT('',(-0.0713438383199975,0.00911482249039642,-0.0278284203295245));
#6213=CARTESIAN_POINT('',(-0.0713475763970837,0.00911736828400963,-0.0277483947373796));
#6214=CARTESIAN_POINT('',(-0.0713561791559262,0.00912325036927813,-0.0275653035055091));
#6215=CARTESIAN_POINT('',(-0.0713660232053122,0.00913000426034949,-0.0273573236197866));
#6216=CARTESIAN_POINT('',(-0.071384109222676,0.00914247237053873,-0.0269783079614018));
#6217=CARTESIAN_POINT('',(-0.0714097373689657,0.00916035077102643,-0.0264499109032705));
#6218=CARTESIAN_POINT('',(-0.0714408385790841,0.00918247257593186,-0.0258192934061178));
#6219=CARTESIAN_POINT('',(-0.0714823071844006,0.00921265819466916,-0.0249895379587345));
#6220=CARTESIAN_POINT('',(-0.0715339820924332,0.00925178483989787,-0.0239704181837973));
#6221=CARTESIAN_POINT('',(-0.071615104675041,0.00931726297350458,-0.0223821204366383));
#6222=CARTESIAN_POINT('',(-0.0716927206969158,0.00938738698694947,-0.020853477948341));
#6223=CARTESIAN_POINT('',(-0.0717551025328737,0.00945196286702362,-0.0195863312971717));
#6224=CARTESIAN_POINT('',(-0.0717899193792561,0.00949091057037246,-0.0188633522471011));
#6225=CARTESIAN_POINT('',(-0.0718130605226646,0.00951800331289739,-0.0183760449905961));
#6226=CARTESIAN_POINT('',(-0.0718435254644065,0.00955583980477766,-0.0177216450868758));
#6227=CARTESIAN_POINT('',(-0.0718800801517128,0.00960452891625919,-0.0169156962465043));
#6228=CARTESIAN_POINT('',(-0.0719419781226404,0.00969540263860824,-0.0154955158259816));
#6229=CARTESIAN_POINT('',(-0.0720190152396535,0.00983604712364321,-0.0135360429268363));
#6230=CARTESIAN_POINT('',(-0.0720804433862472,0.00999300636675255,-0.0116440830278122));
#6231=CARTESIAN_POINT('',(-0.0721145208779922,0.0101103264634931,-0.0103699290553043));
#6232=CARTESIAN_POINT('',(-0.0721317008639377,0.0101808260325395,-0.00964356179409164));
#6233=CARTESIAN_POINT('',(-0.0721427585314855,0.0102317554966568,-0.0091349775619752));
#6234=CARTESIAN_POINT('',(-0.072154779070398,0.0102957770596603,-0.00851851928433287));
#6235=CARTESIAN_POINT('',(-0.0721679815976407,0.0103800533102736,-0.00773886406708081));
#6236=CARTESIAN_POINT('',(-0.0721861939895647,0.0105365168228231,-0.00636693877866696));
#6237=CARTESIAN_POINT('',(-0.0722007000637501,0.0108769683855744,-0.0036786503251291));
#6238=CARTESIAN_POINT('',(-0.072174913159604,0.0112185857921946,-0.00144818682373592));
#6239=CARTESIAN_POINT('',(-0.0721407979195648,0.0114681740928196,-9.14156037433305E-7));
#6240=CARTESIAN_POINT('',(-0.0721407763686446,-0.0138812521544952,0.));
#6241=CARTESIAN_POINT('',(-0.0721407763686445,-0.0156840563779138,3.73526518191284E-15));
#6242=CARTESIAN_POINT('',(-0.0721339588232192,-0.019223910475463,0.00028915795433409));
#6243=CARTESIAN_POINT('',(-0.0721018067162004,-0.0226453380846943,0.00165285073714795));
#6244=CARTESIAN_POINT('',(-0.0720764662873276,-0.0241185801297473,0.00272763441918878));
#6245=CARTESIAN_POINT('',(-0.0720764979950128,-0.0241185785063722,0.00272763739198312));
#6246=CARTESIAN_POINT('',(-0.0624775579008029,-0.0241186,0.409853739153692));
#6247=CARTESIAN_POINT('',(-0.0656986307234168,-0.0241186,0.273235826102461));
#6248=CARTESIAN_POINT('',(-0.0689197035460307,-0.0241186,0.136617913051231));
#6249=CARTESIAN_POINT('',(-0.0721407763686446,-0.0241186,0.));
#6250=CARTESIAN_POINT('',(-0.0728259628194364,-0.0241186,-0.0290613556765845));
#6251=CARTESIAN_POINT('',(-0.0650640814622083,-0.0241186,-0.0554279339939639));
#6252=CARTESIAN_POINT('',(-0.0843445673139996,-0.0241186,-0.0718980981581319));
#6253=CARTESIAN_POINT('',(-0.0875825632582112,-0.0241186,-0.0740332627260321));
#6254=CARTESIAN_POINT('',(-0.174438561887252,-0.0241186,-0.131306914076289));
#6255=CARTESIAN_POINT('',(-0.261294560516292,-0.0241185999999996,-0.188580565426546));
#6256=CARTESIAN_POINT('',(-0.348150559145332,-0.0241185999999994,-0.245854216776803));
#6257=CARTESIAN_POINT('',(-0.0721405649709418,-0.0241186,-4.72078713406187E-9));
#6258=CARTESIAN_POINT('',(-0.0721407763686446,-0.0241186,0.));
#6259=CARTESIAN_POINT('',(-0.0723203509736455,-0.0241186,-0.007616439963723));
#6260=CARTESIAN_POINT('',(-0.0719992264106418,-0.0241186,-0.0147777232858398));
#6261=CARTESIAN_POINT('',(-0.0716610701766615,-0.0241186,-0.0214741579312196));
#6262=CARTESIAN_POINT('',(-0.0716609894636087,-0.0241186072119133,-0.0214741538553757));
#6263=CARTESIAN_POINT('',(-0.0716610700529966,-0.0241186182871689,-0.0214741603801298));
#6264=CARTESIAN_POINT('',(-0.0716372840031726,-0.0240142007084327,-0.0219451903581724));
#6265=CARTESIAN_POINT('',(-0.0715872189608856,-0.0237838186680992,-0.0229283727906811));
#6266=CARTESIAN_POINT('',(-0.0715193549707966,-0.0234418805498618,-0.0242569285967342));
#6267=CARTESIAN_POINT('',(-0.0714628750273764,-0.0231361217637816,-0.0253766425074823));
#6268=CARTESIAN_POINT('',(-0.0714196866081783,-0.0228902784054713,-0.026245607210165));
#6269=CARTESIAN_POINT('',(-0.0713835318340985,-0.0226730624664382,-0.0269888837553287));
#6270=CARTESIAN_POINT('',(-0.0713579125737605,-0.0225117233388115,-0.0275280777952727));
#6271=CARTESIAN_POINT('',(-0.0713438287471017,-0.0224209650430454,-0.0278282169708859));
#6272=CARTESIAN_POINT('',(-0.071331833549409,-0.0223421482099296,-0.028086696908657));
#6273=CARTESIAN_POINT('',(-0.0713254526254342,-0.022299543203107,-0.0282254779910157));
#6274=CARTESIAN_POINT('',(-0.0713148598132244,-0.0222281551091235,-0.0284571167903212));
#6275=CARTESIAN_POINT('',(-0.0712970088456688,-0.022105242552794,-0.0288525892785422));
#6276=CARTESIAN_POINT('',(-0.07127046292976,-0.0219148763827017,-0.0294564010163377));
#6277=CARTESIAN_POINT('',(-0.0712383773363731,-0.0216692811919642,-0.0302210503415212));
#6278=CARTESIAN_POINT('',(-0.0711956763806488,-0.021316442216271,-0.0313009446564542));
#6279=CARTESIAN_POINT('',(-0.0711545405434467,-0.0209275869945079,-0.0324633253394927));
#6280=CARTESIAN_POINT('',(-0.0711226277984082,-0.020552454760451,-0.0335585852557265));
#6281=CARTESIAN_POINT('',(-0.0711063450470078,-0.0203324275487057,-0.0341940222125717));
#6282=CARTESIAN_POINT('',(-0.0710945717645848,-0.0201526342505102,-0.0347090715966615));
#6283=CARTESIAN_POINT('',(-0.0710861828161419,-0.0200069404589836,-0.035123975374874));
#6284=CARTESIAN_POINT('',(-0.071075724047412,-0.0198006262695314,-0.0357093636216597));
#6285=CARTESIAN_POINT('',(-0.0710619235586579,-0.019444865537978,-0.0367118756930088));
#6286=CARTESIAN_POINT('',(-0.0710546881826992,-0.0189323330957229,-0.038137235876262));
#6287=CARTESIAN_POINT('',(-0.0710663296381893,-0.0184213682325575,-0.0395328042640503));
#6288=CARTESIAN_POINT('',(-0.0710887002331253,-0.0180078210146153,-0.0406470891118908));
#6289=CARTESIAN_POINT('',(-0.0711110742048325,-0.0177077044872881,-0.041447765569309));
#6290=CARTESIAN_POINT('',(-0.0711445098432717,-0.0173675723800503,-0.0423500135149222));
#6291=CARTESIAN_POINT('',(-0.0711999424016284,-0.0169275504329487,-0.043515369603521));
#6292=CARTESIAN_POINT('',(-0.0712931102257449,-0.0163723759726929,-0.0449797431435525));
#6293=CARTESIAN_POINT('',(-0.0714223183475801,-0.0158169017032934,-0.0464362124444152));
#6294=CARTESIAN_POINT('',(-0.0715331290626877,-0.015429482280183,-0.0474468587549796));
#6295=CARTESIAN_POINT('',(-0.0716040718818394,-0.0152045596036882,-0.0480319897208555));
#6296=CARTESIAN_POINT('',(-0.071657096595692,-0.0150454801777217,-0.0484450472881508));
#6297=CARTESIAN_POINT('',(-0.071726760148272,-0.0148493176503243,-0.0489536246345671));
#6298=CARTESIAN_POINT('',(-0.0718202741340628,-0.0146034861685704,-0.0495903559956614));
#6299=CARTESIAN_POINT('',(-0.0719995616434931,-0.014172736160745,-0.0507044326777366));
#6300=CARTESIAN_POINT('',(-0.0722936183329586,-0.0135774916057969,-0.0522398948268742));
#6301=CARTESIAN_POINT('',(-0.0727122206104695,-0.0128869215542192,-0.054016809116764));
#6302=CARTESIAN_POINT('',(-0.0731924537178468,-0.0122279688473811,-0.0557093063214438));
#6303=CARTESIAN_POINT('',(-0.0737519501301449,-0.0115775145079464,-0.0573806613083662));
#6304=CARTESIAN_POINT('',(-0.074345189946691,-0.0109910592314875,-0.0588810731636742));
#6305=CARTESIAN_POINT('',(-0.0749043584448578,-0.0105039421811881,-0.0601177139309158));
#6306=CARTESIAN_POINT('',(-0.0753702550524974,-0.010128893083088,-0.0610638532786442));
#6307=CARTESIAN_POINT('',(-0.075804621830501,-0.00980608366254479,-0.0618718964155766));
#6308=CARTESIAN_POINT('',(-0.0761735152820811,-0.00954726426309132,-0.0625154857904254));
#6309=CARTESIAN_POINT('',(-0.0764838184949401,-0.00933847245735126,-0.063032092275812));
#6310=CARTESIAN_POINT('',(-0.0767376250939379,-0.00917363964206523,-0.0634375785287661));
#6311=CARTESIAN_POINT('',(-0.0771095060684679,-0.00893880961327805,-0.0640117222058199));
#6312=CARTESIAN_POINT('',(-0.0775861658645743,-0.00865157430871575,-0.0647071194263581));
#6313=CARTESIAN_POINT('',(-0.0780975299935416,-0.00836124163796095,-0.0654008803213873));
#6314=CARTESIAN_POINT('',(-0.0785150669991209,-0.00813400370093817,-0.0659384781197806));
#6315=CARTESIAN_POINT('',(-0.0788595674381485,-0.00795232629853567,-0.0663654830045172));
#6316=CARTESIAN_POINT('',(-0.0791269901126328,-0.00781444874781243,-0.0666863431865177));
#6317=CARTESIAN_POINT('',(-0.0795341268309878,-0.00760747467603363,-0.0671619913668939));
#6318=CARTESIAN_POINT('',(-0.0800699916000482,-0.00734234394879583,-0.0677595562309419));
#6319=CARTESIAN_POINT('',(-0.0806572297100217,-0.00706133564115395,-0.0683769856496455));
#6320=CARTESIAN_POINT('',(-0.0811040531194105,-0.00685314567929441,-0.0688248675172641));
#6321=CARTESIAN_POINT('',(-0.081355157778265,-0.00673749482853389,-0.069071299505365));
#6322=CARTESIAN_POINT('',(-0.0815831423882594,-0.00663352557964179,-0.069291007048777));
#6323=CARTESIAN_POINT('',(-0.0816797708631002,-0.00658977817294011,-0.0693828491862813));
#6324=CARTESIAN_POINT('',(-0.0818662588240141,-0.00650556795725968,-0.0695591978396816));
#6325=CARTESIAN_POINT('',(-0.0821951135512036,-0.00635836630676339,-0.0698650976098422));
#6326=CARTESIAN_POINT('',(-0.0827517226669167,-0.00611334313105255,-0.0703673619008052));
#6327=CARTESIAN_POINT('',(-0.0834061238769198,-0.00583312831157088,-0.0709293014489486));
#6328=CARTESIAN_POINT('',(-0.0839313065904756,-0.00561352415763486,-0.0713610806594772));
#6329=CARTESIAN_POINT('',(-0.0842381245478006,-0.00548665541272117,-0.0716081050447109));
#6330=CARTESIAN_POINT('',(-0.084507443302141,-0.00537627458967502,-0.0718212867547423));
#6331=CARTESIAN_POINT('',(-0.0846700738854688,-0.00531011960901634,-0.0719482421770633));
#6332=CARTESIAN_POINT('',(-0.0849260224614576,-0.00520652596538945,-0.0721463353189768));
#6333=CARTESIAN_POINT('',(-0.0853603113754024,-0.00503249648019495,-0.0724764789786329));
#6334=CARTESIAN_POINT('',(-0.0860007800570952,-0.00478034365342318,-0.0729477626841927));
#6335=CARTESIAN_POINT('',(-0.0867820032841446,-0.00447972839990106,-0.073497640111512));
#6336=CARTESIAN_POINT('',(-0.0873141008531794,-0.00427924287219911,-0.0738562360213486));
#6337=CARTESIAN_POINT('',(-0.0875825523818945,-0.00417909688960048,-0.0740332555540859));
#6338=CARTESIAN_POINT('',(-0.100661262458309,0.0237295726836526,0.089688153338326));
#6339=CARTESIAN_POINT('',(-0.100661262458309,-0.0231186000014748,0.089688153338326));
#6340=CARTESIAN_POINT('',(-0.10238950557887,0.0237295726836526,0.0844699321296805));
#6341=CARTESIAN_POINT('',(-0.10238950557887,-0.0231186000014748,0.0844699321296805));
#6342=CARTESIAN_POINT('',(-0.104984944988778,0.0237295726836526,0.0766308926295752));
#6343=CARTESIAN_POINT('',(-0.104984944988778,-0.0231186000014748,0.0766308926295752));
#6344=CARTESIAN_POINT('',(-0.108691781817446,0.0237295726836526,0.0653219173860412));
#6345=CARTESIAN_POINT('',(-0.108691781817446,-0.0231186000014748,0.0653219173860412));
#6346=CARTESIAN_POINT('',(-0.11164664885644,0.0237295726836526,0.0562121397504974));
#6347=CARTESIAN_POINT('',(-0.11164664885644,-0.0231186000014748,0.0562121397504974));
#6348=CARTESIAN_POINT('',(-0.11486525338744,0.0237295726836526,0.0462356559482705));
#6349=CARTESIAN_POINT('',(-0.11486525338744,-0.0231186000014748,0.0462356559482705));
#6350=CARTESIAN_POINT('',(-0.119353278221244,0.0237295726836526,0.0317463017491929));
#6351=CARTESIAN_POINT('',(-0.119353278221244,-0.0231186000014748,0.0317463017491929));
#6352=CARTESIAN_POINT('',(-0.123657599146398,0.0237295726836526,0.0156899094266976));
#6353=CARTESIAN_POINT('',(-0.123657599146398,-0.0231186000014748,0.0156899094266976));
#6354=CARTESIAN_POINT('',(-0.126912018978013,0.0237295726836526,-0.00161587204545079));
#6355=CARTESIAN_POINT('',(-0.126912018978013,-0.0231186000014748,-0.00161587204545079));
#6356=CARTESIAN_POINT('',(-0.128612216063723,0.0237295726836526,-0.0151178333588903));
#6357=CARTESIAN_POINT('',(-0.128612216063723,-0.0231186000014748,-0.0151178333588903));
#6358=CARTESIAN_POINT('',(-0.129336867361946,0.0237295726836526,-0.0291276833911374));
#6359=CARTESIAN_POINT('',(-0.129336867361946,-0.0231186000014748,-0.0291276833911374));
#6360=CARTESIAN_POINT('',(-0.128945261794564,0.0237295726836526,-0.0432478318851441));
#6361=CARTESIAN_POINT('',(-0.128945261794564,-0.0231186000014748,-0.0432478318851441));
#6362=CARTESIAN_POINT('',(-0.127432132917967,0.0237295726836526,-0.0565346877406273));
#6363=CARTESIAN_POINT('',(-0.127432132917967,-0.0231186000014748,-0.0565346877406273));
#6364=CARTESIAN_POINT('',(-0.123877407546539,0.0237295726836526,-0.0720216699913094));
#6365=CARTESIAN_POINT('',(-0.123877407546539,-0.0231186000014748,-0.0720216699913094));
#6366=CARTESIAN_POINT('',(-0.119445215683428,0.0237295726836526,-0.0798304363302165));
#6367=CARTESIAN_POINT('',(-0.119445215683428,-0.0231186000014748,-0.0798304363302165));
#6368=CARTESIAN_POINT('',(-0.115670714999753,0.0237295726836526,-0.0821981226748731));
#6369=CARTESIAN_POINT('',(-0.115670714999753,-0.0231186000014748,-0.0821981226748731));
#6370=CARTESIAN_POINT('',(-0.12914096399011,-0.0231186,-0.0284164142745662));
#6371=CARTESIAN_POINT('',(-0.129041160674226,-0.0231186,-0.0219932876328888));
#6372=CARTESIAN_POINT('',(-0.128129841983021,-0.0231186,-0.00930755553836734));
#6373=CARTESIAN_POINT('',(-0.125120175419204,-0.0231186,0.00875767410713327));
#6374=CARTESIAN_POINT('',(-0.121045046048463,-0.0231186,0.0257045040090494));
#6375=CARTESIAN_POINT('',(-0.11645171315221,-0.0231186,0.0413108941584137));
#6376=CARTESIAN_POINT('',(-0.111932025045088,-0.0231186,0.0553344157942413));
#6377=CARTESIAN_POINT('',(-0.107923118496981,-0.0231186,0.0676878342969709));
#6378=CARTESIAN_POINT('',(-0.1042107163507,-0.0231186,0.0789690139397682));
#6379=CARTESIAN_POINT('',(-0.101843906608167,-0.0231186,0.0861173022586778));
#6380=CARTESIAN_POINT('',(-0.10066133921467,-0.0231186,0.0896879215817706));
#6381=CARTESIAN_POINT('',(-0.129140963990111,-0.0231186,-0.0284164142745662));
#6382=CARTESIAN_POINT('',(-0.100661830903686,-0.0231186,0.0896880844261808));
#6383=CARTESIAN_POINT('',(-0.100661262458309,-0.0231186,0.0896881533383259));
#6384=CARTESIAN_POINT('',(-0.100661262458309,-0.0125595883065997,0.089688153338326));
#6385=CARTESIAN_POINT('',(-0.100661262458309,-0.00200057661319947,0.089688153338326));
#6386=CARTESIAN_POINT('',(-0.100661262458309,0.0085584350802008,0.089688153338326));
#6387=CARTESIAN_POINT('',(-0.100661262597966,0.00855849996990251,0.0896881530539915));
#6388=CARTESIAN_POINT('',(-0.100661271052125,0.00855844980233767,0.0896881273903364));
#6389=CARTESIAN_POINT('',(-0.101000469137997,0.00913953280463442,0.0886639597686236));
#6390=CARTESIAN_POINT('',(-0.101633169026332,0.0102205895440606,0.0867535012584021));
#6391=CARTESIAN_POINT('',(-0.102446911859878,0.0115984736065983,0.0842950429159471));
#6392=CARTESIAN_POINT('',(-0.102956270406436,0.0124499506835245,0.0827549806320869));
#6393=CARTESIAN_POINT('',(-0.103252638091917,0.0129405123633301,0.0818584710358996));
#6394=CARTESIAN_POINT('',(-0.103369926284175,0.0131337366329972,0.0815036015981093));
#6395=CARTESIAN_POINT('',(-0.103457322791426,0.0132772011619663,0.0812391352317408));
#6396=CARTESIAN_POINT('',(-0.103515071881434,0.013371712368453,0.0810643637873806));
#6397=CARTESIAN_POINT('',(-0.103548940528785,0.0134270581307564,0.0809618587275983));
#6398=CARTESIAN_POINT('',(-0.103623186390273,0.013548168181436,0.0807371353647814));
#6399=CARTESIAN_POINT('',(-0.103751624024417,0.013756995709847,0.080348331621184));
#6400=CARTESIAN_POINT('',(-0.103933472286279,0.0140508597828441,0.0797976973309963));
#6401=CARTESIAN_POINT('',(-0.104219862583074,0.0145096838371842,0.0789301828259719));
#6402=CARTESIAN_POINT('',(-0.10456978205372,0.01506274081371,0.0778696034043622));
#6403=CARTESIAN_POINT('',(-0.104976708706503,0.0156935112017304,0.0766352099984866));
#6404=CARTESIAN_POINT('',(-0.105501546852676,0.016490191976692,0.0750417544026983));
#6405=CARTESIAN_POINT('',(-0.106001983532524,0.0172235297971085,0.0735202764248611));
#6406=CARTESIAN_POINT('',(-0.106411794623882,0.0178012165732355,0.0722726379566423));
#6407=CARTESIAN_POINT('',(-0.10660230335356,0.0180638638877563,0.0716922380965404));
#6408=CARTESIAN_POINT('',(-0.106682957491963,0.0181740617628113,0.0714464516576374));
#6409=CARTESIAN_POINT('',(-0.106751819908156,0.0182677735427696,0.0712365744051034));
#6410=CARTESIAN_POINT('',(-0.106883591475422,0.0184457285861318,0.0708348713795745));
#6411=CARTESIAN_POINT('',(-0.107064314339747,0.018685965504212,0.070283682833219));
#6412=CARTESIAN_POINT('',(-0.107353914147114,0.0190629051290624,0.069399891364197));
#6413=CARTESIAN_POINT('',(-0.107709118684938,0.0195098195612496,0.0683148661749571));
#6414=CARTESIAN_POINT('',(-0.108126761867043,0.0200105314575443,0.0670375092849388));
#6415=CARTESIAN_POINT('',(-0.108671128102434,0.020629570114986,0.065370463367888));
#6416=CARTESIAN_POINT('',(-0.10919668692208,0.0211760613413264,0.0637579199964319));
#6417=CARTESIAN_POINT('',(-0.109639542787673,0.0215909691009882,0.0623966244411748));
#6418=CARTESIAN_POINT('',(-0.109856412734152,0.0217822766468356,0.0617293726846671));
#6419=CARTESIAN_POINT('',(-0.109979361042487,0.021887515274584,0.0613509315556395));
#6420=CARTESIAN_POINT('',(-0.110136454525124,0.0220185093947509,0.0608672177907231));
#6421=CARTESIAN_POINT('',(-0.110319917102193,0.0221647101430303,0.060301975571526));
#6422=CARTESIAN_POINT('',(-0.110617878972967,0.0223885777651905,0.0593833064346055));
#6423=CARTESIAN_POINT('',(-0.110983838152199,0.0226369548072662,0.0582537219010174));
#6424=CARTESIAN_POINT('',(-0.11141705455982,0.0228886512635937,0.0569145877285003));
#6425=CARTESIAN_POINT('',(-0.111984730551111,0.0231609304097163,0.0551573006704583));
#6426=CARTESIAN_POINT('',(-0.112676666685421,0.0233839326691623,0.053010630747235));
#6427=CARTESIAN_POINT('',(-0.113340015378401,0.023447359156692,0.0509474748943702));
#6428=CARTESIAN_POINT('',(-0.113847138848285,0.0234088145680399,0.049364690215849));
#6429=CARTESIAN_POINT('',(-0.114376514614325,0.0233138991003124,0.047707097734828));
#6430=CARTESIAN_POINT('',(-0.115062607051809,0.0230875050315545,0.045545505660613));
#6431=CARTESIAN_POINT('',(-0.115780443453699,0.022720434947526,0.0432569879008874));
#6432=CARTESIAN_POINT('',(-0.116303745890796,0.0223848333492873,0.0415679351255108));
#6433=CARTESIAN_POINT('',(-0.116562526695461,0.0222033774437959,0.0407270856395369));
#6434=CARTESIAN_POINT('',(-0.116722231553131,0.022086172794496,0.0402061267755896));
#6435=CARTESIAN_POINT('',(-0.116837539980261,0.0219994940429067,0.0398291280594936));
#6436=CARTESIAN_POINT('',(-0.116998983833883,0.0218749340101096,0.0392998224589751));
#6437=CARTESIAN_POINT('',(-0.117252554965785,0.0216713958382119,0.0384646066808908));
#6438=CARTESIAN_POINT('',(-0.117578428489906,0.0213962740892783,0.0373840271404191));
#6439=CARTESIAN_POINT('',(-0.117916298728178,0.0210918898228978,0.0362517535013574));
#6440=CARTESIAN_POINT('',(-0.118149696041743,0.0208726085348337,0.035463124040589));
#6441=CARTESIAN_POINT('',(-0.118296514575015,0.0207315249658789,0.0349646052167563));
#6442=CARTESIAN_POINT('',(-0.118398314583757,0.0206324556305159,0.0346179725301271));
#6443=CARTESIAN_POINT('',(-0.118544145721434,0.0204885221406804,0.0341197868316447));
#6444=CARTESIAN_POINT('',(-0.118776811470161,0.0202539617957013,0.0333204928527591));
#6445=CARTESIAN_POINT('',(-0.119085377955937,0.0199342930294751,0.0322516317602247));
#6446=CARTESIAN_POINT('',(-0.119409531923851,0.0195869747279651,0.0311143383282851));
#6447=CARTESIAN_POINT('',(-0.119632674309699,0.0193420822310883,0.0303226138148034));
#6448=CARTESIAN_POINT('',(-0.119733613355835,0.0192302831909141,0.0299627928128689));
#6449=CARTESIAN_POINT('',(-0.119791232656946,0.0191661925568451,0.0297569345572604));
#6450=CARTESIAN_POINT('',(-0.119822626085303,0.0191311493173173,0.0296445672967356));
#6451=CARTESIAN_POINT('',(-0.119869595748466,0.0190786155964696,0.0294762933814551));
#6452=CARTESIAN_POINT('',(-0.119928576613372,0.0190123763183554,0.0292645364119553));
#6453=CARTESIAN_POINT('',(-0.120027381263894,0.0189008714695086,0.0289088175235085));
#6454=CARTESIAN_POINT('',(-0.120209296905914,0.0186941144662186,0.0282510072595313));
#6455=CARTESIAN_POINT('',(-0.120496751897015,0.0183630668360357,0.0272016066262673));
#6456=CARTESIAN_POINT('',(-0.120816199250735,0.0179888569706001,0.0260174022758791));
#6457=CARTESIAN_POINT('',(-0.121062006266788,0.0176969101568907,0.0250927663170037));
#6458=CARTESIAN_POINT('',(-0.121199876708862,0.0175320532304233,0.0245704026322492));
#6459=CARTESIAN_POINT('',(-0.121368851497379,0.0173291407034701,0.0239265589428724));
#6460=CARTESIAN_POINT('',(-0.121558640639463,0.0171001454831989,0.0231964413142865));
#6461=CARTESIAN_POINT('',(-0.121838289467716,0.0167607588112139,0.0221087665331769));
#6462=CARTESIAN_POINT('',(-0.122133972739835,0.016398863182291,0.0209391695541034));
#6463=CARTESIAN_POINT('',(-0.122339527543161,0.0161454758272421,0.0201115000055163));
#6464=CARTESIAN_POINT('',(-0.122452141149439,0.0160065819174309,0.0196545280976515));
#6465=CARTESIAN_POINT('',(-0.122494549892322,0.0159542905324456,0.0194818866454712));
#6466=CARTESIAN_POINT('',(-0.122527062815543,0.0159142328426609,0.0193492338155207));
#6467=CARTESIAN_POINT('',(-0.122544041753645,0.0158933258919468,0.0192798643096516));
#6468=CARTESIAN_POINT('',(-0.122562359091609,0.0158707898997128,0.0192049656740969));
#6469=CARTESIAN_POINT('',(-0.122595914192933,0.0158295119848618,0.0190675715124885));
#6470=CARTESIAN_POINT('',(-0.122647250284044,0.015766373156,0.0188568748936353));
#6471=CARTESIAN_POINT('',(-0.122723619045248,0.0156724797641911,0.0185421726646001));
#6472=CARTESIAN_POINT('',(-0.122842248092667,0.0155267094750495,0.0180504597298158));
#6473=CARTESIAN_POINT('',(-0.122988484596273,0.0153471746008032,0.0174391154119146));
#6474=CARTESIAN_POINT('',(-0.123159268070949,0.0151377992196569,0.0167168355960961));
#6475=CARTESIAN_POINT('',(-0.123381264180564,0.0148660925329403,0.0157670001429479));
#6476=CARTESIAN_POINT('',(-0.123647919859491,0.0145407043870684,0.0146056083987912));
#6477=CARTESIAN_POINT('',(-0.124051758490182,0.0140505770868088,0.0128045229617267));
#6478=CARTESIAN_POINT('',(-0.124423039910464,0.0136050708468171,0.0110861704238484));
#6479=CARTESIAN_POINT('',(-0.124718137420481,0.0132573776825722,0.00967128354542059));
#6480=CARTESIAN_POINT('',(-0.12486157362592,0.0130904554886215,0.00897079679627387));
#6481=CARTESIAN_POINT('',(-0.124937397268138,0.0130027926831514,0.00859730486166625));
#6482=CARTESIAN_POINT('',(-0.125027914527805,0.0128986798027824,0.00814860039255676));
#6483=CARTESIAN_POINT('',(-0.125141719894127,0.0127689320385723,0.00757815652599208));
#6484=CARTESIAN_POINT('',(-0.125320188017064,0.0125678395298682,0.00667032170568117));
#6485=CARTESIAN_POINT('',(-0.125626043296045,0.0122294355269947,0.00507890507361597));
#6486=CARTESIAN_POINT('',(-0.126043244283279,0.0117858332415538,0.00280088059326057));
#6487=CARTESIAN_POINT('',(-0.126507901279118,0.0113194474247355,8.40167925381966E-5));
#6488=CARTESIAN_POINT('',(-0.126874383992301,0.0109778998389932,-0.0022365440317501));
#6489=CARTESIAN_POINT('',(-0.127124256007613,0.0107571182927187,-0.00391771501104114));
#6490=CARTESIAN_POINT('',(-0.127376086850731,0.0105405738554605,-0.00568374698969918));
#6491=CARTESIAN_POINT('',(-0.127678195643464,0.0102920277248054,-0.00795777017534069));
#6492=CARTESIAN_POINT('',(-0.127962480667327,0.0100691309306495,-0.0103482861167059));
#6493=CARTESIAN_POINT('',(-0.128148317067241,0.00992738384745764,-0.0120763950047284));
#6494=CARTESIAN_POINT('',(-0.128238017989419,0.00985972073489536,-0.0129589100036495));
#6495=CARTESIAN_POINT('',(-0.128281429785821,0.00982712954820916,-0.0133986670662812));
#6496=CARTESIAN_POINT('',(-0.128306752977708,0.00980816134585954,-0.0136593638524698));
#6497=CARTESIAN_POINT('',(-0.128335043707443,0.00978700046501554,-0.0139533124563671));
#6498=CARTESIAN_POINT('',(-0.128381010699073,0.00975272284452433,-0.0144405343577916));
#6499=CARTESIAN_POINT('',(-0.128458235824753,0.00969534283890401,-0.0152904919468115));
#6500=CARTESIAN_POINT('',(-0.128590385660437,0.00959736334635069,-0.0168302772047591));
#6501=CARTESIAN_POINT('',(-0.128728857049237,0.00949376643135881,-0.0186719590466353));
#6502=CARTESIAN_POINT('',(-0.128851188465533,0.00939800142121957,-0.0206034637395475));
#6503=CARTESIAN_POINT('',(-0.128933668319393,0.00933005659808493,-0.0220996700090251));
#6504=CARTESIAN_POINT('',(-0.128993232245573,0.00927710633519235,-0.0233740677326366));
#6505=CARTESIAN_POINT('',(-0.129030395381487,0.00924106456553741,-0.0243055685331678));
#6506=CARTESIAN_POINT('',(-0.129046710398314,0.00922445569933301,-0.0247492862088945));
#6507=CARTESIAN_POINT('',(-0.12905710361594,0.00921351543501794,-0.0250475352364801));
#6508=CARTESIAN_POINT('',(-0.129061710258421,0.00920858007454039,-0.0251837146633207));
#6509=CARTESIAN_POINT('',(-0.129068887093671,0.0092008210281845,-0.0254001703687288));
#6510=CARTESIAN_POINT('',(-0.129079407587145,0.00918913005986982,-0.0257331891295898));
#6511=CARTESIAN_POINT('',(-0.129092494269774,0.00917397801146918,-0.0261760571304577));
#6512=CARTESIAN_POINT('',(-0.129107265979576,0.00915552860448197,-0.0267338972075542));
#6513=CARTESIAN_POINT('',(-0.129125552832348,0.00913036253253266,-0.0275185989208053));
#6514=CARTESIAN_POINT('',(-0.129144958816048,0.00909793807607921,-0.0285736668722138));
#6515=CARTESIAN_POINT('',(-0.129165355700482,0.00904396348307824,-0.030419701871139));
#6516=CARTESIAN_POINT('',(-0.129164250206418,0.00898682137168559,-0.0325058463590418));
#6517=CARTESIAN_POINT('',(-0.129129594009902,0.008926627712001,-0.0348118054212548));
#6518=CARTESIAN_POINT('',(-0.129082302162388,0.00887967893003144,-0.0366826434116626));
#6519=CARTESIAN_POINT('',(-0.129013386610096,0.00883155887877904,-0.0385707569238514));
#6520=CARTESIAN_POINT('',(-0.128904900169682,0.00877021687383421,-0.0408670889182045));
#6521=CARTESIAN_POINT('',(-0.128775993825569,0.00871147995234863,-0.0429222046607467));
#6522=CARTESIAN_POINT('',(-0.128639971176844,0.00865569242687447,-0.0447204768709811));
#6523=CARTESIAN_POINT('',(-0.128554246375553,0.00862201265881929,-0.0457411172685003));
#6524=CARTESIAN_POINT('',(-0.128486520440528,0.00859577438180445,-0.0464963580947629));
#6525=CARTESIAN_POINT('',(-0.128436548771553,0.0085764861490189,-0.047031467850285));
#6526=CARTESIAN_POINT('',(-0.128395493903139,0.0085606057025631,-0.0474547576241685));
#6527=CARTESIAN_POINT('',(-0.128367851245076,0.00854985212239893,-0.0477327576248704));
#6528=CARTESIAN_POINT('',(-0.128353466276663,0.0085442326881727,-0.0478755025869468));
#6529=CARTESIAN_POINT('',(-0.12834645203695,0.00854148633627277,-0.0479448294905122));
#6530=CARTESIAN_POINT('',(-0.12833065328952,0.00853529557855476,-0.0480999510431517));
#6531=CARTESIAN_POINT('',(-0.128313757784859,0.00852867092077209,-0.0482638139460704));
#6532=CARTESIAN_POINT('',(-0.128284784683602,0.00851730098217373,-0.048541240550222));
#6533=CARTESIAN_POINT('',(-0.128234143398616,0.00849739781325341,-0.0490159099136276));
#6534=CARTESIAN_POINT('',(-0.128159400418713,0.00846792070576202,-0.0496889673154078));
#6535=CARTESIAN_POINT('',(-0.128066845453099,0.00843120007311054,-0.0504804153139401));
#6536=CARTESIAN_POINT('',(-0.127939528569805,0.00838032735697643,-0.0515169174136847));
#6537=CARTESIAN_POINT('',(-0.127773555690401,0.0083132039315786,-0.0527760271599184));
#6538=CARTESIAN_POINT('',(-0.1275645959153,0.00822698957445302,-0.0542290277134532));
#6539=CARTESIAN_POINT('',(-0.127346980723013,0.00813510531808697,-0.0556243334428553));
#6540=CARTESIAN_POINT('',(-0.127121884611903,0.00803757997112941,-0.0569621302225107));
#6541=CARTESIAN_POINT('',(-0.126928790720481,0.00795151495483559,-0.0580303463491668));
#6542=CARTESIAN_POINT('',(-0.126791566573037,0.0078889353138918,-0.0587522792192007));
#6543=CARTESIAN_POINT('',(-0.126712089220919,0.00785224250197522,-0.0591598924399081));
#6544=CARTESIAN_POINT('',(-0.126653481081905,0.00782500256338482,-0.0594564063242334));
#6545=CARTESIAN_POINT('',(-0.126565459279614,0.00778366770430299,-0.0598926310646221));
#6546=CARTESIAN_POINT('',(-0.126456358525553,0.0077318368720006,-0.0604205420268994));
#6547=CARTESIAN_POINT('',(-0.126256713706515,0.00763559918317501,-0.0613571028815378));
#6548=CARTESIAN_POINT('',(-0.125962237376976,0.00748952223159126,-0.0626525666949888));
#6549=CARTESIAN_POINT('',(-0.125589520021596,0.00729818363843685,-0.0641626107529248));
#6550=CARTESIAN_POINT('',(-0.125069290949529,0.00702262752531039,-0.0661057059924298));
#6551=CARTESIAN_POINT('',(-0.124512894673889,0.00671526233008011,-0.0679479715044682));
#6552=CARTESIAN_POINT('',(-0.123999725410514,0.00642081905872932,-0.0694580962433308));
#6553=CARTESIAN_POINT('',(-0.123694084177118,0.00624223383346464,-0.0703044102283239));
#6554=CARTESIAN_POINT('',(-0.123472825944788,0.00611160176206543,-0.0708949551354016));
#6555=CARTESIAN_POINT('',(-0.123193568797067,0.00594471556494673,-0.0716090992592443));
#6556=CARTESIAN_POINT('',(-0.122813964970612,0.00571568441486857,-0.0725330417996351));
#6557=CARTESIAN_POINT('',(-0.122290753444985,0.00539757809674447,-0.0737183195753093));
#6558=CARTESIAN_POINT('',(-0.121708482351279,0.00504356222723368,-0.0749013140682562));
#6559=CARTESIAN_POINT('',(-0.121261257916534,0.00477350629839926,-0.0757294976886188));
#6560=CARTESIAN_POINT('',(-0.121000433058782,0.00461669816287398,-0.0761905218211039));
#6561=CARTESIAN_POINT('',(-0.120784212016141,0.00448722045747093,-0.0765589992498363));
#6562=CARTESIAN_POINT('',(-0.120633799373499,0.00439739909306037,-0.076807764764516));
#6563=CARTESIAN_POINT('',(-0.120378901066031,0.00424575244191539,-0.0772190627361548));
#6564=CARTESIAN_POINT('',(-0.120022643276158,0.00403574224906215,-0.0777666275882675));
#6565=CARTESIAN_POINT('',(-0.119592537430116,0.00378694834588807,-0.0783777798926435));
#6566=CARTESIAN_POINT('',(-0.119256739100499,0.00359624163443936,-0.0788214355714228));
#6567=CARTESIAN_POINT('',(-0.11904836817413,0.0034791404113199,-0.079085496661447));
#6568=CARTESIAN_POINT('',(-0.118900257634929,0.00339635413360285,-0.0792689661401485));
#6569=CARTESIAN_POINT('',(-0.118679436510977,0.00327404121613309,-0.0795331880171768));
#6570=CARTESIAN_POINT('',(-0.118433030982432,0.00313897707927793,-0.0798164678058856));
#6571=CARTESIAN_POINT('',(-0.118206110479608,0.00301606889959067,-0.0800649242066681));
#6572=CARTESIAN_POINT('',(-0.118011390075648,0.00291159393078983,-0.0802692397986706));
#6573=CARTESIAN_POINT('',(-0.117880441514436,0.00284169801158033,-0.0804031839305071));
#6574=CARTESIAN_POINT('',(-0.117782685340235,0.00278974538152079,-0.0805007648223838));
#6575=CARTESIAN_POINT('',(-0.117723961323834,0.00275860195719257,-0.0805585930902702));
#6576=CARTESIAN_POINT('',(-0.117687818734863,0.0027394525824353,-0.0805938370108788));
#6577=CARTESIAN_POINT('',(-0.11767450464874,0.00273240228702047,-0.080606923446597));
#6578=CARTESIAN_POINT('',(-0.117584500523304,0.00268474230503846,-0.0806937281464001));
#6579=CARTESIAN_POINT('',(-0.117494032556777,0.00263681261732517,-0.0807794006080119));
#6580=CARTESIAN_POINT('',(-0.117328859430604,0.00254921641955324,-0.0809329190248178));
#6581=CARTESIAN_POINT('',(-0.117116695619636,0.00243623367731787,-0.0811216647109281));
#6582=CARTESIAN_POINT('',(-0.11688770802768,0.00231295548127245,-0.0813157025016584));
#6583=CARTESIAN_POINT('',(-0.116622525239232,0.00216752418043034,-0.0815303496418241));
#6584=CARTESIAN_POINT('',(-0.116366106978846,0.00202007659366407,-0.0817248118467076));
#6585=CARTESIAN_POINT('',(-0.116244730394546,0.00193899915532945,-0.0818119057664134));
#6586=CARTESIAN_POINT('',(-0.116205407225674,0.00190765978927845,-0.0818399478055204));
#6587=CARTESIAN_POINT('',(-0.116205407225674,0.00190765978927847,-0.0818399478055204));
#6588=CARTESIAN_POINT('',(-0.116205407225674,0.00190765978927845,-0.0818399478055204));
#6589=CARTESIAN_POINT('',(-0.116223022452742,0.00187800138321137,-0.0818273860791772));
#6590=CARTESIAN_POINT('',(-0.116277064310266,0.0018074512991506,-0.0817887551331089));
#6591=CARTESIAN_POINT('',(-0.116415223161532,0.0016669271666992,-0.0816873937080863));
#6592=CARTESIAN_POINT('',(-0.11657411172687,0.00152340586080712,-0.0815666276062136));
#6593=CARTESIAN_POINT('',(-0.116713576203606,0.00140426296436871,-0.0814562258800843));
#6594=CARTESIAN_POINT('',(-0.116792718672573,0.00133783907694832,-0.0813924659775873));
#6595=CARTESIAN_POINT('',(-0.116875649763182,0.00126924093008665,-0.0813244230926608));
#6596=CARTESIAN_POINT('',(-0.11688433531534,0.00126217249482687,-0.081317138215896));
#6597=CARTESIAN_POINT('',(-0.116925760420802,0.00122816084222165,-0.0812827749457032));
#6598=CARTESIAN_POINT('',(-0.116994085734018,0.00117235640417273,-0.0812254405151949));
#6599=CARTESIAN_POINT('',(-0.117120732235491,0.00106921273476928,-0.0811173678511902));
#6600=CARTESIAN_POINT('',(-0.117278096965492,0.00094098519191555,-0.0809779996277638));
#6601=CARTESIAN_POINT('',(-0.11741630773193,0.000827984456577532,-0.0808519109870817));
#6602=CARTESIAN_POINT('',(-0.117544873256266,0.000722521508135972,-0.0807315297154836));
#6603=CARTESIAN_POINT('',(-0.117620158548678,0.000660438281858571,-0.0806594976920554));
#6604=CARTESIAN_POINT('',(-0.117736354352254,0.000564077038602075,-0.0805469297165248));
#6605=CARTESIAN_POINT('',(-0.117925574367534,0.00040559666646857,-0.0803587387223237));
#6606=CARTESIAN_POINT('',(-0.118288093275657,9.61870570635936E-5,-0.0799813613657197));
#6607=CARTESIAN_POINT('',(-0.118736792807036,-0.000302678605588127,-0.0794724312068748));
#6608=CARTESIAN_POINT('',(-0.119203879421655,-0.000740276035114567,-0.078895765488938));
#6609=CARTESIAN_POINT('',(-0.119683734536673,-0.00121300888160743,-0.0782533862181172));
#6610=CARTESIAN_POINT('',(-0.12007283015411,-0.00161680211513736,-0.0776884925942055));
#6611=CARTESIAN_POINT('',(-0.120346553716376,-0.00191210453411464,-0.077266813170093));
#6612=CARTESIAN_POINT('',(-0.120496725808679,-0.00207708555257479,-0.0770290499132987));
#6613=CARTESIAN_POINT('',(-0.120623967691702,-0.00221893369403007,-0.0768231372355676));
#6614=CARTESIAN_POINT('',(-0.12069333980035,-0.00229717139401946,-0.0767089280529875));
#6615=CARTESIAN_POINT('',(-0.120806374306331,-0.00242548315720494,-0.0765210379813706));
#6616=CARTESIAN_POINT('',(-0.120995440139313,-0.002643275137419,-0.0761998555368678));
#6617=CARTESIAN_POINT('',(-0.121272279622015,-0.00297064732118308,-0.0757108453881108));
#6618=CARTESIAN_POINT('',(-0.121604660118664,-0.00337830835256901,-0.0750906666724312));
#6619=CARTESIAN_POINT('',(-0.121939331882559,-0.00380383763256678,-0.0744314036965681));
#6620=CARTESIAN_POINT('',(-0.12227479081237,-0.00424619065286947,-0.0737333818710063));
#6621=CARTESIAN_POINT('',(-0.122611192370994,-0.00470649160896189,-0.0729935396769508));
#6622=CARTESIAN_POINT('',(-0.122889853074713,-0.00510215545750338,-0.0723460065598715));
#6623=CARTESIAN_POINT('',(-0.123087417077632,-0.0053910116470083,-0.0718666083722632));
#6624=CARTESIAN_POINT('',(-0.123195641743543,-0.00555139633008858,-0.0715987411593556));
#6625=CARTESIAN_POINT('',(-0.123289439071712,-0.00569198193206098,-0.0713627097759162));
#6626=CARTESIAN_POINT('',(-0.123334527668596,-0.00576016162030431,-0.071247780816747));
#6627=CARTESIAN_POINT('',(-0.12341211911042,-0.00587797043645749,-0.071048822891162));
#6628=CARTESIAN_POINT('',(-0.123540911393499,-0.0060756353246566,-0.070713356651807));
#6629=CARTESIAN_POINT('',(-0.123731675976516,-0.00637403880920545,-0.0702024489143219));
#6630=CARTESIAN_POINT('',(-0.123962445666822,-0.00674510911920227,-0.0695588631838831));
#6631=CARTESIAN_POINT('',(-0.124196776142757,-0.0071325636948798,-0.0688780195920946));
#6632=CARTESIAN_POINT('',(-0.124433466601507,-0.00753546397566734,-0.0681604509936683));
#6633=CARTESIAN_POINT('',(-0.124632362530241,-0.00788438238486553,-0.0675304953495443));
#6634=CARTESIAN_POINT('',(-0.124792030782372,-0.00817117508735399,-0.0670072824412838));
#6635=CARTESIAN_POINT('',(-0.124912259922546,-0.0083906331198446,-0.0666041256436433));
#6636=CARTESIAN_POINT('',(-0.125011840761088,-0.00857535582527905,-0.0662624611440428));
#6637=CARTESIAN_POINT('',(-0.125083046428494,-0.00870916440885935,-0.0660136359012364));
#6638=CARTESIAN_POINT('',(-0.125121455665621,-0.00878176004837004,-0.0658783212691508));
#6639=CARTESIAN_POINT('',(-0.125156700167331,-0.008848721915967,-0.065753242844546));
#6640=CARTESIAN_POINT('',(-0.125167341767786,-0.00886902469983876,-0.0657152579098766));
#6641=CARTESIAN_POINT('',(-0.125190485075618,-0.00891320032209707,-0.0656325988975441));
#6642=CARTESIAN_POINT('',(-0.125227720204671,-0.00898457154369016,-0.0654988462612296));
#6643=CARTESIAN_POINT('',(-0.125285187987328,-0.00909547137874045,-0.0652904809653477));
#6644=CARTESIAN_POINT('',(-0.125356603911532,-0.00923473027153922,-0.0650277511951529));
#6645=CARTESIAN_POINT('',(-0.125456468209992,-0.0094315393902766,-0.0646548355659307));
#6646=CARTESIAN_POINT('',(-0.125588993130263,-0.00969704816057015,-0.0641483196759698));
#6647=CARTESIAN_POINT('',(-0.12581648176032,-0.0101642971210653,-0.0632476614951481));
#6648=CARTESIAN_POINT('',(-0.126064211008069,-0.0106935035194513,-0.0622111667823439));
#6649=CARTESIAN_POINT('',(-0.126295895510317,-0.0112147645007057,-0.0611699771302198));
#6650=CARTESIAN_POINT('',(-0.126429637161096,-0.0115239780171325,-0.0605463487112674));
#6651=CARTESIAN_POINT('',(-0.126536531457316,-0.0117762624861741,-0.0600340469696902));
#6652=CARTESIAN_POINT('',(-0.126624858174174,-0.0119887444035506,-0.0595996463954904));
#6653=CARTESIAN_POINT('',(-0.126743966228075,-0.0122799650545934,-0.0590005364001107));
#6654=CARTESIAN_POINT('',(-0.126939531571838,-0.0127712834438095,-0.0579799021745112));
#6655=CARTESIAN_POINT('',(-0.127192133370656,-0.0134407439571149,-0.0565640498875707));
#6656=CARTESIAN_POINT('',(-0.127454318076407,-0.0141859727043509,-0.0549543758932156));
#6657=CARTESIAN_POINT('',(-0.127680504008132,-0.0148747429913967,-0.0534384366577541));
#6658=CARTESIAN_POINT('',(-0.127874410192411,-0.0155066404130448,-0.0520236780389855));
#6659=CARTESIAN_POINT('',(-0.12801209920791,-0.0159858210534949,-0.0509337343055219));
#6660=CARTESIAN_POINT('',(-0.128109587954162,-0.0163409480173253,-0.0501169895237167));
#6661=CARTESIAN_POINT('',(-0.128176596814869,-0.0165925747467579,-0.0495339768246381));
#6662=CARTESIAN_POINT('',(-0.128228159931503,-0.0167920762748711,-0.0490682322243964));
#6663=CARTESIAN_POINT('',(-0.128261145013746,-0.0169222819087713,-0.0487626293751823));
#6664=CARTESIAN_POINT('',(-0.128280598933999,-0.0169999570944904,-0.0485797461627552));
#6665=CARTESIAN_POINT('',(-0.128291365326766,-0.0170431080640747,-0.0484780294903249));
#6666=CARTESIAN_POINT('',(-0.128315234015091,-0.017139719251573,-0.0482497173833798));
#6667=CARTESIAN_POINT('',(-0.128341929415953,-0.0172492006402064,-0.0479901946959236));
#6668=CARTESIAN_POINT('',(-0.128389678198591,-0.0174481202185552,-0.0475169400610451));
#6669=CARTESIAN_POINT('',(-0.128453513361188,-0.0177236359327096,-0.046856207784823));
#6670=CARTESIAN_POINT('',(-0.128525602385437,-0.0180496888171279,-0.0460663361676213));
#6671=CARTESIAN_POINT('',(-0.128615110649318,-0.0184750416570294,-0.0450253876634734));
#6672=CARTESIAN_POINT('',(-0.128715405547276,-0.0189906543731125,-0.0437443051395035));
#6673=CARTESIAN_POINT('',(-0.128852754045403,-0.0197807034375599,-0.0417419620930552));
#6674=CARTESIAN_POINT('',(-0.128984371202075,-0.0207030594724059,-0.0393323734495977));
#6675=CARTESIAN_POINT('',(-0.129053381271089,-0.0213713299354266,-0.0375134746520534));
#6676=CARTESIAN_POINT('',(-0.129080315023512,-0.0216880667465086,-0.0366329244123085));
#6677=CARTESIAN_POINT('',(-0.129080356374172,-0.0216878870592949,-0.036632861042359));
#6678=CARTESIAN_POINT('',(-0.129080318973789,-0.0216877073720813,-0.0366327952636189));
#6679=CARTESIAN_POINT('',(-0.129161458105181,-0.0226416357926602,-0.0339800338588284));
#6680=CARTESIAN_POINT('',(-0.129184715745697,-0.0231186000019664,-0.0312321831139163));
#6681=CARTESIAN_POINT('',(-0.12914096399011,-0.0231186,-0.0284164142745662));
#6682=CARTESIAN_POINT('',(-0.396292561245715,0.0318814,0.427937570518445));
#6683=CARTESIAN_POINT('',(-0.0905127489628515,0.00664736694307006,-0.0758232492950566));
#6684=CARTESIAN_POINT('',(-0.0902036450265695,0.00664396979318838,-0.0756356250497903));
#6685=CARTESIAN_POINT('',(-0.0897792410943613,0.00663052994994395,-0.0753774523096212));
#6686=CARTESIAN_POINT('',(-0.0893293016180671,0.00659754638973484,-0.075103027354794));
#6687=CARTESIAN_POINT('',(-0.0891117203413777,0.00657684218399204,-0.0749701789133139));
#6688=CARTESIAN_POINT('',(-0.0888228170352355,0.00654357961854807,-0.0747936359543952));
#6689=CARTESIAN_POINT('',(-0.0885537876751896,0.00649978858555457,-0.0746289829568655));
#6690=CARTESIAN_POINT('',(-0.088347744965892,0.0064529230366582,-0.0745027280918228));
#6691=CARTESIAN_POINT('',(-0.0882615605841085,0.00643012243111979,-0.0744498908497631));
#6692=CARTESIAN_POINT('',(-0.0881991166235946,0.0064124319582039,-0.0744115993651248));
#6693=CARTESIAN_POINT('',(-0.0880502534143512,0.00636567747600165,-0.074320286041845));
#6694=CARTESIAN_POINT('',(-0.0878834390544514,0.00629556750879145,-0.0742178707456421));
#6695=CARTESIAN_POINT('',(-0.0876501260577673,0.00614188242051772,-0.0740745094445422));
#6696=CARTESIAN_POINT('',(-0.0875820849862777,0.00600882416299797,-0.0740326467520842));
#6697=CARTESIAN_POINT('',(-0.0875822478783633,0.00591213718243156,-0.0740327469302522));
#6698=CARTESIAN_POINT('',(-0.0875826849543411,-0.00417909285218235,-0.0740330157304696));
#6699=CARTESIAN_POINT('',(-0.0875827312653744,-0.00428856558867338,-0.0740330442115674));
#6700=CARTESIAN_POINT('',(-0.087647188274572,-0.00442382847364433,-0.0740727026771028));
#6701=CARTESIAN_POINT('',(-0.0878741014195367,-0.00454756785880169,-0.0742121334159243));
#6702=CARTESIAN_POINT('',(-0.0880549569813338,-0.00459810100818373,-0.0743231808531791));
#6703=CARTESIAN_POINT('',(-0.0882677214068383,-0.00462608995629057,-0.0744536742144537));
#6704=CARTESIAN_POINT('',(-0.0883735366688145,-0.00463386804588045,-0.0745185330012223));
#6705=CARTESIAN_POINT('',(-0.0885306676652724,-0.00464112569069573,-0.0746148090164161));
#6706=CARTESIAN_POINT('',(-0.0887044917699932,-0.00463935772327235,-0.0747212076000474));
#6707=CARTESIAN_POINT('',(-0.0888466092203798,-0.00463422668043816,-0.0748081421179937));
#6708=CARTESIAN_POINT('',(-0.0889812944936673,-0.00462643118833773,-0.0748904785860486));
#6709=CARTESIAN_POINT('',(-0.0890336037243563,-0.00462260781458121,-0.0749224414856783));
#6710=CARTESIAN_POINT('',(-0.0891501357639411,-0.00461351034307739,-0.0749936341693215));
#6711=CARTESIAN_POINT('',(-0.0893451304729502,-0.00459513076997121,-0.0751126875582966));
#6712=CARTESIAN_POINT('',(-0.0897798344949162,-0.00454380673318122,-0.0753778025713197));
#6713=CARTESIAN_POINT('',(-0.0902040920308051,-0.00447632026024512,-0.0756358963786946));
#6714=CARTESIAN_POINT('',(-0.0905127489628514,-0.00442072353294853,-0.0758232492950565));
#6715=CARTESIAN_POINT('',(-0.0908790563775359,-0.0271186000019667,0.0927549154798281));
#6716=CARTESIAN_POINT('',(-0.0908790563775359,0.0108990855185224,0.0927549154798281));
#6717=CARTESIAN_POINT('',(-0.0935984121281829,-0.0271186000019667,0.0916787986612655));
#6718=CARTESIAN_POINT('',(-0.0935984121281829,0.0108990855185224,0.0916787986612655));
#6719=CARTESIAN_POINT('',(-0.0966154840734418,-0.0271186000019667,0.0908776891686688));
#6720=CARTESIAN_POINT('',(-0.0966154840734418,0.0108990855185224,0.0908776891686688));
#6721=CARTESIAN_POINT('',(-0.0999302722133127,-0.0271186000019667,0.0903515870020383));
#6722=CARTESIAN_POINT('',(-0.0999302722133127,0.0108990855185224,0.0903515870020383));
#6723=CARTESIAN_POINT('',(-0.0993816342907611,0.0108990855185224,0.0904416355507422));
#6724=CARTESIAN_POINT('',(-0.0964791328252923,0.0108990855185224,0.0909339086461393));
#6725=CARTESIAN_POINT('',(-0.0936349757534195,0.0108990855185224,0.0916643295243508));
#6726=CARTESIAN_POINT('',(-0.090879056382769,0.0108990855185224,0.0927549154777574));
#6727=CARTESIAN_POINT('',(-0.0993816332708249,0.0108990854903227,0.0904416295370758));
#6728=CARTESIAN_POINT('',(-0.090879056382769,0.0108990855185224,0.0927549154777574));
#6729=CARTESIAN_POINT('',(-0.0993816342788149,0.0108990854827351,0.0904416355527684));
#6730=CARTESIAN_POINT('',(-0.0994713510962919,0.0107439032733589,0.0904264193070449));
#6731=CARTESIAN_POINT('',(-0.0995881163318591,0.0104821721937418,0.0904069764564435));
#6732=CARTESIAN_POINT('',(-0.0997049524687187,0.0100942391060675,0.0903878244408539));
#6733=CARTESIAN_POINT('',(-0.0997785857328916,0.00974589570037777,0.0903758772575735));
#6734=CARTESIAN_POINT('',(-0.0998160794777447,0.00949181643478719,0.0903698357990247));
#6735=CARTESIAN_POINT('',(-0.0998583192269754,0.00909354597081772,0.0903630514591543));
#6736=CARTESIAN_POINT('',(-0.0998698630377358,0.00877999064519293,0.0903612104786871));
#6737=CARTESIAN_POINT('',(-0.0998698628324081,0.00855856567182943,0.0903612105115184));
#6738=CARTESIAN_POINT('',(-0.0998698627381286,0.00855856567182943,0.0903612105265934));
#6739=CARTESIAN_POINT('',(-0.0998698627381286,0.00855856567182943,0.0903612105265933));
#6740=CARTESIAN_POINT('',(-0.0998698627381286,-0.00200048955211371,0.0903612105265933));
#6741=CARTESIAN_POINT('',(-0.0998698627381286,-0.0125595447760569,0.0903612105265933));
#6742=CARTESIAN_POINT('',(-0.0998698627381286,-0.0231186,0.0903612105265933));
#6743=CARTESIAN_POINT('',(-0.0998704281954971,-0.0231186000000212,0.090361120118067));
#6744=CARTESIAN_POINT('',(-0.0998709936528655,-0.0231186000000425,0.0903610297095405));
#6745=CARTESIAN_POINT('',(-0.0998709936574194,-0.0234543364596847,0.0903610297088125));
#6746=CARTESIAN_POINT('',(-0.099841756910061,-0.0239218197646305,0.0903656741404474));
#6747=CARTESIAN_POINT('',(-0.0997365201941231,-0.024492129904011,0.0903826880771016));
#6748=CARTESIAN_POINT('',(-0.0996405974363697,-0.024854878371298,0.090398320941188));
#6749=CARTESIAN_POINT('',(-0.0994638738434063,-0.0253065773825688,0.0904276464745414));
#6750=CARTESIAN_POINT('',(-0.099194530977823,-0.0257860512952737,0.0904732826756127));
#6751=CARTESIAN_POINT('',(-0.0987741131568228,-0.0262378043022152,0.0905475631537734));
#6752=CARTESIAN_POINT('',(-0.0983227800649912,-0.0265349194175259,0.0906321935284035));
#6753=CARTESIAN_POINT('',(-0.0979011036445381,-0.0267362851722421,0.0907149009801577));
#6754=CARTESIAN_POINT('',(-0.0975409125598115,-0.0268607589152164,0.0907885352643811));
#6755=CARTESIAN_POINT('',(-0.0970859110292867,-0.0269745467869003,0.0908857883834229));
#6756=CARTESIAN_POINT('',(-0.0967085220682307,-0.0270393382749904,0.0909701125548007));
#6757=CARTESIAN_POINT('',(-0.0962620628521542,-0.027090188227376,0.0910741270648096));
#6758=CARTESIAN_POINT('',(-0.0958804445609514,-0.0271125029472557,0.0911669747405979));
#6759=CARTESIAN_POINT('',(-0.0955880274635676,-0.0271186000013111,0.0912408637567149));
#6760=CARTESIAN_POINT('',(-0.095439287582662,-0.0271186,0.0912793715604866));
#6761=CARTESIAN_POINT('',(-0.095439287582662,-0.0271186,0.0912793715604867));
#6762=CARTESIAN_POINT('',(-0.095439287582662,-0.0271186,0.0912793715604866));
#6763=CARTESIAN_POINT('',(-0.093836081514974,-0.0271186,0.0916944313567181));
#6764=CARTESIAN_POINT('',(-0.0923160044466022,-0.0271186,0.0921862793298305));
#6765=CARTESIAN_POINT('',(-0.0908790563775467,-0.0271186,0.0927549154798239));
#6766=CARTESIAN_POINT('',(-0.0908790563775413,-0.0271186,0.0927549154798261));
#6767=CARTESIAN_POINT('',(-0.0908790563775359,-0.0271186,0.0927549154798281));
#6768=CARTESIAN_POINT('',(-0.0908790563775574,-0.0144460381604925,0.0927549154798196));
#6769=CARTESIAN_POINT('',(-0.0908790563775788,-0.00177347632098508,0.0927549154798112));
#6770=CARTESIAN_POINT('',(-0.0908790563776003,0.0108990855185224,0.0927549154798027));
#6771=CARTESIAN_POINT('',(0.0999302722098253,-0.0271186000020243,0.0903515870025919));
#6772=CARTESIAN_POINT('',(0.0999302722098253,0.0111299128172468,0.0903515870025919));
#6773=CARTESIAN_POINT('',(0.0966154840713376,-0.0271186000020243,0.090877689169229));
#6774=CARTESIAN_POINT('',(0.0966154840713376,0.0111299128172468,0.090877689169229));
#6775=CARTESIAN_POINT('',(0.093598412127251,-0.0271186000020243,0.0916787986616372));
#6776=CARTESIAN_POINT('',(0.093598412127251,0.0111299128172468,0.0916787986616372));
#6777=CARTESIAN_POINT('',(0.0908790563775653,-0.0271186000020243,0.0927549154798166));
#6778=CARTESIAN_POINT('',(0.0908790563775653,0.0111299128172468,0.0927549154798166));
#6779=CARTESIAN_POINT('',(0.0908790563775653,0.0108990855185225,0.0927549154798166));
#6780=CARTESIAN_POINT('',(0.0908790563775696,-0.00177347632098501,0.0927549154798149));
#6781=CARTESIAN_POINT('',(0.0908790563775739,-0.0144460381604925,0.0927549154798132));
#6782=CARTESIAN_POINT('',(0.0908790563775781,-0.0271186,0.0927549154798116));
#6783=CARTESIAN_POINT('',(0.090879056382734,0.0108990855185224,0.0927549154777712));
#6784=CARTESIAN_POINT('',(0.0908790563775767,-0.0271186,0.0927549154798121));
#6785=CARTESIAN_POINT('',(0.0908790563775752,-0.0271186,0.0927549154798127));
#6786=CARTESIAN_POINT('',(0.0923159908563269,-0.0271186,0.0921862847078426));
#6787=CARTESIAN_POINT('',(0.0938360527619746,-0.0271186,0.0916944406602725));
#6788=CARTESIAN_POINT('',(0.0954392420945184,-0.0271186,0.0912793833371025));
#6789=CARTESIAN_POINT('',(0.0954392420945184,-0.0271185999999996,0.0912793833371025));
#6790=CARTESIAN_POINT('',(0.0954392420945184,-0.0271185999999996,0.0912793833371025));
#6791=CARTESIAN_POINT('',(0.0955888259086447,-0.0271186000013494,0.0912406568709139));
#6792=CARTESIAN_POINT('',(0.0958828447339179,-0.027112443610849,0.0911663765029671));
#6793=CARTESIAN_POINT('',(0.0962650338294657,-0.0270900487106268,0.0910734138994721));
#6794=CARTESIAN_POINT('',(0.0967148457053076,-0.0270385669005476,0.0909686556675275));
#6795=CARTESIAN_POINT('',(0.0970965188018905,-0.0269724121027163,0.0908834661935594));
#6796=CARTESIAN_POINT('',(0.0975498850563013,-0.0268579333084592,0.0907866611926811));
#6797=CARTESIAN_POINT('',(0.0979140436253199,-0.0267306645301472,0.0907123008645572));
#6798=CARTESIAN_POINT('',(0.098333873500344,-0.0265283581394058,0.090630077240032));
#6799=CARTESIAN_POINT('',(0.0987830398444263,-0.0262301658544112,0.0905459473907629));
#6800=CARTESIAN_POINT('',(0.0992008864559219,-0.0257776836166401,0.0904721847795388));
#6801=CARTESIAN_POINT('',(0.0994687066722646,-0.0252956828858641,0.0904268396732513));
#6802=CARTESIAN_POINT('',(0.0996414047222073,-0.0248523916064742,0.090398186458199));
#6803=CARTESIAN_POINT('',(0.0997462865414195,-0.0244582440752252,0.0903810971914493));
#6804=CARTESIAN_POINT('',(0.0998267320956154,-0.0239875665718737,0.0903681129515358));
#6805=CARTESIAN_POINT('',(0.0998613923583916,-0.0235883329117609,0.0903625655605939));
#6806=CARTESIAN_POINT('',(0.0998709936552124,-0.0232774961259122,0.0903610297091654));
#6807=CARTESIAN_POINT('',(0.0998709936531701,-0.0231185999999833,0.0903610297094919));
#6808=CARTESIAN_POINT('',(0.0998704281956493,-0.0231185999999917,0.0903611201180427));
#6809=CARTESIAN_POINT('',(0.0998698627381286,-0.0231186,0.0903612105265935));
#6810=CARTESIAN_POINT('',(0.0998698627381286,-0.012559588305469,0.0903612105265935));
#6811=CARTESIAN_POINT('',(0.0998698627381286,-0.00200057661093805,0.0903612105265935));
#6812=CARTESIAN_POINT('',(0.0998698627381286,0.00855843508359292,0.0903612105265935));
#6813=CARTESIAN_POINT('',(0.0998698628323724,0.00855843508359283,0.0903612105115242));
#6814=CARTESIAN_POINT('',(0.0998698628323724,0.00855843508359283,0.0903612105115242));
#6815=CARTESIAN_POINT('',(0.0998698630379838,0.00878012850505527,0.0903612104786476));
#6816=CARTESIAN_POINT('',(0.0998582870085847,0.00909408799809347,0.0903630565854437));
#6817=CARTESIAN_POINT('',(0.0998159317633265,0.00949289536193155,0.09036985955666));
#6818=CARTESIAN_POINT('',(0.0997783318272103,0.00974738626850756,0.090375918262038));
#6819=CARTESIAN_POINT('',(0.0997045066374719,0.0100961104368988,0.0903878970499924));
#6820=CARTESIAN_POINT('',(0.0995872954506767,0.0104844809389887,0.0904071118435304));
#6821=CARTESIAN_POINT('',(0.0994701174793228,0.0107464692104351,0.0904266257154338));
#6822=CARTESIAN_POINT('',(0.0993800682215121,0.0109017904743884,0.090441901185569));
#6823=CARTESIAN_POINT('',(0.0993755326715603,0.0108990855185224,0.0904426680607547));
#6824=CARTESIAN_POINT('',(0.090879056382734,0.0108990855185224,0.0927549154777712));
#6825=CARTESIAN_POINT('',(0.0936016622351561,0.0108990855185224,0.0916775125134667));
#6826=CARTESIAN_POINT('',(0.0964544985889091,0.0108990855185224,0.0909384462053536));
#6827=CARTESIAN_POINT('',(0.0993755331200093,0.0108990855185224,0.0904426707029481));
#6828=CARTESIAN_POINT('',(-0.0791042950300033,0.0108990855185224,0.095));
#6829=CARTESIAN_POINT('',(-0.0791042950300034,-0.0271186,0.095));
#6830=CARTESIAN_POINT('',(-0.0831719049808615,0.0108990855185224,0.0950000000002191));
#6831=CARTESIAN_POINT('',(-0.0831719049808617,-0.0271186,0.0950000000002191));
#6832=CARTESIAN_POINT('',(-0.0870968254300605,0.0108990855185224,0.0942516384934866));
#6833=CARTESIAN_POINT('',(-0.0870968254300607,-0.0271186,0.0942516384934866));
#6834=CARTESIAN_POINT('',(-0.0908790563776003,0.0108990855185224,0.0927549154798027));
#6835=CARTESIAN_POINT('',(-0.0908790563776004,-0.0271186,0.0927549154798027));
#6836=CARTESIAN_POINT('',(-0.0908790563775359,-0.0271186,0.0927549154798282));
#6837=CARTESIAN_POINT('',(-0.087096825430016,-0.0271186,0.0942516384934951));
#6838=CARTESIAN_POINT('',(-0.0831719049808385,-0.0271186,0.0950000000002191));
#6839=CARTESIAN_POINT('',(-0.0791042950300034,-0.0271186,0.095));
#6840=CARTESIAN_POINT('',(-0.0791042950302399,0.0108990855185224,0.095));
#6841=CARTESIAN_POINT('',(-0.0831719049810137,0.0108990855185224,0.0950000000001901));
#6842=CARTESIAN_POINT('',(-0.0870968254301339,0.0108990855185224,0.0942516384934576));
#6843=CARTESIAN_POINT('',(-0.0908790563776003,0.0108990855185224,0.0927549154798027));
#6844=CARTESIAN_POINT('',(0.0908790563775776,0.0108990855185225,0.0927549154798116));
#6845=CARTESIAN_POINT('',(0.0908790563775782,-0.0271186,0.0927549154798116));
#6846=CARTESIAN_POINT('',(0.0870968254303165,0.0108990855185225,0.0942516384937257));
#6847=CARTESIAN_POINT('',(0.0870968254303171,-0.0271186,0.0942516384937257));
#6848=CARTESIAN_POINT('',(0.0831719049811383,0.0108990855185225,0.0950000000004552));
#6849=CARTESIAN_POINT('',(0.0831719049811389,-0.0271186,0.0950000000004552));
#6850=CARTESIAN_POINT('',(0.079104295030043,0.0108990855185225,0.095));
#6851=CARTESIAN_POINT('',(0.0791042950300436,-0.0271186,0.095));
#6852=CARTESIAN_POINT('',(0.0791042950300436,-0.0271186,0.095));
#6853=CARTESIAN_POINT('',(0.0831719049811389,-0.0271186,0.0950000000004552));
#6854=CARTESIAN_POINT('',(0.087096825430317,-0.0271186,0.0942516384937257));
#6855=CARTESIAN_POINT('',(0.0908790563775781,-0.0271186,0.0927549154798116));
#6856=CARTESIAN_POINT('',(0.0908790562938009,0.0108990855185225,0.0927549155129642));
#6857=CARTESIAN_POINT('',(0.0870968253723816,0.0108990855185225,0.0942516385047673));
#6858=CARTESIAN_POINT('',(0.0831719049511541,0.0108990855185225,0.095000000000446));
#6859=CARTESIAN_POINT('',(0.0791042950301183,0.0108990855185225,0.095));
#6860=CARTESIAN_POINT('',(-0.0735329384809485,-0.0288708635096914,0.0101561090806475));
#6861=CARTESIAN_POINT('',(-0.0735329384809485,-0.0288708635096914,0.0935576357526875));
#6862=CARTESIAN_POINT('',(-0.0741878711507352,-0.0283693545032305,0.0101561090806475));
#6863=CARTESIAN_POINT('',(-0.0741878711507352,-0.0283693545032305,0.0935576357526875));
#6864=CARTESIAN_POINT('',(-0.0750935583237524,-0.0281186,0.0101561090806475));
#6865=CARTESIAN_POINT('',(-0.0750935583237524,-0.0281186,0.0935576357526875));
#6866=CARTESIAN_POINT('',(-0.0762500000000001,-0.0281186,0.0101561090806475));
#6867=CARTESIAN_POINT('',(-0.0762500000000001,-0.0281186,0.0935576357526875));
#6868=CARTESIAN_POINT('',(-0.0735329384822579,-0.0288708635086887,0.0910000000000019));
#6869=CARTESIAN_POINT('',(-0.0735329594832831,-0.028870847427336,0.0911945443169491));
#6870=CARTESIAN_POINT('',(-0.0735589415775662,-0.0288510146753401,0.0915663786978533));
#6871=CARTESIAN_POINT('',(-0.0736557129613713,-0.0287792161507486,0.0920272857779664));
#6872=CARTESIAN_POINT('',(-0.073887881297168,-0.0286308437223977,0.0925265935636543));
#6873=CARTESIAN_POINT('',(-0.0743585774967492,-0.0283946879677124,0.0929693051086346));
#6874=CARTESIAN_POINT('',(-0.07525016338314,-0.0281510254943494,0.0931372691699606));
#6875=CARTESIAN_POINT('',(-0.0759304950455759,-0.0281186,0.0929466275922134));
#6876=CARTESIAN_POINT('',(-0.0762500000000001,-0.0281186,0.0927822075439826));
#6877=CARTESIAN_POINT('',(-0.0762499999999999,-0.0281186,0.0113044480235102));
#6878=CARTESIAN_POINT('',(-0.0761515009597166,-0.0281186,0.0111900091950778));
#6879=CARTESIAN_POINT('',(-0.0759407507290518,-0.0281231892929093,0.0109877981886686));
#6880=CARTESIAN_POINT('',(-0.0757127538925036,-0.028135642482208,0.0108287748828303));
#6881=CARTESIAN_POINT('',(-0.0754318829951229,-0.0281641373533832,0.0107090676226027));
#6882=CARTESIAN_POINT('',(-0.0751794196147826,-0.028198896096616,0.0106526171115435));
#6883=CARTESIAN_POINT('',(-0.0748436368015258,-0.0282657591718293,0.0106898896399976));
#6884=CARTESIAN_POINT('',(-0.0745819391862937,-0.0283396422647941,0.0108321009673696));
#6885=CARTESIAN_POINT('',(-0.0743307892192534,-0.0284259911752003,0.0110659322511636));
#6886=CARTESIAN_POINT('',(-0.0741427229875891,-0.0285068685252898,0.0113648349687345));
#6887=CARTESIAN_POINT('',(-0.0740164422508525,-0.0285679941467223,0.0116351206211378));
#6888=CARTESIAN_POINT('',(-0.0739167035352904,-0.0286208490161688,0.0119044211217211));
#6889=CARTESIAN_POINT('',(-0.0738746215047062,-0.0286446862286885,0.0120401299613187));
#6890=CARTESIAN_POINT('',(-0.0738057294455532,-0.0286846259243674,0.0122802784580981));
#6891=CARTESIAN_POINT('',(-0.0737361881022392,-0.028727930187627,0.0125847628982976));
#6892=CARTESIAN_POINT('',(-0.0736663917836765,-0.028774070014517,0.0129779188242384));
#6893=CARTESIAN_POINT('',(-0.0736085593811734,-0.0288146638879091,0.0134360502432215));
#6894=CARTESIAN_POINT('',(-0.0735765346845419,-0.0288380487893924,0.0137894570869424));
#6895=CARTESIAN_POINT('',(-0.073542338249834,-0.0288635643445167,0.0143170024121107));
#6896=CARTESIAN_POINT('',(-0.0735329384822579,-0.0288708635086887,0.0147209233591884));
#6897=CARTESIAN_POINT('',(-0.0735329384822579,-0.0288708635086887,0.015));
#6898=CARTESIAN_POINT('',(0.0735329384809484,-0.0288708635096913,0.0935576259669879));
#6899=CARTESIAN_POINT('',(0.0735329384809484,-0.0288708635096913,0.0101559372470372));
#6900=CARTESIAN_POINT('',(0.0741878711507351,-0.0283693545032304,0.093557625966988));
#6901=CARTESIAN_POINT('',(0.0741878711507351,-0.0283693545032304,0.0101559372470373));
#6902=CARTESIAN_POINT('',(0.0750935583237523,-0.0281186,0.0935576259669879));
#6903=CARTESIAN_POINT('',(0.0750935583237523,-0.0281186,0.0101559372470372));
#6904=CARTESIAN_POINT('',(0.07625,-0.0281186,0.0935576259669879));
#6905=CARTESIAN_POINT('',(0.07625,-0.0281186,0.0101559372470372));
#6906=CARTESIAN_POINT('',(0.07625,-0.0281186,0.0927822075439365));
#6907=CARTESIAN_POINT('',(0.075931018965483,-0.0281186,0.0929463579783968));
#6908=CARTESIAN_POINT('',(0.075251457419151,-0.0281510441571127,0.0931367201192378));
#6909=CARTESIAN_POINT('',(0.0743616351626152,-0.0283935014966469,0.0929707698201072));
#6910=CARTESIAN_POINT('',(0.0738889770165455,-0.0286301644200661,0.092528404798322));
#6911=CARTESIAN_POINT('',(0.0736561617120157,-0.0287789019625669,0.0920288248489807));
#6912=CARTESIAN_POINT('',(0.0735590158018115,-0.0288509542941054,0.0915673450043887));
#6913=CARTESIAN_POINT('',(0.0735329590084973,-0.028870847790899,0.0911949026752911));
#6914=CARTESIAN_POINT('',(0.0735329384822579,-0.0288708635086886,0.091));
#6915=CARTESIAN_POINT('',(0.0735329384822579,-0.0288708635086886,0.0150000000000004));
#6916=CARTESIAN_POINT('',(0.0735329384822579,-0.0288708635086886,0.0147213742713405));
#6917=CARTESIAN_POINT('',(0.0735422988179977,-0.0288635943412286,0.0143181518054643));
#6918=CARTESIAN_POINT('',(0.0735764255065318,-0.0288381303742605,0.0137910626525429));
#6919=CARTESIAN_POINT('',(0.0736082584449856,-0.0288148792851422,0.0134387990939366));
#6920=CARTESIAN_POINT('',(0.0736662736235692,-0.0287741475748514,0.0129784572202364));
#6921=CARTESIAN_POINT('',(0.0737362766128015,-0.0287278699495669,0.0125842152132819));
#6922=CARTESIAN_POINT('',(0.0738061079745294,-0.0286843938277556,0.0122787154611337));
#6923=CARTESIAN_POINT('',(0.0738752732673646,-0.02864431366324,0.0120379628454217));
#6924=CARTESIAN_POINT('',(0.0739176409534092,-0.0286203325520946,0.0119016219695291));
#6925=CARTESIAN_POINT('',(0.0740175194991054,-0.0285674493201671,0.0116325540211344));
#6926=CARTESIAN_POINT('',(0.0741440721262343,-0.0285062498645248,0.0113623373998303));
#6927=CARTESIAN_POINT('',(0.0743326392445245,-0.0284252728211564,0.0110636029194839));
#6928=CARTESIAN_POINT('',(0.0745840722734228,-0.0283389656797171,0.0108304644831055));
#6929=CARTESIAN_POINT('',(0.0748468054266793,-0.0282649981159599,0.0106888743837875));
#6930=CARTESIAN_POINT('',(0.0751819672209223,-0.0281984821520246,0.0106528396300267));
#6931=CARTESIAN_POINT('',(0.0754341789240275,-0.0281638610833742,0.0107098105292163));
#6932=CARTESIAN_POINT('',(0.075714868764272,-0.0281354943880457,0.0108300452521754));
#6933=CARTESIAN_POINT('',(0.0759416507272709,-0.0281231707585549,0.0109886418862293));
#6934=CARTESIAN_POINT('',(0.0761518119056577,-0.0281186,0.0111903704602943));
#6935=CARTESIAN_POINT('',(0.07625,-0.0281186,0.0113044480233843));
#6936=CARTESIAN_POINT('',(-0.0718616418686089,-0.0240943934545323,0.010812175944553));
#6937=CARTESIAN_POINT('',(-0.0719075456288764,-0.0240943934545323,0.00886522339976133));
#6938=CARTESIAN_POINT('',(-0.0719534493891438,-0.0240943934545323,0.00691827085496966));
#6939=CARTESIAN_POINT('',(-0.0719993531494113,-0.0240943934545323,0.00497131831017798));
#6940=CARTESIAN_POINT('',(-0.072026216845016,-0.0240943934545323,0.00383192710964374));
#6941=CARTESIAN_POINT('',(-0.0720532132381637,-0.0240943934545323,0.00269708130927133));
#6942=CARTESIAN_POINT('',(-0.0721066752342875,-0.0240943934545323,0.000409208107879162));
#6943=CARTESIAN_POINT('',(-0.072135015961647,-0.0240943934545323,-0.000714087470893392));
#6944=CARTESIAN_POINT('',(-0.0721810936641169,-0.0240943934545323,-0.00404610393623044));
#6945=CARTESIAN_POINT('',(-0.0721709207261105,-0.0240943934545323,-0.00629117592962733));
#6946=CARTESIAN_POINT('',(-0.0720891766637479,-0.0240943934545323,-0.0107747384710435));
#6947=CARTESIAN_POINT('',(-0.0720170418719472,-0.0240943934545323,-0.013022659259837));
#6948=CARTESIAN_POINT('',(-0.0718335430687002,-0.0240943934545323,-0.0175348591937666));
#6949=CARTESIAN_POINT('',(-0.0717217762456547,-0.0240943934545323,-0.01979877510916));
#6950=CARTESIAN_POINT('',(-0.0713963495051309,-0.0240943934545323,-0.0262187556024767));
#6951=CARTESIAN_POINT('',(-0.071160965601937,-0.0240943934545323,-0.0304007177028119));
#6952=CARTESIAN_POINT('',(-0.0710711890867112,-0.0240943934545323,-0.0346481267615167));
#6953=CARTESIAN_POINT('',(-0.0718858416888396,-0.0241186,0.0108127465094337));
#6954=CARTESIAN_POINT('',(-0.0719317454491071,-0.0241186,0.008865793964642));
#6955=CARTESIAN_POINT('',(-0.0719776492093745,-0.0241186,0.00691884141985032));
#6956=CARTESIAN_POINT('',(-0.072023552969642,-0.0241186,0.00497188887505865));
#6957=CARTESIAN_POINT('',(-0.0720504166652467,-0.0241186,0.00383249767452441));
#6958=CARTESIAN_POINT('',(-0.0720774137309077,-0.0241186,0.00269762453116605));
#6959=CARTESIAN_POINT('',(-0.0721308743820048,-0.0241186,0.000409806015745781));
#6960=CARTESIAN_POINT('',(-0.0721592176183627,-0.0241186,-0.000713586388717483));
#6961=CARTESIAN_POINT('',(-0.0722053033041528,-0.0241186,-0.00404612092036149));
#6962=CARTESIAN_POINT('',(-0.0721951272998715,-0.0241186,-0.00629139528620125));
#6963=CARTESIAN_POINT('',(-0.0721133751334836,-0.0241186,-0.0107754018024093));
#6964=CARTESIAN_POINT('',(-0.072041233949941,-0.0241186,-0.0130235072771069));
#6965=CARTESIAN_POINT('',(-0.0718577240866104,-0.0241186,-0.0175359786537092));
#6966=CARTESIAN_POINT('',(-0.0717459530001159,-0.0241186,-0.019799982070336));
#6967=CARTESIAN_POINT('',(-0.0714205223676154,-0.0241186,-0.0262200220349717));
#6968=CARTESIAN_POINT('',(-0.0711851596891375,-0.0241186,-0.0304018209535275));
#6969=CARTESIAN_POINT('',(-0.0710953911888209,-0.0241186,-0.0346486553761623));
#6970=CARTESIAN_POINT('',(-0.0758847303799932,-0.0281186,0.0109070292531534));
#6971=CARTESIAN_POINT('',(-0.0759306341402607,-0.0281186,0.00896007670836172));
#6972=CARTESIAN_POINT('',(-0.0759765379005282,-0.0281186,0.00701312416357005));
#6973=CARTESIAN_POINT('',(-0.0760224416607957,-0.0281186,0.00506617161877837));
#6974=CARTESIAN_POINT('',(-0.0760493053564004,-0.0281186,0.00392678041824414));
#6975=CARTESIAN_POINT('',(-0.0760764135512316,-0.0281186,0.00278738899515236));
#6976=CARTESIAN_POINT('',(-0.0761296519439883,-0.0281186,0.000508607039198919));
#6977=CARTESIAN_POINT('',(-0.0761584097786915,-0.0281186,-0.000630785284102604));
#6978=CARTESIAN_POINT('',(-0.0762058146647048,-0.0281186,-0.00404892745565695));
#6979=CARTESIAN_POINT('',(-0.0761951319751826,-0.0281186,-0.00632764276714995));
#6980=CARTESIAN_POINT('',(-0.0761120406626954,-0.0281186,-0.0108850137033237));
#6981=CARTESIAN_POINT('',(-0.0760388432785615,-0.0281186,-0.01316363751931));
#6982=CARTESIAN_POINT('',(-0.07585350579655,-0.0281186,-0.0177209633214518));
#6983=CARTESIAN_POINT('',(-0.0757410301983015,-0.0281186,-0.0199994258410437));
#6984=CARTESIAN_POINT('',(-0.075414956437816,-0.0281186,-0.0264292931177411));
#6985=CARTESIAN_POINT('',(-0.0751831010282419,-0.0281186,-0.0305841271346602));
#6986=CARTESIAN_POINT('',(-0.0750946569480761,-0.0281186,-0.0347360060716621));
#6987=CARTESIAN_POINT('',(-0.0748825406177643,-0.0278435728306822,-0.0324301611776899));
#6988=CARTESIAN_POINT('',(-0.0751105196295656,-0.0280288954085947,-0.0311219021958129));
#6989=CARTESIAN_POINT('',(-0.0752546299910847,-0.0281199794925962,-0.0298054046687313));
#6990=CARTESIAN_POINT('',(-0.0753148717023215,-0.0281180262764068,-0.0284940881711479));
#6991=CARTESIAN_POINT('',(-0.0748823573376259,-0.0278438341865597,-0.0324301662668556));
#6992=CARTESIAN_POINT('',(-0.074882561252058,-0.0278438845274615,-0.0324303114536669));
#6993=CARTESIAN_POINT('',(-0.0746850440573854,-0.0276576675623971,-0.0327722911140804));
#6994=CARTESIAN_POINT('',(-0.0744005045082616,-0.0273867072630642,-0.0332185496663714));
#6995=CARTESIAN_POINT('',(-0.0740828402049915,-0.0270803779618262,-0.0336262581044604));
#6996=CARTESIAN_POINT('',(-0.0739324083116797,-0.0269345090346812,-0.0337971662683643));
#6997=CARTESIAN_POINT('',(-0.0738410279010973,-0.0268456216292681,-0.0338926095832968));
#6998=CARTESIAN_POINT('',(-0.0737917647682752,-0.0267976587525178,-0.0339427517435685));
#6999=CARTESIAN_POINT('',(-0.073671697948267,-0.0266804426805453,-0.0340547215313394));
#7000=CARTESIAN_POINT('',(-0.0735402009708868,-0.0265516201977791,-0.0341621674987317));
#7001=CARTESIAN_POINT('',(-0.0733060759635358,-0.0263213293412134,-0.0343196691824806));
#7002=CARTESIAN_POINT('',(-0.073001520247205,-0.026019111976202,-0.034418607559277));
#7003=CARTESIAN_POINT('',(-0.0727204885308707,-0.025736632275765,-0.0343506233622749));
#7004=CARTESIAN_POINT('',(-0.0725229535868266,-0.0255359224473806,-0.0342110836630131));
#7005=CARTESIAN_POINT('',(-0.0723598610216671,-0.0253682706704238,-0.034020165039905));
#7006=CARTESIAN_POINT('',(-0.0722975213225169,-0.0253034895428061,-0.0339215808315483));
#7007=CARTESIAN_POINT('',(-0.0721855719580986,-0.025186662249768,-0.0337280945755561));
#7008=CARTESIAN_POINT('',(-0.0720191240762609,-0.0250101870923758,-0.0333474457273367));
#7009=CARTESIAN_POINT('',(-0.0718511891613531,-0.0248250791374191,-0.0327520847808051));
#7010=CARTESIAN_POINT('',(-0.0717241283771914,-0.0246753013949758,-0.0320517791325809));
#7011=CARTESIAN_POINT('',(-0.071641682271982,-0.0245717738630933,-0.0314460822481984));
#7012=CARTESIAN_POINT('',(-0.0715861293136082,-0.0244953468757683,-0.0308863408625927));
#7013=CARTESIAN_POINT('',(-0.0715534350103654,-0.024445626667691,-0.0304533207390536));
#7014=CARTESIAN_POINT('',(-0.0715374622798303,-0.0244199154697887,-0.0302110798503936));
#7015=CARTESIAN_POINT('',(-0.0715243392396725,-0.0243975173382797,-0.0299847269005369));
#7016=CARTESIAN_POINT('',(-0.0715203133917686,-0.0243902719238865,-0.0299072798230491));
#7017=CARTESIAN_POINT('',(-0.0715122789842686,-0.0243756586651003,-0.0297494317836137));
#7018=CARTESIAN_POINT('',(-0.0715007062660747,-0.0243532083206073,-0.0294921587569247));
#7019=CARTESIAN_POINT('',(-0.07148646758671,-0.0243218430176853,-0.0290961225486716));
#7020=CARTESIAN_POINT('',(-0.0714746099701214,-0.0242879170497926,-0.0286014725592067));
#7021=CARTESIAN_POINT('',(-0.0714652988739069,-0.0242466948611485,-0.0279060788984644));
#7022=CARTESIAN_POINT('',(-0.0714658578122597,-0.0242119522646326,-0.0271653486069205));
#7023=CARTESIAN_POINT('',(-0.0714752428316328,-0.0241868341179636,-0.0264641648795759));
#7024=CARTESIAN_POINT('',(-0.0714826804481908,-0.0241744290034487,-0.026065803607457));
#7025=CARTESIAN_POINT('',(-0.0714905276505664,-0.0241648928568019,-0.025719804366867));
#7026=CARTESIAN_POINT('',(-0.0714955565676578,-0.0241600592714499,-0.0255246775792228));
#7027=CARTESIAN_POINT('',(-0.0715044021836395,-0.0241526019421588,-0.0252030958933761));
#7028=CARTESIAN_POINT('',(-0.0715217052411786,-0.024141561411035,-0.0246474400025481));
#7029=CARTESIAN_POINT('',(-0.0715534597041978,-0.0241291530314333,-0.0237883209428321));
#7030=CARTESIAN_POINT('',(-0.0716017510123098,-0.024120392585548,-0.0226801578317947));
#7031=CARTESIAN_POINT('',(-0.0716401931734668,-0.0241185027824814,-0.0218852164769069));
#7032=CARTESIAN_POINT('',(-0.071660965475167,-0.0241185568305152,-0.0214741526365377));
#7033=CARTESIAN_POINT('',(-0.072076530044476,-0.0241185570127445,0.00272762586867157));
#7034=CARTESIAN_POINT('',(-0.0730946854277741,-0.0251575021522314,0.00362152111403135));
#7035=CARTESIAN_POINT('',(-0.0744078107730142,-0.0265121184185427,0.00539187989672737));
#7036=CARTESIAN_POINT('',(-0.0754707648156079,-0.0276466000824811,0.00844020863858881));
#7037=CARTESIAN_POINT('',(-0.075777053072733,-0.0279912524520761,0.0100712387119548));
#7038=CARTESIAN_POINT('',(-0.0758847303799931,-0.0281186,0.0109070292531534));
#7039=CARTESIAN_POINT('',(0.124459376683135,0.0126968519762158,0.0909542590379715));
#7040=CARTESIAN_POINT('',(0.0747972522808702,0.0126968519762158,0.0909542590379715));
#7041=CARTESIAN_POINT('',(0.124459376683135,0.0151027224671912,0.0867172254433612));
#7042=CARTESIAN_POINT('',(0.0747972522808702,0.0151027224671912,0.0867172254433612));
#7043=CARTESIAN_POINT('',(0.124459376683136,0.0199141477316835,0.078243215594244));
#7044=CARTESIAN_POINT('',(0.0747972522808703,0.0199141477316835,0.078243215594244));
#7045=CARTESIAN_POINT('',(0.124459376683135,0.0248049669542665,0.0676271093290187));
#7046=CARTESIAN_POINT('',(0.0747972522808701,0.0248049669542665,0.0676271093290187));
#7047=CARTESIAN_POINT('',(0.124459376683135,0.02736425816463,0.05910685768395));
#7048=CARTESIAN_POINT('',(0.0747972522808702,0.02736425816463,0.05910685768395));
#7049=CARTESIAN_POINT('',(0.124459376683135,0.0284489438109747,0.0526975543172183));
#7050=CARTESIAN_POINT('',(0.0747972522808702,0.0284489438109747,0.0526975543172183));
#7051=CARTESIAN_POINT('',(0.124459376683135,0.0284867583329225,0.0462735101587487));
#7052=CARTESIAN_POINT('',(0.0747972522808702,0.0284867583329225,0.0462735101587487));
#7053=CARTESIAN_POINT('',(0.124459376683135,0.0272187486570673,0.0376288649071812));
#7054=CARTESIAN_POINT('',(0.0747972522808702,0.0272187486570673,0.0376288649071812));
#7055=CARTESIAN_POINT('',(0.124459376683135,0.0245426385326938,0.0286932510562816));
#7056=CARTESIAN_POINT('',(0.0747972522808702,0.0245426385326938,0.0286932510562816));
#7057=CARTESIAN_POINT('',(0.124459376683135,0.0214333708166795,0.0191533672075356));
#7058=CARTESIAN_POINT('',(0.0747972522808702,0.0214333708166795,0.0191533672075356));
#7059=CARTESIAN_POINT('',(0.124459376683135,0.019138230823637,0.0116146188466472));
#7060=CARTESIAN_POINT('',(0.0747972522808702,0.019138230823637,0.0116146188466472));
#7061=CARTESIAN_POINT('',(0.124459376683135,0.0171155970219355,0.00362093900976338));
#7062=CARTESIAN_POINT('',(0.0747972522808702,0.0171155970219355,0.00362093900976338));
#7063=CARTESIAN_POINT('',(0.124459376683135,0.0156570573755761,-0.00493708706662007));
#7064=CARTESIAN_POINT('',(0.0747972522808702,0.0156570573755761,-0.00493708706662007));
#7065=CARTESIAN_POINT('',(0.124459376683135,0.0147692889790116,-0.0139714086236785));
#7066=CARTESIAN_POINT('',(0.0747972522808702,0.0147692889790116,-0.0139714086236785));
#7067=CARTESIAN_POINT('',(0.124459376683135,0.0140874194982539,-0.0263491857914851));
#7068=CARTESIAN_POINT('',(0.0747972522808702,0.0140874194982539,-0.0263491857914851));
#7069=CARTESIAN_POINT('',(0.124459376683135,0.01380280410391,-0.0419520120001955));
#7070=CARTESIAN_POINT('',(0.0747972522808702,0.01380280410391,-0.0419520120001955));
#7071=CARTESIAN_POINT('',(0.124459376683135,0.013210136416795,-0.056379115951887));
#7072=CARTESIAN_POINT('',(0.0747972522808702,0.013210136416795,-0.056379115951887));
#7073=CARTESIAN_POINT('',(0.124459376683135,0.0119250373819627,-0.066397680178529));
#7074=CARTESIAN_POINT('',(0.0747972522808702,0.0119250373819627,-0.066397680178529));
#7075=CARTESIAN_POINT('',(0.124459376683135,0.0103807028969783,-0.0729688113161928));
#7076=CARTESIAN_POINT('',(0.0747972522808702,0.0103807028969783,-0.0729688113161928));
#7077=CARTESIAN_POINT('',(0.124459376683135,0.00817918669409821,-0.0782885979161292));
#7078=CARTESIAN_POINT('',(0.0747972522808702,0.00817918669409821,-0.0782885979161292));
#7079=CARTESIAN_POINT('',(0.124459376683135,0.00538906370750111,-0.0818602177973273));
#7080=CARTESIAN_POINT('',(0.0747972522808702,0.00538906370750111,-0.0818602177973273));
#7081=CARTESIAN_POINT('',(0.124459376683135,0.00260713855012169,-0.0829951442902789));
#7082=CARTESIAN_POINT('',(0.0747972522808702,0.00260713855012169,-0.0829951442902789));
#7083=CARTESIAN_POINT('',(0.124459376683135,0.000131823952780974,-0.082564530244928));
#7084=CARTESIAN_POINT('',(0.0747972522808702,0.000131823952780974,-0.082564530244928));
#7085=CARTESIAN_POINT('',(0.124459376683135,-0.00250318209203609,-0.0811582252504498));
#7086=CARTESIAN_POINT('',(0.0747972522808702,-0.00250318209203609,-0.0811582252504498));
#7087=CARTESIAN_POINT('',(0.124459376683135,-0.00603930325957683,-0.0777420751192494));
#7088=CARTESIAN_POINT('',(0.0747972522808702,-0.00603930325957683,-0.0777420751192494));
#7089=CARTESIAN_POINT('',(0.124459376683135,-0.0119633235959918,-0.0695275348681835));
#7090=CARTESIAN_POINT('',(0.0747972522808702,-0.0119633235959918,-0.0695275348681835));
#7091=CARTESIAN_POINT('',(0.124459376683135,-0.0193987646214692,-0.0555726933841656));
#7092=CARTESIAN_POINT('',(0.0747972522808701,-0.0193987646214692,-0.0555726933841656));
#7093=CARTESIAN_POINT('',(0.124459376683135,-0.0243788371362392,-0.0436119005012018));
#7094=CARTESIAN_POINT('',(0.0747972522808702,-0.0243788371362392,-0.0436119005012018));
#7095=CARTESIAN_POINT('',(0.124459376683135,-0.0263766437573163,-0.0382159851334625));
#7096=CARTESIAN_POINT('',(0.0747972522808702,-0.0263766437573163,-0.0382159851334625));
#7097=CARTESIAN_POINT('',(0.102282471709011,0.00453367782080193,-0.0820271065777392));
#7098=CARTESIAN_POINT('',(0.102252062645143,0.00471889289182585,-0.0819162074838097));
#7099=CARTESIAN_POINT('',(0.102164181635484,0.00507785819611086,-0.0816747349200982));
#7100=CARTESIAN_POINT('',(0.101949837764589,0.00558455075966244,-0.0812607782845935));
#7101=CARTESIAN_POINT('',(0.101705783518416,0.00597808350845404,-0.0808834954083779));
#7102=CARTESIAN_POINT('',(0.101494174027959,0.0062454609080387,-0.0805981231930295));
#7103=CARTESIAN_POINT('',(0.101370941288361,0.00638668606583244,-0.0804405063590204));
#7104=CARTESIAN_POINT('',(0.101251186147147,0.00651299791509302,-0.0802940412463297));
#7105=CARTESIAN_POINT('',(0.101211297411385,0.00655260768654133,-0.0802467510575401));
#7106=CARTESIAN_POINT('',(0.10112766552354,0.00663522410665454,-0.0801477475415881));
#7107=CARTESIAN_POINT('',(0.101029118730869,0.00672740445901249,-0.0800340756090694));
#7108=CARTESIAN_POINT('',(0.100900534953129,0.00684137068670285,-0.0798894222896785));
#7109=CARTESIAN_POINT('',(0.100722974244158,0.00698992725782066,-0.0796948656387641));
#7110=CARTESIAN_POINT('',(0.100530146114736,0.00713841130543654,-0.0794912668139976));
#7111=CARTESIAN_POINT('',(0.100333244471591,0.00727936401484558,-0.0792899068433937));
#7112=CARTESIAN_POINT('',(0.100158593671786,0.00739747251680312,-0.079115640347964));
#7113=CARTESIAN_POINT('',(0.100057569545916,0.00746293943179119,-0.0790165751663031));
#7114=CARTESIAN_POINT('',(0.0998918847480738,0.0075679242407755,-0.0788554121421364));
#7115=CARTESIAN_POINT('',(0.099603381951251,0.00774174810594373,-0.0785799872445816));
#7116=CARTESIAN_POINT('',(0.0992432005513211,0.00794076293793031,-0.0782465688141873));
#7117=CARTESIAN_POINT('',(0.0988592496650484,0.00813533573561618,-0.0779014977836667));
#7118=CARTESIAN_POINT('',(0.0985595497509374,0.00827927488188497,-0.0776368567512249));
#7119=CARTESIAN_POINT('',(0.0982957656474645,0.00839924389711615,-0.0774079547596923));
#7120=CARTESIAN_POINT('',(0.0980864523840751,0.00849101651103532,-0.0772283836300802));
#7121=CARTESIAN_POINT('',(0.0979043686018237,0.00856853448551214,-0.0770735871160731));
#7122=CARTESIAN_POINT('',(0.0978029049610024,0.0086107708375826,-0.0769878844668189));
#7123=CARTESIAN_POINT('',(0.0976367429332478,0.00867912628689016,-0.0768479373272427));
#7124=CARTESIAN_POINT('',(0.0973535968193867,0.00879247592830001,-0.0766111325907046));
#7125=CARTESIAN_POINT('',(0.0969257086373207,0.00895574171811199,-0.0762574948512769));
#7126=CARTESIAN_POINT('',(0.0963891246947963,0.00914757435630941,-0.0758207423462349));
#7127=CARTESIAN_POINT('',(0.095637191972179,0.00940002129162681,-0.075217135292574));
#7128=CARTESIAN_POINT('',(0.0948358841541011,0.0096455116740555,-0.0745858919464732));
#7129=CARTESIAN_POINT('',(0.0940818799971198,0.00985619884226929,-0.0740021421920927));
#7130=CARTESIAN_POINT('',(0.0936483738021359,0.00997220238846464,-0.0736690865790174));
#7131=CARTESIAN_POINT('',(0.0932873114645694,0.0100656898804825,-0.0733932865399347));
#7132=CARTESIAN_POINT('',(0.0930319862132904,0.0101300398899388,-0.0731990380289239));
#7133=CARTESIAN_POINT('',(0.0926487154297115,0.010224795478655,-0.072908077537778));
#7134=CARTESIAN_POINT('',(0.0921726773833553,0.0103382511110031,-0.0725483611677491));
#7135=CARTESIAN_POINT('',(0.0915863830633185,0.0104719456298057,-0.0721076075011718));
#7136=CARTESIAN_POINT('',(0.0909691863635878,0.0106058646112688,-0.0716468401181595));
#7137=CARTESIAN_POINT('',(0.0904985573128477,0.0107038383290257,-0.071296031536956));
#7138=CARTESIAN_POINT('',(0.0901536834871706,0.0107738041682567,-0.0710382319376041));
#7139=CARTESIAN_POINT('',(0.0899637103624631,0.0108118350480635,-0.0708960895467996));
#7140=CARTESIAN_POINT('',(0.0898012225294984,0.0108439771848561,-0.0707745943290955));
#7141=CARTESIAN_POINT('',(0.0897131347314697,0.0108613944966425,-0.0707081760388615));
#7142=CARTESIAN_POINT('',(0.0895522651419993,0.0108934515665623,-0.0705852838582009));
#7143=CARTESIAN_POINT('',(0.0893328487806965,0.010937368123738,-0.0704146153435485));
#7144=CARTESIAN_POINT('',(0.0890330910592696,0.0109973500073015,-0.0701773460805664));
#7145=CARTESIAN_POINT('',(0.088655735523854,0.0110722063999861,-0.06987315978318));
#7146=CARTESIAN_POINT('',(0.0883724721676675,0.0111279211701667,-0.0696410087808129));
#7147=CARTESIAN_POINT('',(0.0879698551429111,0.0112068534787719,-0.0693057077770211));
#7148=CARTESIAN_POINT('',(0.0872963737547325,0.0113379090943495,-0.0687296851879774));
#7149=CARTESIAN_POINT('',(0.0863725452018144,0.011515456480998,-0.067896739722451));
#7150=CARTESIAN_POINT('',(0.0855181286110285,0.0116775645567805,-0.0670685941240351));
#7151=CARTESIAN_POINT('',(0.0848628147631047,0.0118011615864235,-0.0663954992822696));
#7152=CARTESIAN_POINT('',(0.0844141026556798,0.0118855334191485,-0.0659177031717155));
#7153=CARTESIAN_POINT('',(0.0838929068751042,0.0119835246770756,-0.0653376691432607));
#7154=CARTESIAN_POINT('',(0.0832543235817882,0.0121038554011402,-0.0645894142769388));
#7155=CARTESIAN_POINT('',(0.0821849746815004,0.0123062041751519,-0.063239968264221));
#7156=CARTESIAN_POINT('',(0.0811253848156696,0.0125098425990906,-0.0616707620733776));
#7157=CARTESIAN_POINT('',(0.080185049654715,0.0126964032531247,-0.0600092012423759));
#7158=CARTESIAN_POINT('',(0.0795386422266084,0.0128277951588949,-0.0587123065829654));
#7159=CARTESIAN_POINT('',(0.079050389758118,0.0129298564821165,-0.057593310070856));
#7160=CARTESIAN_POINT('',(0.078732520560024,0.0129979839723988,-0.0567822526144605));
#7161=CARTESIAN_POINT('',(0.0785614282377911,0.0130351509378527,-0.0563216585120261));
#7162=CARTESIAN_POINT('',(0.0784279654511461,0.0130644545792487,-0.0559473392340292));
#7163=CARTESIAN_POINT('',(0.0783320224589146,0.0130857376684506,-0.0556682453039878));
#7164=CARTESIAN_POINT('',(0.0781949181746921,0.0131164233422558,-0.0552573265709608));
#7165=CARTESIAN_POINT('',(0.0779688222299373,0.0131678370132526,-0.0545425407023058));
#7166=CARTESIAN_POINT('',(0.0775450764753085,0.0132673565613281,-0.0530546293702908));
#7167=CARTESIAN_POINT('',(0.0771368566643976,0.0133708240193084,-0.0512504226563121));
#7168=CARTESIAN_POINT('',(0.0768023169046613,0.013464643262613,-0.0493335919728583));
#7169=CARTESIAN_POINT('',(0.0766242894457683,0.0135193374714702,-0.0480897958937877));
#7170=CARTESIAN_POINT('',(0.0765003614189909,0.0135609228763039,-0.047065824600356));
#7171=CARTESIAN_POINT('',(0.0764168909118755,0.0135909706654812,-0.0462864896276823));
#7172=CARTESIAN_POINT('',(0.0763544820089928,0.0136154584325266,-0.0456170664657589));
#7173=CARTESIAN_POINT('',(0.0763105219057392,0.0136339545363157,-0.0450932096456076));
#7174=CARTESIAN_POINT('',(0.0762762591764481,0.0136493154796312,-0.0446458115445079));
#7175=CARTESIAN_POINT('',(0.0762581157564597,0.013657920575229,-0.044389642638991));
#7176=CARTESIAN_POINT('',(0.0762301201582469,0.0136716748055773,-0.0439749780983437));
#7177=CARTESIAN_POINT('',(0.0761996408947253,0.0136879488495887,-0.0434706202964113));
#7178=CARTESIAN_POINT('',(0.0761666360764182,0.0137076504602187,-0.0428403026274631));
#7179=CARTESIAN_POINT('',(0.0761286877677391,0.0137335958351412,-0.0419831910553045));
#7180=CARTESIAN_POINT('',(0.0760920136522755,0.0137657460738906,-0.040872653479001));
#7181=CARTESIAN_POINT('',(0.0760654109020677,0.0138040699929323,-0.0394795201302434));
#7182=CARTESIAN_POINT('',(0.0760561619789062,0.0138425586742976,-0.0380251801283484));
#7183=CARTESIAN_POINT('',(0.076062933806707,0.0138752122176809,-0.0367621744265193));
#7184=CARTESIAN_POINT('',(0.0760770224289085,0.0139020123270394,-0.0357216567195977));
#7185=CARTESIAN_POINT('',(0.0760919615873122,0.0139225835170375,-0.0349250909188109));
#7186=CARTESIAN_POINT('',(0.0761079298912104,0.0139401043204549,-0.0342517997217155));
#7187=CARTESIAN_POINT('',(0.0761212012448704,0.0139528283367091,-0.033767747750229));
#7188=CARTESIAN_POINT('',(0.0761290244628913,0.0139599356031262,-0.0334988688440658));
#7189=CARTESIAN_POINT('',(0.0761360170678989,0.0139660359983884,-0.0332692192754564));
#7190=CARTESIAN_POINT('',(0.076140017185339,0.0139694286143213,-0.0331420356048864));
#7191=CARTESIAN_POINT('',(0.0761466671905711,0.0139749979712652,-0.0329337813760227));
#7192=CARTESIAN_POINT('',(0.0761583606085575,0.0139845115850252,-0.0325801248267065));
#7193=CARTESIAN_POINT('',(0.0761843816725415,0.0140047591537716,-0.0318363157301639));
#7194=CARTESIAN_POINT('',(0.0762191539460462,0.0140299997793674,-0.0309354056141436));
#7195=CARTESIAN_POINT('',(0.0762591667049353,0.0140579951181592,-0.0299767586287288));
#7196=CARTESIAN_POINT('',(0.0762863391832925,0.0140767458501238,-0.029354321339305));
#7197=CARTESIAN_POINT('',(0.076309356493469,0.0140925685880183,-0.0288427659771645));
#7198=CARTESIAN_POINT('',(0.0763273209851184,0.0141049125389189,-0.0284510241535956));
#7199=CARTESIAN_POINT('',(0.0763426634193809,0.0141154693765651,-0.0281222838518624));
#7200=CARTESIAN_POINT('',(0.0763540177681654,0.0141233028066325,-0.0278822188888517));
#7201=CARTESIAN_POINT('',(0.0763600704575432,0.0141274840707164,-0.0277549498117102));
#7202=CARTESIAN_POINT('',(0.0763661057786793,0.0141316602126349,-0.0276286972875695));
#7203=CARTESIAN_POINT('',(0.0763666188964486,0.0141320144828203,-0.0276180870652773));
#7204=CARTESIAN_POINT('',(0.076369376188618,0.0141339163485392,-0.0275608100058543));
#7205=CARTESIAN_POINT('',(0.076373595509716,0.014136816176468,-0.027473827717071));
#7206=CARTESIAN_POINT('',(0.0763809731998092,0.0141418723882693,-0.0273229955411696));
#7207=CARTESIAN_POINT('',(0.0763910199246775,0.0141487593282659,-0.0271196908252837));
#7208=CARTESIAN_POINT('',(0.0764063503471819,0.0141593143647356,-0.0268116888852487));
#7209=CARTESIAN_POINT('',(0.0764289817650029,0.0141750595443412,-0.0263607653891453));
#7210=CARTESIAN_POINT('',(0.0764617446738754,0.0141984385520375,-0.025713022493645));
#7211=CARTESIAN_POINT('',(0.0765000782119896,0.0142267511959457,-0.024959380340779));
#7212=CARTESIAN_POINT('',(0.0765440649083437,0.01426068080293,-0.0240983643339558));
#7213=CARTESIAN_POINT('',(0.076585185172384,0.0142940544652969,-0.0232963236941322));
#7214=CARTESIAN_POINT('',(0.0766167944007964,0.0143209444336192,-0.0226813974959829));
#7215=CARTESIAN_POINT('',(0.0766349633955549,0.0143367617966184,-0.0223282876608122));
#7216=CARTESIAN_POINT('',(0.0766506077084984,0.0143506300049581,-0.022024673590171));
#7217=CARTESIAN_POINT('',(0.0766602247698509,0.0143593126381476,-0.0218376295914141));
#7218=CARTESIAN_POINT('',(0.0766749554096729,0.0143728231598428,-0.0215495974292705));
#7219=CARTESIAN_POINT('',(0.0766993709535081,0.0143958724811617,-0.0210684570969795));
#7220=CARTESIAN_POINT('',(0.0767472657301308,0.0144436026753659,-0.0201097487682077));
#7221=CARTESIAN_POINT('',(0.0768107105343308,0.0145143279397606,-0.0187955031532979));
#7222=CARTESIAN_POINT('',(0.0768796053707246,0.0146035213883919,-0.0172932859951316));
#7223=CARTESIAN_POINT('',(0.0769410642322029,0.0146963088656815,-0.0158700824380182));
#7224=CARTESIAN_POINT('',(0.0769951521440732,0.0147921144463313,-0.0145243851649113));
#7225=CARTESIAN_POINT('',(0.0770418060513737,0.0148899722899905,-0.0132582114991167));
#7226=CARTESIAN_POINT('',(0.0770746452990983,0.014973075368644,-0.0122630785712643));
#7227=CARTESIAN_POINT('',(0.0770941622892204,0.0150305724338158,-0.0116094413682144));
#7228=CARTESIAN_POINT('',(0.0771047596240699,0.0150647613723208,-0.0112312305689835));
#7229=CARTESIAN_POINT('',(0.0771112067179844,0.0150866076223769,-0.0109927184193257));
#7230=CARTESIAN_POINT('',(0.0771211629451361,0.0151228568848502,-0.0106047787690433));
#7231=CARTESIAN_POINT('',(0.0771322952866478,0.015167069198671,-0.01014307869473));
#7232=CARTESIAN_POINT('',(0.0771505228788953,0.0152485587969364,-0.00931778597197538));
#7233=CARTESIAN_POINT('',(0.0771707679835072,0.0153693037643805,-0.00817135733680673));
#7234=CARTESIAN_POINT('',(0.0771864166518664,0.01552270300539,-0.00682766419968432));
#7235=CARTESIAN_POINT('',(0.0771934854401064,0.0156866289201053,-0.00550340687268862));
#7236=CARTESIAN_POINT('',(0.077191086596564,0.0158510046509853,-0.00427022036325865));
#7237=CARTESIAN_POINT('',(0.0771757301319178,0.0161039547121758,-0.00250557492977964));
#7238=CARTESIAN_POINT('',(0.0771281755192537,0.0164816279254602,-0.000157379411277559));
#7239=CARTESIAN_POINT('',(0.0770536145539649,0.0170286471879019,0.00271963288392708));
#7240=CARTESIAN_POINT('',(0.0769847460164996,0.0176466342327851,0.00555719336139998));
#7241=CARTESIAN_POINT('',(0.0769153593938665,0.0183327139895359,0.00838192058564245));
#7242=CARTESIAN_POINT('',(0.0768243587088643,0.0193256376961179,0.0121224068255253));
#7243=CARTESIAN_POINT('',(0.0767124324668042,0.0206915113166172,0.0167556912318178));
#7244=CARTESIAN_POINT('',(0.076581359198548,0.0224440107622686,0.0222561532772147));
#7245=CARTESIAN_POINT('',(0.0764534384428574,0.024205802105644,0.0277124148250423));
#7246=CARTESIAN_POINT('',(0.0763494849061639,0.0255791945669053,0.0322393237019932));
#7247=CARTESIAN_POINT('',(0.076267905189279,0.0265489060257799,0.0358622783371119));
#7248=CARTESIAN_POINT('',(0.0762175817835697,0.0270843013017499,0.0381303629466655));
#7249=CARTESIAN_POINT('',(0.0761777119772771,0.0274595736780586,0.0399496711527683));
#7250=CARTESIAN_POINT('',(0.0761480280908405,0.0277115347192447,0.041316033543634));
#7251=CARTESIAN_POINT('',(0.0761233921160917,0.0278949504726596,0.0424605723774413));
#7252=CARTESIAN_POINT('',(0.076106360308544,0.028007213975099,0.0432575788008355));
#7253=CARTESIAN_POINT('',(0.0760964548292617,0.02806783538825,0.0437228624348978));
#7254=CARTESIAN_POINT('',(0.076089595282402,0.0281079231207495,0.0440459132659561));
#7255=CARTESIAN_POINT('',(0.0760806183096102,0.0281571849552187,0.0444694031845247));
#7256=CARTESIAN_POINT('',(0.0760694117275729,0.0282139170606138,0.0449984500120318));
#7257=CARTESIAN_POINT('',(0.0760495039713816,0.0283030257275005,0.0459395519154885));
#7258=CARTESIAN_POINT('',(0.0760213889165243,0.0283931388185546,0.0472726323296704));
#7259=CARTESIAN_POINT('',(0.0759878028580349,0.0284403205597996,0.0488727187842288));
#7260=CARTESIAN_POINT('',(0.0759544666920629,0.0284215341355203,0.050469897701259));
#7261=CARTESIAN_POINT('',(0.075921356225506,0.0283361453512903,0.052065979988805));
#7262=CARTESIAN_POINT('',(0.0758939513255824,0.0282120988178095,0.0533951367581435));
#7263=CARTESIAN_POINT('',(0.0758721540210515,0.0280824747474069,0.0544572505681521));
#7264=CARTESIAN_POINT('',(0.0758558303819144,0.0279700388222292,0.0552551572108099));
#7265=CARTESIAN_POINT('',(0.0758423803946818,0.0278651584263199,0.055914635434387));
#7266=CARTESIAN_POINT('',(0.0758327839995438,0.02778358560995,0.0563863312056571));
#7267=CARTESIAN_POINT('',(0.0758276299698305,0.0277381993424853,0.056639923695593));
#7268=CARTESIAN_POINT('',(0.0758228596832532,0.0276948604635873,0.0568749226945638));
#7269=CARTESIAN_POINT('',(0.0758215651614697,0.0276828458305466,0.0569385682174976));
#7270=CARTESIAN_POINT('',(0.0758185227631363,0.02765467943568,0.0570876846947616));
#7271=CARTESIAN_POINT('',(0.0758135571289525,0.0276079817523294,0.0573296890604889));
#7272=CARTESIAN_POINT('',(0.0758055446304127,0.0275307281255909,0.057716850697686));
#7273=CARTESIAN_POINT('',(0.0757950692314809,0.027425467643182,0.0582177391946138));
#7274=CARTESIAN_POINT('',(0.0757797383461464,0.0272646921327169,0.0589445968209353));
#7275=CARTESIAN_POINT('',(0.0757581175306872,0.0270229490028938,0.059958831204463));
#7276=CARTESIAN_POINT('',(0.0757282096510412,0.0266557603300017,0.0613462751212762));
#7277=CARTESIAN_POINT('',(0.075694347531933,0.0261993118761917,0.0629034030975243));
#7278=CARTESIAN_POINT('',(0.0756628311668722,0.0257341188115387,0.0643423285151406));
#7279=CARTESIAN_POINT('',(0.0756356415435306,0.0253049818874349,0.0655780314169025));
#7280=CARTESIAN_POINT('',(0.0756178203928132,0.0250117310443812,0.0663857388274223));
#7281=CARTESIAN_POINT('',(0.0756030767595338,0.0247615777539503,0.0670526813410734));
#7282=CARTESIAN_POINT('',(0.0755917503751888,0.0245655574177213,0.0675644128716681));
#7283=CARTESIAN_POINT('',(0.0755821737280481,0.0243966273263353,0.0679965877124092));
#7284=CARTESIAN_POINT('',(0.0755752283309948,0.0242722982977821,0.068309744386338));
#7285=CARTESIAN_POINT('',(0.0755714371767171,0.0242039942712487,0.0684806153174747));
#7286=CARTESIAN_POINT('',(0.0755679908624247,0.024141552412078,0.0686358933295709));
#7287=CARTESIAN_POINT('',(0.0755667747963172,0.0241194250258513,0.0686906668712475));
#7288=CARTESIAN_POINT('',(0.0755643731138509,0.0240756892525095,0.0687988256568698));
#7289=CARTESIAN_POINT('',(0.0755605280102995,0.024005365888212,0.0689719093017053));
#7290=CARTESIAN_POINT('',(0.0755548315681458,0.0239004612108023,0.0692281327521961));
#7291=CARTESIAN_POINT('',(0.0755480548790188,0.0237744407521126,0.0695326133357071));
#7292=CARTESIAN_POINT('',(0.0755389614541281,0.0236037732381934,0.0699407570816702));
#7293=CARTESIAN_POINT('',(0.0755275490821771,0.0233866510579011,0.0704521732597119));
#7294=CARTESIAN_POINT('',(0.0755091658950327,0.0230308099464605,0.0712742566038995));
#7295=CARTESIAN_POINT('',(0.0754859675842206,0.0225706009977563,0.0723084807172271));
#7296=CARTESIAN_POINT('',(0.0754577749118282,0.0219943535649895,0.0735603266870982));
#7297=CARTESIAN_POINT('',(0.0754292285514714,0.0213949156187129,0.0748229204417893));
#7298=CARTESIAN_POINT('',(0.0753906947945038,0.0205658797252247,0.0765207490014756));
#7299=CARTESIAN_POINT('',(0.0753416428702774,0.0194760067320489,0.0786700183622255));
#7300=CARTESIAN_POINT('',(0.0752813649444872,0.0180905566320303,0.0812924860825161));
#7301=CARTESIAN_POINT('',(0.0751991069062592,0.0161523324306335,0.084847160742508));
#7302=CARTESIAN_POINT('',(0.0751352899680774,0.014611684005318,0.0875787923220037));
#7303=CARTESIAN_POINT('',(0.0750918016056393,0.0135623114542358,0.089429386372234));
#7304=CARTESIAN_POINT('',(0.0960199469846665,0.0130871969217188,0.0902667501808159));
#7305=CARTESIAN_POINT('',(0.0966018950768532,0.0140864560578062,0.088506444759416));
#7306=CARTESIAN_POINT('',(0.0977330912476408,0.0160354262172514,0.0850644140325234));
#7307=CARTESIAN_POINT('',(0.0990653172663322,0.0182788592958482,0.0809569604928555));
#7308=CARTESIAN_POINT('',(0.1000820710539,0.019928570356824,0.0777873282901862));
#7309=CARTESIAN_POINT('',(0.100697042389948,0.020894756924258,0.0758549201413963));
#7310=CARTESIAN_POINT('',(0.101176894911653,0.021626843514743,0.07433755199602));
#7311=CARTESIAN_POINT('',(0.101530272228928,0.0221544383382177,0.0732152427707397));
#7312=CARTESIAN_POINT('',(0.101820853476802,0.0225780284840952,0.0722881667682766));
#7313=CARTESIAN_POINT('',(0.10201920327202,0.0228617750285776,0.0716531830359281));
#7314=CARTESIAN_POINT('',(0.102135487046162,0.0230263706605048,0.0712802243527285));
#7315=CARTESIAN_POINT('',(0.102211872555222,0.0231338870720171,0.0710349904260915));
#7316=CARTESIAN_POINT('',(0.10232779743412,0.0232957254664088,0.0706623002004112));
#7317=CARTESIAN_POINT('',(0.102467912748409,0.0234893460221005,0.0702110884935591));
#7318=CARTESIAN_POINT('',(0.102718233376402,0.0238305608706091,0.0694032291184718));
#7319=CARTESIAN_POINT('',(0.103068512966444,0.0242936012559067,0.0682674883604116));
#7320=CARTESIAN_POINT('',(0.10348407040301,0.0248189955788298,0.066911652385121));
#7321=CARTESIAN_POINT('',(0.104029079635237,0.0254744034047562,0.065121955324599));
#7322=CARTESIAN_POINT('',(0.104562795330235,0.0260630332203347,0.0633516870251077));
#7323=CARTESIAN_POINT('',(0.105016007254222,0.0265139558484582,0.0618328852367204));
#7324=CARTESIAN_POINT('',(0.105276050913517,0.0267573204196895,0.0609566332716932));
#7325=CARTESIAN_POINT('',(0.10545771712592,0.0269207869530828,0.0603424312856513));
#7326=CARTESIAN_POINT('',(0.105682910035664,0.0271136128502821,0.0595781304751746));
#7327=CARTESIAN_POINT('',(0.105965605446177,0.0273413947131466,0.0586145761718075));
#7328=CARTESIAN_POINT('',(0.106250040467777,0.0275501928186492,0.0576393102565677));
#7329=CARTESIAN_POINT('',(0.106529994651142,0.0277338680035244,0.0566733827058019));
#7330=CARTESIAN_POINT('',(0.106739229835454,0.0278600428229615,0.0559484334243634));
#7331=CARTESIAN_POINT('',(0.106910986928558,0.0279544019198184,0.0553508535969083));
#7332=CARTESIAN_POINT('',(0.107033381748294,0.0280163614016241,0.0549236138204843));
#7333=CARTESIAN_POINT('',(0.107098837964579,0.0280482501327219,0.0546947927805154));
#7334=CARTESIAN_POINT('',(0.107159985554236,0.0280769560631787,0.0544807627090504));
#7335=CARTESIAN_POINT('',(0.107174635217939,0.028083625608119,0.0544293855179547));
#7336=CARTESIAN_POINT('',(0.107213422380409,0.0281013171793667,0.0542932713858754));
#7337=CARTESIAN_POINT('',(0.107279765238198,0.0281307167482305,0.0540599234212064));
#7338=CARTESIAN_POINT('',(0.107396689786137,0.0281798172391103,0.0536475110261664));
#7339=CARTESIAN_POINT('',(0.107564108830662,0.0282425024423007,0.0530552083179201));
#7340=CARTESIAN_POINT('',(0.107760873910453,0.0283054121198087,0.0523575720267039));
#7341=CARTESIAN_POINT('',(0.107986368104338,0.0283627328727972,0.0515566487407294));
#7342=CARTESIAN_POINT('',(0.108198413558006,0.0284004479700611,0.0508023486740615));
#7343=CARTESIAN_POINT('',(0.108382376083938,0.0284207465343919,0.0501472584833701));
#7344=CARTESIAN_POINT('',(0.108527847879944,0.0284299224286476,0.0496288920228245));
#7345=CARTESIAN_POINT('',(0.108654193562294,0.0284316797750097,0.0491783931059573));
#7346=CARTESIAN_POINT('',(0.108747550291445,0.0284292510998893,0.0488453300444547));
#7347=CARTESIAN_POINT('',(0.108799055770543,0.028426986557888,0.0486615304754517));
#7348=CARTESIAN_POINT('',(0.108845864245336,0.0284241922777479,0.048494446479461));
#7349=CARTESIAN_POINT('',(0.1088635824768,0.0284229190938225,0.0484312078720014));
#7350=CARTESIAN_POINT('',(0.1088974052815,0.0284203819946118,0.0483105397569693));
#7351=CARTESIAN_POINT('',(0.108951969679242,0.0284155768792017,0.0481159933458391));
#7352=CARTESIAN_POINT('',(0.109032699219986,0.0284067352201595,0.0478284755163985));
#7353=CARTESIAN_POINT('',(0.10912900538484,0.0283932645519842,0.0474859970643411));
#7354=CARTESIAN_POINT('',(0.109258436567662,0.0283713981713273,0.0470263726335253));
#7355=CARTESIAN_POINT('',(0.109421323353373,0.0283368159186258,0.0464491358492096));
#7356=CARTESIAN_POINT('',(0.109684625230049,0.0282661208941865,0.0455184180194331));
#7357=CARTESIAN_POINT('',(0.110018625979478,0.0281492030197748,0.0443419103050373));
#7358=CARTESIAN_POINT('',(0.110427274746912,0.0279641546936342,0.0429079768669754));
#7359=CARTESIAN_POINT('',(0.110843754242305,0.0277354827505689,0.0414509449937999));
#7360=CARTESIAN_POINT('',(0.111197361210314,0.0275096424875732,0.0402165326158074));
#7361=CARTESIAN_POINT('',(0.111484143511392,0.0273085732299286,0.0392163814461554));
#7362=CARTESIAN_POINT('',(0.111665063911394,0.0271745307225378,0.0385856982698783));
#7363=CARTESIAN_POINT('',(0.111810667997111,0.0270624983338605,0.0380782116963991));
#7364=CARTESIAN_POINT('',(0.111920666978986,0.0269758013755691,0.0376948446031487));
#7365=CARTESIAN_POINT('',(0.112011767109448,0.0269023762566212,0.0373773453279814));
#7366=CARTESIAN_POINT('',(0.112077662624587,0.0268483524636717,0.0371476789661745));
#7367=CARTESIAN_POINT('',(0.112112394338792,0.0268196785468645,0.0370266256001547));
#7368=CARTESIAN_POINT('',(0.112146879963862,0.0267910136918619,0.0369064251270392));
#7369=CARTESIAN_POINT('',(0.112149263334695,0.0267890124157022,0.0368981209520191));
#7370=CARTESIAN_POINT('',(0.112164017758031,0.0267767086364813,0.0368467111551344));
#7371=CARTESIAN_POINT('',(0.112185372717573,0.0267588415637027,0.0367723348084161));
#7372=CARTESIAN_POINT('',(0.112220879442355,0.0267290113890458,0.0366487299584057));
#7373=CARTESIAN_POINT('',(0.112265916452083,0.0266908844664244,0.0364920317097066));
#7374=CARTESIAN_POINT('',(0.112331182626435,0.0266351966681475,0.0362650085035546));
#7375=CARTESIAN_POINT('',(0.1124216362954,0.0265570499859525,0.0359504129382564));
#7376=CARTESIAN_POINT('',(0.112585665641274,0.0264125752002052,0.0353796571789674));
#7377=CARTESIAN_POINT('',(0.112826720498494,0.0261938481100147,0.0345397264752458));
#7378=CARTESIAN_POINT('',(0.113173677529004,0.0258639627804983,0.0333262514699006));
#7379=CARTESIAN_POINT('',(0.113578285545058,0.0254601866698562,0.0319034271139415));
#7380=CARTESIAN_POINT('',(0.113963583665695,0.0250569671090721,0.0305387757430337));
#7381=CARTESIAN_POINT('',(0.11430051964838,0.0246921241069025,0.0293370872352662));
#7382=CARTESIAN_POINT('',(0.114568021139786,0.0243964200787926,0.0283782237823516));
#7383=CARTESIAN_POINT('',(0.114801742763896,0.0241331276665786,0.0275358611811908));
#7384=CARTESIAN_POINT('',(0.114974033974886,0.0239364313693076,0.0269119782610293));
#7385=CARTESIAN_POINT('',(0.115070575421714,0.0238255790254675,0.0265616040285308));
#7386=CARTESIAN_POINT('',(0.115154342219292,0.0237289649966819,0.0262570308283128));
#7387=CARTESIAN_POINT('',(0.115199028455048,0.0236772386836353,0.0260942769602776));
#7388=CARTESIAN_POINT('',(0.115271660929727,0.0235929867774622,0.025829428109689));
#7389=CARTESIAN_POINT('',(0.115391263922708,0.0234536172237472,0.0253922253434163));
#7390=CARTESIAN_POINT('',(0.115561963090615,0.0232531938793411,0.0247654251484193));
#7391=CARTESIAN_POINT('',(0.115759868110949,0.0230187140452835,0.0240341544110911));
#7392=CARTESIAN_POINT('',(0.116016865437552,0.0227119082643293,0.0230786129659593));
#7393=CARTESIAN_POINT('',(0.116324135924979,0.0223414957290317,0.021925138143));
#7394=CARTESIAN_POINT('',(0.116670802527573,0.0219199522217842,0.0206070000775613));
#7395=CARTESIAN_POINT('',(0.116995452728705,0.0215230325556694,0.0193563453721175));
#7396=CARTESIAN_POINT('',(0.11729761631394,0.0211525382961528,0.0181767779855664));
#7397=CARTESIAN_POINT('',(0.117532213185791,0.020864589224791,0.0172482464409118));
#7398=CARTESIAN_POINT('',(0.11768438476954,0.0206778187388786,0.0166397982801132));
#7399=CARTESIAN_POINT('',(0.117772288055825,0.020569944841997,0.0162862954756746));
#7400=CARTESIAN_POINT('',(0.117826380806208,0.0205035634458814,0.0160681529435965));
#7401=CARTESIAN_POINT('',(0.117919050228374,0.0203898777955269,0.015692782336768));
#7402=CARTESIAN_POINT('',(0.118027858140971,0.0202564958533314,0.0152496470890927));
#7403=CARTESIAN_POINT('',(0.118221972482239,0.0200188306612351,0.0144536400384966));
#7404=CARTESIAN_POINT('',(0.118488227638013,0.0196940273732081,0.0133453057923687));
#7405=CARTESIAN_POINT('',(0.118796880633079,0.0193202423534629,0.0120345510237064));
#7406=CARTESIAN_POINT('',(0.119191317320718,0.018847144938541,0.0103243403510936));
#7407=CARTESIAN_POINT('',(0.119562224385887,0.0184103919103286,0.00866234558059588));
#7408=CARTESIAN_POINT('',(0.11986273572573,0.018064418605163,0.00726973475140115));
#7409=CARTESIAN_POINT('',(0.120031979663136,0.0178721069764207,0.00647076067491631));
#7410=CARTESIAN_POINT('',(0.120145489514159,0.017744121720555,0.00592903384551631));
#7411=CARTESIAN_POINT('',(0.120295450207308,0.0175767933897509,0.00520344200994369));
#7412=CARTESIAN_POINT('',(0.120477175593296,0.0173766814547484,0.00430989951297357));
#7413=CARTESIAN_POINT('',(0.120790222068639,0.0170384837555718,0.0027359775084866));
#7414=CARTESIAN_POINT('',(0.12120111525881,0.0166141263236652,0.000566600762567338));
#7415=CARTESIAN_POINT('',(0.121570378822237,0.016259341838282,-0.00152592271265349));
#7416=CARTESIAN_POINT('',(0.121804250467229,0.0160448909363715,-0.00292846410792118));
#7417=CARTESIAN_POINT('',(0.121933663905176,0.0159287077551446,-0.00372928211065732));
#7418=CARTESIAN_POINT('',(0.12202098380937,0.0158512357050913,-0.00428019058139832));
#7419=CARTESIAN_POINT('',(0.122129741546255,0.0157560455263014,-0.00498251581294577));
#7420=CARTESIAN_POINT('',(0.122262782855911,0.0156414418501112,-0.00586460902035864));
#7421=CARTESIAN_POINT('',(0.122490155530858,0.0154496764440518,-0.00742903648538096));
#7422=CARTESIAN_POINT('',(0.122786371768837,0.0152101410697257,-0.00963940807867996));
#7423=CARTESIAN_POINT('',(0.123047113512956,0.0150082135677484,-0.0118239224996323));
#7424=CARTESIAN_POINT('',(0.123235517434405,0.0148653436177387,-0.0135671970167807));
#7425=CARTESIAN_POINT('',(0.123362516177562,0.0147699305332675,-0.014825823257677));
#7426=CARTESIAN_POINT('',(0.123492721572171,0.0146724520959509,-0.0162240419664286));
#7427=CARTESIAN_POINT('',(0.123646559612752,0.0145569547419641,-0.0180370249812068));
#7428=CARTESIAN_POINT('',(0.123812784763312,0.0144299377945811,-0.0203115260819969));
#7429=CARTESIAN_POINT('',(0.123967466897205,0.0143026682340693,-0.0230280233792826));
#7430=CARTESIAN_POINT('',(0.124076897997244,0.0141969126599946,-0.0256886517161014));
#7431=CARTESIAN_POINT('',(0.12414600221825,0.0141026469579755,-0.0284600893956868));
#7432=CARTESIAN_POINT('',(0.124169972014084,0.014021043835867,-0.0312138447228046));
#7433=CARTESIAN_POINT('',(0.124153703599795,0.0139593290062734,-0.0335091420744303));
#7434=CARTESIAN_POINT('',(0.124118061630561,0.0139113766592201,-0.0353571931199161));
#7435=CARTESIAN_POINT('',(0.124081824136274,0.013876832433021,-0.036700287972942));
#7436=CARTESIAN_POINT('',(0.124028835212155,0.0138380206560247,-0.0381988296957386));
#7437=CARTESIAN_POINT('',(0.123942913302929,0.0137866314936529,-0.0401338595955704));
#7438=CARTESIAN_POINT('',(0.123747935250954,0.0136909132475343,-0.0435242917647683));
#7439=CARTESIAN_POINT('',(0.123424991540813,0.0135595658316561,-0.0473238702739088));
#7440=CARTESIAN_POINT('',(0.123001519896217,0.0133842562020746,-0.0510352250247228));
#7441=CARTESIAN_POINT('',(0.122695053723742,0.0132518375638596,-0.0533097734690344));
#7442=CARTESIAN_POINT('',(0.122424707073879,0.0131293502661348,-0.0550995429383686));
#7443=CARTESIAN_POINT('',(0.122209583276984,0.0130286186214213,-0.0564248145918809));
#7444=CARTESIAN_POINT('',(0.122019258090121,0.0129363089943392,-0.0575181016829179));
#7445=CARTESIAN_POINT('',(0.121881708395763,0.0128677513657787,-0.0582695428314086));
#7446=CARTESIAN_POINT('',(0.12179971408132,0.0128262918645232,-0.0587060225446614));
#7447=CARTESIAN_POINT('',(0.121742576514205,0.0127971646991951,-0.059005777566975));
#7448=CARTESIAN_POINT('',(0.12166499673419,0.0127572133468682,-0.0594054183218001));
#7449=CARTESIAN_POINT('',(0.121566671139032,0.0127059812051372,-0.0599013911969868));
#7450=CARTESIAN_POINT('',(0.121387277319015,0.0126110166810135,-0.060781397131187));
#7451=CARTESIAN_POINT('',(0.121120656467952,0.012465131782011,-0.0620168047226887));
#7452=CARTESIAN_POINT('',(0.120780793622149,0.0122705040659936,-0.0634800179529079));
#7453=CARTESIAN_POINT('',(0.120302499583012,0.0119836603072987,-0.0653955466027516));
#7454=CARTESIAN_POINT('',(0.119784744008979,0.0116514122994039,-0.0672598245303445));
#7455=CARTESIAN_POINT('',(0.119231611733914,0.011270430352152,-0.069051359207087));
#7456=CARTESIAN_POINT('',(0.118863381269271,0.0110043462765655,-0.0701620677733888));
#7457=CARTESIAN_POINT('',(0.118574156112272,0.0107889268022815,-0.0709876105691837));
#7458=CARTESIAN_POINT('',(0.118252849217456,0.0105454594747223,-0.0718696479442455));
#7459=CARTESIAN_POINT('',(0.117896588827912,0.0102666964910075,-0.0727933619246432));
#7460=CARTESIAN_POINT('',(0.117502686695728,0.00994568037927325,-0.0737533006397599));
#7461=CARTESIAN_POINT('',(0.117188575289052,0.00968245476920939,-0.0744867406166172));
#7462=CARTESIAN_POINT('',(0.116912247240167,0.00944415319416593,-0.075103621101005));
#7463=CARTESIAN_POINT('',(0.116709005120584,0.00926480096722021,-0.0755407751488136));
#7464=CARTESIAN_POINT('',(0.116607709145344,0.00917442967183188,-0.075754669759977));
#7465=CARTESIAN_POINT('',(0.116545465116425,0.00911853933713073,-0.0758847064522163));
#7466=CARTESIAN_POINT('',(0.116509168501764,0.00908589221973216,-0.0759601946006411));
#7467=CARTESIAN_POINT('',(0.116431771529465,0.0090158130743492,-0.0761198875449707));
#7468=CARTESIAN_POINT('',(0.116345379304666,0.00893683381013371,-0.0762965441099601));
#7469=CARTESIAN_POINT('',(0.116192426171416,0.00879546526539571,-0.0766059394972715));
#7470=CARTESIAN_POINT('',(0.115911964937844,0.00853010132304352,-0.0771599773195504));
#7471=CARTESIAN_POINT('',(0.115636379897233,0.00825813995988857,-0.0776806198842719));
#7472=CARTESIAN_POINT('',(0.115408234352806,0.00802531212812767,-0.0780978669603404));
#7473=CARTESIAN_POINT('',(0.115261210406694,0.00787189049145203,-0.0783617466199033));
#7474=CARTESIAN_POINT('',(0.115156054278735,0.00775950843236637,-0.0785479024336597));
#7475=CARTESIAN_POINT('',(0.115097086192242,0.00769549664851592,-0.0786518593214121));
#7476=CARTESIAN_POINT('',(0.115059500012429,0.0076541435282706,-0.0787180808691566));
#7477=CARTESIAN_POINT('',(0.115052006679371,0.00764601009748215,-0.0787313283305596));
#7478=CARTESIAN_POINT('',(0.114972479278641,0.00755731964177808,-0.0788714369158567));
#7479=CARTESIAN_POINT('',(0.114894184946507,0.00746836002028452,-0.0790086642189838));
#7480=CARTESIAN_POINT('',(0.114791343376913,0.0073492212991798,-0.0791881017141527));
#7481=CARTESIAN_POINT('',(0.114677802962595,0.00721338073683948,-0.0793849992623694));
#7482=CARTESIAN_POINT('',(0.114533472114954,0.00703532808192323,-0.0796343306198983));
#7483=CARTESIAN_POINT('',(0.114400688716792,0.0068627264442751,-0.0798630068484231));
#7484=CARTESIAN_POINT('',(0.114297876599375,0.00672197417575654,-0.080040776352144));
#7485=CARTESIAN_POINT('',(0.114238036571367,0.00663726362324062,-0.0801447951168831));
#7486=CARTESIAN_POINT('',(0.114206410946998,0.00659202420533826,-0.0801998849302498));
#7487=CARTESIAN_POINT('',(0.114131515936463,0.00648147282343246,-0.0803311967940763));
#7488=CARTESIAN_POINT('',(0.114051499914481,0.00635828883176347,-0.0804727743501445));
#7489=CARTESIAN_POINT('',(0.113953331634112,0.00619930241709254,-0.0806487491270561));
#7490=CARTESIAN_POINT('',(0.113865459597407,0.00604406507975982,-0.0808107245418608));
#7491=CARTESIAN_POINT('',(0.113810786592567,0.00594137717464861,-0.0809139191355915));
#7492=CARTESIAN_POINT('',(0.113777487176178,0.00587598791228374,-0.0809779809545153));
#7493=CARTESIAN_POINT('',(0.11376310839641,0.00584777820293261,-0.0810056133199682));
#7494=CARTESIAN_POINT('',(0.113711626158437,0.0057412296496687,-0.0811070835317366));
#7495=CARTESIAN_POINT('',(0.11365947732983,0.00562545891372868,-0.0812134755358803));
#7496=CARTESIAN_POINT('',(0.113569234093472,0.00540807959458164,-0.0814053333585695));
#7497=CARTESIAN_POINT('',(0.113464765429822,0.00509799978136004,-0.081653637366084));
#7498=CARTESIAN_POINT('',(0.113371752479672,0.00471319623842065,-0.0819221242315479));
#7499=CARTESIAN_POINT('',(0.1133325412249,0.00445061215872755,-0.0820782022173959));
#7500=CARTESIAN_POINT('',(0.113318532352082,0.0043176008399795,-0.0821504853938808));
#7501=CARTESIAN_POINT('',(0.113318532352082,0.00431770537627719,-0.0821506777555269));
#7502=CARTESIAN_POINT('',(0.113318532352082,0.0043176008399795,-0.0821504853938808));
#7503=CARTESIAN_POINT('',(0.113273961722643,0.00388711545626161,-0.0823844267701363));
#7504=CARTESIAN_POINT('',(0.113228189133886,0.0028516365826954,-0.0828122983058722));
#7505=CARTESIAN_POINT('',(0.113269153885371,0.00140362183581092,-0.0828162724099912));
#7506=CARTESIAN_POINT('',(0.113311320596174,0.000557698331147854,-0.0825838901024232));
#7507=CARTESIAN_POINT('',(0.113311320596174,0.000557623549600406,-0.082584162323958));
#7508=CARTESIAN_POINT('',(0.113311320596175,0.000557698331147147,-0.082583890102423));
#7509=CARTESIAN_POINT('',(0.113323396241012,0.000332632831596056,-0.082522062715134));
#7510=CARTESIAN_POINT('',(0.113354216494563,1.07839005637307E-5,-0.0824123083670982));
#7511=CARTESIAN_POINT('',(0.113415167324776,-0.000345213210798801,-0.0822605616961378));
#7512=CARTESIAN_POINT('',(0.113453986628,-0.000531138042740696,-0.0821747678880359));
#7513=CARTESIAN_POINT('',(0.113493761065233,-0.00069375512690385,-0.0820949520715841));
#7514=CARTESIAN_POINT('',(0.113508748425875,-0.000748605054190187,-0.0820668174229725));
#7515=CARTESIAN_POINT('',(0.113539744732548,-0.000860573785502237,-0.0820089570133286));
#7516=CARTESIAN_POINT('',(0.113579598162067,-0.0009912531401994,-0.0819383097854508));
#7517=CARTESIAN_POINT('',(0.113631670775093,-0.00114951690522572,-0.0818493593944432));
#7518=CARTESIAN_POINT('',(0.113699759001139,-0.0013371519862167,-0.081737951680907));
#7519=CARTESIAN_POINT('',(0.113734318754821,-0.00142630217697261,-0.0816829433829391));
#7520=CARTESIAN_POINT('',(0.113797137031976,-0.0015836558260489,-0.0815841699427903));
#7521=CARTESIAN_POINT('',(0.113878126193009,-0.00177312024637335,-0.0814599700914093));
#7522=CARTESIAN_POINT('',(0.113972511514231,-0.00197885933744999,-0.0813179827996817));
#7523=CARTESIAN_POINT('',(0.114049243675502,-0.00213880862180374,-0.0812035927819619));
#7524=CARTESIAN_POINT('',(0.114121594192771,-0.00228459661865062,-0.0810962506227017));
#7525=CARTESIAN_POINT('',(0.11415180104284,-0.00234394263190046,-0.0810515855290234));
#7526=CARTESIAN_POINT('',(0.114209339791964,-0.00245608380337663,-0.0809665942388455));
#7527=CARTESIAN_POINT('',(0.114308189566098,-0.00264385723666537,-0.0808208441674841));
#7528=CARTESIAN_POINT('',(0.114468854413423,-0.00293766131968899,-0.0805833802088285));
#7529=CARTESIAN_POINT('',(0.114646412249447,-0.00324861188080014,-0.0803175676647498));
#7530=CARTESIAN_POINT('',(0.114785442025021,-0.00348556052955988,-0.0801059605827353));
#7531=CARTESIAN_POINT('',(0.114861908153392,-0.00361450473867683,-0.0799886784535015));
#7532=CARTESIAN_POINT('',(0.114937662793786,-0.0037410706911958,-0.0798715643265227));
#7533=CARTESIAN_POINT('',(0.114950405584497,-0.00376214869427633,-0.0798517470212295));
#7534=CARTESIAN_POINT('',(0.114991396080417,-0.00383007608722126,-0.0797881695257661));
#7535=CARTESIAN_POINT('',(0.115056896580648,-0.00393782681323813,-0.0796862070593147));
#7536=CARTESIAN_POINT('',(0.115167950316664,-0.00411901717189083,-0.0795119436267024));
#7537=CARTESIAN_POINT('',(0.115318041579772,-0.00436172181902344,-0.0792719918473086));
#7538=CARTESIAN_POINT('',(0.115544889699161,-0.00472655578601242,-0.0789007482510705));
#7539=CARTESIAN_POINT('',(0.115808370636336,-0.00514820583778749,-0.078453082163593));
#7540=CARTESIAN_POINT('',(0.116076576860598,-0.00557686185235388,-0.0779732288697639));
#7541=CARTESIAN_POINT('',(0.116233452329198,-0.00582760177676779,-0.0776856919482168));
#7542=CARTESIAN_POINT('',(0.116372750443531,-0.00605022932635915,-0.0774253942281615));
#7543=CARTESIAN_POINT('',(0.116452505745448,-0.00617793444524637,-0.0772737581910078));
#7544=CARTESIAN_POINT('',(0.116577353400108,-0.00637849372563509,-0.0770335422134308));
#7545=CARTESIAN_POINT('',(0.11678167302839,-0.00670837614231899,-0.0766310471896802));
#7546=CARTESIAN_POINT('',(0.117065050885718,-0.00717027781732983,-0.0760495599082917));
#7547=CARTESIAN_POINT('',(0.117381499643012,-0.00769276418720273,-0.0753664088585624));
#7548=CARTESIAN_POINT('',(0.11777535779802,-0.00835155029761287,-0.0744763688093595));
#7549=CARTESIAN_POINT('',(0.118126695327275,-0.008951931734305,-0.0736279826735394));
#7550=CARTESIAN_POINT('',(0.11839473077394,-0.00942082071944253,-0.0729432336961327));
#7551=CARTESIAN_POINT('',(0.118539856994545,-0.00967831634102622,-0.0725613256315054));
#7552=CARTESIAN_POINT('',(0.118635658080748,-0.00984991782489028,-0.072304593150666));
#7553=CARTESIAN_POINT('',(0.118755380542707,-0.0100666229735435,-0.0719771959520444));
#7554=CARTESIAN_POINT('',(0.118904406210931,-0.0103391763270314,-0.0715608823944257));
#7555=CARTESIAN_POINT('',(0.119164590181611,-0.0108220634975256,-0.0708124575822234));
#7556=CARTESIAN_POINT('',(0.119663268729182,-0.0117763939805577,-0.0692899590347284));
#7557=CARTESIAN_POINT('',(0.120323086154013,-0.0131205902331024,-0.0670300568239354));
#7558=CARTESIAN_POINT('',(0.120911897743765,-0.0144320582752351,-0.06468590739619));
#7559=CARTESIAN_POINT('',(0.121337312646225,-0.0154492305337121,-0.0627941378723585));
#7560=CARTESIAN_POINT('',(0.121642295851831,-0.0162189398439444,-0.0613245397837953));
#7561=CARTESIAN_POINT('',(0.121897351740187,-0.0168977858996942,-0.0599977725755384));
#7562=CARTESIAN_POINT('',(0.122229820647934,-0.0178278707386284,-0.0581414667763855));
#7563=CARTESIAN_POINT('',(0.122604132624585,-0.0189678411292377,-0.0557911305866804));
#7564=CARTESIAN_POINT('',(0.122995069938286,-0.0203100377836392,-0.0529098379069536));
#7565=CARTESIAN_POINT('',(0.123327978895389,-0.0216245988672851,-0.0499719237183131));
#7566=CARTESIAN_POINT('',(0.123594223094588,-0.0228616932165756,-0.0470977318173698));
#7567=CARTESIAN_POINT('',(0.123885141285312,-0.0244936440573937,-0.0431549996065651));
#7568=CARTESIAN_POINT('',(0.124024268143465,-0.0256509715701234,-0.0401759674788528));
#7569=CARTESIAN_POINT('',(0.124082656194578,-0.0263766437573163,-0.0382159851334625));
#7570=CARTESIAN_POINT('',(0.124082656194578,-0.0263766437573163,-0.0382159851334626));
#7571=CARTESIAN_POINT('',(0.0780758539387316,-0.0263761060347091,-0.0382157851337029));
#7572=CARTESIAN_POINT('',(0.0934114546906804,-0.0263761060347091,-0.0382157851337028));
#7573=CARTESIAN_POINT('',(0.108747055442629,-0.0263761060347092,-0.0382157851337028));
#7574=CARTESIAN_POINT('',(0.124082656194578,-0.0263761060347092,-0.0382157851337028));
#7575=CARTESIAN_POINT('',(0.0780758539387316,-0.0263766514888921,-0.0382159879978552));
#7576=CARTESIAN_POINT('',(0.0780758539387315,-0.0263766437561303,-0.0382159851366658));
#7577=CARTESIAN_POINT('',(0.07806652473852,-0.0261488237961385,-0.0388313085669524));
#7578=CARTESIAN_POINT('',(0.0780554792140931,-0.0256950425788657,-0.0400375421408243));
#7579=CARTESIAN_POINT('',(0.0780616440578659,-0.0250299061277451,-0.0417571320902983));
#7580=CARTESIAN_POINT('',(0.0780859894469603,-0.0244927195829563,-0.043111589987899));
#7581=CARTESIAN_POINT('',(0.0781126077223667,-0.0241331364704421,-0.0440035481327173));
#7582=CARTESIAN_POINT('',(0.078131292792212,-0.0239261185573915,-0.0445128343374445));
#7583=CARTESIAN_POINT('',(0.0781449735180516,-0.0237886975617049,-0.0448494054279884));
#7584=CARTESIAN_POINT('',(0.0781668005349885,-0.0235933346300629,-0.0453251457166334));
#7585=CARTESIAN_POINT('',(0.0781968990829798,-0.0233540609516132,-0.045903902229975));
#7586=CARTESIAN_POINT('',(0.0782585256175808,-0.0229282210556309,-0.0469249588099754));
#7587=CARTESIAN_POINT('',(0.0783687327339442,-0.0223337494411001,-0.0483250963833322));
#7588=CARTESIAN_POINT('',(0.0785100781618726,-0.0217508558260576,-0.0496679421571986));
#7589=CARTESIAN_POINT('',(0.0786239204332797,-0.0213556576054322,-0.0505643806355191));
#7590=CARTESIAN_POINT('',(0.0786951491601439,-0.0211280946153229,-0.051076507825348));
#7591=CARTESIAN_POINT('',(0.0787463160065077,-0.0209719914896793,-0.0514262264116772));
#7592=CARTESIAN_POINT('',(0.0788171007011227,-0.02076757863581,-0.0518816621755569));
#7593=CARTESIAN_POINT('',(0.0789106467191224,-0.0205132176652571,-0.052444821887899));
#7594=CARTESIAN_POINT('',(0.0790893536236584,-0.0200633074871703,-0.0534325496960974));
#7595=CARTESIAN_POINT('',(0.0793795122395048,-0.019433764010769,-0.0547905854146802));
#7596=CARTESIAN_POINT('',(0.0797154050994784,-0.018821372706463,-0.0560827877061447));
#7597=CARTESIAN_POINT('',(0.0800174751230088,-0.0183355880671737,-0.0570908479274858));
#7598=CARTESIAN_POINT('',(0.0802447761513814,-0.0179953584444045,-0.0577897544003885));
#7599=CARTESIAN_POINT('',(0.0805379094449805,-0.0175901826641276,-0.0586126156882282));
#7600=CARTESIAN_POINT('',(0.0809409741314105,-0.0170777169309918,-0.0596402235029044));
#7601=CARTESIAN_POINT('',(0.081501944418746,-0.0164377941274922,-0.0609007811435848));
#7602=CARTESIAN_POINT('',(0.0821323065781596,-0.0158121809385265,-0.0621031588654477));
#7603=CARTESIAN_POINT('',(0.082674924235647,-0.0153226269837039,-0.0630273063003818));
#7604=CARTESIAN_POINT('',(0.0831132035404321,-0.0149514909454521,-0.0637190557713631));
#7605=CARTESIAN_POINT('',(0.0835323446167506,-0.0146172080898333,-0.064334678532761));
#7606=CARTESIAN_POINT('',(0.0841471555083526,-0.0141527793415884,-0.0651801317958288));
#7607=CARTESIAN_POINT('',(0.0849814876614649,-0.0135694791581716,-0.0662223411241298));
#7608=CARTESIAN_POINT('',(0.0859204240439099,-0.0129709284804448,-0.0672639051324065));
#7609=CARTESIAN_POINT('',(0.0867181269987745,-0.0124927105216404,-0.0680790425273542));
#7610=CARTESIAN_POINT('',(0.0873766742532447,-0.0121139550709046,-0.0687147763967582));
#7611=CARTESIAN_POINT('',(0.0879459938450719,-0.0117977305184698,-0.0692380008579931));
#7612=CARTESIAN_POINT('',(0.088575327107456,-0.0114578743528982,-0.0697929697114916));
#7613=CARTESIAN_POINT('',(0.0892185013619876,-0.0111206347955394,-0.0703355296914302));
#7614=CARTESIAN_POINT('',(0.0899112040239589,-0.0107674792491281,-0.0708948565602517));
#7615=CARTESIAN_POINT('',(0.0904492490961682,-0.0105002154386193,-0.0713115072091175));
#7616=CARTESIAN_POINT('',(0.0908432696804568,-0.0103077789296146,-0.0716082324379657));
#7617=CARTESIAN_POINT('',(0.0910784203240129,-0.0101939805987464,-0.0717825542894098));
#7618=CARTESIAN_POINT('',(0.0912338693931836,-0.0101192310137744,-0.0718966919888294));
#7619=CARTESIAN_POINT('',(0.0914773377401887,-0.0100023899962473,-0.0720742150013617));
#7620=CARTESIAN_POINT('',(0.091747147878249,-0.00987248563708947,-0.0722704273403603));
#7621=CARTESIAN_POINT('',(0.0920596635929101,-0.00972148449382302,-0.0724969078034837));
#7622=CARTESIAN_POINT('',(0.0923216604993164,-0.0095939237129472,-0.0726865345542478));
#7623=CARTESIAN_POINT('',(0.0924758535197011,-0.00951832046811652,-0.0727983824876868));
#7624=CARTESIAN_POINT('',(0.0925637774914364,-0.00947497607974741,-0.0728623294614964));
#7625=CARTESIAN_POINT('',(0.0926059199978681,-0.00945415510525208,-0.0728930279942082));
#7626=CARTESIAN_POINT('',(0.092721555102025,-0.00939676720226778,-0.0729774372481936));
#7627=CARTESIAN_POINT('',(0.0928497623222784,-0.00933288064946648,-0.0730711071043003));
#7628=CARTESIAN_POINT('',(0.0930841280575708,-0.0092155203926914,-0.0732425519921853));
#7629=CARTESIAN_POINT('',(0.0934076851703424,-0.0090517092987163,-0.0734798915423532));
#7630=CARTESIAN_POINT('',(0.0937904407926604,-0.00885512048389302,-0.0737616895492212));
#7631=CARTESIAN_POINT('',(0.0945383151424537,-0.00846521040728135,-0.0743144555287921));
#7632=CARTESIAN_POINT('',(0.095363671984747,-0.00801783075357843,-0.0749309097036572));
#7633=CARTESIAN_POINT('',(0.09624191721223,-0.0075173068608054,-0.0755965776270306));
#7634=CARTESIAN_POINT('',(0.0968671103732291,-0.0071480457377116,-0.0760757410211332));
#7635=CARTESIAN_POINT('',(0.0973639260015511,-0.0068430394830676,-0.0764613927572188));
#7636=CARTESIAN_POINT('',(0.0976915986615267,-0.00663586212413293,-0.0767183604580383));
#7637=CARTESIAN_POINT('',(0.0978838941061003,-0.00651217987589725,-0.0768700913147643));
#7638=CARTESIAN_POINT('',(0.0980003693458425,-0.00643669867099178,-0.0769622460110949));
#7639=CARTESIAN_POINT('',(0.0982130850409784,-0.00629688553306228,-0.0771314325111583));
#7640=CARTESIAN_POINT('',(0.0984571773223075,-0.00613346980939828,-0.077326927615491));
#7641=CARTESIAN_POINT('',(0.0988873002557064,-0.00583869881210436,-0.0776745080270505));
#7642=CARTESIAN_POINT('',(0.0994548608676984,-0.00542867211631083,-0.0781427273064539));
#7643=CARTESIAN_POINT('',(0.0999780510432808,-0.00502081501527385,-0.0785879927951045));
#7644=CARTESIAN_POINT('',(0.100311859850247,-0.00474422547134717,-0.0788795996343252));
#7645=CARTESIAN_POINT('',(0.100503603667876,-0.00457950878861508,-0.079049802180825));
#7646=CARTESIAN_POINT('',(0.100619737965263,-0.00447810684331048,-0.0791536304439174));
#7647=CARTESIAN_POINT('',(0.100823435313821,-0.00429463846401212,-0.0793384110822636));
#7648=CARTESIAN_POINT('',(0.101052411880897,-0.00407967186547227,-0.0795503396634511));
#7649=CARTESIAN_POINT('',(0.101332593703034,-0.00380165569070717,-0.0798168373389824));
#7650=CARTESIAN_POINT('',(0.101580573846874,-0.00353447143498096,-0.0800627550545311));
#7651=CARTESIAN_POINT('',(0.101773367421454,-0.00331088878395803,-0.0802614440816935));
#7652=CARTESIAN_POINT('',(0.101888275972514,-0.00317287494728809,-0.0803820736553843));
#7653=CARTESIAN_POINT('',(0.102080873474436,-0.00292559872164369,-0.0805919006303195));
#7654=CARTESIAN_POINT('',(0.102235465875445,-0.00270723379765529,-0.0807698722178197));
#7655=CARTESIAN_POINT('',(0.102356770965163,-0.00252163937154085,-0.0809162413688014));
#7656=CARTESIAN_POINT('',(0.102448632232329,-0.00236922447254343,-0.0810326427881435));
#7657=CARTESIAN_POINT('',(0.102505911286883,-0.00227033721255307,-0.0811069764764452));
#7658=CARTESIAN_POINT('',(0.102591130356146,-0.00211271440272048,-0.0812225812358575));
#7659=CARTESIAN_POINT('',(0.102650768423428,-0.00199141933616192,-0.0813086859364321));
#7660=CARTESIAN_POINT('',(0.102697232377963,-0.00189137339479308,-0.0813782578351353));
#7661=CARTESIAN_POINT('',(0.102725703021956,-0.00182671740534104,-0.0814223964018402));
#7662=CARTESIAN_POINT('',(0.10274640775311,-0.00177902157191993,-0.081454742258194));
#7663=CARTESIAN_POINT('',(0.102795023778158,-0.00166071720945097,-0.0815336809669676));
#7664=CARTESIAN_POINT('',(0.102860093056617,-0.00148416524297987,-0.0816479369047625));
#7665=CARTESIAN_POINT('',(0.102943388253788,-0.00120923388462425,-0.0818166499098319));
#7666=CARTESIAN_POINT('',(0.103036275351661,-0.000767162486435013,-0.0820643359680626));
#7667=CARTESIAN_POINT('',(0.103066069098767,-0.00042091131852707,-0.0822302458862619));
#7668=CARTESIAN_POINT('',(0.103067592919205,-0.000185607506092368,-0.0823276007781405));
#7669=CARTESIAN_POINT('',(-0.124459269540619,0.0126968519762158,0.0909542590379715));
#7670=CARTESIAN_POINT('',(-0.0747972206493123,0.0126968519762158,0.0909542590379715));
#7671=CARTESIAN_POINT('',(-0.124459269540619,0.0151027224671912,0.0867172254433612));
#7672=CARTESIAN_POINT('',(-0.0747972206493123,0.0151027224671912,0.0867172254433612));
#7673=CARTESIAN_POINT('',(-0.124459269540619,0.0199141477316835,0.078243215594244));
#7674=CARTESIAN_POINT('',(-0.0747972206493124,0.0199141477316835,0.078243215594244));
#7675=CARTESIAN_POINT('',(-0.124459269540618,0.0248049669542665,0.0676271093290187));
#7676=CARTESIAN_POINT('',(-0.0747972206493123,0.0248049669542665,0.0676271093290187));
#7677=CARTESIAN_POINT('',(-0.124459269540619,0.02736425816463,0.05910685768395));
#7678=CARTESIAN_POINT('',(-0.0747972206493124,0.02736425816463,0.05910685768395));
#7679=CARTESIAN_POINT('',(-0.124459269540619,0.0284489438109747,0.0526975543172183));
#7680=CARTESIAN_POINT('',(-0.0747972206493123,0.0284489438109747,0.0526975543172183));
#7681=CARTESIAN_POINT('',(-0.124459269540619,0.0284867583329225,0.0462735101587487));
#7682=CARTESIAN_POINT('',(-0.0747972206493124,0.0284867583329225,0.0462735101587487));
#7683=CARTESIAN_POINT('',(-0.124459269540618,0.0272187486570673,0.0376288649071812));
#7684=CARTESIAN_POINT('',(-0.0747972206493123,0.0272187486570673,0.0376288649071812));
#7685=CARTESIAN_POINT('',(-0.124459269540619,0.0245426385326938,0.0286932510562816));
#7686=CARTESIAN_POINT('',(-0.0747972206493123,0.0245426385326938,0.0286932510562816));
#7687=CARTESIAN_POINT('',(-0.124459269540619,0.0214333708166795,0.0191533672075356));
#7688=CARTESIAN_POINT('',(-0.0747972206493123,0.0214333708166795,0.0191533672075356));
#7689=CARTESIAN_POINT('',(-0.124459269540619,0.019138230823637,0.0116146188466472));
#7690=CARTESIAN_POINT('',(-0.0747972206493123,0.019138230823637,0.0116146188466472));
#7691=CARTESIAN_POINT('',(-0.124459269540619,0.0171155970219355,0.00362093900976338));
#7692=CARTESIAN_POINT('',(-0.0747972206493123,0.0171155970219355,0.00362093900976338));
#7693=CARTESIAN_POINT('',(-0.124459269540619,0.0156570573755761,-0.00493708706662007));
#7694=CARTESIAN_POINT('',(-0.0747972206493123,0.0156570573755761,-0.00493708706662007));
#7695=CARTESIAN_POINT('',(-0.124459269540619,0.0147692889790116,-0.0139714086236785));
#7696=CARTESIAN_POINT('',(-0.0747972206493123,0.0147692889790116,-0.0139714086236785));
#7697=CARTESIAN_POINT('',(-0.124459269540619,0.0140874194982539,-0.0263491857914851));
#7698=CARTESIAN_POINT('',(-0.0747972206493123,0.0140874194982539,-0.0263491857914851));
#7699=CARTESIAN_POINT('',(-0.124459269540619,0.01380280410391,-0.0419520120001955));
#7700=CARTESIAN_POINT('',(-0.0747972206493123,0.01380280410391,-0.0419520120001955));
#7701=CARTESIAN_POINT('',(-0.124459269540619,0.013210136416795,-0.056379115951887));
#7702=CARTESIAN_POINT('',(-0.0747972206493123,0.013210136416795,-0.056379115951887));
#7703=CARTESIAN_POINT('',(-0.124459269540619,0.0119250373819627,-0.066397680178529));
#7704=CARTESIAN_POINT('',(-0.0747972206493123,0.0119250373819627,-0.066397680178529));
#7705=CARTESIAN_POINT('',(-0.124459269540619,0.0103807028969783,-0.0729688113161928));
#7706=CARTESIAN_POINT('',(-0.0747972206493123,0.0103807028969783,-0.0729688113161928));
#7707=CARTESIAN_POINT('',(-0.124459269540619,0.00817918669409821,-0.0782885979161292));
#7708=CARTESIAN_POINT('',(-0.0747972206493124,0.00817918669409821,-0.0782885979161292));
#7709=CARTESIAN_POINT('',(-0.124459269540619,0.00538906370750111,-0.0818602177973273));
#7710=CARTESIAN_POINT('',(-0.0747972206493123,0.00538906370750111,-0.0818602177973273));
#7711=CARTESIAN_POINT('',(-0.124459269540619,0.00260713855012169,-0.0829951442902789));
#7712=CARTESIAN_POINT('',(-0.0747972206493123,0.00260713855012169,-0.0829951442902789));
#7713=CARTESIAN_POINT('',(-0.124459269540619,0.000131823952780974,-0.082564530244928));
#7714=CARTESIAN_POINT('',(-0.0747972206493123,0.000131823952780974,-0.082564530244928));
#7715=CARTESIAN_POINT('',(-0.124459269540619,-0.00250318209203609,-0.0811582252504498));
#7716=CARTESIAN_POINT('',(-0.0747972206493123,-0.00250318209203609,-0.0811582252504498));
#7717=CARTESIAN_POINT('',(-0.124459269540619,-0.00603930325957683,-0.0777420751192494));
#7718=CARTESIAN_POINT('',(-0.0747972206493123,-0.00603930325957683,-0.0777420751192494));
#7719=CARTESIAN_POINT('',(-0.124459269540619,-0.0119633235959918,-0.0695275348681835));
#7720=CARTESIAN_POINT('',(-0.0747972206493123,-0.0119633235959918,-0.0695275348681835));
#7721=CARTESIAN_POINT('',(-0.124459269540618,-0.0193987646214692,-0.0555726933841656));
#7722=CARTESIAN_POINT('',(-0.0747972206493123,-0.0193987646214692,-0.0555726933841656));
#7723=CARTESIAN_POINT('',(-0.124459269540619,-0.0243788371362392,-0.0436119005012018));
#7724=CARTESIAN_POINT('',(-0.0747972206493123,-0.0243788371362392,-0.0436119005012018));
#7725=CARTESIAN_POINT('',(-0.124459269540619,-0.0263766437573163,-0.0382159851334625));
#7726=CARTESIAN_POINT('',(-0.0747972206493123,-0.0263766437573163,-0.0382159851334625));
#7727=CARTESIAN_POINT('',(-0.07509180128703,0.0135623054678129,0.0894293969294364));
#7728=CARTESIAN_POINT('',(-0.07513499120108,0.0146044708066332,0.0875915130082549));
#7729=CARTESIAN_POINT('',(-0.075219524831034,0.0166453616636546,0.0839732508549798));
#7730=CARTESIAN_POINT('',(-0.075320574891137,0.019006769490697,0.0795925744618033));
#7731=CARTESIAN_POINT('',(-0.0753986474203702,0.0207433363738192,0.0761724004352817));
#7732=CARTESIAN_POINT('',(-0.0754462840608811,0.0217584659351527,0.0740700591957938));
#7733=CARTESIAN_POINT('',(-0.0754837117192054,0.0225251323939527,0.0724086621743706));
#7734=CARTESIAN_POINT('',(-0.0755114068465419,0.0230760157270796,0.0711744041652167));
#7735=CARTESIAN_POINT('',(-0.0755342912005378,0.0235165158820472,0.07015034636892));
#7736=CARTESIAN_POINT('',(-0.075549975137056,0.0238106133404588,0.0694463469716662));
#7737=CARTESIAN_POINT('',(-0.0755591808645065,0.0239806984729722,0.0690324434810532));
#7738=CARTESIAN_POINT('',(-0.0755652557350886,0.024092051021254,0.0687590681876653));
#7739=CARTESIAN_POINT('',(-0.0755743967419873,0.0242576950214269,0.0683472023147908));
#7740=CARTESIAN_POINT('',(-0.0755854976063964,0.0244559967296555,0.0678462798768664));
#7741=CARTESIAN_POINT('',(-0.0756053874172029,0.0248045078451118,0.066947006345208));
#7742=CARTESIAN_POINT('',(-0.0756334351453441,0.0252749002303384,0.0656736229888891));
#7743=CARTESIAN_POINT('',(-0.0756670365050506,0.0258027877143539,0.0641397273216266));
#7744=CARTESIAN_POINT('',(-0.0757115754929637,0.0264512950816111,0.0620951597392675));
#7745=CARTESIAN_POINT('',(-0.0757668431139873,0.0271539068303209,0.0595366049372858));
#7746=CARTESIAN_POINT('',(-0.0758324873392333,0.0278050591848756,0.0564626141979172));
#7747=CARTESIAN_POINT('',(-0.0758974616878081,0.0282455649103317,0.0533842174051474));
#7748=CARTESIAN_POINT('',(-0.0759510478848522,0.028421880236051,0.050814860616106));
#7749=CARTESIAN_POINT('',(-0.0759935799356723,0.0284383195661985,0.0487569896131032));
#7750=CARTESIAN_POINT('',(-0.076020025737819,0.028397599963878,0.0474690772036231));
#7751=CARTESIAN_POINT('',(-0.0760410913399697,0.0283364840291066,0.0464375500811745));
#7752=CARTESIAN_POINT('',(-0.076056868135041,0.0282766193268062,0.0456620249318777));
#7753=CARTESIAN_POINT('',(-0.0760699183286629,0.0282158838793951,0.0450179843256473));
#7754=CARTESIAN_POINT('',(-0.0760791571292846,0.0281669261833338,0.0445605541426748));
#7755=CARTESIAN_POINT('',(-0.0760842406776536,0.0281384970191364,0.0443085106814056));
#7756=CARTESIAN_POINT('',(-0.0760885874214622,0.0281131403407164,0.04409263219021));
#7757=CARTESIAN_POINT('',(-0.0760908799864867,0.0280993794007906,0.0439789832263736));
#7758=CARTESIAN_POINT('',(-0.0760947261108143,0.0280760363990129,0.0437892044471988));
#7759=CARTESIAN_POINT('',(-0.0761012675279197,0.0280351399052402,0.0434685616657164));
#7760=CARTESIAN_POINT('',(-0.076111223705734,0.0279697016623802,0.0429862292020378));
#7761=CARTESIAN_POINT('',(-0.0761237877630084,0.0278813887039385,0.0423863220650088));
#7762=CARTESIAN_POINT('',(-0.0761414904026949,0.0277489849934951,0.0415517169434763));
#7763=CARTESIAN_POINT('',(-0.0761653417977942,0.0275547610097207,0.0404457985643766));
#7764=CARTESIAN_POINT('',(-0.0761967394847422,0.0272708331140693,0.0390156862022396));
#7765=CARTESIAN_POINT('',(-0.0762309064558109,0.0269318084238042,0.0374806617280682));
#7766=CARTESIAN_POINT('',(-0.0762616932141272,0.0266002741220672,0.0361115246957617));
#7767=CARTESIAN_POINT('',(-0.0762876988450097,0.0263044299047984,0.0349611810175455));
#7768=CARTESIAN_POINT('',(-0.0763079221841112,0.0260666120144462,0.0340690813508558));
#7769=CARTESIAN_POINT('',(-0.076325269130181,0.0258563359977491,0.0333054255120521));
#7770=CARTESIAN_POINT('',(-0.0763378785736617,0.0257001266848492,0.032750899383231));
#7771=CARTESIAN_POINT('',(-0.076344915412111,0.0256121150336556,0.0324415584732091));
#7772=CARTESIAN_POINT('',(-0.0763509551778815,0.0255359981499472,0.0321760962955256));
#7773=CARTESIAN_POINT('',(-0.0763542905230833,0.0254937338139536,0.0320295768590973));
#7774=CARTESIAN_POINT('',(-0.0763596865052056,0.025425188606971,0.0317927217031729));
#7775=CARTESIAN_POINT('',(-0.0763687009198143,0.0253099934750259,0.031397536840327));
#7776=CARTESIAN_POINT('',(-0.0763818415261326,0.0251403972306674,0.0308228095027249));
#7777=CARTESIAN_POINT('',(-0.0763975644359031,0.0249349971204814,0.0301372864987025));
#7778=CARTESIAN_POINT('',(-0.0764186321726099,0.0246569270677824,0.0292214700945313));
#7779=CARTESIAN_POINT('',(-0.0764450904988649,0.0243030633320441,0.0280763516547173));
#7780=CARTESIAN_POINT('',(-0.0764876855739695,0.0237264875350502,0.0262429170044096));
#7781=CARTESIAN_POINT('',(-0.0765308361563081,0.023136422332196,0.0244000220376538));
#7782=CARTESIAN_POINT('',(-0.076574015194373,0.0225479549361361,0.0225684859251733));
#7783=CARTESIAN_POINT('',(-0.0766076498907595,0.0220927073413165,0.0211481948498421));
#7784=CARTESIAN_POINT('',(-0.0766375295494323,0.0216924432827646,0.0198916190699704));
#7785=CARTESIAN_POINT('',(-0.0766790760417189,0.021143064334274,0.0181508021244044));
#7786=CARTESIAN_POINT('',(-0.0767311156744815,0.0204721539020521,0.0159819693238056));
#7787=CARTESIAN_POINT('',(-0.0767947167634185,0.0196896315009763,0.0133483518603845));
#7788=CARTESIAN_POINT('',(-0.0768806503477735,0.0186936346852132,0.00980666342436563));
#7789=CARTESIAN_POINT('',(-0.0769687513695769,0.0177863846864421,0.00621798939440261));
#7790=CARTESIAN_POINT('',(-0.077057951448202,0.0169971057251202,0.00255835724593432));
#7791=CARTESIAN_POINT('',(-0.0771161897144945,0.0165653611133736,0.000280386568105736));
#7792=CARTESIAN_POINT('',(-0.0771593506649905,0.0162441535173078,-0.00163329048875878));
#7793=CARTESIAN_POINT('',(-0.077179970056811,0.0160328150957971,-0.00300008261014247));
#7794=CARTESIAN_POINT('',(-0.0771915501542606,0.0158418927245475,-0.00433563625901768));
#7795=CARTESIAN_POINT('',(-0.0771932793403984,0.0156754533636165,-0.00559040399490653));
#7796=CARTESIAN_POINT('',(-0.0771856920563093,0.0155126956094274,-0.00691216880619762));
#7797=CARTESIAN_POINT('',(-0.0771694663556194,0.0153595798955082,-0.00826015637613139));
#7798=CARTESIAN_POINT('',(-0.0771487441020054,0.0152392702562264,-0.0094087569783438));
#7799=CARTESIAN_POINT('',(-0.0771301659642493,0.0151580306243445,-0.0102361601524218));
#7800=CARTESIAN_POINT('',(-0.0771188458294577,0.0151139867344936,-0.0106987349181303));
#7801=CARTESIAN_POINT('',(-0.0771087085658216,0.0150777988057649,-0.0110882843572339));
#7802=CARTESIAN_POINT('',(-0.077102230034124,0.0150562585667033,-0.0113248422421482));
#7803=CARTESIAN_POINT('',(-0.0770915379223026,0.0150223765308489,-0.0117018061087323));
#7804=CARTESIAN_POINT('',(-0.0770718780372374,0.0149654259182092,-0.0123529119086673));
#7805=CARTESIAN_POINT('',(-0.077038817889915,0.0148829948837308,-0.0133454285611092));
#7806=CARTESIAN_POINT('',(-0.0769918978425886,0.0147858279935287,-0.0146094475619637));
#7807=CARTESIAN_POINT('',(-0.076937536139516,0.0146906016518337,-0.0159541447637699));
#7808=CARTESIAN_POINT('',(-0.076875796436497,0.014598298861894,-0.0173774896386983));
#7809=CARTESIAN_POINT('',(-0.0768066178955379,0.0145095136512259,-0.0188809144734895));
#7810=CARTESIAN_POINT('',(-0.0767429198266025,0.0144390622437484,-0.0201973395311115));
#7811=CARTESIAN_POINT('',(-0.0766948674521387,0.0143915205846899,-0.0211576285413311));
#7812=CARTESIAN_POINT('',(-0.0766703416480209,0.0143685308224646,-0.0216402862025282));
#7813=CARTESIAN_POINT('',(-0.0766555973087994,0.0143550995459649,-0.0219282496351454));
#7814=CARTESIAN_POINT('',(-0.0766458301350326,0.0143463435725204,-0.0221180005372506));
#7815=CARTESIAN_POINT('',(-0.0766305698029643,0.0143329059157848,-0.0224138613343625));
#7816=CARTESIAN_POINT('',(-0.0766126990704179,0.0143174420332735,-0.0227608539920887));
#7817=CARTESIAN_POINT('',(-0.0765816463922494,0.014291170547314,-0.0233644700995483));
#7818=CARTESIAN_POINT('',(-0.0765248778327091,0.0142452966408292,-0.0244711650320611));
#7819=CARTESIAN_POINT('',(-0.0764703730169853,0.0142046175944697,-0.0255405651188426));
#7820=CARTESIAN_POINT('',(-0.0764266278670562,0.014173436539162,-0.0264064562117437));
#7821=CARTESIAN_POINT('',(-0.0764037262657031,0.0141575147235429,-0.0268636583744819));
#7822=CARTESIAN_POINT('',(-0.0763880543452737,0.01414672921622,-0.0271793420875754));
#7823=CARTESIAN_POINT('',(-0.0763776837216418,0.0141396225637622,-0.0273898372319226));
#7824=CARTESIAN_POINT('',(-0.0763699903955207,0.0141343522166353,-0.0275476417223243));
#7825=CARTESIAN_POINT('',(-0.0763655057631588,0.0141312718648804,-0.0276404177421086));
#7826=CARTESIAN_POINT('',(-0.0763626137665022,0.0141292790304637,-0.027700687625257));
#7827=CARTESIAN_POINT('',(-0.0763619251554124,0.0141288039002522,-0.0277150060083717));
#7828=CARTESIAN_POINT('',(-0.0763559794597185,0.0141246947667391,-0.0278397853396016));
#7829=CARTESIAN_POINT('',(-0.0763499534327504,0.014120536136226,-0.0279669144332288));
#7830=CARTESIAN_POINT('',(-0.0763386881118019,0.0141127705505431,-0.0282059260290506));
#7831=CARTESIAN_POINT('',(-0.0763234481653138,0.014102287924647,-0.0285337035434368));
#7832=CARTESIAN_POINT('',(-0.0763056128662236,0.0140900297983418,-0.0289242629075687));
#7833=CARTESIAN_POINT('',(-0.076282759860154,0.0140743063909021,-0.0294345232210771));
#7834=CARTESIAN_POINT('',(-0.0762557852703614,0.0140556580965756,-0.0300557245564897));
#7835=CARTESIAN_POINT('',(-0.0762160703952332,0.0140277829970015,-0.0310132659087023));
#7836=CARTESIAN_POINT('',(-0.0761815672276439,0.0140026030750781,-0.0319143860943389));
#7837=CARTESIAN_POINT('',(-0.07615576107155,0.0139823662257436,-0.0326594494493999));
#7838=CARTESIAN_POINT('',(-0.0761441643382924,0.0139728451002954,-0.0330140953813866));
#7839=CARTESIAN_POINT('',(-0.0761375754946161,0.0139672724020998,-0.0332228661886373));
#7840=CARTESIAN_POINT('',(-0.076133598843101,0.0139638649287124,-0.033350842253731));
#7841=CARTESIAN_POINT('',(-0.0761267112065871,0.0139577899576206,-0.0335799299896931));
#7842=CARTESIAN_POINT('',(-0.0761190013177756,0.0139507009774509,-0.0338485392407513));
#7843=CARTESIAN_POINT('',(-0.0761059451075974,0.0139380124827031,-0.0343319133385967));
#7844=CARTESIAN_POINT('',(-0.0760902880195,0.0139205301652012,-0.0350043940474147));
#7845=CARTESIAN_POINT('',(-0.0760757423683125,0.0138999936112455,-0.03580000645144));
#7846=CARTESIAN_POINT('',(-0.0760622002319543,0.0138732229154794,-0.0368393623438372));
#7847=CARTESIAN_POINT('',(-0.0760561546665,0.0138405778551436,-0.0381010837704876));
#7848=CARTESIAN_POINT('',(-0.0760663434627546,0.0138020590641851,-0.0395541653980726));
#7849=CARTESIAN_POINT('',(-0.076093954560629,0.0137636689549505,-0.0409463225194636));
#7850=CARTESIAN_POINT('',(-0.0761315262151325,0.0137314361853991,-0.0420562780403169));
#7851=CARTESIAN_POINT('',(-0.07617022639727,0.0137054093520149,-0.0429130725483761));
#7852=CARTESIAN_POINT('',(-0.0762038133528071,0.0136856395748277,-0.0435432007351594));
#7853=CARTESIAN_POINT('',(-0.0762347884717543,0.0136693015281906,-0.0440475284678027));
#7854=CARTESIAN_POINT('',(-0.0762631972291466,0.0136554951397772,-0.0444620479679956));
#7855=CARTESIAN_POINT('',(-0.0762816331764634,0.0136468420768278,-0.0447185514642332));
#7856=CARTESIAN_POINT('',(-0.0763162752486232,0.0136314584790527,-0.0451646756961376));
#7857=CARTESIAN_POINT('',(-0.0763607135436098,0.0136129205547405,-0.0456874225877198));
#7858=CARTESIAN_POINT('',(-0.0764237344478185,0.0135883799026162,-0.046355303475728));
#7859=CARTESIAN_POINT('',(-0.0765079414704885,0.0135582617466779,-0.0471329350010145));
#7860=CARTESIAN_POINT('',(-0.0766328616796177,0.0135165763856862,-0.0481546913247258));
#7861=CARTESIAN_POINT('',(-0.07681214510875,0.0134617458857545,-0.04939588955994));
#7862=CARTESIAN_POINT('',(-0.0771487289298062,0.0133676889109964,-0.0513088971916536));
#7863=CARTESIAN_POINT('',(-0.0775590465388156,0.0132639575314372,-0.0531098068900319));
#7864=CARTESIAN_POINT('',(-0.0779846683637749,0.0131641883114056,-0.0545952318527836));
#7865=CARTESIAN_POINT('',(-0.0782117201896274,0.0131126423510282,-0.0553089299380943));
#7866=CARTESIAN_POINT('',(-0.0783493634850972,0.0130818827544788,-0.0557191795517672));
#7867=CARTESIAN_POINT('',(-0.0784457418423911,0.0130605341527257,-0.0559980062341036));
#7868=CARTESIAN_POINT('',(-0.0785795288947805,0.0130311995046435,-0.0563712339920008));
#7869=CARTESIAN_POINT('',(-0.0787510793597204,0.0129939807025144,-0.0568306786063406));
#7870=CARTESIAN_POINT('',(-0.0790697076216634,0.0129257711400035,-0.0576396287492876));
#7871=CARTESIAN_POINT('',(-0.0795589691636352,0.0128236016774377,-0.0587557840912932));
#7872=CARTESIAN_POINT('',(-0.0802064953424983,0.0126920931036266,-0.0600494706011385));
#7873=CARTESIAN_POINT('',(-0.0811479943750297,0.0125054369123216,-0.0617067329554907));
#7874=CARTESIAN_POINT('',(-0.0822094293993288,0.0123015574898882,-0.0632734763978567));
#7875=CARTESIAN_POINT('',(-0.0832806652648811,0.0120988982064258,-0.064621383468055));
#7876=CARTESIAN_POINT('',(-0.0839201521024062,0.0119784031068408,-0.065368734376173));
#7877=CARTESIAN_POINT('',(-0.084442788353635,0.011880131081388,-0.0659489059722983));
#7878=CARTESIAN_POINT('',(-0.0848901880364499,0.0117959907547651,-0.0664241784440398));
#7879=CARTESIAN_POINT('',(-0.0855446879414897,0.0116725242240265,-0.0670949925008169));
#7880=CARTESIAN_POINT('',(-0.0863973696850695,0.0115107090258626,-0.0679199211086613));
#7881=CARTESIAN_POINT('',(-0.0873205831371504,0.0113332295866696,-0.0687508616423569));
#7882=CARTESIAN_POINT('',(-0.0880872066293052,0.0111839955103781,-0.069405825770054));
#7883=CARTESIAN_POINT('',(-0.0887044277723879,0.0110626863947095,-0.0699144884935931));
#7884=CARTESIAN_POINT('',(-0.089251095614717,0.01095417194937,-0.0703507207854031));
#7885=CARTESIAN_POINT('',(-0.0898360058415998,0.0108373176288169,-0.0708026190581579));
#7886=CARTESIAN_POINT('',(-0.0904073190905374,0.010721449316104,-0.0712333990223014));
#7887=CARTESIAN_POINT('',(-0.0910159565270054,0.0105958054600867,-0.0716816164669677));
#7888=CARTESIAN_POINT('',(-0.0915106668176583,0.010489878070585,-0.0720461345471572));
#7889=CARTESIAN_POINT('',(-0.0922728014789541,0.0103173011549716,-0.0726199079916781));
#7890=CARTESIAN_POINT('',(-0.0930854073558302,0.0101200493058431,-0.0732386892035574));
#7891=CARTESIAN_POINT('',(-0.0939980158055226,0.00987996132602872,-0.0739370765729527));
#7892=CARTESIAN_POINT('',(-0.0948485413172843,0.0096415277200192,-0.0745961025752976));
#7893=CARTESIAN_POINT('',(-0.095653527438798,0.00939483465771845,-0.0752301150896758));
#7894=CARTESIAN_POINT('',(-0.0964031681007426,0.00914270974995453,-0.0758320535240934));
#7895=CARTESIAN_POINT('',(-0.0969384485323948,0.00895106808871513,-0.0762678641693518));
#7896=CARTESIAN_POINT('',(-0.0973648953641896,0.00878808047268443,-0.0766204822114763));
#7897=CARTESIAN_POINT('',(-0.0976468311735737,0.00867502323690143,-0.0768564296853255));
#7898=CARTESIAN_POINT('',(-0.0978124253473005,0.00860677746180342,-0.0769960072956177));
#7899=CARTESIAN_POINT('',(-0.0979129854001404,0.00856484271244494,-0.0770810214176013));
#7900=CARTESIAN_POINT('',(-0.0980959051879273,0.00848682846935993,-0.0772366564165247));
#7901=CARTESIAN_POINT('',(-0.0983055699439312,0.00839475043730405,-0.0774166297109714));
#7902=CARTESIAN_POINT('',(-0.0986750569473799,0.00822642269018845,-0.077737379373055));
#7903=CARTESIAN_POINT('',(-0.0991622679276789,0.00798573596914033,-0.0781714057834536));
#7904=CARTESIAN_POINT('',(-0.0996111889345394,0.00773744008686705,-0.0785869901032322));
#7905=CARTESIAN_POINT('',(-0.0998971532243599,0.00756482192867672,-0.078860254613245));
#7906=CARTESIAN_POINT('',(-0.10006175966064,0.00746026970661872,-0.0790206209605835));
#7907=CARTESIAN_POINT('',(-0.100160315078032,0.00739626188786019,-0.0791174634717973));
#7908=CARTESIAN_POINT('',(-0.10033827918844,0.00727562158858146,-0.0792953600073145));
#7909=CARTESIAN_POINT('',(-0.100536582886303,0.0071334278272487,-0.0794982621441344));
#7910=CARTESIAN_POINT('',(-0.10077910211751,0.00694624737957286,-0.0797543641544446));
#7911=CARTESIAN_POINT('',(-0.100992588112861,0.00676260756952492,-0.0799911046861258));
#7912=CARTESIAN_POINT('',(-0.101157983365137,0.00660621962276113,-0.0801828904621109));
#7913=CARTESIAN_POINT('',(-0.101256109160655,0.00650897010861165,-0.0802994308022549));
#7914=CARTESIAN_POINT('',(-0.101420933491454,0.00633218895538636,-0.0805027294888498));
#7915=CARTESIAN_POINT('',(-0.101528220250267,0.00620413989245488,-0.0806422496671418));
#7916=CARTESIAN_POINT('',(-0.10161087044088,0.00609862140671719,-0.0807537514799238));
#7917=CARTESIAN_POINT('',(-0.101659264282922,0.00603301772628648,-0.0808212784104876));
#7918=CARTESIAN_POINT('',(-0.101696106628374,0.00598143758219126,-0.0808736897206766));
#7919=CARTESIAN_POINT('',(-0.1017649729504,0.0058804882413682,-0.0809742703581345));
#7920=CARTESIAN_POINT('',(-0.101863272920135,0.00572363394381138,-0.0811250187259477));
#7921=CARTESIAN_POINT('',(-0.101994356588059,0.00547993246418991,-0.0813448010126678));
#7922=CARTESIAN_POINT('',(-0.102161622719822,0.00507933703487083,-0.0816710757641401));
#7923=CARTESIAN_POINT('',(-0.102245633249462,0.00475742057036999,-0.0818931340462907));
#7924=CARTESIAN_POINT('',(-0.102282518779047,0.00453375833609301,-0.0820270583676869));
#7925=CARTESIAN_POINT('',(-0.103067603814595,-0.000187318188587169,-0.0823268927337997));
#7926=CARTESIAN_POINT('',(-0.103066075552856,-0.00042727781718639,-0.0822275373554337));
#7927=CARTESIAN_POINT('',(-0.103036423331114,-0.000777149591243279,-0.0820598897248218));
#7928=CARTESIAN_POINT('',(-0.10293654915796,-0.00123456162422711,-0.081801418509968));
#7929=CARTESIAN_POINT('',(-0.102858350716167,-0.00149448874299685,-0.0816421257465739));
#7930=CARTESIAN_POINT('',(-0.102763852835665,-0.00173897187835824,-0.0814819207492779));
#7931=CARTESIAN_POINT('',(-0.102724844533276,-0.0018289818084754,-0.0814209235523227));
#7932=CARTESIAN_POINT('',(-0.102665587368147,-0.00196187723662094,-0.0813297448184879));
#7933=CARTESIAN_POINT('',(-0.10259438752036,-0.00210633925479165,-0.0812271504982067));
#7934=CARTESIAN_POINT('',(-0.102507327882899,-0.00226788861482078,-0.081108820227512));
#7935=CARTESIAN_POINT('',(-0.102450842806704,-0.00236544093564443,-0.0810354941725065));
#7936=CARTESIAN_POINT('',(-0.102359122654361,-0.00251793383069548,-0.0809191277982484));
#7937=CARTESIAN_POINT('',(-0.102238290587622,-0.00270305678764582,-0.0807732140821535));
#7938=CARTESIAN_POINT('',(-0.102084220165417,-0.00292105719426831,-0.080595673049957));
#7939=CARTESIAN_POINT('',(-0.101891855147744,-0.00316842198645788,-0.0803859120155212));
#7940=CARTESIAN_POINT('',(-0.101777346730719,-0.0033061568683103,-0.0802656028231381));
#7941=CARTESIAN_POINT('',(-0.101585032787074,-0.00352951012716614,-0.080067250976814));
#7942=CARTESIAN_POINT('',(-0.101337697797537,-0.00379636555295029,-0.0798217995121509));
#7943=CARTESIAN_POINT('',(-0.101058106650323,-0.00407415338585021,-0.0795556946619976));
#7944=CARTESIAN_POINT('',(-0.100829745386604,-0.00428882007880521,-0.0793442027763706));
#7945=CARTESIAN_POINT('',(-0.100626150291993,-0.00447242408213548,-0.0791594037252151));
#7946=CARTESIAN_POINT('',(-0.100510448744789,-0.00457356540152465,-0.0790559052660896));
#7947=CARTESIAN_POINT('',(-0.100319173757048,-0.00473807555118314,-0.0788860251070155));
#7948=CARTESIAN_POINT('',(-0.0999862548057157,-0.00501424371429393,-0.0785950479391565));
#7949=CARTESIAN_POINT('',(-0.0994643402157966,-0.00542155709568803,-0.0781506646199176));
#7950=CARTESIAN_POINT('',(-0.0988981636862403,-0.00583102231148551,-0.077683393079497));
#7951=CARTESIAN_POINT('',(-0.0984689594158297,-0.00612547113839756,-0.0773364175479865));
#7952=CARTESIAN_POINT('',(-0.0982255230279065,-0.00628861997835701,-0.0771413699987814));
#7953=CARTESIAN_POINT('',(-0.0980129594868284,-0.00642847826501543,-0.0769722381783951));
#7954=CARTESIAN_POINT('',(-0.0978969027551795,-0.00650376414029541,-0.0768803799621705));
#7955=CARTESIAN_POINT('',(-0.0977050791448093,-0.00662726928859867,-0.07672896451704));
#7956=CARTESIAN_POINT('',(-0.0973782864181381,-0.0068340977965212,-0.0764725950916643));
#7957=CARTESIAN_POINT('',(-0.0968827611023236,-0.00713861540767641,-0.0760878151479943));
#7958=CARTESIAN_POINT('',(-0.0962591125055954,-0.00750731552600621,-0.0756096909589632));
#7959=CARTESIAN_POINT('',(-0.095383373478532,-0.00800690862563562,-0.0749457255072235));
#7960=CARTESIAN_POINT('',(-0.0944406877834153,-0.00851828114909365,-0.0742414852510391));
#7961=CARTESIAN_POINT('',(-0.0935644965702535,-0.00897219727078216,-0.0735949704050765));
#7962=CARTESIAN_POINT('',(-0.093104658251874,-0.00920512860262574,-0.0732576103549654));
#7963=CARTESIAN_POINT('',(-0.0928499172590246,-0.00933288322467781,-0.0730711989368401));
#7964=CARTESIAN_POINT('',(-0.0926227104756598,-0.00944591024145481,-0.0729052377452205));
#7965=CARTESIAN_POINT('',(-0.0925239957968799,-0.00949462002259507,-0.0728333791025477));
#7966=CARTESIAN_POINT('',(-0.0923269458614959,-0.00959143970186345,-0.0726902663487777));
#7967=CARTESIAN_POINT('',(-0.0920681736352437,-0.00971749607405553,-0.0725028388080262));
#7968=CARTESIAN_POINT('',(-0.091759071318539,-0.00986691811925616,-0.0722787982339632));
#7969=CARTESIAN_POINT('',(-0.0914969837093677,-0.00999306093373832,-0.0720883262877751));
#7970=CARTESIAN_POINT('',(-0.0912658589602996,-0.01010388840414,-0.0719200492463313));
#7971=CARTESIAN_POINT('',(-0.0911076425796453,-0.0101798850494869,-0.0718041018462362));
#7972=CARTESIAN_POINT('',(-0.0908740214565735,-0.0102928336300563,-0.071631197245158));
#7973=CARTESIAN_POINT('',(-0.0904801155566693,-0.0104850039830448,-0.0713351022501013));
#7974=CARTESIAN_POINT('',(-0.0899432336434944,-0.0107513848865483,-0.0709201267284993));
#7975=CARTESIAN_POINT('',(-0.0892509180746083,-0.0111038924022555,-0.0703622470629036));
#7976=CARTESIAN_POINT('',(-0.0886079034490209,-0.011440597096746,-0.0698209563241012));
#7977=CARTESIAN_POINT('',(-0.0879780038396375,-0.0117802692740662,-0.0692666980147784));
#7978=CARTESIAN_POINT('',(-0.0874086047384616,-0.0120960080427304,-0.0687446727415863));
#7979=CARTESIAN_POINT('',(-0.0867463326177472,-0.0124762223019102,-0.0681069432190891));
#7980=CARTESIAN_POINT('',(-0.0859452263836867,-0.0129556364559761,-0.0672902778208903));
#7981=CARTESIAN_POINT('',(-0.0850020119355338,-0.0135558111964726,-0.0662464714803843));
#7982=CARTESIAN_POINT('',(-0.0841641302816716,-0.0141405164212922,-0.0652022321949259));
#7983=CARTESIAN_POINT('',(-0.0835468197745575,-0.0146059691402953,-0.0643552624904958));
#7984=CARTESIAN_POINT('',(-0.0831258989180792,-0.0149410534750429,-0.0637383926966612));
#7985=CARTESIAN_POINT('',(-0.0826863915829446,-0.0153125844517537,-0.0630461470886515));
#7986=CARTESIAN_POINT('',(-0.0821419924670555,-0.0158029839323956,-0.0621207056212758));
#7987=CARTESIAN_POINT('',(-0.0815095509748126,-0.01642983118969,-0.0609163027057594));
#7988=CARTESIAN_POINT('',(-0.080946537729886,-0.0170713978754178,-0.0596527875761047));
#7989=CARTESIAN_POINT('',(-0.0805419903688138,-0.0175852229532151,-0.0586226335076568));
#7990=CARTESIAN_POINT('',(-0.080247535907905,-0.017991876774597,-0.0577968742869735));
#7991=CARTESIAN_POINT('',(-0.0800197983397542,-0.0183323394947842,-0.0570975531994274));
#7992=CARTESIAN_POINT('',(-0.0797170756776506,-0.0188181751883462,-0.0560894841170034));
#7993=CARTESIAN_POINT('',(-0.0793808123110228,-0.0194295175895676,-0.0547996129094321));
#7994=CARTESIAN_POINT('',(-0.0790907177230615,-0.0200567949470717,-0.0534466718934477));
#7995=CARTESIAN_POINT('',(-0.0789123206396276,-0.0205044512523734,-0.0524641288479925));
#7996=CARTESIAN_POINT('',(-0.07881900525413,-0.0207574171720009,-0.0519042185402975));
#7997=CARTESIAN_POINT('',(-0.078748476163868,-0.0209605277158169,-0.0514518327855576));
#7998=CARTESIAN_POINT('',(-0.0786973950852428,-0.0211159860095684,-0.0511036845857256));
#7999=CARTESIAN_POINT('',(-0.0786263063202909,-0.0213426029014153,-0.0505938788065895));
#8000=CARTESIAN_POINT('',(-0.0785126145940045,-0.021736534006012,-0.0497006835903024));
#8001=CARTESIAN_POINT('',(-0.0783712973297896,-0.0223183870055207,-0.0483608620989604));
#8002=CARTESIAN_POINT('',(-0.0782608458682616,-0.0229129112533287,-0.0469612989402486));
#8003=CARTESIAN_POINT('',(-0.0781989114619457,-0.0233392403252946,-0.0459395744472763));
#8004=CARTESIAN_POINT('',(-0.0781685933361236,-0.0235790195940511,-0.0453598736683567));
#8005=CARTESIAN_POINT('',(-0.0781465916986946,-0.0237745862345045,-0.0448838677895894));
#8006=CARTESIAN_POINT('',(-0.0781326731770369,-0.0239132519897753,-0.0445444073324373));
#8007=CARTESIAN_POINT('',(-0.0781137201458551,-0.0241215366471972,-0.0440322220840262));
#8008=CARTESIAN_POINT('',(-0.0780866763660554,-0.0244834446114805,-0.0431348436227903));
#8009=CARTESIAN_POINT('',(-0.0780618907393302,-0.0250236701417077,-0.0417731220897327));
#8010=CARTESIAN_POINT('',(-0.0780554521257923,-0.0256921519472141,-0.0400451932266213));
#8011=CARTESIAN_POINT('',(-0.0780664873023101,-0.0261479056082879,-0.038833788518661));
#8012=CARTESIAN_POINT('',(-0.0780758541625225,-0.0263766437563112,-0.0382159851361771));
#8013=CARTESIAN_POINT('',(-0.0780758541625225,-0.0263766437573163,-0.0382159851334626));
#8014=CARTESIAN_POINT('',(-0.124080640393929,-0.0263761060347092,-0.0382157851337028));
#8015=CARTESIAN_POINT('',(-0.108745711650127,-0.0263761060347092,-0.0382157851337028));
#8016=CARTESIAN_POINT('',(-0.0934107829063247,-0.0263761060347092,-0.0382157851337028));
#8017=CARTESIAN_POINT('',(-0.0780758541625225,-0.0263761060347092,-0.0382157851337028));
#8018=CARTESIAN_POINT('',(-0.124080640393929,-0.0263766485093602,-0.0382159869204223));
#8019=CARTESIAN_POINT('',(-0.12408273220517,-0.0263766234465709,-0.0382160399911304));
#8020=CARTESIAN_POINT('',(-0.1240242668675,-0.0256503958772524,-0.0401775205436127));
#8021=CARTESIAN_POINT('',(-0.123885270951191,-0.0244921964635075,-0.0431576287900442));
#8022=CARTESIAN_POINT('',(-0.123634255573743,-0.0230770938432639,-0.0465779657735093));
#8023=CARTESIAN_POINT('',(-0.123464382517093,-0.022252122414786,-0.0485134859495925));
#8024=CARTESIAN_POINT('',(-0.123326644600638,-0.0216387878152551,-0.0499254508809283));
#8025=CARTESIAN_POINT('',(-0.123166771637686,-0.0209828946974579,-0.0514064006518053));
#8026=CARTESIAN_POINT('',(-0.12293630989757,-0.0201062756727037,-0.05334640277937));
#8027=CARTESIAN_POINT('',(-0.122609680709303,-0.0189833520532679,-0.055758700884566));
#8028=CARTESIAN_POINT('',(-0.122235258759698,-0.0178425764839873,-0.0581115904095056));
#8029=CARTESIAN_POINT('',(-0.121902366997149,-0.0169108205970618,-0.0599720406768392));
#8030=CARTESIAN_POINT('',(-0.121647262610208,-0.0162315456562063,-0.0613002055695855));
#8031=CARTESIAN_POINT('',(-0.121341126318291,-0.0154586087350048,-0.0627765102258674));
#8032=CARTESIAN_POINT('',(-0.120914639348662,-0.0144384538289953,-0.0646743772922879));
#8033=CARTESIAN_POINT('',(-0.12032387901196,-0.0131223918481095,-0.067026913528462));
#8034=CARTESIAN_POINT('',(-0.119664085992598,-0.0117777210722155,-0.0692881605317524));
#8035=CARTESIAN_POINT('',(-0.119161791131784,-0.0108168299819782,-0.0708204765200692));
#8036=CARTESIAN_POINT('',(-0.1188680443608,-0.0102715019867195,-0.0716660293533619));
#8037=CARTESIAN_POINT('',(-0.118631073793741,-0.00984061957344226,-0.0723200138283446));
#8038=CARTESIAN_POINT('',(-0.118431856847554,-0.00948579294667199,-0.0728481530232375));
#8039=CARTESIAN_POINT('',(-0.118117930472727,-0.00893641344023005,-0.0736505869216109));
#8040=CARTESIAN_POINT('',(-0.117768181544668,-0.00833916435937147,-0.0744934215701221));
#8041=CARTESIAN_POINT('',(-0.117374524618016,-0.00768104673470181,-0.0753819772613195));
#8042=CARTESIAN_POINT('',(-0.117059224978816,-0.0071608774554723,-0.0760615639475834));
#8043=CARTESIAN_POINT('',(-0.116777402596701,-0.00670195383713915,-0.0766389873671705));
#8044=CARTESIAN_POINT('',(-0.116574236790633,-0.00637430261221263,-0.0770385939909952));
#8045=CARTESIAN_POINT('',(-0.116450510792925,-0.00617577526474567,-0.0772763328454401));
#8046=CARTESIAN_POINT('',(-0.116370567727206,-0.00604793241499982,-0.0774280797557862));
#8047=CARTESIAN_POINT('',(-0.116235210640999,-0.0058318536654251,-0.0776807286778518));
#8048=CARTESIAN_POINT('',(-0.116081409947657,-0.00558623963555367,-0.0779625608389463));
#8049=CARTESIAN_POINT('',(-0.11581779130617,-0.0051651401797393,-0.0784344735812122));
#8050=CARTESIAN_POINT('',(-0.115555706833129,-0.00474566045704531,-0.0788808314157576));
#8051=CARTESIAN_POINT('',(-0.115326875372498,-0.00437745039956464,-0.0792562359332036));
#8052=CARTESIAN_POINT('',(-0.11517345664022,-0.00412922529671292,-0.079502035263216));
#8053=CARTESIAN_POINT('',(-0.115058379327941,-0.00394144516969706,-0.0796828006220976));
#8054=CARTESIAN_POINT('',(-0.114988877869481,-0.0038271559673273,-0.0797909292504044));
#8055=CARTESIAN_POINT('',(-0.11494602857795,-0.00375623638556597,-0.0798572770118641));
#8056=CARTESIAN_POINT('',(-0.114929958590811,-0.003729661434188,-0.0798821776853433));
#8057=CARTESIAN_POINT('',(-0.114857728853998,-0.0036091805303834,-0.079993531894864));
#8058=CARTESIAN_POINT('',(-0.114783196620533,-0.00348362237451859,-0.0801076903225128));
#8059=CARTESIAN_POINT('',(-0.114647926877744,-0.00325314275439507,-0.0803135166927626));
#8060=CARTESIAN_POINT('',(-0.114472853885485,-0.00294629282954443,-0.0805761564596425));
#8061=CARTESIAN_POINT('',(-0.114312119937926,-0.0026521324670328,-0.0808143190631275));
#8062=CARTESIAN_POINT('',(-0.114211236344376,-0.00246057329434555,-0.0809631478604091));
#8063=CARTESIAN_POINT('',(-0.114152689777304,-0.00234672368678797,-0.0810495077863276));
#8064=CARTESIAN_POINT('',(-0.114119823518308,-0.00228231230717254,-0.081097937594095));
#8065=CARTESIAN_POINT('',(-0.114051009752174,-0.00214409207209734,-0.0811997197697918));
#8066=CARTESIAN_POINT('',(-0.113975959609211,-0.0019878988322455,-0.0813116053680367));
#8067=CARTESIAN_POINT('',(-0.113883282748266,-0.00178593075380186,-0.0814513293470433));
#8068=CARTESIAN_POINT('',(-0.113801714323799,-0.00159518609788422,-0.0815767331079085));
#8069=CARTESIAN_POINT('',(-0.113738113593696,-0.00143652304191307,-0.0816766333419154));
#8070=CARTESIAN_POINT('',(-0.113700703139238,-0.00134055586701539,-0.0817358576552723));
#8071=CARTESIAN_POINT('',(-0.113635915799787,-0.00116317702524591,-0.0818413867610096));
#8072=CARTESIAN_POINT('',(-0.113583963684599,-0.00100581840297659,-0.0819302781428836));
#8073=CARTESIAN_POINT('',(-0.113543562674267,-0.000873672720560321,-0.082002008600516));
#8074=CARTESIAN_POINT('',(-0.113511599905718,-0.000759185447658908,-0.0820614129231576));
#8075=CARTESIAN_POINT('',(-0.113495106351831,-0.00069939682830084,-0.0820921147482418));
#8076=CARTESIAN_POINT('',(-0.113455377622287,-0.00053914871564565,-0.0821709447459889));
#8077=CARTESIAN_POINT('',(-0.113416082152761,-0.000352319022664105,-0.0822574381357254));
#8078=CARTESIAN_POINT('',(-0.11335456050104,7.01932099542654E-6,-0.0824110532155568));
#8079=CARTESIAN_POINT('',(-0.113323179657435,0.000337352377181333,-0.082523896018055));
#8080=CARTESIAN_POINT('',(-0.1133107565086,0.000570090285070468,-0.0825872795964662));
#8081=CARTESIAN_POINT('',(-0.1133107565086,0.000570060102711821,-0.0825873904229482));
#8082=CARTESIAN_POINT('',(-0.1133107565086,0.000570090285070468,-0.0825872795964662));
#8083=CARTESIAN_POINT('',(-0.113223563543836,0.00219940244849125,-0.0830310046269225));
#8084=CARTESIAN_POINT('',(-0.113225915886009,0.00340815456267868,-0.0826431376152121));
#8085=CARTESIAN_POINT('',(-0.113317813535119,0.00431073792575987,-0.0821542089888306));
#8086=CARTESIAN_POINT('',(-0.113317813535118,0.00431083812838816,-0.0821543939672104));
#8087=CARTESIAN_POINT('',(-0.113317813554997,0.00431073812099676,-0.082154208883071));
#8088=CARTESIAN_POINT('',(-0.113331696175888,0.00444427929373572,-0.0820818697388127));
#8089=CARTESIAN_POINT('',(-0.113370711173445,0.0047078664343611,-0.0819256071134753));
#8090=CARTESIAN_POINT('',(-0.113463600735418,0.00509401641052691,-0.0816566607991603));
#8091=CARTESIAN_POINT('',(-0.113568103429307,0.00540507772773732,-0.081407865997149));
#8092=CARTESIAN_POINT('',(-0.113658453200345,0.00562310000922519,-0.0812156008643872));
#8093=CARTESIAN_POINT('',(-0.113710670734259,0.00573918684702104,-0.0811089937417547));
#8094=CARTESIAN_POINT('',(-0.113762252723267,0.00584605657880188,-0.0810072772058533));
#8095=CARTESIAN_POINT('',(-0.113776598011359,0.00587422258053146,-0.080979700449878));
#8096=CARTESIAN_POINT('',(-0.113809900242953,0.00593968020261321,-0.0809156070664002));
#8097=CARTESIAN_POINT('',(-0.113864558522175,0.00604242725147329,-0.0808124054765543));
#8098=CARTESIAN_POINT('',(-0.113952426614685,0.00619777571079882,-0.0806503925009907));
#8099=CARTESIAN_POINT('',(-0.114050595560928,0.00635685938123179,-0.0804743849233421));
#8100=CARTESIAN_POINT('',(-0.114130615815013,0.00648011515050618,-0.0803327813510674));
#8101=CARTESIAN_POINT('',(-0.11420552146349,0.00659073331056631,-0.0802014390733526));
#8102=CARTESIAN_POINT('',(-0.114237140239384,0.00663598180136959,-0.0801463576892239));
#8103=CARTESIAN_POINT('',(-0.1142969774504,0.00672072361431811,-0.0800423374847767));
#8104=CARTESIAN_POINT('',(-0.114399782193685,0.00686151926959983,-0.0798645735989187));
#8105=CARTESIAN_POINT('',(-0.114532559531557,0.00703417010053407,-0.0796359052905746));
#8106=CARTESIAN_POINT('',(-0.11467688455928,0.00721226590747052,-0.0793865882920946));
#8107=CARTESIAN_POINT('',(-0.114790422068901,0.0073481376826905,-0.0791897022353526));
#8108=CARTESIAN_POINT('',(-0.114893258777311,0.00746729815498668,-0.0790102820227402));
#8109=CARTESIAN_POINT('',(-0.114971555864041,0.00755627976735465,-0.0788730577861607));
#8110=CARTESIAN_POINT('',(-0.115051068001613,0.00764497095424459,-0.0787329855080928));
#8111=CARTESIAN_POINT('',(-0.115058612824264,0.00765316289903413,-0.078719648096628));
#8112=CARTESIAN_POINT('',(-0.115096240303894,0.00769456919071999,-0.0786533576234669));
#8113=CARTESIAN_POINT('',(-0.115155283439217,0.0077586741180898,-0.0785492734620543));
#8114=CARTESIAN_POINT('',(-0.115260516723288,0.00787115635662921,-0.0783629887404904));
#8115=CARTESIAN_POINT('',(-0.115407597024295,0.00802465678490544,-0.0780990191292665));
#8116=CARTESIAN_POINT('',(-0.115635765446156,0.00825753287345737,-0.0776817512891673));
#8117=CARTESIAN_POINT('',(-0.115911294969674,0.00852946093442395,-0.0771612477224415));
#8118=CARTESIAN_POINT('',(-0.116191642923854,0.00879473758028682,-0.0766074882496064));
#8119=CARTESIAN_POINT('',(-0.116344518375525,0.00893604549902884,-0.0762982861695666));
#8120=CARTESIAN_POINT('',(-0.1164308679851,0.009014992178012,-0.0761217386272504));
#8121=CARTESIAN_POINT('',(-0.116508211914857,0.00908502923075913,-0.0759621762119021));
#8122=CARTESIAN_POINT('',(-0.116544524410782,0.00911769350849218,-0.07588666540185));
#8123=CARTESIAN_POINT('',(-0.116606765499598,0.00917358590579401,-0.0757566519832426));
#8124=CARTESIAN_POINT('',(-0.116708067357627,0.00926397012417375,-0.0755427733891016));
#8125=CARTESIAN_POINT('',(-0.11691131266911,0.00944334014448136,-0.0751056696748649));
#8126=CARTESIAN_POINT('',(-0.117187647628267,0.0096816673808045,-0.0744888542834826));
#8127=CARTESIAN_POINT('',(-0.117501762648235,0.00994491736068834,-0.0737555018329662));
#8128=CARTESIAN_POINT('',(-0.117895666438274,0.0102659606043284,-0.0727956872838873));
#8129=CARTESIAN_POINT('',(-0.118251922152199,0.0105447420580758,-0.0718721146876075));
#8130=CARTESIAN_POINT('',(-0.11857321975366,0.0107882220262002,-0.0709902353888463));
#8131=CARTESIAN_POINT('',(-0.118862427882135,0.0110036463311813,-0.0701648740266638));
#8132=CARTESIAN_POINT('',(-0.119230657533624,0.0112697543001689,-0.0690543521104586));
#8133=CARTESIAN_POINT('',(-0.119783789710898,0.011650775572345,-0.0672631135644069));
#8134=CARTESIAN_POINT('',(-0.120301562754638,0.0119830744831339,-0.0653990914566745));
#8135=CARTESIAN_POINT('',(-0.120779888382822,0.0122699730064027,-0.0634837774479034));
#8136=CARTESIAN_POINT('',(-0.121119782719171,0.0124646432725092,-0.0620207010644085));
#8137=CARTESIAN_POINT('',(-0.121386435558025,0.0126105636251115,-0.0607853887360883));
#8138=CARTESIAN_POINT('',(-0.121565856044548,0.0127055533364741,-0.0599054341969781));
#8139=CARTESIAN_POINT('',(-0.121664196290883,0.0127567989019191,-0.0594094931933904));
#8140=CARTESIAN_POINT('',(-0.121741791831085,0.0127967627124949,-0.0590098580889301));
#8141=CARTESIAN_POINT('',(-0.121798929186424,0.0128258928994965,-0.0587101702443577));
#8142=CARTESIAN_POINT('',(-0.121880929096383,0.0128673598033236,-0.058273758338853));
#8143=CARTESIAN_POINT('',(-0.122018486595645,0.0129359289913709,-0.0575224452198302));
#8144=CARTESIAN_POINT('',(-0.122208826128149,0.0130282562491217,-0.0564293337329201));
#8145=CARTESIAN_POINT('',(-0.122423969469197,0.0131290088643134,-0.0551042712601694));
#8146=CARTESIAN_POINT('',(-0.122694346273502,0.013251524028358,-0.0533147742211323));
#8147=CARTESIAN_POINT('',(-0.123000857354923,0.0133839762797558,-0.0510405547539327));
#8148=CARTESIAN_POINT('',(-0.123424416490804,0.013559334218394,-0.0473296963080342));
#8149=CARTESIAN_POINT('',(-0.123747470799194,0.0136907175769472,-0.0435305634282419));
#8150=CARTESIAN_POINT('',(-0.123942566594991,0.0137864508305434,-0.0401404661968259));
#8151=CARTESIAN_POINT('',(-0.124028560791108,0.0138378432428062,-0.038205612814988));
#8152=CARTESIAN_POINT('',(-0.124081609178429,0.0138766547750679,-0.0367071906230422));
#8153=CARTESIAN_POINT('',(-0.124117900143886,0.01391119548532,-0.0353642234214567));
#8154=CARTESIAN_POINT('',(-0.124153616267366,0.0139591405924791,-0.0335162980464511));
#8155=CARTESIAN_POINT('',(-0.124169976801861,0.014020841693514,-0.0312210707009055));
#8156=CARTESIAN_POINT('',(-0.124146123080657,0.0141024158815737,-0.0284673961918309));
#8157=CARTESIAN_POINT('',(-0.124077123156827,0.0141966610133001,-0.0256955332778946));
#8158=CARTESIAN_POINT('',(-0.123967847361313,0.0143023338148012,-0.0230358458359015));
#8159=CARTESIAN_POINT('',(-0.123813327530558,0.014429512242588,-0.0203198920231125));
#8160=CARTESIAN_POINT('',(-0.123647255097592,0.01455642957096,-0.0180459173365841));
#8161=CARTESIAN_POINT('',(-0.12349354379572,0.0146718367766684,-0.0162332980482423));
#8162=CARTESIAN_POINT('',(-0.123363446767172,0.0147692335947634,-0.0148354128375042));
#8163=CARTESIAN_POINT('',(-0.123236525849585,0.0148645833725556,-0.0135768569179765));
#8164=CARTESIAN_POINT('',(-0.123048236600047,0.0150073530842217,-0.0118337519099946));
#8165=CARTESIAN_POINT('',(-0.122787635132023,0.0152091430853891,-0.00964939494406245));
#8166=CARTESIAN_POINT('',(-0.122491560163325,0.015448519423053,-0.00743915280177292));
#8167=CARTESIAN_POINT('',(-0.122264288093869,0.0156401598221241,-0.00587480119360693));
#8168=CARTESIAN_POINT('',(-0.122131301742274,0.0157546912182979,-0.00499273463600915));
#8169=CARTESIAN_POINT('',(-0.122022592681033,0.015849817613194,-0.00429045761401435));
#8170=CARTESIAN_POINT('',(-0.121935293126345,0.015927253671576,-0.00373947508614829));
#8171=CARTESIAN_POINT('',(-0.121805914217545,0.0160433775546393,-0.00293859141901587));
#8172=CARTESIAN_POINT('',(-0.121572093459603,0.0162577270389407,-0.00153589691693711));
#8173=CARTESIAN_POINT('',(-0.121202890151651,0.0166123490083941,0.000556896550785869));
#8174=CARTESIAN_POINT('',(-0.120792036526266,0.0170365658166768,0.0027266001555708));
#8175=CARTESIAN_POINT('',(-0.120479007869975,0.0173746825015531,0.00430077393277444));
#8176=CARTESIAN_POINT('',(-0.120297289217895,0.0175747545205972,0.00519446575097816));
#8177=CARTESIAN_POINT('',(-0.120147333448995,0.0177420526733356,0.00592017576495264));
#8178=CARTESIAN_POINT('',(-0.120033821889017,0.0178700223187806,0.00646201199868636));
#8179=CARTESIAN_POINT('',(-0.119864572948424,0.0180623146246718,0.00726115199504206));
#8180=CARTESIAN_POINT('',(-0.119564041786121,0.0184082702653562,0.0086540846510681));
#8181=CARTESIAN_POINT('',(-0.119193088314222,0.0188450379911636,0.0103165250136625));
#8182=CARTESIAN_POINT('',(-0.118798581311747,0.0193181898575751,0.0120272507523299));
#8183=CARTESIAN_POINT('',(-0.11848986324392,0.0196920366062226,0.0133384273729251));
#8184=CARTESIAN_POINT('',(-0.118223545048311,0.0200169073384613,0.0144471350876891));
#8185=CARTESIAN_POINT('',(-0.118029379037173,0.0202546317545094,0.0152434272818085));
#8186=CARTESIAN_POINT('',(-0.117920543695133,0.0203880457613656,0.0156867135392996));
#8187=CARTESIAN_POINT('',(-0.11782784282881,0.0205017691473359,0.0160622436371095));
#8188=CARTESIAN_POINT('',(-0.117773756582239,0.0205681422467821,0.0162803780108134));
#8189=CARTESIAN_POINT('',(-0.117685849014173,0.0206760209650261,0.0166339270487647));
#8190=CARTESIAN_POINT('',(-0.117533676666252,0.0208627921115019,0.0172424261590375));
#8191=CARTESIAN_POINT('',(-0.117299077176259,0.0211507453546613,0.0181710365279982));
#8192=CARTESIAN_POINT('',(-0.116996914515012,0.0215212426637153,0.0193506794194473));
#8193=CARTESIAN_POINT('',(-0.116672267576064,0.0219181664191386,0.0206013981982745));
#8194=CARTESIAN_POINT('',(-0.116325606975998,0.0223397155891839,0.0219195870983569));
#8195=CARTESIAN_POINT('',(-0.116018343873435,0.0227101350201319,0.0230730929738358));
#8196=CARTESIAN_POINT('',(-0.115761353445374,0.0230169488284415,0.0240286540823821));
#8197=CARTESIAN_POINT('',(-0.115563455256922,0.023251434748989,0.0247599326890997));
#8198=CARTESIAN_POINT('',(-0.115392759209324,0.0234518680910571,0.025386748295995));
#8199=CARTESIAN_POINT('',(-0.11527316484572,0.0235912380578412,0.025823937736275));
#8200=CARTESIAN_POINT('',(-0.115200527782591,0.0236755018388444,0.0260888139941828));
#8201=CARTESIAN_POINT('',(-0.115155865201314,0.0237272050119901,0.0262514884086103));
#8202=CARTESIAN_POINT('',(-0.115072018687196,0.0238239189544758,0.0265563634579531));
#8203=CARTESIAN_POINT('',(-0.114975410047322,0.0239348575258101,0.0269069944592848));
#8204=CARTESIAN_POINT('',(-0.114802990477874,0.0241317166115928,0.0275313637644229));
#8205=CARTESIAN_POINT('',(-0.114569112485528,0.0243952065453133,0.0283743145374785));
#8206=CARTESIAN_POINT('',(-0.114301448430236,0.024691113474891,0.0293337833682727));
#8207=CARTESIAN_POINT('',(-0.113964335569466,0.0250561750790049,0.0305361249999997));
#8208=CARTESIAN_POINT('',(-0.11357888815024,0.0254595773119734,0.0319013210010975));
#8209=CARTESIAN_POINT('',(-0.113174216786633,0.0258634408430509,0.0333243755728858));
#8210=CARTESIAN_POINT('',(-0.112827311962693,0.0261932981302823,0.0345376685885506));
#8211=CARTESIAN_POINT('',(-0.112586396984557,0.0264119177062381,0.0353771093996271));
#8212=CARTESIAN_POINT('',(-0.112422537306012,0.0265562613676206,0.0359472723848616));
#8213=CARTESIAN_POINT('',(-0.112332213855783,0.0266343078448488,0.0362614135840324));
#8214=CARTESIAN_POINT('',(-0.112267066100879,0.0266899050120571,0.0364880239472926));
#8215=CARTESIAN_POINT('',(-0.112222125698449,0.0267279580979991,0.0366443855497181));
#8216=CARTESIAN_POINT('',(-0.112186703697792,0.0267577240282697,0.0367676952943854));
#8217=CARTESIAN_POINT('',(-0.112165414745623,0.0267755403975629,0.0368418417513071));
#8218=CARTESIAN_POINT('',(-0.112150693417837,0.0267878198159874,0.0368931363466818));
#8219=CARTESIAN_POINT('',(-0.112148350887595,0.0267897875905452,0.0369012981973224));
#8220=CARTESIAN_POINT('',(-0.112113847048546,0.0268184755329051,0.0370215625596948));
#8221=CARTESIAN_POINT('',(-0.112079111697248,0.0268471604312659,0.0371426289677077));
#8222=CARTESIAN_POINT('',(-0.112013200317635,0.0269012125138364,0.0373723512429526));
#8223=CARTESIAN_POINT('',(-0.111922082836933,0.0269746728599139,0.0376899115995178));
#8224=CARTESIAN_POINT('',(-0.111812061355074,0.0270614135461212,0.0380733574925662));
#8225=CARTESIAN_POINT('',(-0.111666428645337,0.0271735027113665,0.0385809438658556));
#8226=CARTESIAN_POINT('',(-0.111485473381006,0.0273076149179153,0.0392117477732612));
#8227=CARTESIAN_POINT('',(-0.11119863794245,0.0275087923327215,0.0402120813013387));
#8228=CARTESIAN_POINT('',(-0.110844969193502,0.0277347618616003,0.0414467027899019));
#8229=CARTESIAN_POINT('',(-0.110428423089921,0.0279635798163403,0.0429039560103778));
#8230=CARTESIAN_POINT('',(-0.110019715204388,0.0281487658678457,0.0443380821378657));
#8231=CARTESIAN_POINT('',(-0.109685671474875,0.0282657924917943,0.0455147269573783));
#8232=CARTESIAN_POINT('',(-0.10942233890074,0.0283365715914536,0.0464455409724929));
#8233=CARTESIAN_POINT('',(-0.109259434642376,0.0283712053086477,0.0470228316685656));
#8234=CARTESIAN_POINT('',(-0.10912999007687,0.0283931123784862,0.0474824970711121));
#8235=CARTESIAN_POINT('',(-0.109033675282415,0.0284066131854062,0.0478250012356578));
#8236=CARTESIAN_POINT('',(-0.108952935956246,0.0284154802263592,0.0481125497039925));
#8237=CARTESIAN_POINT('',(-0.108898370771878,0.028420302161575,0.0483070960134279));
#8238=CARTESIAN_POINT('',(-0.108864538429608,0.0284228502062763,0.048427796367903));
#8239=CARTESIAN_POINT('',(-0.108846838840695,0.0284241277720449,0.0484909674809229));
#8240=CARTESIAN_POINT('',(-0.108799950545477,0.0284269410161213,0.0486583339049697));
#8241=CARTESIAN_POINT('',(-0.108748376086577,0.0284292229450416,0.0488423769661112));
#8242=CARTESIAN_POINT('',(-0.108654888796222,0.0284316791884333,0.0491759011740466));
#8243=CARTESIAN_POINT('',(-0.108528383564147,0.0284299457996704,0.0496269632827708));
#8244=CARTESIAN_POINT('',(-0.108382746168962,0.0284207816108481,0.050145914478949));
#8245=CARTESIAN_POINT('',(-0.108198603468523,0.0284004814388595,0.0508016413859983));
#8246=CARTESIAN_POINT('',(-0.10798640610328,0.0283627462065854,0.0515564797184103));
#8247=CARTESIAN_POINT('',(-0.107760847976363,0.0283054072348373,0.0523576336728731));
#8248=CARTESIAN_POINT('',(-0.107564136454859,0.0282425119977896,0.0530550890027204));
#8249=CARTESIAN_POINT('',(-0.107396890867735,0.028179894497211,0.0536467910450607));
#8250=CARTESIAN_POINT('',(-0.10728020348219,0.0281309026902097,0.0540583790771031));
#8251=CARTESIAN_POINT('',(-0.107214089540185,0.0281016152364965,0.0542909297427888));
#8252=CARTESIAN_POINT('',(-0.107175430362414,0.0280839897280656,0.0544265986126818));
#8253=CARTESIAN_POINT('',(-0.107160933584278,0.0280773942364995,0.0544774416107257));
#8254=CARTESIAN_POINT('',(-0.107099756968257,0.0280486905656086,0.0546915785323281));
#8255=CARTESIAN_POINT('',(-0.107034324326595,0.0280168296331334,0.054920322430678));
#8256=CARTESIAN_POINT('',(-0.106911938862873,0.0279549064844512,0.0553475393178982));
#8257=CARTESIAN_POINT('',(-0.106740203548045,0.0278606028625837,0.0559450558744366));
#8258=CARTESIAN_POINT('',(-0.106530976669562,0.0277344859989862,0.0566699905449716));
#8259=CARTESIAN_POINT('',(-0.10625102116606,0.0275508787025268,0.0576359402341726));
#8260=CARTESIAN_POINT('',(-0.105966560551423,0.0273421280647889,0.0586113105900453));
#8261=CARTESIAN_POINT('',(-0.105683820940086,0.0271143700986848,0.059575031755734));
#8262=CARTESIAN_POINT('',(-0.105458574253567,0.0269215410058439,0.0603395282665038));
#8263=CARTESIAN_POINT('',(-0.105276878924634,0.0267580798066583,0.0609538390078771));
#8264=CARTESIAN_POINT('',(-0.105016784480801,0.0265147103827852,0.0618302755004622));
#8265=CARTESIAN_POINT('',(-0.104563481048041,0.0260637622531999,0.0633494042285335));
#8266=CARTESIAN_POINT('',(-0.104029642851287,0.025475056176418,0.0651200965237934));
#8267=CARTESIAN_POINT('',(-0.103484496008518,0.0248195237950543,0.0669102581962911));
#8268=CARTESIAN_POINT('',(-0.103068826728639,0.0242940103267829,0.0682664665101285));
#8269=CARTESIAN_POINT('',(-0.102718449081369,0.0238308521667229,0.0694025298902108));
#8270=CARTESIAN_POINT('',(-0.102468052820084,0.0234895388937897,0.0702106358762331));
#8271=CARTESIAN_POINT('',(-0.102327898746252,0.0232958666056683,0.0706619736710686));
#8272=CARTESIAN_POINT('',(-0.102211928924691,0.0231339662313418,0.0710348092668305));
#8273=CARTESIAN_POINT('',(-0.102135556740163,0.0230264688418688,0.0712800009252393));
#8274=CARTESIAN_POINT('',(-0.102019270296152,0.0228618701941694,0.0716529690277025));
#8275=CARTESIAN_POINT('',(-0.101820925076564,0.0225781312795484,0.0722879393969247));
#8276=CARTESIAN_POINT('',(-0.101530344745128,0.0221545443303147,0.0732150142083093));
#8277=CARTESIAN_POINT('',(-0.101176969586976,0.0216269548436861,0.0743373182737383));
#8278=CARTESIAN_POINT('',(-0.100697117786992,0.0208948722340034,0.0758546860557469));
#8279=CARTESIAN_POINT('',(-0.100082144951602,0.0199286867362209,0.0777871006714986));
#8280=CARTESIAN_POINT('',(-0.0990653829587663,0.0182789670515021,0.0809567601643354));
#8281=CARTESIAN_POINT('',(-0.0977331361116094,0.0160355027040425,0.0850642785386235));
#8282=CARTESIAN_POINT('',(-0.0966019119341835,0.0140864848131507,0.088506394103704));
#8283=CARTESIAN_POINT('',(-0.0960199470083105,0.0130871969193799,0.0902667501849363));
#8284=CARTESIAN_POINT('',(-0.0767327586335354,-0.0282970856161935,0.0150000000000728));
#8285=CARTESIAN_POINT('',(-0.0757208988054502,-0.0284785279386401,0.0150000000000698));
#8286=CARTESIAN_POINT('',(-0.074709038977358,-0.028659970261088,0.015));
#8287=CARTESIAN_POINT('',(-0.0733092593273556,-0.0289109726860885,0.015));
#8288=CARTESIAN_POINT('',(-0.0729213395054114,-0.0289805327886471,0.015));
#8289=CARTESIAN_POINT('',(-0.072436439727971,-0.0290674829168473,0.015));
#8290=CARTESIAN_POINT('',(-0.0723505905564148,-0.0290828838754041,0.015000000000002));
#8291=CARTESIAN_POINT('',(-0.0721324974537009,-0.0291219771191418,0.0149999999999979));
#8292=CARTESIAN_POINT('',(-0.0720235125816066,-0.0291413747256408,0.015));
#8293=CARTESIAN_POINT('',(-0.0716967399353704,-0.0291991279204405,0.015));
#8294=CARTESIAN_POINT('',(-0.0714791341079819,-0.0292370439384753,0.015));
#8295=CARTESIAN_POINT('',(-0.0703922785257253,-0.0294237890546099,0.015));
#8296=CARTESIAN_POINT('',(-0.0695265427653724,-0.0295641284349437,0.0150000000000164));
#8297=CARTESIAN_POINT('',(-0.0652143613159165,-0.0302260169353068,0.0149999999999344));
#8298=CARTESIAN_POINT('',(-0.0618163435900552,-0.030630417342091,0.015));
#8299=CARTESIAN_POINT('',(-0.0517219104755333,-0.0316111934703477,0.015));
#8300=CARTESIAN_POINT('',(-0.0451221173841398,-0.0319606150826163,0.015));
#8301=CARTESIAN_POINT('',(-0.0320707915405134,-0.0324324663370516,0.015));
#8302=CARTESIAN_POINT('',(-0.02563713605185,-0.0325480456405624,0.015));
#8303=CARTESIAN_POINT('',(-0.012902048309147,-0.0327528081617352,0.015));
#8304=CARTESIAN_POINT('',(-0.00660163703794495,-0.0328397964686897,0.015000000000132));
#8305=CARTESIAN_POINT('',(-9.65666533624285E-5,-0.0329975835090192,0.0149999999999943));
#8306=CARTESIAN_POINT('',(0.000172560273009434,-0.0330041536113516,0.014999999999991));
#8307=CARTESIAN_POINT('',(0.000442952590423203,-0.033010783992235,0.0149999999999892));
#8308=CARTESIAN_POINT('',(-0.076732758633531,-0.0282970856161694,1.11051723753546E-13));
#8309=CARTESIAN_POINT('',(-0.0757208988054459,-0.0284785279386162,1.06404343743099E-13));
#8310=CARTESIAN_POINT('',(-0.0747090389773577,-0.0286599702610858,0.));
#8311=CARTESIAN_POINT('',(-0.0733092593273558,-0.0289109726860893,0.));
#8312=CARTESIAN_POINT('',(-0.0729213395054117,-0.0289805327886487,-1.02550022413266E-15));
#8313=CARTESIAN_POINT('',(-0.072436439727971,-0.029067482916847,2.5637505603316E-16));
#8314=CARTESIAN_POINT('',(-0.0723505905564132,-0.0290828838753946,3.07649531309322E-15));
#8315=CARTESIAN_POINT('',(-0.0721324974537024,-0.0291219771191512,-3.07649531309336E-15));
#8316=CARTESIAN_POINT('',(-0.0720235125816052,-0.0291413747256332,8.54527440802012E-17));
#8317=CARTESIAN_POINT('',(-0.0716967399353731,-0.0291991279204558,-1.70905488160398E-16));
#8318=CARTESIAN_POINT('',(-0.0714791341079793,-0.0292370439384599,-5.12661102128172E-16));
#8319=CARTESIAN_POINT('',(-0.0703922785257359,-0.0294237890546715,2.0506444085127E-15));
#8320=CARTESIAN_POINT('',(-0.0695265427653641,-0.0295641284348799,2.39193524895769E-14));
#8321=CARTESIAN_POINT('',(-0.0652143613159498,-0.0302260169355619,-9.56774099583071E-14));
#8322=CARTESIAN_POINT('',(-0.0618163435900534,-0.0306304173419597,0.));
#8323=CARTESIAN_POINT('',(-0.0517219104755369,-0.0316111934706102,0.));
#8324=CARTESIAN_POINT('',(-0.0451221173841359,-0.0319606150825073,5.20417042793042E-18));
#8325=CARTESIAN_POINT('',(-0.0320707915405174,-0.0324324663371605,5.20417042793042E-18));
#8326=CARTESIAN_POINT('',(-0.0256371360518488,-0.0325480456404817,0.));
#8327=CARTESIAN_POINT('',(-0.0129020483091483,-0.0327528081618159,0.));
#8328=CARTESIAN_POINT('',(-0.00660163703794161,-0.0328397964685498,2.14528827018925E-13));
#8329=CARTESIAN_POINT('',(-9.65666533625721E-5,-0.0329975835090253,-9.25329325931989E-15));
#8330=CARTESIAN_POINT('',(0.000172560273009206,-0.0330041536113611,-1.47075926088138E-14));
#8331=CARTESIAN_POINT('',(0.000442952590422932,-0.0330107839922462,-1.75641450163246E-14));
#8332=CARTESIAN_POINT('',(-0.0740852509574335,-0.0135325773919115,0.));
#8333=CARTESIAN_POINT('',(-0.0730733911293457,-0.0137140197143581,0.));
#8334=CARTESIAN_POINT('',(-0.0720615313012471,-0.0138954620368037,0.));
#8335=CARTESIAN_POINT('',(-0.070661751651255,-0.0141464644618035,0.));
#8336=CARTESIAN_POINT('',(-0.0702738318293055,-0.0142160245643632,0.));
#8337=CARTESIAN_POINT('',(-0.0697889320518682,-0.0143029746925623,0.));
#8338=CARTESIAN_POINT('',(-0.0696919529932435,-0.014320370655573,0.));
#8339=CARTESIAN_POINT('',(-0.0694979912161945,-0.0143551383531038,0.));
#8340=CARTESIAN_POINT('',(-0.0694009922826517,-0.0143724027404669,0.));
#8341=CARTESIAN_POINT('',(-0.069109942086644,-0.0144238424153169,0.));
#8342=CARTESIAN_POINT('',(-0.0689158374331166,-0.0144576642440108,0.));
#8343=CARTESIAN_POINT('',(-0.0679449678148788,-0.0146244804821899,0.));
#8344=CARTESIAN_POINT('',(-0.0671671650271686,-0.0147506043107638,0.));
#8345=CARTESIAN_POINT('',(-0.0632731783429992,-0.015348302955386,0.));
#8346=CARTESIAN_POINT('',(-0.0601422755032448,-0.0157224356338654,0.));
#8347=CARTESIAN_POINT('',(-0.0507183341804737,-0.0166380667130754,0.));
#8348=CARTESIAN_POINT('',(-0.0443946612786766,-0.0169771153034275,5.20417042793042E-18));
#8349=CARTESIAN_POINT('',(-0.031714350448303,-0.0174355530626336,5.20417042793042E-18));
#8350=CARTESIAN_POINT('',(-0.0253715459397182,-0.0175503771728946,0.));
#8351=CARTESIAN_POINT('',(-0.0126853424308796,-0.0177543537036374,0.));
#8352=CARTESIAN_POINT('',(-0.0063419012492033,-0.0178416846164209,-6.24500451351651E-17));
#8353=CARTESIAN_POINT('',(0.000271620640217242,-0.0180021022573898,-6.24500451351651E-17));
#8354=CARTESIAN_POINT('',(0.000543240327795047,-0.0180087327101775,-5.98731129765855E-17));
#8355=CARTESIAN_POINT('',(0.000814859339406692,-0.0180153926977916,-5.57661797454299E-17));
#8356=CARTESIAN_POINT('',(-4.09394740330526E-16,-0.0179955138249221,-6.24500451351651E-17));
#8357=CARTESIAN_POINT('',(-1.41051692172332E-11,-0.0281333685507382,-6.24500451354465E-17));
#8358=CARTESIAN_POINT('',(-4.12883217197878E-16,-0.0329999505504171,0.00513487371815436));
#8359=CARTESIAN_POINT('',(-3.07547498752669E-16,-0.0329999505504127,0.0149999999999936));
#8360=CARTESIAN_POINT('',(0.0740852509645786,-0.0135325773906394,0.));
#8361=CARTESIAN_POINT('',(0.0730733911341248,-0.0137140197135112,0.));
#8362=CARTESIAN_POINT('',(0.0720615313036806,-0.0138954620363709,0.));
#8363=CARTESIAN_POINT('',(0.0706617516512359,-0.0141464644618055,0.));
#8364=CARTESIAN_POINT('',(0.0702738318293055,-0.0142160245643635,0.));
#8365=CARTESIAN_POINT('',(0.0697889320518682,-0.0143029746925622,0.));
#8366=CARTESIAN_POINT('',(0.0696919529932414,-0.0143203706555725,0.));
#8367=CARTESIAN_POINT('',(0.0694979912161965,-0.0143551383531042,0.));
#8368=CARTESIAN_POINT('',(0.0694009922826488,-0.0143724027404671,-6.76542155630955E-17));
#8369=CARTESIAN_POINT('',(0.0691099420866493,-0.0144238424153165,-6.76542155630955E-17));
#8370=CARTESIAN_POINT('',(0.0689158374331192,-0.0144576642440113,0.));
#8371=CARTESIAN_POINT('',(0.0679449678148677,-0.0146244804821878,0.));
#8372=CARTESIAN_POINT('',(0.0671671650271685,-0.0147506043107672,-5.72458747072346E-17));
#8373=CARTESIAN_POINT('',(0.063273178342999,-0.0153483029553724,-5.72458747072346E-17));
#8374=CARTESIAN_POINT('',(0.0601422755032446,-0.0157224356338435,0.));
#8375=CARTESIAN_POINT('',(0.0507183341804734,-0.0166380667131192,0.));
#8376=CARTESIAN_POINT('',(0.0443946612786102,-0.0169771153033835,0.));
#8377=CARTESIAN_POINT('',(0.0317143504483684,-0.0174355530626777,0.));
#8378=CARTESIAN_POINT('',(0.0253715459397287,-0.0175503771729166,-1.7347234759768E-18));
#8379=CARTESIAN_POINT('',(0.0126853424308679,-0.0177543537036154,-1.7347234759768E-18));
#8380=CARTESIAN_POINT('',(0.00634190124922849,-0.0178416846163769,-5.20417042793042E-18));
#8381=CARTESIAN_POINT('',(-0.000271621048632531,-0.0180021022672981,-5.20417042793042E-18));
#8382=CARTESIAN_POINT('',(-0.00054324114462133,-0.0180087327301198,-4.98942543559511E-18));
#8383=CARTESIAN_POINT('',(-0.000814860564641969,-0.0180153927278373,-4.6471801016379E-18));
#8384=CARTESIAN_POINT('',(0.0767327586406817,-0.0282970856149222,-2.42738742582387E-15));
#8385=CARTESIAN_POINT('',(0.0757208988102279,-0.0284785279377943,-2.32579414037529E-15));
#8386=CARTESIAN_POINT('',(0.074709038979784,-0.0286599702606566,-6.94601425422625E-30));
#8387=CARTESIAN_POINT('',(0.0733092593273393,-0.02891097268609,2.66291489355316E-30));
#8388=CARTESIAN_POINT('',(0.0729213395054089,-0.0289805327886439,1.23060026895921E-14));
#8389=CARTESIAN_POINT('',(0.0724364397279716,-0.0290674829168482,-3.07650067239806E-15));
#8390=CARTESIAN_POINT('',(0.0723505905564125,-0.0290828838753953,-1.70916406282964E-16));
#8391=CARTESIAN_POINT('',(0.072132497453703,-0.0291219771191506,1.70916406282956E-16));
#8392=CARTESIAN_POINT('',(0.0720235125816031,-0.0291413747256331,-6.76542155630955E-17));
#8393=CARTESIAN_POINT('',(0.0716967399353772,-0.0291991279204561,-6.76542155630955E-17));
#8394=CARTESIAN_POINT('',(0.0714791341079819,-0.0292370439384598,0.));
#8395=CARTESIAN_POINT('',(0.0703922785257248,-0.0294237890546715,0.));
#8396=CARTESIAN_POINT('',(0.0695265427653585,-0.029564128434895,-5.72458747072307E-17));
#8397=CARTESIAN_POINT('',(0.0652143613159714,-0.0302260169355018,-5.72458747072501E-17));
#8398=CARTESIAN_POINT('',(0.0618163435900422,-0.0306304173419378,0.));
#8399=CARTESIAN_POINT('',(0.0517219104755585,-0.0316111934706541,0.));
#8400=CARTESIAN_POINT('',(0.0451221173840475,-0.0319606150824852,0.));
#8401=CARTESIAN_POINT('',(0.0320707915406049,-0.0324324663371826,0.));
#8402=CARTESIAN_POINT('',(0.0256371360518372,-0.0325480456405038,-1.7347234759768E-18));
#8403=CARTESIAN_POINT('',(0.0129020483091586,-0.0327528081617939,-1.7347234759768E-18));
#8404=CARTESIAN_POINT('',(0.00660163703794016,-0.0328397964684837,3.79656286019836E-13));
#8405=CARTESIAN_POINT('',(9.65662516457814E-5,-0.0329975835187721,-1.62659512300333E-14));
#8406=CARTESIAN_POINT('',(-0.00017256108233752,-0.0330041536311234,-2.59202144897714E-14));
#8407=CARTESIAN_POINT('',(-0.000442953810123008,-0.0330107840221602,-3.09810325672555E-14));
#8408=CARTESIAN_POINT('',(0.07673275864068,-0.0282970856149124,0.015));
#8409=CARTESIAN_POINT('',(0.075720898810226,-0.0284785279377837,0.015));
#8410=CARTESIAN_POINT('',(0.0747090389797834,-0.0286599702606531,0.015));
#8411=CARTESIAN_POINT('',(0.0733092593273396,-0.0289109726860913,0.015));
#8412=CARTESIAN_POINT('',(0.0729213395054088,-0.0289805327886476,0.0150000000000082));
#8413=CARTESIAN_POINT('',(0.0724364397279717,-0.0290674829168472,0.0149999999999979));
#8414=CARTESIAN_POINT('',(0.0723505905564141,-0.0290828838754042,0.015));
#8415=CARTESIAN_POINT('',(0.0721324974537014,-0.0291219771191417,0.015));
#8416=CARTESIAN_POINT('',(0.0720235125816045,-0.0291413747256411,0.015));
#8417=CARTESIAN_POINT('',(0.0716967399353743,-0.0291991279204398,0.015));
#8418=CARTESIAN_POINT('',(0.0714791341079844,-0.0292370439384748,0.015));
#8419=CARTESIAN_POINT('',(0.0703922785257145,-0.0294237890546117,0.015));
#8420=CARTESIAN_POINT('',(0.0695265427653661,-0.0295641284349447,0.015));
#8421=CARTESIAN_POINT('',(0.0652143613159409,-0.030226016935303,0.015));
#8422=CARTESIAN_POINT('',(0.0618163435900571,-0.0306304173420908,0.015));
#8423=CARTESIAN_POINT('',(0.0517219104755288,-0.0316111934703481,0.015));
#8424=CARTESIAN_POINT('',(0.0451221173840523,-0.0319606150826194,0.015));
#8425=CARTESIAN_POINT('',(0.0320707915406001,-0.0324324663370484,0.015));
#8426=CARTESIAN_POINT('',(0.0256371360518381,-0.0325480456405626,0.015));
#8427=CARTESIAN_POINT('',(0.0129020483091577,-0.032752808161735,0.015));
#8428=CARTESIAN_POINT('',(0.00660163703794487,-0.0328397964686897,0.0150000000002641));
#8429=CARTESIAN_POINT('',(9.65662516455789E-5,-0.0329975835187633,0.0149999999999887));
#8430=CARTESIAN_POINT('',(-0.000172561082337842,-0.0330041536311095,0.014999999999982));
#8431=CARTESIAN_POINT('',(-0.000442953810123393,-0.0330107840221437,0.0149999999999784));
#8432=CARTESIAN_POINT('',(-0.101233674514837,-0.000349398873959957,-0.0285354497590641));
#8433=CARTESIAN_POINT('',(-0.124141567463812,-0.028118026288595,-0.0284940963547058));
#8434=CARTESIAN_POINT('',(-0.124152082960103,-0.0281192449707508,-0.0293124360112881));
#8435=CARTESIAN_POINT('',(-0.124165331438345,-0.0280505414159564,-0.0309532202961121));
#8436=CARTESIAN_POINT('',(-0.124161286957158,-0.0277163509494182,-0.0334543181395991));
#8437=CARTESIAN_POINT('',(-0.12413503502009,-0.0271797913735105,-0.0358319490200846));
#8438=CARTESIAN_POINT('',(-0.124102597163631,-0.026669161662552,-0.037427875157844));
#8439=CARTESIAN_POINT('',(-0.12408265506034,-0.0263760893661485,-0.038215829948948));
#8440=CARTESIAN_POINT('',(-0.0780758541620815,-0.0263761060415321,-0.0382157851153586));
#8441=CARTESIAN_POINT('',(-0.0768109437258618,-0.027059273330015,-0.036379010426324));
#8442=CARTESIAN_POINT('',(-0.075749375041535,-0.0275581609851227,-0.0344449807762888));
#8443=CARTESIAN_POINT('',(-0.0748822576275728,-0.0278435713120072,-0.0324301718985496));
#8444=CARTESIAN_POINT('',(0.101233674514831,-0.00034939887395961,-0.028535449759064));
#8445=CARTESIAN_POINT('',(0.124082656194578,-0.0263761060347091,-0.0382157851337029));
#8446=CARTESIAN_POINT('',(0.124102543559256,-0.0266683725317864,-0.037429992675287));
#8447=CARTESIAN_POINT('',(0.124126833679211,-0.0270508078287711,-0.036236962982549));
#8448=CARTESIAN_POINT('',(0.124145401569646,-0.0273980887236049,-0.03484207958346));
#8449=CARTESIAN_POINT('',(0.124153304723927,-0.0275708849529044,-0.0340312176861943));
#8450=CARTESIAN_POINT('',(0.124157646107972,-0.0276812902885053,-0.0334556669806433));
#8451=CARTESIAN_POINT('',(0.124161352430929,-0.027798927230881,-0.032752814997465));
#8452=CARTESIAN_POINT('',(0.124163871588725,-0.0279212209718416,-0.031884577342055));
#8453=CARTESIAN_POINT('',(0.124162924891092,-0.0280779193214837,-0.0303964861671065));
#8454=CARTESIAN_POINT('',(0.124152620080718,-0.028119118838033,-0.0292277384161571));
#8455=CARTESIAN_POINT('',(0.124141565712759,-0.0281180262885921,-0.0284940963527268));
#8456=CARTESIAN_POINT('',(0.074882469259216,-0.0278435524507517,-0.0324303050442661));
#8457=CARTESIAN_POINT('',(0.0757490383485991,-0.0275578889469592,-0.0344468308634402));
#8458=CARTESIAN_POINT('',(0.0768094295124282,-0.0270592191299714,-0.0363791561490475));
#8459=CARTESIAN_POINT('',(0.0780758539384825,-0.0263761060422134,-0.0382157851135268));
#8460=CARTESIAN_POINT('',(-0.103067605035803,-0.000187125805299295,-0.0823269723868316));
#8461=CARTESIAN_POINT('',(-0.103067284264119,-0.000237826774286139,-0.0823059813932562));
#8462=CARTESIAN_POINT('',(-0.103067217343835,-0.000240510676127651,-0.082304631374042));
#8463=CARTESIAN_POINT('',(-0.103066826393324,-0.000268866707804,-0.082292547000209));
#8464=CARTESIAN_POINT('',(-0.103066629691874,-0.000276362897909729,-0.0822893175059826));
#8465=CARTESIAN_POINT('',(-0.103066038413922,-0.000303180054228265,-0.0822777423309596));
#8466=CARTESIAN_POINT('',(-0.103065641527205,-0.000316237324479449,-0.0822720348773159));
#8467=CARTESIAN_POINT('',(-0.103064446127951,-0.000353466056666283,-0.0822556790238372));
#8468=CARTESIAN_POINT('',(-0.103063642137609,-0.000372496319900319,-0.082247175275148));
#8469=CARTESIAN_POINT('',(-0.103061216225691,-0.000424920946586366,-0.0822235763299317));
#8470=CARTESIAN_POINT('',(-0.103059579849323,-0.000452020069910097,-0.0822110935068635));
#8471=CARTESIAN_POINT('',(-0.103054632218747,-0.00052609074196714,-0.0821766290256259));
#8472=CARTESIAN_POINT('',(-0.103051281437317,-0.000564500262942709,-0.0821581955925499));
#8473=CARTESIAN_POINT('',(-0.103041130604837,-0.000669263926640924,-0.082107237778594));
#8474=CARTESIAN_POINT('',(-0.103034233492842,-0.000723589680541857,-0.0820797090984894));
#8475=CARTESIAN_POINT('',(-0.103013288064226,-0.000871792766158037,-0.0820032835772456));
#8476=CARTESIAN_POINT('',(-0.102998985291189,-0.000948782317382586,-0.0819614231125943));
#8477=CARTESIAN_POINT('',(-0.102955429965146,-0.00115900835497171,-0.0818445352665334));
#8478=CARTESIAN_POINT('',(-0.102925579489124,-0.00126834463499834,-0.0817795414794627));
#8479=CARTESIAN_POINT('',(-0.102834650509426,-0.00156699403119863,-0.0815970345589949));
#8480=CARTESIAN_POINT('',(-0.102772129027802,-0.001723005152219,-0.0814935861751208));
#8481=CARTESIAN_POINT('',(-0.102581226562425,-0.00215072268354368,-0.081200320592845));
#8482=CARTESIAN_POINT('',(-0.102449704723357,-0.00237573462216422,-0.0810303635502463));
#8483=CARTESIAN_POINT('',(-0.102048986125909,-0.00299396399615055,-0.0805447078921726));
#8484=CARTESIAN_POINT('',(-0.10177287603598,-0.00332295872850471,-0.0802559518081001));
#8485=CARTESIAN_POINT('',(-0.100937558804074,-0.004227239816021,-0.079426056028245));
#8486=CARTESIAN_POINT('',(-0.100368039146949,-0.00471246030801768,-0.078922751855472));
#8487=CARTESIAN_POINT('',(-0.0986413574583629,-0.00606177790447747,-0.0774523991979268));
#8488=CARTESIAN_POINT('',(-0.0974655548379706,-0.00680200350325214,-0.0765328265987965));
#8489=CARTESIAN_POINT('',(-0.0950913818618093,-0.00818384014128184,-0.0747203393857339));
#8490=CARTESIAN_POINT('',(-0.0938920888810408,-0.00881528227379408,-0.0738320202404189));
#8491=CARTESIAN_POINT('',(-0.0923833417053147,-0.00956474916600609,-0.0727305247996583));
#8492=CARTESIAN_POINT('',(-0.0920810937923293,-0.0097125249043748,-0.0725107246522772));
#8493=CARTESIAN_POINT('',(-0.0917027145288074,-0.00989489126687222,-0.0722364909732649));
#8494=CARTESIAN_POINT('',(-0.0916270101725311,-0.00993124664327955,-0.072181670157506));
#8495=CARTESIAN_POINT('',(-0.0915134117902498,-0.00998560771810537,-0.072099476071981));
#8496=CARTESIAN_POINT('',(-0.091475538687788,-0.0100036994089226,-0.0720720842341877));
#8497=CARTESIAN_POINT('',(-0.0913997786795539,-0.0100398262358286,-0.0720173126614119));
#8498=CARTESIAN_POINT('',(-0.0913619432780211,-0.0100578980329138,-0.0719898773488106));
#8499=CARTESIAN_POINT('',(-0.0911730130193943,-0.0101483159869256,-0.0718524271573623));
#8500=CARTESIAN_POINT('',(-0.0910226341421555,-0.0102208218246419,-0.0717416175716073));
#8501=CARTESIAN_POINT('',(-0.090274632402614,-0.0105842634105184,-0.0711832270503556));
#8502=CARTESIAN_POINT('',(-0.0896886469217898,-0.0108779205704125,-0.0707226611491758));
#8503=CARTESIAN_POINT('',(-0.0879713890095364,-0.0117700627130662,-0.0692947828865444));
#8504=CARTESIAN_POINT('',(-0.0868875585614936,-0.0123758140641533,-0.0682875774746156));
#8505=CARTESIAN_POINT('',(-0.0848927998377096,-0.0136126997615376,-0.066153203533739));
#8506=CARTESIAN_POINT('',(-0.0839821446306038,-0.0142468162291724,-0.0650210833357726));
#8507=CARTESIAN_POINT('',(-0.0823723611738526,-0.0155583810480076,-0.0625954118828054));
#8508=CARTESIAN_POINT('',(-0.0816730458480665,-0.016235381674809,-0.0613015029860716));
#8509=CARTESIAN_POINT('',(-0.0805089696526728,-0.017585464454662,-0.0586346261571442));
#8510=CARTESIAN_POINT('',(-0.0800372372922297,-0.018264532584786,-0.0572500307126676));
#8511=CARTESIAN_POINT('',(-0.0789064912799408,-0.0202566916602657,-0.0530634173896869));
#8512=CARTESIAN_POINT('',(-0.0785080780295751,-0.0215413309946937,-0.0501986161755311));
#8513=CARTESIAN_POINT('',(-0.0780680378862393,-0.0240133293020253,-0.0443580455225695));
#8514=CARTESIAN_POINT('',(-0.0780312751536486,-0.0251941099852677,-0.0413993124341425));
#8515=CARTESIAN_POINT('',(-0.078114540934332,-0.0274091442771158,-0.0354371891989478));
#8516=CARTESIAN_POINT('',(-0.0782361670325491,-0.0284537730196092,-0.0324286698732362));
#8517=CARTESIAN_POINT('',(-0.0784704688669364,-0.0300089610702998,-0.0272220787828382));
#8518=CARTESIAN_POINT('',(-0.0785729013474679,-0.0305817402485192,-0.0250952846355591));
#8519=CARTESIAN_POINT('',(-0.0786725322289177,-0.0310535126665678,-0.0228829393829292));
#8520=CARTESIAN_POINT('',(-0.100892141074933,0.000978891621194066,-0.0828097218253025));
#8521=CARTESIAN_POINT('',(-0.100888757836812,0.000948022862996825,-0.0828074908866956));
#8522=CARTESIAN_POINT('',(-0.10088851042813,0.000946194396355152,-0.0828073277431151));
#8523=CARTESIAN_POINT('',(-0.100886387895722,0.000928658136426171,-0.0828059281255521));
#8524=CARTESIAN_POINT('',(-0.100885730564683,0.000923954036916094,-0.0828054946753664));
#8525=CARTESIAN_POINT('',(-0.100883493750211,0.000907195848801412,-0.0828040196991503));
#8526=CARTESIAN_POINT('',(-0.100882291946762,0.000898952522454842,-0.0828032272188055));
#8527=CARTESIAN_POINT('',(-0.10087879901411,0.000875395396724419,-0.0828009239466073));
#8528=CARTESIAN_POINT('',(-0.100876814286237,0.000863206927203705,-0.0827996151986332));
#8529=CARTESIAN_POINT('',(-0.100871129536813,0.000829475455406175,-0.0827958666221197));
#8530=CARTESIAN_POINT('',(-0.100867797578753,0.00081176070639785,-0.0827936694980612));
#8531=CARTESIAN_POINT('',(-0.100858204580949,0.000763020361425644,-0.0827873437863047));
#8532=CARTESIAN_POINT('',(-0.100852426432588,0.000737211180213047,-0.0827835336216657));
#8533=CARTESIAN_POINT('',(-0.10083563874791,0.000666196973381611,-0.082772463666632));
#8534=CARTESIAN_POINT('',(-0.100825272115615,0.000628356097583547,-0.0827656278131147));
#8535=CARTESIAN_POINT('',(-0.10079484390591,0.000523975854126843,-0.0827455631693203));
#8536=CARTESIAN_POINT('',(-0.100775581528161,0.000467861422673087,-0.0827328613787157));
#8537=CARTESIAN_POINT('',(-0.100718482011289,0.000312571565278573,-0.0826952094275179));
#8538=CARTESIAN_POINT('',(-0.100681573554449,0.00022839671327603,-0.0826708716486403));
#8539=CARTESIAN_POINT('',(-0.100571436854829,-5.02332722811171E-6,-0.0825982464870543));
#8540=CARTESIAN_POINT('',(-0.10049896991011,-0.000132808965246437,-0.0825504611113553));
#8541=CARTESIAN_POINT('',(-0.100281087020457,-0.000488696292773791,-0.0824067871123936));
#8542=CARTESIAN_POINT('',(-0.100135776478194,-0.000685338948524942,-0.082310967992622));
#8543=CARTESIAN_POINT('',(-0.0996979736279122,-0.00123347678045883,-0.0820222767311966));
#8544=CARTESIAN_POINT('',(-0.0994033126102323,-0.00153891585163694,-0.0818279745222625));
#8545=CARTESIAN_POINT('',(-0.0985188252579713,-0.002387781335576,-0.0812447353558392));
#8546=CARTESIAN_POINT('',(-0.0979256584144642,-0.00286046293407818,-0.0808535956358174));
#8547=CARTESIAN_POINT('',(-0.0961366812171256,-0.00418330906510731,-0.0796739274736684));
#8548=CARTESIAN_POINT('',(-0.0949320710307957,-0.00492677401090146,-0.0788795963403862));
#8549=CARTESIAN_POINT('',(-0.0925078713005632,-0.00631761140247279,-0.0772810565463978));
#8550=CARTESIAN_POINT('',(-0.091288154507035,-0.00695717422610494,-0.0764767639761712));
#8551=CARTESIAN_POINT('',(-0.0897567215278108,-0.00771753105061468,-0.0754669228609532));
#8552=CARTESIAN_POINT('',(-0.0894500891129833,-0.00786754120209024,-0.0752647266016715));
#8553=CARTESIAN_POINT('',(-0.0890663953307509,-0.00805274794948356,-0.0750117153617312));
#8554=CARTESIAN_POINT('',(-0.0889896363955845,-0.00808967380035158,-0.07496109980771));
#8555=CARTESIAN_POINT('',(-0.088874468223916,-0.00814489382986194,-0.0748851568467765));
#8556=CARTESIAN_POINT('',(-0.0888360738716954,-0.00816327237969319,-0.0748598392546967));
#8557=CARTESIAN_POINT('',(-0.0887592753250615,-0.00819997395080305,-0.0748091975805068));
#8558=CARTESIAN_POINT('',(-0.088711108121463,-0.00822012889791488,-0.0747810975893562));
#8559=CARTESIAN_POINT('',(-0.0884944249619921,-0.00831661659176561,-0.0746468789859657));
#8560=CARTESIAN_POINT('',(-0.0883216398163993,-0.00839407793581074,-0.0745383932871699));
#8561=CARTESIAN_POINT('',(-0.0874604934901001,-0.00878282053527531,-0.0739902699129475));
#8562=CARTESIAN_POINT('',(-0.0867804649908845,-0.00909837312386356,-0.0735336316465413));
#8563=CARTESIAN_POINT('',(-0.0847661454020513,-0.0100625736350514,-0.0721020376568592));
#8564=CARTESIAN_POINT('',(-0.0834662494585,-0.0107240892896172,-0.0710726918404232));
#8565=CARTESIAN_POINT('',(-0.080973003514861,-0.0121022525079623,-0.0688247433985066));
#8566=CARTESIAN_POINT('',(-0.0797639258004433,-0.012827221914178,-0.0675917166009522));
#8567=CARTESIAN_POINT('',(-0.0775608435886657,-0.0143448426215098,-0.0648946217478977));
#8568=CARTESIAN_POINT('',(-0.0765652579815768,-0.0151375135593565,-0.0634288377042038));
#8569=CARTESIAN_POINT('',(-0.0748800357948601,-0.0167158337117359,-0.0603937769157932));
#8570=CARTESIAN_POINT('',(-0.0741814929128523,-0.0175076352141339,-0.0588131252108356));
#8571=CARTESIAN_POINT('',(-0.0724944162496446,-0.0198021673707454,-0.0540737407731876));
#8572=CARTESIAN_POINT('',(-0.0718785018580524,-0.0212415585905774,-0.0508892390589587));
#8573=CARTESIAN_POINT('',(-0.0711492466241479,-0.0239348679801475,-0.0445610724419957));
#8574=CARTESIAN_POINT('',(-0.0710401062231849,-0.0251844874531603,-0.0414297241556201));
#8575=CARTESIAN_POINT('',(-0.0710361870375198,-0.0274853218882503,-0.0352276337122702));
#8576=CARTESIAN_POINT('',(-0.0711441446128395,-0.0285474897048489,-0.032150142557949));
#8577=CARTESIAN_POINT('',(-0.0713825783772268,-0.0301026075431665,-0.0268851685011337));
#8578=CARTESIAN_POINT('',(-0.0714944524063186,-0.0306670533640649,-0.0247501773479663));
#8579=CARTESIAN_POINT('',(-0.0716074388719836,-0.0311257918734834,-0.0225435906281342));
#8580=CARTESIAN_POINT('',(-0.0992141145376261,0.00249056550279588,-0.0817032155577886));
#8581=CARTESIAN_POINT('',(-0.0992139212377003,0.0024902604357835,-0.0817030880940241));
#8582=CARTESIAN_POINT('',(-0.0992137268456588,0.00248995659240722,-0.0817029599101083));
#8583=CARTESIAN_POINT('',(-0.0992133358951472,0.00248935093760967,-0.0817027021137138));
#8584=CARTESIAN_POINT('',(-0.0992131391936979,0.00248904933529318,-0.0817025724069531));
#8585=CARTESIAN_POINT('',(-0.0992125479157454,0.00248814570088469,-0.0817021825127853));
#8586=CARTESIAN_POINT('',(-0.0992121510290288,0.00248754597691231,-0.0817019208020021));
#8587=CARTESIAN_POINT('',(-0.0992109556297749,0.00248575153980456,-0.0817011325446431));
#8588=CARTESIAN_POINT('',(-0.0992101516394327,0.00248456229950966,-0.0817006023859519));
#8589=CARTESIAN_POINT('',(-0.0992077257275148,0.00248100850688192,-0.0816990027171255));
#8590=CARTESIAN_POINT('',(-0.0992060893511462,0.00247865839624202,-0.0816979236753656));
#8591=CARTESIAN_POINT('',(-0.0992011417205705,0.00247164653089921,-0.0816946611618597));
#8592=CARTESIAN_POINT('',(-0.0991977909391404,0.00246702271783872,-0.081692451625496));
#8593=CARTESIAN_POINT('',(-0.0991876401066598,0.00245326143388956,-0.0816857580723783));
#8594=CARTESIAN_POINT('',(-0.0991807429946655,0.00244423640623239,-0.0816812100527376));
#8595=CARTESIAN_POINT('',(-0.0991597975660495,0.00241745311458339,-0.0816673984427755));
#8596=CARTESIAN_POINT('',(-0.0991454947930125,0.00239998705967113,-0.081657967061533));
#8597=CARTESIAN_POINT('',(-0.0991019394669688,0.0023483318956533,-0.0816292462754313));
#8598=CARTESIAN_POINT('',(-0.0990720889909488,0.00231494576009814,-0.0816095625945895));
#8599=CARTESIAN_POINT('',(-0.0989811600112469,0.00221682977498189,-0.0815496031817305));
#8600=CARTESIAN_POINT('',(-0.0989186385296195,0.00215407666248842,-0.081508375936668));
#8601=CARTESIAN_POINT('',(-0.0987277360642597,0.00197048093301721,-0.0813824930798072));
#8602=CARTESIAN_POINT('',(-0.0985962142251759,0.00185453424265352,-0.0812957663588492));
#8603=CARTESIAN_POINT('',(-0.0981954956277413,0.0015181654124332,-0.0810315287978137));
#8604=CARTESIAN_POINT('',(-0.0979193855378145,0.00130875871031252,-0.0808494592427529));
#8605=CARTESIAN_POINT('',(-0.0970840683058758,0.000708571980262677,-0.0802986433098978));
#8606=CARTESIAN_POINT('',(-0.0965145486487711,0.000343522660801159,-0.0799230967639713));
#8607=CARTESIAN_POINT('',(-0.0947878669601895,-0.000701341928152285,-0.0787845068382822));
#8608=CARTESIAN_POINT('',(-0.0936120643397514,-0.0013294369393305,-0.0780091716812102));
#8609=CARTESIAN_POINT('',(-0.0912378913636754,-0.00252301042615771,-0.0764436199930909));
#8610=CARTESIAN_POINT('',(-0.090038598382889,-0.00308592898230889,-0.0756527950744605));
#8611=CARTESIAN_POINT('',(-0.088529851207132,-0.00376285510271203,-0.0746579131885352));
#8612=CARTESIAN_POINT('',(-0.088227603294141,-0.00389685724804022,-0.0744586081104378));
#8613=CARTESIAN_POINT('',(-0.0878492240306339,-0.00406278014693098,-0.0742091013134595));
#8614=CARTESIAN_POINT('',(-0.0877735196743562,-0.00409588564056754,-0.0741591811585412));
#8615=CARTESIAN_POINT('',(-0.0876599212920724,-0.00414542776974777,-0.0740842733312919));
#8616=CARTESIAN_POINT('',(-0.0876220481896106,-0.00416192245984839,-0.0740592994561401));
#8617=CARTESIAN_POINT('',(-0.0875462881813782,-0.00419487354132991,-0.0740093426038065));
#8618=CARTESIAN_POINT('',(-0.0874958631228004,-0.00421136337047138,-0.0739759928370285));
#8619=CARTESIAN_POINT('',(-0.0872747231429918,-0.00429389919156332,-0.073829134401928));
#8620=CARTESIAN_POINT('',(-0.0870984584190054,-0.0043601894735545,-0.0737103881248939));
#8621=CARTESIAN_POINT('',(-0.0862203596874076,-0.00469297986708531,-0.0731101619342516));
#8622=CARTESIAN_POINT('',(-0.0855281713037305,-0.0049634767422909,-0.0726093058867567));
#8623=CARTESIAN_POINT('',(-0.0834827071288134,-0.00578940663174234,-0.0710347551423764));
#8624=CARTESIAN_POINT('',(-0.0821686336741461,-0.00635563637118772,-0.0698973613882702));
#8625=CARTESIAN_POINT('',(-0.079677141514138,-0.00751985249578697,-0.067388112711257));
#8626=CARTESIAN_POINT('',(-0.0784865467870388,-0.00812065471523274,-0.0659908852132216));
#8627=CARTESIAN_POINT('',(-0.0763824622386574,-0.00936948199210108,-0.0629720436444595));
#8628=CARTESIAN_POINT('',(-0.0754668875586667,-0.0100171582361293,-0.0613488887379556));
#8629=CARTESIAN_POINT('',(-0.0739709750317748,-0.0113130448880222,-0.0580593548282832));
#8630=CARTESIAN_POINT('',(-0.0733804492804546,-0.0119669750066464,-0.0563806361798114));
#8631=CARTESIAN_POINT('',(-0.0719973941419289,-0.013889158676669,-0.0514397124432581));
#8632=CARTESIAN_POINT('',(-0.0715534491305399,-0.0151336300423297,-0.0482339884029973));
#8633=CARTESIAN_POINT('',(-0.0710648192180426,-0.0175282712197312,-0.0419514476809303));
#8634=CARTESIAN_POINT('',(-0.0710300688142151,-0.0186724052766486,-0.0388861465957151));
#8635=CARTESIAN_POINT('',(-0.0711172168029826,-0.0208072769876745,-0.0328718743343851));
#8636=CARTESIAN_POINT('',(-0.0712427589702082,-0.0218082955634034,-0.0299133128233264));
#8637=CARTESIAN_POINT('',(-0.071479589172205,-0.0232607947834921,-0.0249980373308674));
#8638=CARTESIAN_POINT('',(-0.0715822884859324,-0.023784263419234,-0.0230390082432299));
#8639=CARTESIAN_POINT('',(-0.071681427517269,-0.024207407334495,-0.0210671487365215));
#8640=CARTESIAN_POINT('',(0.0992141187744929,0.00249057225618124,-0.0817032183516178));
#8641=CARTESIAN_POINT('',(0.0992140219510217,0.00249041940295832,-0.0817031545053225));
#8642=CARTESIAN_POINT('',(0.0992139253051055,0.0024902664164343,-0.0817030907761088));
#8643=CARTESIAN_POINT('',(0.099213730139414,0.0024899622095658,-0.081702962082041));
#8644=CARTESIAN_POINT('',(0.0992136323879375,0.00248981026845723,-0.0817028976238104));
#8645=CARTESIAN_POINT('',(0.0992133385461037,0.00248935501057216,-0.0817027038617789));
#8646=CARTESIAN_POINT('',(0.0992131413976325,0.00248905271234621,-0.0817025738602479));
#8647=CARTESIAN_POINT('',(0.0992125487578698,0.00248814696736016,-0.0817021830680899));
#8648=CARTESIAN_POINT('',(0.0992121509096326,0.00248754578941847,-0.0817019207232709));
#8649=CARTESIAN_POINT('',(0.0992109525323788,0.00248574690744428,-0.0817011305021912));
#8650=CARTESIAN_POINT('',(0.0992101464193076,0.00248455457867568,-0.0817005989437529));
#8651=CARTESIAN_POINT('',(0.0992077138637389,0.0024809912771685,-0.0816989948940415));
#8652=CARTESIAN_POINT('',(0.0992060726154439,0.00247863440441997,-0.0816979126396882));
#8653=CARTESIAN_POINT('',(0.0992011118504305,0.00247160475251259,-0.0816946414652121));
#8654=CARTESIAN_POINT('',(0.0991977540419651,0.00246697195673825,-0.0816924272951561));
#8655=CARTESIAN_POINT('',(0.0991875794686505,0.00245318072454561,-0.0816857180871123));
#8656=CARTESIAN_POINT('',(0.099180659380396,0.00244412734444566,-0.0816811549167124));
#8657=CARTESIAN_POINT('',(0.0991596482476757,0.0024172665135622,-0.0816672999808543));
#8658=CARTESIAN_POINT('',(0.0991453106313645,0.00239976355641392,-0.0816578456236335));
#8659=CARTESIAN_POINT('',(0.0991016702795792,0.0023480229487123,-0.081629068770769));
#8660=CARTESIAN_POINT('',(0.099071724931591,0.00231453991091415,-0.0816093225304712));
#8661=CARTESIAN_POINT('',(0.0989804418378985,0.00221608117894187,-0.0815491296115613));
#8662=CARTESIAN_POINT('',(0.0989177675714475,0.00215321114624848,-0.0815078016187685));
#8663=CARTESIAN_POINT('',(0.0987265774560264,0.00196942309772867,-0.0813817290827885));
#8664=CARTESIAN_POINT('',(0.0985948307003962,0.00185331955695418,-0.0812948540497729));
#8665=CARTESIAN_POINT('',(0.0981928113647355,0.00151601996813419,-0.0810297587698829));
#8666=CARTESIAN_POINT('',(0.0979161911246568,0.00130635778565399,-0.0808473528170787));
#8667=CARTESIAN_POINT('',(0.0970792040154967,0.000705290460011607,-0.0802954357516906));
#8668=CARTESIAN_POINT('',(0.0965084970436467,0.000339672144800995,-0.079919106279405));
#8669=CARTESIAN_POINT('',(0.0947781381583923,-0.000706848480535895,-0.0787780915761127));
#8670=CARTESIAN_POINT('',(0.0935997291186629,-0.00133598366838579,-0.0780010377219776));
#8671=CARTESIAN_POINT('',(0.0912201938647978,-0.00253155772689126,-0.0764319500981327));
#8672=CARTESIAN_POINT('',(0.090018139868609,-0.00309543604497073,-0.0756393045403292));
#8673=CARTESIAN_POINT('',(0.0885058768586383,-0.0037735256381945,-0.0746421042807033));
#8674=CARTESIAN_POINT('',(0.0882029224469818,-0.00390775863029456,-0.0744423333308309));
#8675=CARTESIAN_POINT('',(0.0878236562360277,-0.00407396792621745,-0.074192241672477));
#8676=CARTESIAN_POINT('',(0.0877477742988375,-0.0041071305910989,-0.0741422044190574));
#8677=CARTESIAN_POINT('',(0.0875959542521353,-0.00417330089288371,-0.074042092871668));
#8678=CARTESIAN_POINT('',(0.0875093822478627,-0.00420629339732158,-0.0739850522801211));
#8679=CARTESIAN_POINT('',(0.0872435247023502,-0.00430560717725827,-0.0738082012442937));
#8680=CARTESIAN_POINT('',(0.0870669343097129,-0.00437208028552963,-0.0736890317391943));
#8681=CARTESIAN_POINT('',(0.0861872111780928,-0.00470579692038096,-0.0730866397880566));
#8682=CARTESIAN_POINT('',(0.0854937355598899,-0.00497707319098722,-0.072583894406072));
#8683=CARTESIAN_POINT('',(0.0834444683855479,-0.00580548815116584,-0.0710030389367552));
#8684=CARTESIAN_POINT('',(0.0821370153787616,-0.00636970005038904,-0.0698682969453053));
#8685=CARTESIAN_POINT('',(0.0796533169871788,-0.00753171198716024,-0.0673612765154078));
#8686=CARTESIAN_POINT('',(0.0784679774318082,-0.00813086731008848,-0.0659666526843843));
#8687=CARTESIAN_POINT('',(0.0763752561588666,-0.00937457778518765,-0.0629592649419023));
#8688=CARTESIAN_POINT('',(0.0754568471628901,-0.0100249315705947,-0.0613292949811214));
#8689=CARTESIAN_POINT('',(0.0739660389544137,-0.0113182547770956,-0.0580459900195445));
#8690=CARTESIAN_POINT('',(0.0733836451692467,-0.0119632477710219,-0.0563901981153546));
#8691=CARTESIAN_POINT('',(0.0724612513020419,-0.0132437756401885,-0.0530986716615683));
#8692=CARTESIAN_POINT('',(0.0721200802318166,-0.0138793051264466,-0.051461841940926));
#8693=CARTESIAN_POINT('',(0.0716016322974057,-0.0151354511180978,-0.0482136026199103));
#8694=CARTESIAN_POINT('',(0.0714272998894073,-0.0157479919232043,-0.046622406592367));
#8695=CARTESIAN_POINT('',(0.0710643321631143,-0.0175385163948331,-0.0419240642890868));
#8696=CARTESIAN_POINT('',(0.0710302585747976,-0.0186718918370853,-0.0388872117962874));
#8697=CARTESIAN_POINT('',(0.0711167168645078,-0.020800173533761,-0.0328922657687143));
#8698=CARTESIAN_POINT('',(0.0712416935441521,-0.0218006151397154,-0.0299372754653991));
#8699=CARTESIAN_POINT('',(0.0714787136317074,-0.0232561797128075,-0.0250149902233344));
#8700=CARTESIAN_POINT('',(0.0715817887272172,-0.023782296013262,-0.0230498111090936));
#8701=CARTESIAN_POINT('',(0.0716815313323997,-0.0242079293071348,-0.0210655812420162));
#8702=CARTESIAN_POINT('',(0.100892397004356,0.000981418541916263,-0.0828098905875385));
#8703=CARTESIAN_POINT('',(0.100889932449439,0.000958794431922152,-0.0828082654371595));
#8704=CARTESIAN_POINT('',(0.100889641590423,0.000955634839558806,-0.0828080736420258));
#8705=CARTESIAN_POINT('',(0.100888524154742,0.000946300392383398,-0.08280733679457));
#8706=CARTESIAN_POINT('',(0.100887998057753,0.00094196202300099,-0.0828069898813345));
#8707=CARTESIAN_POINT('',(0.100886396034759,0.000928714310887442,-0.0828059334925084));
#8708=CARTESIAN_POINT('',(0.100885739231953,0.000924019808909863,-0.0828055003906444));
#8709=CARTESIAN_POINT('',(0.100883495917665,0.000907209502172157,-0.0828040211283895));
#8710=CARTESIAN_POINT('',(0.10088229142261,0.000898948411865355,-0.082803226873175));
#8711=CARTESIAN_POINT('',(0.100878790353097,0.000875338264134434,-0.0828009182354549));
#8712=CARTESIAN_POINT('',(0.100876801211754,0.000863125903127784,-0.0827996065771978));
#8713=CARTESIAN_POINT('',(0.100871103475677,0.000829327934662719,-0.0827958494371651));
#8714=CARTESIAN_POINT('',(0.100867763432975,0.000811578838262131,-0.0827936469820183));
#8715=CARTESIAN_POINT('',(0.100858150113819,0.00076276065258362,-0.0827873078701739));
#8716=CARTESIAN_POINT('',(0.100852362861448,0.000736927524196991,-0.0827834917022662));
#8717=CARTESIAN_POINT('',(0.100835543621846,0.000665824401301752,-0.0827724009396229));
#8718=CARTESIAN_POINT('',(0.100825146412113,0.000627897054538622,-0.0827655449230585));
#8719=CARTESIAN_POINT('',(0.100794635553162,0.000523317446948684,-0.0827454257795857));
#8720=CARTESIAN_POINT('',(0.10077533409325,0.000467144750099146,-0.082732698217839));
#8721=CARTESIAN_POINT('',(0.100718141260602,0.000311733302088846,-0.0826949847333541));
#8722=CARTESIAN_POINT('',(0.100681123020527,0.000227366205054729,-0.0826705745623899));
#8723=CARTESIAN_POINT('',(0.10057058634766,-6.67272285271778E-6,-0.0825976856547394));
#8724=CARTESIAN_POINT('',(0.100497962443416,-0.000134568129343752,-0.0825497967784725));
#8725=CARTESIAN_POINT('',(0.100279791803396,-0.000490582117544548,-0.082405933034241));
#8726=CARTESIAN_POINT('',(0.100134247362671,-0.000687411968327406,-0.0823099596796636));
#8727=CARTESIAN_POINT('',(0.0996950764178084,-0.00123678382201427,-0.0820203662839639));
#8728=CARTESIAN_POINT('',(0.0993999054217962,-0.00154242599697352,-0.081825727790593));
#8729=CARTESIAN_POINT('',(0.0985137246172203,-0.00239219131727263,-0.0812413719460092));
#8730=CARTESIAN_POINT('',(0.0979193563341541,-0.00286546620119864,-0.0808494399856025));
#8731=CARTESIAN_POINT('',(0.096126666319318,-0.00419002148773172,-0.0796673235571097));
#8732=CARTESIAN_POINT('',(0.0949194332693805,-0.00493454981633471,-0.0788712628832289));
#8733=CARTESIAN_POINT('',(0.0924898440572365,-0.00632742237292335,-0.0772691692149167));
#8734=CARTESIAN_POINT('',(0.0912673556696454,-0.00696795675299121,-0.0764630490298119));
#8735=CARTESIAN_POINT('',(0.089732395270081,-0.00772948953127097,-0.075450881900909));
#8736=CARTESIAN_POINT('',(0.0894250541280274,-0.00787973289759175,-0.0752482183003109));
#8737=CARTESIAN_POINT('',(0.0890404707037986,-0.00806522888317814,-0.0749946204221901));
#8738=CARTESIAN_POINT('',(0.0889635336533833,-0.00810221246754324,-0.0749438874173193));
#8739=CARTESIAN_POINT('',(0.0888096194941956,-0.00817595441655468,-0.0748423949927302));
#8740=CARTESIAN_POINT('',(0.0887243582994242,-0.00821420355022394,-0.0747893753482402));
#8741=CARTESIAN_POINT('',(0.0884638460366457,-0.00833029933833844,-0.0746277526497732));
#8742=CARTESIAN_POINT('',(0.0882907327756486,-0.00840797074809611,-0.074518885509194));
#8743=CARTESIAN_POINT('',(0.0874279468476678,-0.00879777996125607,-0.0739688131746611));
#8744=CARTESIAN_POINT('',(0.0867466098973981,-0.00911423723037512,-0.0735104837363816));
#8745=CARTESIAN_POINT('',(0.0847283717079126,-0.0100813651800732,-0.0720732917163488));
#8746=CARTESIAN_POINT('',(0.0834348452792167,-0.0107405992761894,-0.0710464968917143));
#8747=CARTESIAN_POINT('',(0.080948920517602,-0.0121164326853015,-0.0688008624550892));
#8748=CARTESIAN_POINT('',(0.0797447619255352,-0.0128395913360926,-0.0675701822680168));
#8749=CARTESIAN_POINT('',(0.0775530158304076,-0.0143510770260039,-0.0648830880599662));
#8750=CARTESIAN_POINT('',(0.0765541683346261,-0.0151470077498356,-0.0634109581669928));
#8751=CARTESIAN_POINT('',(0.0748742514422598,-0.0167221521194157,-0.0603812455075006));
#8752=CARTESIAN_POINT('',(0.074185294484076,-0.0175031401766772,-0.0588221749393034));
#8753=CARTESIAN_POINT('',(0.0730603341377466,-0.0190318119138549,-0.0556651527546519));
#8754=CARTESIAN_POINT('',(0.0726231341708604,-0.0197796457608752,-0.0540671513283781));
#8755=CARTESIAN_POINT('',(0.0719363909907356,-0.0212346401970189,-0.0508574528018022));
#8756=CARTESIAN_POINT('',(0.0716904658039678,-0.021932686855222,-0.0492661377645242));
#8757=CARTESIAN_POINT('',(0.0711480408947704,-0.0239461040471147,-0.0445331149562416));
#8758=CARTESIAN_POINT('',(0.0710403788702679,-0.0251838949792003,-0.0414307409551027));
#8759=CARTESIAN_POINT('',(0.0710359293440535,-0.0274777051995654,-0.035248743319695));
#8760=CARTESIAN_POINT('',(0.0711431530640415,-0.028539287365504,-0.032175446485503));
#8761=CARTESIAN_POINT('',(0.0713816435100304,-0.0300976527858326,-0.0269035669033158));
#8762=CARTESIAN_POINT('',(0.0714938927385022,-0.0306649547810441,-0.0247623174563631));
#8763=CARTESIAN_POINT('',(0.0716075673021691,-0.0311263862693386,-0.0225418259941152));
#8764=CARTESIAN_POINT('',(0.103067609272669,-0.000182964291457954,-0.0823286937535966));
#8765=CARTESIAN_POINT('',(0.103067389708792,-0.000220191148855719,-0.0823133092551276));
#8766=CARTESIAN_POINT('',(0.103067415803282,-0.000225208093382921,-0.0823110800670754));
#8767=CARTESIAN_POINT('',(0.10306722063759,-0.000240335867260265,-0.082304692558024));
#8768=CARTESIAN_POINT('',(0.103067122886114,-0.000247354204455682,-0.0823017146451162));
#8769=CARTESIAN_POINT('',(0.10306682904428,-0.000268777551286829,-0.0822925854866358));
#8770=CARTESIAN_POINT('',(0.103066631895809,-0.00027625748370558,-0.0822893628820237));
#8771=CARTESIAN_POINT('',(0.103066039256046,-0.000303158664737813,-0.0822777518102309));
#8772=CARTESIAN_POINT('',(0.103065641407809,-0.000316243934929316,-0.0822720320488434));
#8773=CARTESIAN_POINT('',(0.103064443030555,-0.000353556097998554,-0.0822556393138423));
#8774=CARTESIAN_POINT('',(0.103063636917484,-0.000372622979951332,-0.082247118749948));
#8775=CARTESIAN_POINT('',(0.103061204361915,-0.000425148709833846,-0.0822234728138921));
#8776=CARTESIAN_POINT('',(0.10305956311362,-0.00045229839794828,-0.0822109653494533));
#8777=CARTESIAN_POINT('',(0.103054602348607,-0.000526481477369001,-0.08217644450094));
#8778=CARTESIAN_POINT('',(0.103051244540142,-0.000564922458670149,-0.0821579929722673));
#8779=CARTESIAN_POINT('',(0.103041069966827,-0.000669806014549438,-0.0821069685707642));
#8780=CARTESIAN_POINT('',(0.103034149878572,-0.00072424909876059,-0.0820793751571644));
#8781=CARTESIAN_POINT('',(0.103013138745852,-0.000872712116350372,-0.0820027971303094));
#8782=CARTESIAN_POINT('',(0.102998801129541,-0.000949765329417385,-0.0819608880623062));
#8783=CARTESIAN_POINT('',(0.102955160777755,-0.00116011727087852,-0.0818438954144094));
#8784=CARTESIAN_POINT('',(0.102925215429767,-0.00126968586884447,-0.0817787460243766));
#8785=CARTESIAN_POINT('',(0.102833932336075,-0.0015690583059527,-0.081595724118934));
#8786=CARTESIAN_POINT('',(0.102771258069623,-0.00172515250402011,-0.0814921583528119));
#8787=CARTESIAN_POINT('',(0.102580067954205,-0.00215292211477835,-0.0811987224963734));
#8788=CARTESIAN_POINT('',(0.10244832119857,-0.00237811400378026,-0.0810285713572509));
#8789=CARTESIAN_POINT('',(0.102046301862916,-0.00299761050918459,-0.0805416878607295));
#8790=CARTESIAN_POINT('',(0.101769681622829,-0.00332674765754595,-0.0802526206173946));
#8791=CARTESIAN_POINT('',(0.100932694513682,-0.00423183741224917,-0.079421541529215));
#8792=CARTESIAN_POINT('',(0.100361987541812,-0.0047176112790589,-0.0789174040150195));
#8793=CARTESIAN_POINT('',(0.0986316286565915,-0.00606852857510857,-0.0774445075773725));
#8794=CARTESIAN_POINT('',(0.097453219616874,-0.00680976626681205,-0.0765231689486739));
#8795=CARTESIAN_POINT('',(0.0950736843629397,-0.00819354986741777,-0.0747070725658072));
#8796=CARTESIAN_POINT('',(0.0938716303668115,-0.00882592796816333,-0.0738169078024309));
#8797=CARTESIAN_POINT('',(0.0923593673568083,-0.00957653176275598,-0.0727130679757628));
#8798=CARTESIAN_POINT('',(0.0920564129451583,-0.00972453319351641,-0.0724927970478152));
#8799=CARTESIAN_POINT('',(0.0916771467342041,-0.00990717970196083,-0.0722179726587929));
#8800=CARTESIAN_POINT('',(0.0916012647970146,-0.00994359100899095,-0.0721630335892419));
#8801=CARTESIAN_POINT('',(0.0914494447503111,-0.0100161841093874,-0.0720532047473592));
#8802=CARTESIAN_POINT('',(0.0913734830499248,-0.0100523494191684,-0.0719983405159929));
#8803=CARTESIAN_POINT('',(0.0911463857090807,-0.0101611274949411,-0.0718328768941524));
#8804=CARTESIAN_POINT('',(0.0909957552532829,-0.0102338199365563,-0.0717217121667258));
#8805=CARTESIAN_POINT('',(0.0902465089431422,-0.0105982064786308,-0.071161513288344));
#8806=CARTESIAN_POINT('',(0.0896595698383452,-0.0108926574527321,-0.0706993970493766));
#8807=CARTESIAN_POINT('',(0.0879396327966992,-0.0117873284800421,-0.0692664782746191));
#8808=CARTESIAN_POINT('',(0.0868617765878041,-0.0123908174096823,-0.0682622471182674));
#8809=CARTESIAN_POINT('',(0.0848742032719736,-0.0136252362976529,-0.0661309983582889));
#8810=CARTESIAN_POINT('',(0.0839679150875217,-0.0142575674538525,-0.0650015308346576));
#8811=CARTESIAN_POINT('',(0.0823668708452796,-0.0155637069444062,-0.0625852264743897));
#8812=CARTESIAN_POINT('',(0.081665306768871,-0.0162434946777824,-0.0612857591718782));
#8813=CARTESIAN_POINT('',(0.0805050537230283,-0.0175908775080716,-0.0586236485211948));
#8814=CARTESIAN_POINT('',(0.080039805013007,-0.0182606638643255,-0.0572579780847796));
#8815=CARTESIAN_POINT('',(0.0792857723738616,-0.0195878197823997,-0.0544692639303547));
#8816=CARTESIAN_POINT('',(0.0789968305943721,-0.0202451755879248,-0.0530462802265311));
#8817=CARTESIAN_POINT('',(0.0785498932767137,-0.0215432078332692,-0.0501527044987687));
#8818=CARTESIAN_POINT('',(0.0783945052704139,-0.0221755395556196,-0.0487008359162133));
#8819=CARTESIAN_POINT('',(0.0780675339378543,-0.0240239050949642,-0.0443317164313155));
#8820=CARTESIAN_POINT('',(0.0780314586405425,-0.0251935932596217,-0.0414001685633654));
#8821=CARTESIAN_POINT('',(0.0781140610949312,-0.0274017581586997,-0.0354576029427832));
#8822=CARTESIAN_POINT('',(0.0782351215215583,-0.0284456481296114,-0.0324535332079809));
#8823=CARTESIAN_POINT('',(0.0784695970495459,-0.0300039548451006,-0.0272403785255005));
#8824=CARTESIAN_POINT('',(0.0785723993422914,-0.0305795863735607,-0.0251074718124196));
#8825=CARTESIAN_POINT('',(0.0786726369934762,-0.0310541320854149,-0.022881172080242));
#8826=CARTESIAN_POINT('',(1.53143556863578E-17,-0.033,0.091));
#8827=CARTESIAN_POINT('',(-0.00692508933327566,-0.032829189702307,0.091));
#8828=CARTESIAN_POINT('',(-0.0138777336993263,-0.0327402290921155,0.0909999999999517));
#8829=CARTESIAN_POINT('',(-0.0278219684203945,-0.0325090694762647,0.0910000000000483));
#8830=CARTESIAN_POINT('',(-0.0348133208342534,-0.0323694902737876,0.091));
#8831=CARTESIAN_POINT('',(-0.0488276833569879,-0.0317696000498354,0.091));
#8832=CARTESIAN_POINT('',(-0.0558501691037751,-0.0313165082148828,0.0909999999999036));
#8833=CARTESIAN_POINT('',(-0.0646547175296721,-0.0302693109458756,0.0910000000000241));
#8834=CARTESIAN_POINT('',(-0.0664170222517236,-0.0300349897841208,0.091));
#8835=CARTESIAN_POINT('',(-0.0690629821153559,-0.0296373308497729,0.091));
#8836=CARTESIAN_POINT('',(-0.0699453873887209,-0.029497060760868,0.091));
#8837=CARTESIAN_POINT('',(-0.0712696894644922,-0.0292737465360874,0.091));
#8838=CARTESIAN_POINT('',(-0.0717112392941944,-0.0291971551626107,0.091));
#8839=CARTESIAN_POINT('',(-0.072594582949937,-0.029039420075642,0.091));
#8840=CARTESIAN_POINT('',(-0.073013081289184,-0.0289640820492749,0.0909999999999909));
#8841=CARTESIAN_POINT('',(-0.074542908251823,-0.0286897601033509,0.0910000000000233));
#8842=CARTESIAN_POINT('',(-0.0756440819665831,-0.0284923024015254,0.0910000000000316));
#8843=CARTESIAN_POINT('',(-0.076745255681344,-0.0282948446996998,0.0910000000000322));
#8844=CARTESIAN_POINT('',(1.50568576703924E-17,-0.033,0.095));
#8845=CARTESIAN_POINT('',(-0.00692508933327971,-0.0328291897025386,0.095));
#8846=CARTESIAN_POINT('',(-0.0138777336993267,-0.0327402290920396,0.0949999999999034));
#8847=CARTESIAN_POINT('',(-0.0278219684203942,-0.0325090694763406,0.0950000000000966));
#8848=CARTESIAN_POINT('',(-0.0348133208342579,-0.0323694902738918,0.095));
#8849=CARTESIAN_POINT('',(-0.0488276833569834,-0.0317696000497312,0.095));
#8850=CARTESIAN_POINT('',(-0.0558501691038026,-0.031316508215017,0.0949999999998554));
#8851=CARTESIAN_POINT('',(-0.0646547175296652,-0.0302693109458421,0.0950000000000361));
#8852=CARTESIAN_POINT('',(-0.066417022251735,-0.0300349897841964,0.095));
#8853=CARTESIAN_POINT('',(-0.0690629821153502,-0.0296373308497352,0.095));
#8854=CARTESIAN_POINT('',(-0.0699453873887286,-0.0294970607609135,0.095));
#8855=CARTESIAN_POINT('',(-0.0712696894644884,-0.0292737465360647,0.095));
#8856=CARTESIAN_POINT('',(-0.0717112392941985,-0.029197155162634,0.095));
#8857=CARTESIAN_POINT('',(-0.0725945829499329,-0.0290394200756188,0.095));
#8858=CARTESIAN_POINT('',(-0.0730130812891841,-0.0289640820492783,0.0949999999999879));
#8859=CARTESIAN_POINT('',(-0.0745429082518229,-0.0286897601033421,0.095000000000031));
#8860=CARTESIAN_POINT('',(-0.0756440819665823,-0.0284923024015123,0.0950000000000421));
#8861=CARTESIAN_POINT('',(-0.0767452556813426,-0.0282948446996853,0.0950000000000429));
#8862=CARTESIAN_POINT('',(9.86317167035115E-5,-0.0290012162118389,0.095));
#8863=CARTESIAN_POINT('',(-0.006857796646726,-0.0288296329238554,0.095));
#8864=CARTESIAN_POINT('',(-0.0138219032684299,-0.0287406050325596,0.095));
#8865=CARTESIAN_POINT('',(-0.0277451976067572,-0.0285097925544389,0.095));
#8866=CARTESIAN_POINT('',(-0.0347046310430676,-0.0283704798572109,0.095));
#8867=CARTESIAN_POINT('',(-0.0485942433439587,-0.027775929614716,0.095));
#8868=CARTESIAN_POINT('',(-0.0555250053371911,-0.0273269893725297,0.095));
#8869=CARTESIAN_POINT('',(-0.064145479629356,-0.0263016855520546,0.095));
#8870=CARTESIAN_POINT('',(-0.0658673569374507,-0.0260726771036473,0.095));
#8871=CARTESIAN_POINT('',(-0.0684460944829679,-0.0256851209510818,0.095));
#8872=CARTESIAN_POINT('',(-0.0693049922765312,-0.0255485771447877,0.095));
#8873=CARTESIAN_POINT('',(-0.070592205152622,-0.0253315171923063,0.095));
#8874=CARTESIAN_POINT('',(-0.0710210870036711,-0.0252571216706743,0.095));
#8875=CARTESIAN_POINT('',(-0.0718784520498946,-0.0251040254783929,0.095));
#8876=CARTESIAN_POINT('',(-0.0723070792422232,-0.0250268798561326,0.095));
#8877=CARTESIAN_POINT('',(-0.073836906204862,-0.0247525579102072,0.095));
#8878=CARTESIAN_POINT('',(-0.0749380799196214,-0.0245551002083783,0.095));
#8879=CARTESIAN_POINT('',(-0.0760392536343817,-0.0243576425065496,0.095));
#8880=CARTESIAN_POINT('',(1.53143556863578E-17,-0.033,0.091));
#8881=CARTESIAN_POINT('',(1.51435672460983E-17,-0.033,0.0936530447563914));
#8882=CARTESIAN_POINT('',(-3.25812943163975E-5,-0.0316790684701086,0.0949983777347992));
#8883=CARTESIAN_POINT('',(-9.86317166817666E-5,-0.0290012162109509,0.0949999985337696));
#8884=CARTESIAN_POINT('',(-0.0565618518513034,-0.0271186,0.095));
#8885=CARTESIAN_POINT('',(-0.0591488561734663,-0.0273515746886412,0.095));
#8886=CARTESIAN_POINT('',(-0.0643218759034908,-0.0278243550794571,0.0949253209803802));
#8887=CARTESIAN_POINT('',(-0.0694973253363981,-0.0281183603852705,0.094451078583303));
#8888=CARTESIAN_POINT('',(-0.0720564951957397,-0.0281185997174568,0.0940010628134002));
#8889=CARTESIAN_POINT('',(-9.86317167034709E-5,-0.0290012162118389,0.095));
#8890=CARTESIAN_POINT('',(0.00685779664671937,-0.0288296329238555,0.095));
#8891=CARTESIAN_POINT('',(0.0138219032684445,-0.0287406050326199,0.095));
#8892=CARTESIAN_POINT('',(0.0277451976067502,-0.0285097925543785,0.095));
#8893=CARTESIAN_POINT('',(0.0347046310431463,-0.0283704798572347,0.095));
#8894=CARTESIAN_POINT('',(0.0485942433438953,-0.0277759296146915,0.095));
#8895=CARTESIAN_POINT('',(0.0555250053371048,-0.0273269893725767,0.095));
#8896=CARTESIAN_POINT('',(0.0641454796293918,-0.0263016855520412,0.095));
#8897=CARTESIAN_POINT('',(0.0658673569374265,-0.0260726771036515,0.095));
#8898=CARTESIAN_POINT('',(0.0684460944829985,-0.0256851209510769,0.095));
#8899=CARTESIAN_POINT('',(0.0693049922765256,-0.025548577144784,0.095));
#8900=CARTESIAN_POINT('',(0.0705922051526438,-0.0253315171923049,0.095));
#8901=CARTESIAN_POINT('',(0.0710210870036779,-0.0252571216706743,0.095));
#8902=CARTESIAN_POINT('',(0.0718784520499137,-0.0251040254783883,0.095));
#8903=CARTESIAN_POINT('',(0.0723070792422483,-0.0250268798561318,0.095));
#8904=CARTESIAN_POINT('',(0.0738369062048493,-0.0247525579102,0.095));
#8905=CARTESIAN_POINT('',(0.0749380799196097,-0.0245551002083656,0.095));
#8906=CARTESIAN_POINT('',(0.0760392536343814,-0.0243576425065323,0.095));
#8907=CARTESIAN_POINT('',(2.69153189319526E-17,-0.033,0.095));
#8908=CARTESIAN_POINT('',(0.00692508933326839,-0.0328291897026354,0.095));
#8909=CARTESIAN_POINT('',(0.0138777336993534,-0.0327402290922087,0.0949999999999034));
#8910=CARTESIAN_POINT('',(0.0278219684203752,-0.0325090694761715,0.0950000000000966));
#8911=CARTESIAN_POINT('',(0.0348133208343126,-0.0323694902738915,0.095));
#8912=CARTESIAN_POINT('',(0.0488276833569442,-0.0317696000497307,0.095));
#8913=CARTESIAN_POINT('',(0.0558501691037165,-0.0313165082151483,0.0950000000001446));
#8914=CARTESIAN_POINT('',(0.0646547175297012,-0.0302693109458075,0.0949999999999639));
#8915=CARTESIAN_POINT('',(0.0664170222517111,-0.0300349897842127,0.0949999999999517));
#8916=CARTESIAN_POINT('',(0.0690629821153811,-0.0296373308497242,0.0950000000000241));
#8917=CARTESIAN_POINT('',(0.0699453873887233,-0.0294970607609098,0.095));
#8918=CARTESIAN_POINT('',(0.0712696894645105,-0.0292737465360632,0.095));
#8919=CARTESIAN_POINT('',(0.0717112392942027,-0.0291971551626346,0.095));
#8920=CARTESIAN_POINT('',(0.0725945829499553,-0.0290394200756133,0.095));
#8921=CARTESIAN_POINT('',(0.0730130812892092,-0.0289640820492744,0.095));
#8922=CARTESIAN_POINT('',(0.0745429082518102,-0.0286897601033427,0.095));
#8923=CARTESIAN_POINT('',(0.0756440819665706,-0.0284923024015082,0.095));
#8924=CARTESIAN_POINT('',(0.0767452556813424,-0.028294844699675,0.095));
#8925=CARTESIAN_POINT('',(2.65494006987388E-17,-0.033,0.091));
#8926=CARTESIAN_POINT('',(0.00692508933325975,-0.0328291897023073,0.091));
#8927=CARTESIAN_POINT('',(0.0138777336993519,-0.0327402290921151,0.0909999999999517));
#8928=CARTESIAN_POINT('',(0.0278219684203767,-0.032509069476265,0.0910000000000483));
#8929=CARTESIAN_POINT('',(0.0348133208343081,-0.0323694902737853,0.091));
#8930=CARTESIAN_POINT('',(0.0488276833569488,-0.0317696000498369,0.091));
#8931=CARTESIAN_POINT('',(0.0558501691036862,-0.0313165082148938,0.0910000000000964));
#8932=CARTESIAN_POINT('',(0.0646547175297088,-0.0302693109458711,0.0909999999999759));
#8933=CARTESIAN_POINT('',(0.0664170222516996,-0.0300349897841246,0.0909999999999638));
#8934=CARTESIAN_POINT('',(0.0690629821153868,-0.0296373308497682,0.0910000000000181));
#8935=CARTESIAN_POINT('',(0.0699453873887164,-0.0294970607608688,0.091));
#8936=CARTESIAN_POINT('',(0.071269689464514,-0.0292737465360837,0.091));
#8937=CARTESIAN_POINT('',(0.0717112392941983,-0.02919715516261,0.091));
#8938=CARTESIAN_POINT('',(0.0725945829499597,-0.0290394200756378,0.091));
#8939=CARTESIAN_POINT('',(0.0730130812892085,-0.0289640820492704,0.091));
#8940=CARTESIAN_POINT('',(0.074542908251812,-0.0286897601033528,0.091));
#8941=CARTESIAN_POINT('',(0.0756440819665739,-0.028492302401527,0.091));
#8942=CARTESIAN_POINT('',(0.0767452556813467,-0.0282948446996993,0.091));
#8943=CARTESIAN_POINT('',(0.0720569044812598,-0.0281185997544367,0.0940009908413532));
#8944=CARTESIAN_POINT('',(0.0694968202912124,-0.0281183765526906,0.09445118574596));
#8945=CARTESIAN_POINT('',(0.0643230311450509,-0.027824401727102,0.0949251802344252));
#8946=CARTESIAN_POINT('',(0.0591503376123955,-0.0273517081103474,0.095));
#8947=CARTESIAN_POINT('',(0.0565618518620622,-0.0271186,0.095));
#8948=CARTESIAN_POINT('',(-0.0996021055858707,0.00187186287563088,-0.0819590604548013));
#8949=CARTESIAN_POINT('',(-0.0996016667511979,0.00187270798813793,-0.0819587710831465));
#8950=CARTESIAN_POINT('',(-0.0996012092307093,0.00187353404776662,-0.0819584693898915));
#8951=CARTESIAN_POINT('',(-0.0996002785426068,0.00187517118583399,-0.0819578556855217));
#8952=CARTESIAN_POINT('',(-0.0995998043339487,0.00187598096742838,-0.0819575429879328));
#8953=CARTESIAN_POINT('',(-0.0995983655712421,0.00187839431595175,-0.0819565942544552));
#8954=CARTESIAN_POINT('',(-0.0995973833386216,0.00187998035820301,-0.081955946561152));
#8955=CARTESIAN_POINT('',(-0.0995943923861236,0.00188469461556254,-0.0819539742993247));
#8956=CARTESIAN_POINT('',(-0.0995923383114038,0.00188777787064851,-0.0819526198233966));
#8957=CARTESIAN_POINT('',(-0.0995860613211501,0.0018969138688657,-0.0819484807177851));
#8958=CARTESIAN_POINT('',(-0.0995817227525968,0.00190285196575252,-0.0819456198254276));
#8959=CARTESIAN_POINT('',(-0.0995684195277568,0.00192038124012474,-0.0819368475555401));
#8960=CARTESIAN_POINT('',(-0.0995591767519408,0.00193167151806734,-0.0819307527834121));
#8961=CARTESIAN_POINT('',(-0.099530868754846,0.00196472296109524,-0.0819120862274848));
#8962=CARTESIAN_POINT('',(-0.0995111290772983,0.00198576627593798,-0.0818990697009641));
#8963=CARTESIAN_POINT('',(-0.0994508596264337,0.00204674044486644,-0.081859327465881));
#8964=CARTESIAN_POINT('',(-0.0994092893953718,0.00208452857639177,-0.0818319156698281));
#8965=CARTESIAN_POINT('',(-0.0992823675945499,0.00219334336135977,-0.0817482222567794));
#8966=CARTESIAN_POINT('',(-0.0991947664957339,0.00225974134866973,-0.0816904572794528));
#8967=CARTESIAN_POINT('',(-0.0989273252529958,0.00244939219987738,-0.0815141040426582));
#8968=CARTESIAN_POINT('',(-0.0987427514088696,0.00256290492827167,-0.0813923943373561));
#8969=CARTESIAN_POINT('',(-0.0981794694972734,0.00288377152783291,-0.081020961018692));
#8970=CARTESIAN_POINT('',(-0.0977942386904265,0.00306923437935118,-0.0807669362504666));
#8971=CARTESIAN_POINT('',(-0.0966309217051141,0.00358222355585607,-0.0799998342370389));
#8972=CARTESIAN_POINT('',(-0.0958408446988635,0.00386702412660754,-0.0794788501287435));
#8973=CARTESIAN_POINT('',(-0.0934501496727203,0.00464088952257323,-0.0779024036475175));
#8974=CARTESIAN_POINT('',(-0.0918272216587243,0.00504632995824746,-0.0768322298574819));
#8975=CARTESIAN_POINT('',(-0.0893880894322726,0.00557217597596232,-0.0752238434369697));
#8976=CARTESIAN_POINT('',(-0.088573102991597,0.00573267530130475,-0.0746864338165036));
#8977=CARTESIAN_POINT('',(-0.0876544980196909,0.00589995471991186,-0.0740806971751662));
#8978=CARTESIAN_POINT('',(-0.0875488307697341,0.00591832184929935,-0.0740112310466314));
#8979=CARTESIAN_POINT('',(-0.0873214989909408,0.00595494863332198,-0.0738601257967868));
#8980=CARTESIAN_POINT('',(-0.0872081005386665,0.00597318887418816,-0.0737840525126641));
#8981=CARTESIAN_POINT('',(-0.0868687094522873,0.0060276868987986,-0.0735542425158486));
#8982=CARTESIAN_POINT('',(-0.086643520842205,0.00606372200373001,-0.0733989163736001));
#8983=CARTESIAN_POINT('',(-0.0859711956078721,0.0061709100676315,-0.0729263297616605));
#8984=CARTESIAN_POINT('',(-0.0855272934772356,0.00624113543032101,-0.0726024738969551));
#8985=CARTESIAN_POINT('',(-0.0842089066042234,0.00644809384446019,-0.071602084886964));
#8986=CARTESIAN_POINT('',(-0.0833476268891558,0.00658110893092132,-0.0708970815710541));
#8987=CARTESIAN_POINT('',(-0.0816646008918286,0.00683753098165992,-0.0693913751353047));
#8988=CARTESIAN_POINT('',(-0.0808387175320136,0.00696152967058019,-0.0685865780633223));
#8989=CARTESIAN_POINT('',(-0.0784634514629612,0.00731580321933385,-0.0660091783563008));
#8990=CARTESIAN_POINT('',(-0.0770536498078135,0.0075263369471362,-0.0640890305299941));
#8991=CARTESIAN_POINT('',(-0.0753204034566626,0.00780347553166906,-0.0610030477576709));
#8992=CARTESIAN_POINT('',(-0.0748021024675072,0.00788952892731269,-0.0599372376982972));
#8993=CARTESIAN_POINT('',(-0.0738880721508815,0.00804827894766882,-0.0577606820727674));
#8994=CARTESIAN_POINT('',(-0.0734990549043947,0.00811974937220729,-0.0566677639680778));
#8995=CARTESIAN_POINT('',(-0.0724990369859384,0.00831418647951353,-0.0533918001430117));
#8996=CARTESIAN_POINT('',(-0.0720528167859892,0.00841722284171436,-0.0512130529364294));
#8997=CARTESIAN_POINT('',(-0.0714305520556836,0.00858922584485971,-0.0468914977972993));
#8998=CARTESIAN_POINT('',(-0.0712550345221432,0.00865824924349179,-0.0447441255687143));
#8999=CARTESIAN_POINT('',(-0.070965435664351,0.00883912645450965,-0.0384085559500753));
#9000=CARTESIAN_POINT('',(-0.0710726345795224,0.00892636930100369,-0.0343158898360381));
#9001=CARTESIAN_POINT('',(-0.0713996022954344,0.00915569263291246,-0.0262529635401871));
#9002=CARTESIAN_POINT('',(-0.071629174995954,0.00929637887708474,-0.0222855649039048));
#9003=CARTESIAN_POINT('',(-0.0719986336316993,0.00974229897778046,-0.0144268612368645));
#9004=CARTESIAN_POINT('',(-0.0721411574308974,0.0100461178585102,-0.0105365163057024));
#9005=CARTESIAN_POINT('',(-0.0722006913308185,0.0107305425699682,-0.00474516654557));
#9006=CARTESIAN_POINT('',(-0.0721953677091382,0.0109971436551182,-0.00282224302163057));
#9007=CARTESIAN_POINT('',(-0.0721509764842088,0.0113942089592565,-0.000427547167445681));
#9008=CARTESIAN_POINT('',(-0.0721395432180853,0.0114768326024539,5.2302591455862E-5));
#9009=CARTESIAN_POINT('',(-0.0721163597643475,0.0116489532834615,0.00103560077855139));
#9010=CARTESIAN_POINT('',(-0.0721047738870293,0.0117384882133943,0.0015270017704698));
#9011=CARTESIAN_POINT('',(-0.0720700334076105,0.0120172814811108,0.00300047724214452));
#9012=CARTESIAN_POINT('',(-0.0720469103744015,0.0122166222832045,0.00398121276549452));
#9013=CARTESIAN_POINT('',(-0.0719317800512594,0.01327281271494,0.00886432635614398));
#9014=CARTESIAN_POINT('',(-0.0718409484344076,0.0143138125145838,0.0127168396697947));
#9015=CARTESIAN_POINT('',(-0.0716606405266314,0.0166045968845993,0.0203643817849801));
#9016=CARTESIAN_POINT('',(-0.0715711741857323,0.0178570668726342,0.0241589885682105));
#9017=CARTESIAN_POINT('',(-0.0713916704705778,0.0202685065611873,0.0317724218247276));
#9018=CARTESIAN_POINT('',(-0.0713016816854287,0.0214334495566919,0.0355891874497622));
#9019=CARTESIAN_POINT('',(-0.0711639067645343,0.0227003860357648,0.0414327443017634));
#9020=CARTESIAN_POINT('',(-0.0711175025695618,0.0230402209386897,0.0434009221800969));
#9021=CARTESIAN_POINT('',(-0.0710230666106218,0.0234397750352738,0.0474063093097502));
#9022=CARTESIAN_POINT('',(-0.070975761485602,0.0234864701968686,0.0494126990478068));
#9023=CARTESIAN_POINT('',(-0.0708827616902708,0.0232192929314968,0.0533571730327325));
#9024=CARTESIAN_POINT('',(-0.0708367700815214,0.0229202562100183,0.055307851564769));
#9025=CARTESIAN_POINT('',(-0.070745567886602,0.0220679598464955,0.0591760824995392));
#9026=CARTESIAN_POINT('',(-0.0707001383249599,0.0215112649430592,0.0611029224824166));
#9027=CARTESIAN_POINT('',(-0.0705663576331523,0.0195774558549527,0.0667770689323174));
#9028=CARTESIAN_POINT('',(-0.0704811574907257,0.0179618850063817,0.0703907300604605));
#9029=CARTESIAN_POINT('',(-0.0703142148710445,0.0144477073704843,0.0774713996249693));
#9030=CARTESIAN_POINT('',(-0.0702325405821682,0.0125435188509351,0.0809355159336346));
#9031=CARTESIAN_POINT('',(-0.0701244775956558,0.00996541924530443,0.0855188769777438));
#9032=CARTESIAN_POINT('',(-0.0700976994220968,0.00932334008839173,0.0866546408640091));
#9033=CARTESIAN_POINT('',(-0.0700709378360058,0.00867990261538474,0.0877897012128535));
#9034=CARTESIAN_POINT('',(-0.100817599583845,0.00276645020023786,-0.0827605684744794));
#9035=CARTESIAN_POINT('',(-0.100812195370912,0.00282615670404857,-0.0827570048863308));
#9036=CARTESIAN_POINT('',(-0.100810447914874,0.00284098073596811,-0.0827558525976062));
#9037=CARTESIAN_POINT('',(-0.100806213497605,0.0028789311488326,-0.0827530603835722));
#9038=CARTESIAN_POINT('',(-0.100804469413706,0.00289320434539233,-0.082751910318467));
#9039=CARTESIAN_POINT('',(-0.100799474729579,0.00293296872428533,-0.0827486167774127));
#9040=CARTESIAN_POINT('',(-0.100796631597222,0.00295327748397956,-0.0827467419895583));
#9041=CARTESIAN_POINT('',(-0.100788515534748,0.00300877616417329,-0.0827413901826612));
#9042=CARTESIAN_POINT('',(-0.100783764059745,0.00303718444252408,-0.0827382570159602));
#9043=CARTESIAN_POINT('',(-0.100770085736233,0.00311444941377011,-0.0827292374025282));
#9044=CARTESIAN_POINT('',(-0.100761842136816,0.00315400674730965,-0.0827238014965882));
#9045=CARTESIAN_POINT('',(-0.100737830747297,0.00326156190674432,-0.0827079681635604));
#9046=CARTESIAN_POINT('',(-0.10072293835382,0.00331665308888059,-0.0826981479811293));
#9047=CARTESIAN_POINT('',(-0.100679189263554,0.00346623346069181,-0.0826692994251021));
#9048=CARTESIAN_POINT('',(-0.100651310303106,0.00354314326580296,-0.0826509157799191));
#9049=CARTESIAN_POINT('',(-0.100568894561988,0.00375172527709099,-0.0825965700755699));
#9050=CARTESIAN_POINT('',(-0.100515830286501,0.00385830700341844,-0.0825615789999804));
#9051=CARTESIAN_POINT('',(-0.100357592351605,0.00414902501977711,-0.0824572354375697));
#9052=CARTESIAN_POINT('',(-0.100253773376723,0.0042991891677458,-0.0823887762422968));
#9053=CARTESIAN_POINT('',(-0.0999422576375887,0.00470954620736153,-0.0821833598736494));
#9054=CARTESIAN_POINT('',(-0.0997350109160549,0.00492316570199898,-0.0820466994626249));
#9055=CARTESIAN_POINT('',(-0.0991103644331765,0.0055066829264607,-0.0816348017763201));
#9056=CARTESIAN_POINT('',(-0.0986942571205981,0.00580779996487813,-0.0813604167537447));
#9057=CARTESIAN_POINT('',(-0.0974483089056806,0.0066216004696439,-0.080538826940837));
#9058=CARTESIAN_POINT('',(-0.0966174581891226,0.00703588714002828,-0.0799909562696912));
#9059=CARTESIAN_POINT('',(-0.0941177022010314,0.00814694114811903,-0.0783425939782469));
#9060=CARTESIAN_POINT('',(-0.0924416576053957,0.00869538253107418,-0.077237394621457));
#9061=CARTESIAN_POINT('',(-0.0899313459504719,0.00940790016196944,-0.0755820718254449));
#9062=CARTESIAN_POINT('',(-0.0890943916225749,0.0096242058352772,-0.0750301763763085));
#9063=CARTESIAN_POINT('',(-0.0881523607586797,0.00984970863850667,-0.074408992484451));
#9064=CARTESIAN_POINT('',(-0.0880445294365651,0.00987486000326793,-0.074338691540822));
#9065=CARTESIAN_POINT('',(-0.0878147092053754,0.00992690016704071,-0.0741899835375142));
#9066=CARTESIAN_POINT('',(-0.0877000310470265,0.00995282618887476,-0.0741150932050308));
#9067=CARTESIAN_POINT('',(-0.0873566936617529,0.0100303225450111,-0.0738887834948645));
#9068=CARTESIAN_POINT('',(-0.0871287313329278,0.010081611208681,-0.0737357261768506));
#9069=CARTESIAN_POINT('',(-0.0864476484895358,0.0102343529548201,-0.0732697376025215));
#9070=CARTESIAN_POINT('',(-0.085997357961616,0.0103345913414354,-0.0729500220986855));
#9071=CARTESIAN_POINT('',(-0.0846585733024943,0.01062973550042,-0.0719615623266539));
#9072=CARTESIAN_POINT('',(-0.0837819224011979,0.0108194066961052,-0.0712637600644201));
#9073=CARTESIAN_POINT('',(-0.0820644643776227,0.0111856077854122,-0.0697709706587839));
#9074=CARTESIAN_POINT('',(-0.0812194209642261,0.0113629838149404,-0.0689719233879516));
#9075=CARTESIAN_POINT('',(-0.0787807589392591,0.0118717236262236,-0.0664089999548964));
#9076=CARTESIAN_POINT('',(-0.0773194555795796,0.0121757824331289,-0.0644912846252289));
#9077=CARTESIAN_POINT('',(-0.0755133004644574,0.0125641119369025,-0.0613819956996514));
#9078=CARTESIAN_POINT('',(-0.0749715783702394,0.0126827403356844,-0.0603046898192124));
#9079=CARTESIAN_POINT('',(-0.0740155235024294,0.0128972125420105,-0.0581002947766409));
#9080=CARTESIAN_POINT('',(-0.0736082413384634,0.0129914374354457,-0.0569913593353602));
#9081=CARTESIAN_POINT('',(-0.0725619954197287,0.0132421111532617,-0.053666224062509));
#9082=CARTESIAN_POINT('',(-0.0720964030566337,0.0133668739677463,-0.0514538497053556));
#9083=CARTESIAN_POINT('',(-0.0714484690874136,0.0135678687437892,-0.0470778342073964));
#9084=CARTESIAN_POINT('',(-0.0712663435505345,0.0136441857948243,-0.044909238322693));
#9085=CARTESIAN_POINT('',(-0.0709635332577116,0.0138396300696712,-0.0385315278223786));
#9086=CARTESIAN_POINT('',(-0.0710694808319513,0.0139280771573053,-0.034438124544906));
#9087=CARTESIAN_POINT('',(-0.0713910516954371,0.0141615238122185,-0.0264193545493737));
#9088=CARTESIAN_POINT('',(-0.0716174657062357,0.0143041151280048,-0.0224967553936519));
#9089=CARTESIAN_POINT('',(-0.0719839098177089,0.0147451779272355,-0.0147779256491502));
#9090=CARTESIAN_POINT('',(-0.0721266545050791,0.015042395754547,-0.0109828117892588));
#9091=CARTESIAN_POINT('',(-0.0721990797555464,0.0156915938743565,-0.00538419907609491));
#9092=CARTESIAN_POINT('',(-0.0722002121511138,0.0159420903681275,-0.00353391321347525));
#9093=CARTESIAN_POINT('',(-0.0721681635451265,0.0163099719962171,-0.00124212362869157));
#9094=CARTESIAN_POINT('',(-0.0721592486552517,0.0163864650468537,-0.000783479724437644));
#9095=CARTESIAN_POINT('',(-0.0721371197717359,0.0165496810386919,0.000155090141685967));
#9096=CARTESIAN_POINT('',(-0.0721260657044392,0.016634562356762,0.000623935053297004));
#9097=CARTESIAN_POINT('',(-0.0720928750196655,0.016899333837684,0.00203167785716314));
#9098=CARTESIAN_POINT('',(-0.0720707468210244,0.0170890552830407,0.00297021867319419));
#9099=CARTESIAN_POINT('',(-0.07196035667661,0.0180968846270608,0.00765228331240259));
#9100=CARTESIAN_POINT('',(-0.0718725925639762,0.0190980129673636,0.011374692135872));
#9101=CARTESIAN_POINT('',(-0.0716961589926194,0.0213355015807082,0.0188579089537831));
#9102=CARTESIAN_POINT('',(-0.0716075340696453,0.0225749978781189,0.0226168280081126));
#9103=CARTESIAN_POINT('',(-0.0714259598606021,0.0250164403655938,0.0303180787677249));
#9104=CARTESIAN_POINT('',(-0.0713331266461888,0.026228112047214,0.034255487421218));
#9105=CARTESIAN_POINT('',(-0.0711854450819151,0.0275963372845435,0.0405192225861676));
#9106=CARTESIAN_POINT('',(-0.0711347591121204,0.0279746373830988,0.0426690067733328));
#9107=CARTESIAN_POINT('',(-0.0710291455939058,0.0284327456514861,0.0471484765747778));
#9108=CARTESIAN_POINT('',(-0.0709744359811714,0.0284954457809057,0.0494689187173711));
#9109=CARTESIAN_POINT('',(-0.070868137208802,0.028203374064406,0.0539774527491735));
#9110=CARTESIAN_POINT('',(-0.0708163111428984,0.0278698415528846,0.056175592733324));
#9111=CARTESIAN_POINT('',(-0.0707150650902484,0.0269339194803756,0.0604698217635578));
#9112=CARTESIAN_POINT('',(-0.0706653939928638,0.02632787536489,0.0625765613595774));
#9113=CARTESIAN_POINT('',(-0.0705209491956728,0.0242510997644595,0.0687030129616934));
#9114=CARTESIAN_POINT('',(-0.0704313068840771,0.0225495378278267,0.0725050833285544));
#9115=CARTESIAN_POINT('',(-0.0702581983612635,0.0189123799168671,0.0798472722238033));
#9116=CARTESIAN_POINT('',(-0.0701748419618246,0.0169691498252433,0.0833827332213869));
#9117=CARTESIAN_POINT('',(-0.0700657963163535,0.0143687212807996,0.0880077725585543));
#9118=CARTESIAN_POINT('',(-0.0700389016305372,0.0137240065574965,0.0891484781713436));
#9119=CARTESIAN_POINT('',(-0.0700120892113849,0.0130794243671707,0.0902856945429182));
#9120=CARTESIAN_POINT('',(-0.102354598798854,0.00347391023867246,-0.082521275864587));
#9121=CARTESIAN_POINT('',(-0.102354134391449,0.00357504999771693,-0.08248706616285));
#9122=CARTESIAN_POINT('',(-0.102353702443693,0.00359907091470061,-0.0824772181777048));
#9123=CARTESIAN_POINT('',(-0.10235277175559,0.00366164834899883,-0.0824537456964811));
#9124=CARTESIAN_POINT('',(-0.102352297546932,0.00368491921659364,-0.0824447186024966));
#9125=CARTESIAN_POINT('',(-0.102350858784225,0.00374950168814229,-0.0824193244954185));
#9126=CARTESIAN_POINT('',(-0.102349876551605,0.0037819925950191,-0.0824059700882188));
#9127=CARTESIAN_POINT('',(-0.102346885599107,0.00387024131471135,-0.0823690475014717));
#9128=CARTESIAN_POINT('',(-0.102344831524387,0.00391448371161184,-0.0823494447957192));
#9129=CARTESIAN_POINT('',(-0.102338554534133,0.00403378799849576,-0.0822953920905682));
#9130=CARTESIAN_POINT('',(-0.10233421596558,0.00409314797612191,-0.0822664819583752));
#9131=CARTESIAN_POINT('',(-0.10232091274074,0.00425270923925525,-0.0821866311978144));
#9132=CARTESIAN_POINT('',(-0.102311669964924,0.00433135739611137,-0.082143612578083));
#9133=CARTESIAN_POINT('',(-0.102283361967829,0.00454182385223776,-0.0820247465284025));
#9134=CARTESIAN_POINT('',(-0.102263622290282,0.00464480190209431,-0.0819600690781401));
#9135=CARTESIAN_POINT('',(-0.102203352839416,0.00491928895211493,-0.0817811615341332));
#9136=CARTESIAN_POINT('',(-0.102161782608356,0.00505130002405561,-0.0816837571473737));
#9137=CARTESIAN_POINT('',(-0.102034860807531,0.00540475860169025,-0.0814118992106777));
#9138=CARTESIAN_POINT('',(-0.10194725970871,0.00557531442096239,-0.0812608507243874));
#9139=CARTESIAN_POINT('',(-0.101679818465992,0.00603275113306844,-0.0808354877430701));
#9140=CARTESIAN_POINT('',(-0.101495244621852,0.00625473338763332,-0.080593143875796));
#9141=CARTESIAN_POINT('',(-0.100931962710258,0.00685120079301946,-0.0799026766424525));
#9142=CARTESIAN_POINT('',(-0.100546731903414,0.00713959990926166,-0.0795006777423958));
#9143=CARTESIAN_POINT('',(-0.0993834149180881,0.00791032212589672,-0.0783481727851921));
#9144=CARTESIAN_POINT('',(-0.0985933379118053,0.00828273585059934,-0.0776559833826324));
#9145=CARTESIAN_POINT('',(-0.0962026428857866,0.00927456982048569,-0.0756355116263632));
#9146=CARTESIAN_POINT('',(-0.0945797148717324,0.00974523745656959,-0.0743755938255271));
#9147=CARTESIAN_POINT('',(-0.0921405826452434,0.0103514013225746,-0.0725215420715206));
#9148=CARTESIAN_POINT('',(-0.0913255962045603,0.0105335800180063,-0.07191091163753));
#9149=CARTESIAN_POINT('',(-0.0904069912326766,0.010721887653398,-0.0712290295768604));
#9150=CARTESIAN_POINT('',(-0.0903048003313022,0.0107425387321505,-0.0711534769612398));
#9151=CARTESIAN_POINT('',(-0.0901011317950221,0.0107836732610283,-0.0710014393332367));
#9152=CARTESIAN_POINT('',(-0.089999599926573,0.0108041347593886,-0.0709250307963401));
#9153=CARTESIAN_POINT('',(-0.0896959218294752,0.010865202088489,-0.0706946161301227));
#9154=CARTESIAN_POINT('',(-0.0894946928124578,0.0109054908226759,-0.0705394213354739));
#9155=CARTESIAN_POINT('',(-0.0888947676230643,0.0110250871682889,-0.0700689094672029));
#9156=CARTESIAN_POINT('',(-0.0884998264031963,0.0111030858360377,-0.0697487753215751));
#9157=CARTESIAN_POINT('',(-0.0873309809204535,0.0113317709589171,-0.0687687484828133));
#9158=CARTESIAN_POINT('',(-0.0865729214328744,0.0114772694166135,-0.0680889599685447));
#9159=CARTESIAN_POINT('',(-0.0851068640684677,0.0117555715767137,-0.0666654462581907));
#9160=CARTESIAN_POINT('',(-0.0843953658622234,0.0118890052004281,-0.0659178656363051));
#9161=CARTESIAN_POINT('',(-0.0823804619860757,0.0122677264411994,-0.0635806177358246));
#9162=CARTESIAN_POINT('',(-0.0812211619572557,0.0124893873834441,-0.0619103387425232));
#9163=CARTESIAN_POINT('',(-0.0797758338777291,0.0127788313716126,-0.0592227229653216));
#9164=CARTESIAN_POINT('',(-0.0793415037305994,0.012868240581553,-0.0582952155669216));
#9165=CARTESIAN_POINT('',(-0.0785686780234596,0.0130325673909167,-0.0563902577501985));
#9166=CARTESIAN_POINT('',(-0.0782359758097774,0.0131062198168724,-0.0554282845546328));
#9167=CARTESIAN_POINT('',(-0.0773716566142106,0.0133060023424588,-0.0525190159425761));
#9168=CARTESIAN_POINT('',(-0.076972637479673,0.013411041620666,-0.0505485762652714));
#9169=CARTESIAN_POINT('',(-0.076408649095566,0.0135857788808764,-0.0465694792872872));
#9170=CARTESIAN_POINT('',(-0.0762441457984471,0.01365550866381,-0.0445578622654893));
#9171=CARTESIAN_POINT('',(-0.0759715670980474,0.0138377120792523,-0.0385509208150893));
#9172=CARTESIAN_POINT('',(-0.076071055625668,0.013924924345304,-0.0345783890859648));
#9173=CARTESIAN_POINT('',(-0.0763929690564563,0.0141529675416949,-0.0266844132788141));
#9174=CARTESIAN_POINT('',(-0.076622174692233,0.0142923971320316,-0.0227632841979897));
#9175=CARTESIAN_POINT('',(-0.076994601264967,0.014730475448906,-0.0149807603435015));
#9176=CARTESIAN_POINT('',(-0.0771400067721087,0.0150279693259691,-0.0111191826035276));
#9177=CARTESIAN_POINT('',(-0.0772008704132681,0.0156900022167793,-0.00539218135320513));
#9178=CARTESIAN_POINT('',(-0.0771954828486796,0.0159469110632951,-0.00349424295689777));
#9179=CARTESIAN_POINT('',(-0.0771498741261649,0.0163269331063492,-0.00113947569447666));
#9180=CARTESIAN_POINT('',(-0.0771381540820031,0.0164058967346997,-0.000669398190979577));
#9181=CARTESIAN_POINT('',(-0.0771149706283139,0.0165701198242637,0.000268782307578535));
#9182=CARTESIAN_POINT('',(-0.0771033847509676,0.0166555070615995,0.000737423518555532));
#9183=CARTESIAN_POINT('',(-0.0770686442715601,0.016921746973653,0.00214455211649121));
#9184=CARTESIAN_POINT('',(-0.0770455212383243,0.0171124030394504,0.00308267101550626));
#9185=CARTESIAN_POINT('',(-0.0769303909152783,0.0181246488244083,0.00776261413951484));
#9186=CARTESIAN_POINT('',(-0.076839559298292,0.019128502442441,0.0114832765188414));
#9187=CARTESIAN_POINT('',(-0.0766592513906312,0.0213693681331505,0.0189641703839523));
#9188=CARTESIAN_POINT('',(-0.0765697850496215,0.0226095705012451,0.0227225273197602));
#9189=CARTESIAN_POINT('',(-0.0763902813345727,0.0250492380738795,0.0304250820684999));
#9190=CARTESIAN_POINT('',(-0.0763002925494298,0.0262585465676471,0.0343645280888751));
#9191=CARTESIAN_POINT('',(-0.0761625176284469,0.0276175449100611,0.040632706642372));
#9192=CARTESIAN_POINT('',(-0.0761161134335911,0.0279917579895995,0.042784183751419));
#9193=CARTESIAN_POINT('',(-0.0760216774744766,0.0284388517785386,0.0472661393050864));
#9194=CARTESIAN_POINT('',(-0.0759743723495544,0.0284940925418803,0.049587162576146));
#9195=CARTESIAN_POINT('',(-0.0758813725542025,0.0281888093587197,0.0540942136110762));
#9196=CARTESIAN_POINT('',(-0.0758353809454458,0.0278496193420759,0.0562906005211948));
#9197=CARTESIAN_POINT('',(-0.0757441787505617,0.0269043598372199,0.060580753819602));
#9198=CARTESIAN_POINT('',(-0.0756987491888795,0.0262945914242193,0.062685160972135));
#9199=CARTESIAN_POINT('',(-0.0755649684971395,0.0242088828731598,0.0688050079812117));
#9200=CARTESIAN_POINT('',(-0.075479768354723,0.0225041986115787,0.0726033007192143));
#9201=CARTESIAN_POINT('',(-0.0753128257349313,0.0188628626393792,0.0799401799149216));
#9202=CARTESIAN_POINT('',(-0.0752311514460521,0.0169186454932955,0.0834740102627096));
#9203=CARTESIAN_POINT('',(-0.075123088459617,0.0143176281709481,0.0880981145613571));
#9204=CARTESIAN_POINT('',(-0.0750963227092251,0.0136728328790025,0.089238703146963));
#9205=CARTESIAN_POINT('',(-0.0750695736732332,0.0130282094125538,0.0903758648717942));
#9206=CARTESIAN_POINT('',(-0.0721407763686446,0.0115108868103597,6.17481558246036E-8));
#9207=CARTESIAN_POINT('',(-0.0721407763686446,0.011653273593937,2.52384169730178E-5));
#9208=CARTESIAN_POINT('',(-0.0721407763686446,0.0118163113238171,0.00017453820343554));
#9209=CARTESIAN_POINT('',(-0.0721407763686446,0.012,0.000447961107543401));
#9210=CARTESIAN_POINT('',(-0.129140963990111,-0.0231186,-0.0284164142745662));
#9211=CARTESIAN_POINT('',(-0.128965854024144,-0.0231186,-0.0171467136873758));
#9212=CARTESIAN_POINT('',(-0.127700789824042,-0.0231186000000374,-0.00611278471868411));
#9213=CARTESIAN_POINT('',(-0.123675227412976,-0.0231185999999626,0.0155715219017377));
#9214=CARTESIAN_POINT('',(-0.120908281003988,-0.0231186,0.0262270264014258));
#9215=CARTESIAN_POINT('',(-0.116200077331078,-0.0231186,0.0420013145332266));
#9216=CARTESIAN_POINT('',(-0.114538582541066,-0.0231186,0.0472219983518197));
#9217=CARTESIAN_POINT('',(-0.111205012047255,-0.0231186,0.0575844139107658));
#9218=CARTESIAN_POINT('',(-0.109525157775856,-0.0231186,0.062761767951454));
#9219=CARTESIAN_POINT('',(-0.105142362802063,-0.0231186,0.076163031611833));
#9220=CARTESIAN_POINT('',(-0.102422290585906,-0.0231186,0.0843771011581532));
#9221=CARTESIAN_POINT('',(-0.0997027047877806,-0.0231186,0.092584699981838));
#9222=CARTESIAN_POINT('',(-0.129140963990111,-0.0281186,-0.0284164142745662));
#9223=CARTESIAN_POINT('',(-0.128965854023671,-0.028118599999924,-0.0171467136873896));
#9224=CARTESIAN_POINT('',(-0.12770078982409,-0.0281186000001498,-0.00611278471867497));
#9225=CARTESIAN_POINT('',(-0.123675227412928,-0.0281185999998502,0.0155715219017285));
#9226=CARTESIAN_POINT('',(-0.120908281003788,-0.0281185999999811,0.0262270264013661));
#9227=CARTESIAN_POINT('',(-0.116200077331178,-0.0281186000000094,0.0420013145332565));
#9228=CARTESIAN_POINT('',(-0.11453858254105,-0.0281186,0.0472219983518147));
#9229=CARTESIAN_POINT('',(-0.111205012047271,-0.0281186,0.0575844139107709));
#9230=CARTESIAN_POINT('',(-0.109525157775879,-0.0281185999999905,0.0627617679514617));
#9231=CARTESIAN_POINT('',(-0.105142362802025,-0.028118600000015,0.0761630316118207));
#9232=CARTESIAN_POINT('',(-0.102422290586194,-0.0281185999998988,0.0843771011582483));
#9233=CARTESIAN_POINT('',(-0.0997027047879617,-0.028118599999936,0.0925846999818979));
#9234=CARTESIAN_POINT('',(-0.124141567463812,-0.0281186,-0.0284940955003273));
#9235=CARTESIAN_POINT('',(-0.123971478472736,-0.0281186,-0.017547534066682));
#9236=CARTESIAN_POINT('',(-0.122742486246347,-0.0281186,-0.00679756769629618));
#9237=CARTESIAN_POINT('',(-0.11880151967431,-0.0281186,0.0144310505203728));
#9238=CARTESIAN_POINT('',(-0.116084053476434,-0.0281186,0.0249078552107966));
#9239=CARTESIAN_POINT('',(-0.111425481185251,-0.0281186,0.0405158591790023));
#9240=CARTESIAN_POINT('',(-0.109776327714636,-0.0281186,0.0456985171838286));
#9241=CARTESIAN_POINT('',(-0.106447729328195,-0.0281186,0.056045476929644));
#9242=CARTESIAN_POINT('',(-0.10477051545207,-0.0281186,0.0612146956251543));
#9243=CARTESIAN_POINT('',(-0.100393769330101,-0.0281186,0.074597463723059));
#9244=CARTESIAN_POINT('',(-0.0976758794573035,-0.0281186,0.082804957495431));
#9245=CARTESIAN_POINT('',(-0.0949564961187624,-0.0281186,0.0910119565082579));
#9246=CARTESIAN_POINT('',(-0.0951886571288777,-0.0281186,0.0903112887253834));
#9247=CARTESIAN_POINT('',(-0.0955315150861909,-0.028118599999996,0.0902394944395016));
#9248=CARTESIAN_POINT('',(-0.0960241271700817,-0.0280992653391511,0.0901451198928028));
#9249=CARTESIAN_POINT('',(-0.0966632919190559,-0.0280221047700378,0.0900407093121127));
#9250=CARTESIAN_POINT('',(-0.0970718753238666,-0.0279528331869034,0.089980034757484));
#9251=CARTESIAN_POINT('',(-0.0976514762051081,-0.0278086290187539,0.089907302254058));
#9252=CARTESIAN_POINT('',(-0.0983272223866158,-0.0275614820510076,0.0898398321076208));
#9253=CARTESIAN_POINT('',(-0.0991262901801012,-0.0271028856395765,0.089785547057645));
#9254=CARTESIAN_POINT('',(-0.099758581116963,-0.0264317496993974,0.0897541312510597));
#9255=CARTESIAN_POINT('',(-0.100103488280451,-0.0258325978423466,0.0897339944831688));
#9256=CARTESIAN_POINT('',(-0.100266301013308,-0.0254667194906373,0.0897234262095956));
#9257=CARTESIAN_POINT('',(-0.100383787141456,-0.0251352979162058,0.0897145107192571));
#9258=CARTESIAN_POINT('',(-0.100442975564877,-0.0249301396282532,0.0897094348367674));
#9259=CARTESIAN_POINT('',(-0.100525411400263,-0.0246012979343161,0.0897022017832423));
#9260=CARTESIAN_POINT('',(-0.100627742170896,-0.0240251967409346,0.0896922271887468));
#9261=CARTESIAN_POINT('',(-0.100662399380512,-0.0234883058162669,0.0896880154570633));
#9262=CARTESIAN_POINT('',(-0.100662399380497,-0.0231186,0.0896880154570584));
#9263=CARTESIAN_POINT('',(-0.129140963990111,-0.0231186,-0.0284164142745662));
#9264=CARTESIAN_POINT('',(-0.129140963990111,-0.0264519333333333,-0.0284164142745662));
#9265=CARTESIAN_POINT('',(-0.127474498481344,-0.0281186,-0.0284423080164866));
#9266=CARTESIAN_POINT('',(-0.124141567463812,-0.0281186,-0.0284940955003273));
#9267=CARTESIAN_POINT('',(-0.113302366226125,0.0041368387093902,-0.0822446061682357));
#9268=CARTESIAN_POINT('',(-0.113318016331771,0.00434395443513469,-0.0821414466573685));
#9269=CARTESIAN_POINT('',(-0.113335907506123,0.00446915384863093,-0.0820667567043014));
#9270=CARTESIAN_POINT('',(-0.113371005229402,0.00468815418699615,-0.0819330721259314));
#9271=CARTESIAN_POINT('',(-0.113388896929911,0.00477670959509183,-0.0818747304361674));
#9272=CARTESIAN_POINT('',(-0.113443104751462,0.00501645569676401,-0.0817107829751056));
#9273=CARTESIAN_POINT('',(-0.113479945626867,0.00514083347248668,-0.0816165342266208));
#9274=CARTESIAN_POINT('',(-0.113591152460113,0.00547670240506854,-0.0813503550556037));
#9275=CARTESIAN_POINT('',(-0.113666202144796,0.00564774560872509,-0.0811961159851564));
#9276=CARTESIAN_POINT('',(-0.113890784121806,0.00611127880971903,-0.0807547426825152));
#9277=CARTESIAN_POINT('',(-0.114039815257771,0.00634756987430395,-0.0804915058403468));
#9278=CARTESIAN_POINT('',(-0.114479460416746,0.00699200047055342,-0.0797221203161848));
#9279=CARTESIAN_POINT('',(-0.114764021374185,0.00732587882710106,-0.0792390155847507));
#9280=CARTESIAN_POINT('',(-0.115571262490418,0.0082230072142859,-0.077815884830383));
#9281=CARTESIAN_POINT('',(-0.116055914541096,0.00867680529302329,-0.0768985246318935));
#9282=CARTESIAN_POINT('',(-0.116953532604251,0.00948684317216248,-0.0750399747760314));
#9283=CARTESIAN_POINT('',(-0.117367884664511,0.00983529239138697,-0.0740986686085772));
#9284=CARTESIAN_POINT('',(-0.11813132494752,0.0104526413176315,-0.0722133347852824));
#9285=CARTESIAN_POINT('',(-0.118480460011732,0.0107208630976991,-0.0712706052534154));
#9286=CARTESIAN_POINT('',(-0.119454273456643,0.0114390952227124,-0.0684300125583291));
#9287=CARTESIAN_POINT('',(-0.120006414582401,0.0118004413585758,-0.0665326894271539));
#9288=CARTESIAN_POINT('',(-0.120978999454403,0.0123924906364651,-0.0627210146874943));
#9289=CARTESIAN_POINT('',(-0.121397530979682,0.0126208315792272,-0.0608077643304071));
#9290=CARTESIAN_POINT('',(-0.122484897360501,0.0131763760542889,-0.0551263441092113));
#9291=CARTESIAN_POINT('',(-0.122998653591668,0.0133835759272877,-0.0513779955894692));
#9292=CARTESIAN_POINT('',(-0.123745672408411,0.0136910602812889,-0.0439100503677638));
#9293=CARTESIAN_POINT('',(-0.123975761731751,0.0137867465215689,-0.0401922149011569));
#9294=CARTESIAN_POINT('',(-0.12419701556461,0.0139779241329602,-0.0327784203153369));
#9295=CARTESIAN_POINT('',(-0.124187600323238,0.014072057823552,-0.0290827781901351));
#9296=CARTESIAN_POINT('',(-0.123931964437236,0.0143484682403642,-0.021716518990432));
#9297=CARTESIAN_POINT('',(-0.123682882302738,0.0145293425116476,-0.0180740802987924));
#9298=CARTESIAN_POINT('',(-0.122971921581822,0.0150633410603381,-0.0108965809350812));
#9299=CARTESIAN_POINT('',(-0.122510329381945,0.0154157851013356,-0.00735964474162441));
#9300=CARTESIAN_POINT('',(-0.121683431222318,0.0161515206338102,-0.00215551604753112));
#9301=CARTESIAN_POINT('',(-0.121385412052905,0.0164312854343935,-0.00044268887358069));
#9302=CARTESIAN_POINT('',(-0.120748858434501,0.0170784860704734,0.00296784114550579));
#9303=CARTESIAN_POINT('',(-0.120410286657552,0.0174447739195906,0.00466917611016617));
#9304=CARTESIAN_POINT('',(-0.119338762590449,0.0186556677006009,0.009769628068968));
#9305=CARTESIAN_POINT('',(-0.118549236761067,0.0196158497355432,0.0131681825859439));
#9306=CARTESIAN_POINT('',(-0.116848879502372,0.0217038831157937,0.0199932725341368));
#9307=CARTESIAN_POINT('',(-0.115940195026672,0.0228307521727667,0.0234113629710976));
#9308=CARTESIAN_POINT('',(-0.114016809059795,0.0250315055257123,0.0303794810486407));
#9309=CARTESIAN_POINT('',(-0.113002165570133,0.0261113502483131,0.0339268428480276));
#9310=CARTESIAN_POINT('',(-0.111398963902231,0.0273922876837339,0.0395122593690429));
#9311=CARTESIAN_POINT('',(-0.11084875002685,0.0277618695842275,0.0414270313681218));
#9312=CARTESIAN_POINT('',(-0.109729277427702,0.0282864966811121,0.0453539289054756));
#9313=CARTESIAN_POINT('',(-0.109164375735258,0.0284389962473053,0.0473517913599291));
#9314=CARTESIAN_POINT('',(-0.108032065099641,0.0284221072902089,0.0514081862789517));
#9315=CARTESIAN_POINT('',(-0.107465333868165,0.0282490874190478,0.0534200106608526));
#9316=CARTESIAN_POINT('',(-0.1063316808558,0.02764409671219,0.0573678763089958));
#9317=CARTESIAN_POINT('',(-0.105761696575596,0.0272090951365807,0.059319254418721));
#9318=CARTESIAN_POINT('',(-0.104089053056742,0.0256510014604951,0.064958066035572));
#9319=CARTESIAN_POINT('',(-0.103010866059829,0.0242813722717255,0.068478870187127));
#9320=CARTESIAN_POINT('',(-0.100889925969563,0.0212449859038212,0.0752679550072247));
#9321=CARTESIAN_POINT('',(-0.0998476629318602,0.0195721029244837,0.0785339776750696));
#9322=CARTESIAN_POINT('',(-0.0977775987744164,0.0161194156310884,0.0849329058162566));
#9323=CARTESIAN_POINT('',(-0.0967495450124812,0.0143376378830316,0.0880646334181306));
#9324=CARTESIAN_POINT('',(-0.0957224676315532,0.0125767569941651,0.0911657610599639));
#9325=CARTESIAN_POINT('',(-0.114981601704719,0.00319710638385532,-0.0827126649151016));
#9326=CARTESIAN_POINT('',(-0.115020743734105,0.00333938638127744,-0.0826904314168886));
#9327=CARTESIAN_POINT('',(-0.115058653250635,0.00343216575501102,-0.0826694681096009));
#9328=CARTESIAN_POINT('',(-0.115131414163834,0.00359788691344645,-0.0826289031748046));
#9329=CARTESIAN_POINT('',(-0.115167016716647,0.00366775419528234,-0.0826089808310371));
#9330=CARTESIAN_POINT('',(-0.115272841672711,0.00386089582123606,-0.082549189151941));
#9331=CARTESIAN_POINT('',(-0.115342025409408,0.00396719224832655,-0.0825093313224569));
#9332=CARTESIAN_POINT('',(-0.115547388708936,0.00426149704612718,-0.0823880647164376));
#9333=CARTESIAN_POINT('',(-0.115681202691587,0.004423031196362,-0.0823050864958295));
#9334=CARTESIAN_POINT('',(-0.116075078568886,0.00487262666520214,-0.0820485684004499));
#9335=CARTESIAN_POINT('',(-0.116327284432357,0.00512166879375932,-0.0818677181675329));
#9336=CARTESIAN_POINT('',(-0.117056156275989,0.00581659465963109,-0.0813002183325738));
#9337=CARTESIAN_POINT('',(-0.117506633408969,0.00620466767372865,-0.0808873353543988));
#9338=CARTESIAN_POINT('',(-0.118749378340211,0.00725757274534777,-0.0796079256832063));
#9339=CARTESIAN_POINT('',(-0.119447607634474,0.00781310786313061,-0.0786950172495127));
#9340=CARTESIAN_POINT('',(-0.120700107517059,0.00879620764402593,-0.0768097416747904));
#9341=CARTESIAN_POINT('',(-0.121254378280269,0.00921896508207434,-0.0758305727317777));
#9342=CARTESIAN_POINT('',(-0.122251694523492,0.00996336054931788,-0.073857868549059));
#9343=CARTESIAN_POINT('',(-0.122694630847771,0.0102846405363307,-0.072864846771636));
#9344=CARTESIAN_POINT('',(-0.123909151328351,0.0111410108460817,-0.0698709486601986));
#9345=CARTESIAN_POINT('',(-0.124564943182843,0.0115633820589087,-0.0678653736415947));
#9346=CARTESIAN_POINT('',(-0.125696358493863,0.0122469437812779,-0.063851588634427));
#9347=CARTESIAN_POINT('',(-0.126168664345612,0.0125055049573797,-0.061843437683535));
#9348=CARTESIAN_POINT('',(-0.127379678862987,0.0131286726093793,-0.0559016845546344));
#9349=CARTESIAN_POINT('',(-0.12792861417048,0.0133522472613695,-0.0520090678415947));
#9350=CARTESIAN_POINT('',(-0.128723472723153,0.0136810637660369,-0.0442826525635942));
#9351=CARTESIAN_POINT('',(-0.128963563903742,0.013780043484657,-0.0404505361772513));
#9352=CARTESIAN_POINT('',(-0.129197076558664,0.0139769430393783,-0.0328180866782611));
#9353=CARTESIAN_POINT('',(-0.129189373375204,0.0140730977349784,-0.0290183388461622));
#9354=CARTESIAN_POINT('',(-0.128937178132121,0.0143603011352786,-0.0214379016970061));
#9355=CARTESIAN_POINT('',(-0.128689543123684,0.014549853330529,-0.0176893686723004));
#9356=CARTESIAN_POINT('',(-0.127990400271456,0.015114636334281,-0.0103161435235835));
#9357=CARTESIAN_POINT('',(-0.127539055811553,0.0154891733833176,-0.00668732062461814));
#9358=CARTESIAN_POINT('',(-0.126743167025428,0.0162752068201687,-0.00135724891689365));
#9359=CARTESIAN_POINT('',(-0.126459026291558,0.0165754908270471,0.000395351391220236));
#9360=CARTESIAN_POINT('',(-0.12585305374258,0.0172665877180645,0.00388094739250842));
#9361=CARTESIAN_POINT('',(-0.125530435882349,0.0176555348607411,0.00561775986225982));
#9362=CARTESIAN_POINT('',(-0.124506198483801,0.0189337569314382,0.010819319264004));
#9363=CARTESIAN_POINT('',(-0.123747688247623,0.0199381390463927,0.0142781399964489));
#9364=CARTESIAN_POINT('',(-0.122089624878675,0.0220956072158588,0.0212171886142575));
#9365=CARTESIAN_POINT('',(-0.121192326080512,0.0232480412140268,0.0246893154517198));
#9366=CARTESIAN_POINT('',(-0.119245252946416,0.0254557650577304,0.0317660751510063));
#9367=CARTESIAN_POINT('',(-0.118195336129785,0.0265173836244504,0.0353699581090723));
#9368=CARTESIAN_POINT('',(-0.116475907160167,0.0277012701207699,0.0410232294897021));
#9369=CARTESIAN_POINT('',(-0.11587598028966,0.028026228984201,0.0429573931767385));
#9370=CARTESIAN_POINT('',(-0.114634359186657,0.0284334795865938,0.0469025142116643));
#9371=CARTESIAN_POINT('',(-0.113997316919648,0.0285132736862805,0.0488987273745814));
#9372=CARTESIAN_POINT('',(-0.112708516314412,0.0283351210853073,0.0529136455801865));
#9373=CARTESIAN_POINT('',(-0.112071285488292,0.0280888622799275,0.0548904128294849));
#9374=CARTESIAN_POINT('',(-0.110818264673322,0.0273645682027324,0.0587670856950324));
#9375=CARTESIAN_POINT('',(-0.110197814752363,0.0268813190359808,0.0606804776928393));
#9376=CARTESIAN_POINT('',(-0.108398325751869,0.02520730623685,0.0662138457288926));
#9377=CARTESIAN_POINT('',(-0.107265576149417,0.0237954004751075,0.0696755364817102));
#9378=CARTESIAN_POINT('',(-0.105063991189224,0.0207002380751679,0.0763758844108945));
#9379=CARTESIAN_POINT('',(-0.103996205960044,0.0190115962883935,0.0796111509665031));
#9380=CARTESIAN_POINT('',(-0.101893130789366,0.0155388759300227,0.0859704544491606));
#9381=CARTESIAN_POINT('',(-0.100858219128105,0.0137534453603308,0.0890934682428695));
#9382=CARTESIAN_POINT('',(-0.0998310906871346,0.011992476931169,0.092194750053703));
#9383=CARTESIAN_POINT('',(-0.116205407225674,0.00190765978927846,-0.0818399478055204));
#9384=CARTESIAN_POINT('',(-0.116234575762539,0.00193090622338391,-0.0818191472120042));
#9385=CARTESIAN_POINT('',(-0.116265510504678,0.00195258390197627,-0.0817968703625508));
#9386=CARTESIAN_POINT('',(-0.116327903835799,0.00199445174331162,-0.0817514369207444));
#9387=CARTESIAN_POINT('',(-0.116359541583886,0.00201459641439972,-0.0817281556946826));
#9388=CARTESIAN_POINT('',(-0.116454870967029,0.00207356652251543,-0.081657238816463));
#9389=CARTESIAN_POINT('',(-0.116518962762966,0.00211094160160465,-0.0816085392034));
#9390=CARTESIAN_POINT('',(-0.116710343807581,0.00221985556180196,-0.0814599951974864));
#9391=CARTESIAN_POINT('',(-0.116836737211964,0.00228818078531342,-0.081357707230011));
#9392=CARTESIAN_POINT('',(-0.117207508805654,0.00248664869265779,-0.0810457126648373));
#9393=CARTESIAN_POINT('',(-0.117443678814299,0.00261017971126579,-0.0808308371451599));
#9394=CARTESIAN_POINT('',(-0.11811865224402,0.00296757792158147,-0.0801757416577471));
#9395=CARTESIAN_POINT('',(-0.118526616425556,0.00318855082788469,-0.0797228860425857));
#9396=CARTESIAN_POINT('',(-0.119640530758303,0.00380852680865131,-0.0783657806193552));
#9397=CARTESIAN_POINT('',(-0.12025235164763,0.00416922117791877,-0.0774521375414422));
#9398=CARTESIAN_POINT('',(-0.121352808401432,0.00482728835347409,-0.0756010774699879));
#9399=CARTESIAN_POINT('',(-0.121839730239591,0.00512452264744547,-0.0746585440848458));
#9400=CARTESIAN_POINT('',(-0.122720473207197,0.00565993249248157,-0.0727722125428498));
#9401=CARTESIAN_POINT('',(-0.12311385956552,0.0058981430225027,-0.071829244888151));
#9402=CARTESIAN_POINT('',(-0.124198452917589,0.00654218778843468,-0.0689922969466219));
#9403=CARTESIAN_POINT('',(-0.124795757121547,0.00687797523442815,-0.0670898812440553));
#9404=CARTESIAN_POINT('',(-0.125839167840673,0.00743344665527054,-0.063253272774856));
#9405=CARTESIAN_POINT('',(-0.126282083763966,0.00765170463586722,-0.0613209329903343));
#9406=CARTESIAN_POINT('',(-0.127427142246917,0.00818583064785947,-0.0555687383215952));
#9407=CARTESIAN_POINT('',(-0.127959762996399,0.0083899958786016,-0.0517554741619051));
#9408=CARTESIAN_POINT('',(-0.128733472782485,0.00869310601368667,-0.044130732953015));
#9409=CARTESIAN_POINT('',(-0.128970263695916,0.00878844419541722,-0.0403207031347954));
#9410=CARTESIAN_POINT('',(-0.129198060028044,0.00897954958233044,-0.0326905655200005));
#9411=CARTESIAN_POINT('',(-0.129188330549537,0.00907407000770735,-0.0288708485420129));
#9412=CARTESIAN_POINT('',(-0.128925346676169,0.00935348882744726,-0.0212103763187332));
#9413=CARTESIAN_POINT('',(-0.128669047978512,0.00953692224570778,-0.0174021018721149));
#9414=CARTESIAN_POINT('',(-0.127939225904453,0.0100833229918076,-0.00986306692176935));
#9415=CARTESIAN_POINT('',(-0.127465931957748,0.0104453614175841,-0.00612841185604222));
#9416=CARTESIAN_POINT('',(-0.126619611507583,0.0112105785451191,-0.000588615649743784));
#9417=CARTESIAN_POINT('',(-0.126314805282393,0.0115037162861814,0.00124746672601322));
#9418=CARTESIAN_POINT('',(-0.125664286030544,0.0121813883096675,0.00489691876606708));
#9419=CARTESIAN_POINT('',(-0.125318534546225,0.0125639178765587,0.00671059039024016));
#9420=CARTESIAN_POINT('',(-0.124225185403975,0.0138230333756188,0.0121221833247282));
#9421=CARTESIAN_POINT('',(-0.123420714270728,0.0148147862527657,0.0156942034357718));
#9422=CARTESIAN_POINT('',(-0.121691282271598,0.0169424452792797,0.0227677347912478));
#9423=CARTESIAN_POINT('',(-0.120768485835394,0.0180769473180327,0.026261662513402));
#9424=CARTESIAN_POINT('',(-0.118819166188348,0.0202495996653014,0.0332335598818414));
#9425=CARTESIAN_POINT('',(-0.117792664693348,0.0212914284146446,0.0367106037297881));
#9426=CARTESIAN_POINT('',(-0.116174976386836,0.0224920259292692,0.0419930097319232));
#9427=CARTESIAN_POINT('',(-0.115620478694693,0.0228312151898835,0.043772175690545));
#9428=CARTESIAN_POINT('',(-0.114494096898381,0.0233052165521865,0.0473420308615253));
#9429=CARTESIAN_POINT('',(-0.113926593632102,0.0234379385986868,0.0491189915974536));
#9430=CARTESIAN_POINT('',(-0.112791340349607,0.0234232516129717,0.0526556835000281));
#9431=CARTESIAN_POINT('',(-0.112224133771183,0.02327320432664,0.0544159666150963));
#9432=CARTESIAN_POINT('',(-0.111088766010989,0.0227353715030993,0.0579309022458567));
#9433=CARTESIAN_POINT('',(-0.110517916157641,0.0223445816495788,0.0596930382246931));
#9434=CARTESIAN_POINT('',(-0.108842768886241,0.020921822775338,0.0648497745610479));
#9435=CARTESIAN_POINT('',(-0.107763015765599,0.0196443927887679,0.0681547111768376));
#9436=CARTESIAN_POINT('',(-0.105639388197198,0.0167533640033465,0.0746269803537487));
#9437=CARTESIAN_POINT('',(-0.104596008710996,0.0151357780427291,0.0777927059992647));
#9438=CARTESIAN_POINT('',(-0.102524426033772,0.0117551150085486,0.084062746361637));
#9439=CARTESIAN_POINT('',(-0.101496313508516,0.00999021992821431,0.0871668245870571));
#9440=CARTESIAN_POINT('',(-0.10046892044442,0.00822879781409834,0.090268905392638));
#9441=CARTESIAN_POINT('',(-0.100661262716924,0.00855856483513061,0.0896881528321502));
#9442=CARTESIAN_POINT('',(-0.100654173959901,0.0090137394988106,0.0897095577255777));
#9443=CARTESIAN_POINT('',(-0.100592673624568,0.00965217801310572,0.0897524149842178));
#9444=CARTESIAN_POINT('',(-0.100432011154463,0.0103034015748587,0.0898149856484751));
#9445=CARTESIAN_POINT('',(-0.100307512894063,0.0106605636164809,0.0898553969263833));
#9446=CARTESIAN_POINT('',(-0.100215383879483,0.0108862863711542,0.0898830728478016));
#9447=CARTESIAN_POINT('',(-0.100051492946824,0.0112107087276121,0.0899275425950258));
#9448=CARTESIAN_POINT('',(-0.0998170230706744,0.0115768550534795,0.0899840812996958));
#9449=CARTESIAN_POINT('',(-0.0992836692190145,0.0121913189067082,0.0900909804973803));
#9450=CARTESIAN_POINT('',(-0.0986981957141813,0.0125287908623721,0.090178006463363));
#9451=CARTESIAN_POINT('',(-0.0982568271498849,0.012683412360134,0.0902413678755493));
#9452=CARTESIAN_POINT('',(-0.0982566147869149,0.0126828902828672,0.0902421613461621));
#9453=CARTESIAN_POINT('',(-0.100960088844138,-0.010629295817099,0.0887858308332897));
#9454=CARTESIAN_POINT('',(-0.100860480135066,-0.00423334226635578,0.0890866048329099));
#9455=CARTESIAN_POINT('',(-0.100760871425995,0.00216261128438743,0.08938737883253));
#9456=CARTESIAN_POINT('',(-0.100661262716924,0.00855856483513064,0.0896881528321502));
#9457=CARTESIAN_POINT('',(-0.100655037172607,0.00895831193205209,0.0897069512071264));
#9458=CARTESIAN_POINT('',(-0.100624328669234,0.00936195320641205,0.08973188092768));
#9459=CARTESIAN_POINT('',(-0.10047362140788,0.0101850696235941,0.0898008054838366));
#9460=CARTESIAN_POINT('',(-0.100352028527556,0.0106110417190899,0.0898459517510184));
#9461=CARTESIAN_POINT('',(-0.0999405272522406,0.011432852475553,0.0899574817064417));
#9462=CARTESIAN_POINT('',(-0.0996399543621936,0.0118290068414516,0.0900236093763541));
#9463=CARTESIAN_POINT('',(-0.0988797410878039,0.0124391167468754,0.0901526741990115));
#9464=CARTESIAN_POINT('',(-0.0984348618984139,0.0126432825648866,0.0902149747467132));
#9465=CARTESIAN_POINT('',(-0.0980088648172714,0.0127609208888775,0.0902771702340919));
#9466=CARTESIAN_POINT('',(-0.0911929115189915,0.0146431340727322,0.0912722980321506));
#9467=CARTESIAN_POINT('',(-0.0843769582207117,0.0165253472565868,0.0922674258302092));
#9468=CARTESIAN_POINT('',(-0.0775610049224318,0.0184075604404415,0.0932625536282679));
#9469=CARTESIAN_POINT('',(-0.0980817525817859,0.0127400237830118,0.0902665491116031));
#9470=CARTESIAN_POINT('',(-0.0980817632473812,0.0127400480510823,0.0902665449219319));
#9471=CARTESIAN_POINT('',(-0.0977838981063931,0.0128685382444702,0.0902525341245499));
#9472=CARTESIAN_POINT('',(-0.0974718274883331,0.0129465131186595,0.090258903035042));
#9473=CARTESIAN_POINT('',(-0.0971527937294889,0.0129995032393544,0.0902621290817194));
#9474=CARTESIAN_POINT('',(-0.113317813515239,0.00431093813577992,-0.0821545790513495));
#9475=CARTESIAN_POINT('',(-0.114269350093372,0.0037448762892643,-0.082461053695058));
#9476=CARTESIAN_POINT('',(-0.115560735261058,0.00265365616091799,-0.0823084857769024));
#9477=CARTESIAN_POINT('',(-0.11608246466254,0.00205088774234336,-0.0819276202963738));
#9478=CARTESIAN_POINT('',(-0.116205407225674,0.00190765978927846,-0.0818399478055204));
#9479=CARTESIAN_POINT('',(-0.129080318973789,-0.0216877073720813,-0.036632795263619));
#9480=CARTESIAN_POINT('',(-0.129120423496021,-0.0221592042059168,-0.0353216186844363));
#9481=CARTESIAN_POINT('',(-0.129146872627576,-0.0225216440049677,-0.0339664526645191));
#9482=CARTESIAN_POINT('',(-0.129168002583273,-0.023001087398461,-0.0312141596941048));
#9483=CARTESIAN_POINT('',(-0.129162683552137,-0.0231186000009761,-0.0298142385478423));
#9484=CARTESIAN_POINT('',(-0.129140963990111,-0.0231186,-0.0284164142745662));
#9485=CARTESIAN_POINT('',(-0.129027825785294,-0.0263273932911719,-0.0383490066903706));
#9486=CARTESIAN_POINT('',(-0.129088689872028,-0.0269158942341858,-0.0367827219100038));
#9487=CARTESIAN_POINT('',(-0.129131069027545,-0.027374623880227,-0.035141545918951));
#9488=CARTESIAN_POINT('',(-0.129170282604837,-0.0279779795025371,-0.0318005869313867));
#9489=CARTESIAN_POINT('',(-0.1291670970028,-0.0281230169010523,-0.0300982787563869));
#9490=CARTESIAN_POINT('',(-0.129140963990111,-0.0281186,-0.0284164142745663));
#9491=CARTESIAN_POINT('',(-0.124082656194578,-0.0263766437573163,-0.0382159851334626));
#9492=CARTESIAN_POINT('',(-0.124121602407001,-0.0269467091184059,-0.0366762843385674));
#9493=CARTESIAN_POINT('',(-0.124147315530044,-0.0273901086569318,-0.0350680249059135));
#9494=CARTESIAN_POINT('',(-0.124167854366231,-0.0279758066250691,-0.031799827483958));
#9495=CARTESIAN_POINT('',(-0.124162681868323,-0.0281186,-0.0301372697621887));
#9496=CARTESIAN_POINT('',(-0.124141567463812,-0.0281186,-0.0284940955003273));
#9497=CARTESIAN_POINT('',(-0.129080314914093,-0.0216880655429337,-0.036632927750144));
#9498=CARTESIAN_POINT('',(-0.1290451951783,-0.0247809281729136,-0.0377769681493232));
#9499=CARTESIAN_POINT('',(-0.127379334309419,-0.0263437873249391,-0.0383046546261896));
#9500=CARTESIAN_POINT('',(-0.12408273230745,-0.02637664299901,-0.0382159871807431));
#9501=CARTESIAN_POINT('',(-0.1133107565086,0.000570029920353137,-0.0825875012494303));
#9502=CARTESIAN_POINT('',(-0.113294118690322,0.00088097782252524,-0.0826719913024199));
#9503=CARTESIAN_POINT('',(-0.113279093291836,0.00119976683690609,-0.0827297652443528));
#9504=CARTESIAN_POINT('',(-0.113256287825523,0.00184159880454272,-0.0827845600504704));
#9505=CARTESIAN_POINT('',(-0.113248507757697,0.00216464175779849,-0.082781580914655));
#9506=CARTESIAN_POINT('',(-0.113244213443782,0.00280355331764238,-0.0827075487096408));
#9507=CARTESIAN_POINT('',(-0.113247696803308,0.00311884850034204,-0.0826362233851167));
#9508=CARTESIAN_POINT('',(-0.113264511935734,0.00357805665534264,-0.0824859880605265));
#9509=CARTESIAN_POINT('',(-0.113272048662066,0.00372883693716802,-0.0824287017293624));
#9510=CARTESIAN_POINT('',(-0.113291509532178,0.00402457034059993,-0.0823010827036364));
#9511=CARTESIAN_POINT('',(-0.113303433675958,0.00416952346220646,-0.0822307500090746));
#9512=CARTESIAN_POINT('',(-0.113317813554997,0.00431093852676893,-0.082154578840749));
#9513=CARTESIAN_POINT('',(-0.113572517847898,0.000664982610263458,-0.0826133604925381));
#9514=CARTESIAN_POINT('',(-0.113555126421174,0.000957236515352462,-0.0826872640549006));
#9515=CARTESIAN_POINT('',(-0.113544237812198,0.00125499420566369,-0.0827366457372002));
#9516=CARTESIAN_POINT('',(-0.113525265494684,0.00185289421405149,-0.0827833652763361));
#9517=CARTESIAN_POINT('',(-0.113519396091746,0.00215276716179207,-0.0827805470021895));
#9518=CARTESIAN_POINT('',(-0.113517981994055,0.00274561132106734,-0.0827166724370672));
#9519=CARTESIAN_POINT('',(-0.113522439749732,0.00303807923165116,-0.0826553451501819));
#9520=CARTESIAN_POINT('',(-0.113539288233658,0.00346524019064003,-0.0825265181033377));
#9521=CARTESIAN_POINT('',(-0.113546625814727,0.00360569270934098,-0.0824774151851618));
#9522=CARTESIAN_POINT('',(-0.113565111060484,0.00388161840300791,-0.0823679354449861));
#9523=CARTESIAN_POINT('',(-0.11357477069864,0.00401567706280093,-0.0823084945450922));
#9524=CARTESIAN_POINT('',(-0.113589272119729,0.00414946863596423,-0.0822420462020883));
#9525=CARTESIAN_POINT('',(-0.113834224337468,0.000765778344172947,-0.082618145576505));
#9526=CARTESIAN_POINT('',(-0.113815183409045,0.00103901353813812,-0.0826822422892771));
#9527=CARTESIAN_POINT('',(-0.113805381026177,0.00131455130523021,-0.0827243554204789));
#9528=CARTESIAN_POINT('',(-0.113787007115485,0.0018651531933403,-0.0827642572287864));
#9529=CARTESIAN_POINT('',(-0.113781757046062,0.00213981325885432,-0.0827618117094175));
#9530=CARTESIAN_POINT('',(-0.113781822340406,0.00268258581954222,-0.0827074477365859));
#9531=CARTESIAN_POINT('',(-0.113787142726658,0.00295026591422702,-0.0826552759328791));
#9532=CARTESIAN_POINT('',(-0.113805145495557,0.00334309792541982,-0.082545803677092));
#9533=CARTESIAN_POINT('',(-0.113812858450482,0.00347257743262372,-0.0825040786754127));
#9534=CARTESIAN_POINT('',(-0.113832004059636,0.00372782277919661,-0.0824109638312928));
#9535=CARTESIAN_POINT('',(-0.113841204674068,0.00385146684580615,-0.0823609778720113));
#9536=CARTESIAN_POINT('',(-0.113856542634461,0.00397702842532267,-0.0823037201589486));
#9537=CARTESIAN_POINT('',(-0.114348711496595,0.000976249026803065,-0.0825832918443114));
#9538=CARTESIAN_POINT('',(-0.114329890466215,0.00120195003452123,-0.0826284841302154));
#9539=CARTESIAN_POINT('',(-0.114322567960297,0.00142835372528687,-0.0826571091726498));
#9540=CARTESIAN_POINT('',(-0.114307660908765,0.00187976471420673,-0.082684039924672));
#9541=CARTESIAN_POINT('',(-0.114304228186153,0.00210426694298098,-0.0826820528886665));
#9542=CARTESIAN_POINT('',(-0.114307067630378,0.00254782933428904,-0.0826445856515985));
#9543=CARTESIAN_POINT('',(-0.114313347085455,0.00276659090941447,-0.0826089036204462));
#9544=CARTESIAN_POINT('',(-0.114331338722667,0.00308849825816432,-0.0825344593018679));
#9545=CARTESIAN_POINT('',(-0.114338816761301,0.00319474094535625,-0.0825061178694762));
#9546=CARTESIAN_POINT('',(-0.11435688230677,0.00340449353186253,-0.0824428301969592));
#9547=CARTESIAN_POINT('',(-0.114364679763857,0.00350535121522753,-0.0824096388107827));
#9548=CARTESIAN_POINT('',(-0.114379267961181,0.00360974422837485,-0.082369817822942));
#9549=CARTESIAN_POINT('',(-0.11460149216615,0.00108592397552369,-0.0825436530281509));
#9550=CARTESIAN_POINT('',(-0.114583663061547,0.00128489789674978,-0.0825801953905651));
#9551=CARTESIAN_POINT('',(-0.114576933221691,0.00148486236615254,-0.0826029828890542));
#9552=CARTESIAN_POINT('',(-0.114563659950267,0.00188400306546875,-0.082624323602866));
#9553=CARTESIAN_POINT('',(-0.114560991553501,0.00208270789729423,-0.0826226035889683));
#9554=CARTESIAN_POINT('',(-0.114564839996964,0.00247539899835207,-0.0825926150021403));
#9555=CARTESIAN_POINT('',(-0.11457136381913,0.0026691495927949,-0.0825641784736089));
#9556=CARTESIAN_POINT('',(-0.114589008884374,0.00295409459011954,-0.0825050195257849));
#9557=CARTESIAN_POINT('',(-0.114596249073,0.00304811021966297,-0.0824825120551745));
#9558=CARTESIAN_POINT('',(-0.11461354484534,0.00323360426363028,-0.0824322497385873));
#9559=CARTESIAN_POINT('',(-0.114620996382623,0.00332260727650148,-0.082406132756296));
#9560=CARTESIAN_POINT('',(-0.114634722773169,0.00341490024206859,-0.0823742415300752));
#9561=CARTESIAN_POINT('',(-0.115089311564687,0.00131134621458889,-0.0824176759138575));
#9562=CARTESIAN_POINT('',(-0.115074784083025,0.00145447928065198,-0.0824394193743908));
#9563=CARTESIAN_POINT('',(-0.115069415159115,0.00159903570376158,-0.0824525801290026));
#9564=CARTESIAN_POINT('',(-0.115060640882513,0.00188842023291228,-0.0824647373681714));
#9565=CARTESIAN_POINT('',(-0.115060003411821,0.0020329116260334,-0.0824635386889996));
#9566=CARTESIAN_POINT('',(-0.115066489175875,0.00231876178743048,-0.0824459855448541));
#9567=CARTESIAN_POINT('',(-0.115073617568746,0.00245999317542024,-0.0824295305584029));
#9568=CARTESIAN_POINT('',(-0.115090341928411,0.00266749758252583,-0.0823954612423865));
#9569=CARTESIAN_POINT('',(-0.115096956732558,0.00273592821014676,-0.0823825138103974));
#9570=CARTESIAN_POINT('',(-0.115112256297749,0.00287079476043254,-0.0823535909485352));
#9571=CARTESIAN_POINT('',(-0.115119081025629,0.00293546253913118,-0.0823387854212947));
#9572=CARTESIAN_POINT('',(-0.115130377091661,0.00300234535780037,-0.0823201752538452));
#9573=CARTESIAN_POINT('',(-0.115326771761693,0.00142823789631755,-0.0823306206290596));
#9574=CARTESIAN_POINT('',(-0.115314603147468,0.00154216079257696,-0.0823461764607993));
#9575=CARTESIAN_POINT('',(-0.115309606800936,0.0016578482459277,-0.0823555584109389));
#9576=CARTESIAN_POINT('',(-0.115302443460381,0.00189015067476735,-0.082364190783679));
#9577=CARTESIAN_POINT('',(-0.115302213983759,0.00200652995121228,-0.0823633045916693));
#9578=CARTESIAN_POINT('',(-0.115308574675109,0.00223703394056528,-0.082350822055497));
#9579=CARTESIAN_POINT('',(-0.115315168483698,0.00235107665507162,-0.0823391587494917));
#9580=CARTESIAN_POINT('',(-0.115330269455538,0.00251845254019443,-0.0823149375213599));
#9581=CARTESIAN_POINT('',(-0.115336195795084,0.00257362019387516,-0.0823057241693797));
#9582=CARTESIAN_POINT('',(-0.115349818052526,0.00268224097447519,-0.082285111912021));
#9583=CARTESIAN_POINT('',(-0.115356211947206,0.00273445640061814,-0.0822745319384853));
#9584=CARTESIAN_POINT('',(-0.115365891717164,0.00278801217381853,-0.0822612486758714));
#9585=CARTESIAN_POINT('',(-0.115782278449128,0.00166603019183545,-0.0821148804564641));
#9586=CARTESIAN_POINT('',(-0.115775543621669,0.00172247596239449,-0.0821208542223068));
#9587=CARTESIAN_POINT('',(-0.115771954673048,0.00178020310874647,-0.0821245740471563));
#9588=CARTESIAN_POINT('',(-0.115767816440657,0.00189663205487706,-0.0821281313704989));
#9589=CARTESIAN_POINT('',(-0.115767820733288,0.00195526651207164,-0.0821279298362461));
#9590=CARTESIAN_POINT('',(-0.115772047026279,0.00207175612640509,-0.0821234714655067));
#9591=CARTESIAN_POINT('',(-0.115776270088194,0.00212959297528532,-0.0821191979279161));
#9592=CARTESIAN_POINT('',(-0.115785822605164,0.0022145575964307,-0.0821099949064867));
#9593=CARTESIAN_POINT('',(-0.115789550042676,0.00224257794899646,-0.0821064564760509));
#9594=CARTESIAN_POINT('',(-0.115798091490781,0.00229777595947335,-0.082098443509051));
#9595=CARTESIAN_POINT('',(-0.115802533494741,0.00232459998859126,-0.0820942029530134));
#9596=CARTESIAN_POINT('',(-0.11580820708636,0.00235157695823975,-0.0820890235203452));
#9597=CARTESIAN_POINT('',(-0.116000324939558,0.00178693080562469,-0.0819861955686665));
#9598=CARTESIAN_POINT('',(-0.115996654681618,0.0018151321204346,-0.0819888128937604));
#9599=CARTESIAN_POINT('',(-0.115994177358658,0.00184388396443578,-0.0819905795160682));
#9600=CARTESIAN_POINT('',(-0.115991654367281,0.00190179192776189,-0.081992378705322));
#9601=CARTESIAN_POINT('',(-0.115991608698864,0.0019309480470868,-0.0819924112722681));
#9602=CARTESIAN_POINT('',(-0.115993994801163,0.00198896777800157,-0.0819907097010086));
#9603=CARTESIAN_POINT('',(-0.115996426571879,0.00201783138959142,-0.0819889755628032));
#9604=CARTESIAN_POINT('',(-0.116001966645741,0.00206038483888078,-0.0819850248392892));
#9605=CARTESIAN_POINT('',(-0.116004128739994,0.002074445660628,-0.0819834830120836));
#9606=CARTESIAN_POINT('',(-0.116009089457502,0.00210223288354161,-0.0819799454377133));
#9607=CARTESIAN_POINT('',(-0.116011888080758,0.002115959284708,-0.0819779496905487));
#9608=CARTESIAN_POINT('',(-0.116015007830051,0.0021294749266428,-0.0819757249427928));
#9609=CARTESIAN_POINT('',(-0.116205407225674,0.00190765978927846,-0.0818399478055204));
#9610=CARTESIAN_POINT('',(-0.116205407225674,0.00190765978927846,-0.0818399478055204));
#9611=CARTESIAN_POINT('',(-0.116205407225674,0.00190765978927846,-0.0818399478055204));
#9612=CARTESIAN_POINT('',(-0.116205407225674,0.00190765978927846,-0.0818399478055204));
#9613=CARTESIAN_POINT('',(-0.116205407225674,0.00190765978927846,-0.0818399478055204));
#9614=CARTESIAN_POINT('',(-0.116205407225674,0.00190765978927846,-0.0818399478055204));
#9615=CARTESIAN_POINT('',(-0.116205407225674,0.00190765978927846,-0.0818399478055204));
#9616=CARTESIAN_POINT('',(-0.116205407225674,0.00190765978927846,-0.0818399478055204));
#9617=CARTESIAN_POINT('',(-0.116205407225674,0.00190765978927846,-0.0818399478055204));
#9618=CARTESIAN_POINT('',(-0.116205407225674,0.00190765978927846,-0.0818399478055204));
#9619=CARTESIAN_POINT('',(-0.116205407225674,0.00190765978927846,-0.0818399478055204));
#9620=CARTESIAN_POINT('',(-0.116205407225674,0.00190765978927846,-0.0818399478055204));
#9621=CARTESIAN_POINT('',(-0.116205407225674,0.00190765978927846,-0.0818399478055204));
#9622=CARTESIAN_POINT('',(-0.115385078081207,0.00142474385468673,-0.0824249388581069));
#9623=CARTESIAN_POINT('',(-0.114357801865792,0.000949840680015887,-0.0826909382218674));
#9624=CARTESIAN_POINT('',(-0.1133107565086,0.000570029920353137,-0.0825875012494303));
#9625=CARTESIAN_POINT('',(-0.116205407225674,0.00190765978927847,-0.0818399478055204));
#9626=CARTESIAN_POINT('',(-0.116216620118339,0.00188878086580124,-0.0818319516957552));
#9627=CARTESIAN_POINT('',(-0.116229685332581,0.00187041368898477,-0.081822602353868));
#9628=CARTESIAN_POINT('',(-0.116257681197904,0.00183413375317613,-0.0818024616676427));
#9629=CARTESIAN_POINT('',(-0.116272668591411,0.0018162556943329,-0.0817916304100229));
#9630=CARTESIAN_POINT('',(-0.116319582561212,0.00176316686495325,-0.0817575339454057));
#9631=CARTESIAN_POINT('',(-0.116353628238154,0.00172833245494721,-0.0817325364740269));
#9632=CARTESIAN_POINT('',(-0.116457640638165,0.00162672921743812,-0.0816552126200703));
#9633=CARTESIAN_POINT('',(-0.116529786506081,0.00156235219777874,-0.0816003454068441));
#9634=CARTESIAN_POINT('',(-0.116747001044313,0.0013739202042539,-0.0814310321307305));
#9635=CARTESIAN_POINT('',(-0.116893023666052,0.0012547050903343,-0.0813117446232942));
#9636=CARTESIAN_POINT('',(-0.117321329416082,0.000905354316950542,-0.0809456263172957));
#9637=CARTESIAN_POINT('',(-0.117594511825342,0.000683837969263578,-0.080690281796463));
#9638=CARTESIAN_POINT('',(-0.118369085371636,3.3068582934693E-5,-0.079911365630024));
#9639=CARTESIAN_POINT('',(-0.118828625019678,-0.000381519872342232,-0.0793740434193452));
#9640=CARTESIAN_POINT('',(-0.120092512220229,-0.00160114567507545,-0.0777362929207226));
#9641=CARTESIAN_POINT('',(-0.120779404898539,-0.00237086536384234,-0.076619574100725));
#9642=CARTESIAN_POINT('',(-0.121994835398986,-0.0038529330430601,-0.0743699442789));
#9643=CARTESIAN_POINT('',(-0.12252223338214,-0.00456724267264162,-0.0732311198543377));
#9644=CARTESIAN_POINT('',(-0.123478438813942,-0.00596051078423949,-0.0709234775982645));
#9645=CARTESIAN_POINT('',(-0.123903221329899,-0.00663489900778078,-0.0697618341575424));
#9646=CARTESIAN_POINT('',(-0.125064741362659,-0.00860663024266676,-0.0662546442159572));
#9647=CARTESIAN_POINT('',(-0.125693055527015,-0.00985842226911961,-0.06387702266015));
#9648=CARTESIAN_POINT('',(-0.126757581141626,-0.0122542754086871,-0.0590939726777444));
#9649=CARTESIAN_POINT('',(-0.127191410981264,-0.0133959333595492,-0.0566932381097341));
#9650=CARTESIAN_POINT('',(-0.128279606870914,-0.0166910616421364,-0.0494519434860167));
#9651=CARTESIAN_POINT('',(-0.128724794528407,-0.0187207371100469,-0.0445744750280537));
#9652=CARTESIAN_POINT('',(-0.129015262427096,-0.0209972260574653,-0.0385325337275099));
#9653=CARTESIAN_POINT('',(-0.129057240171487,-0.0213990382274542,-0.0374411392801829));
#9654=CARTESIAN_POINT('',(-0.129088960308317,-0.0217913065625881,-0.0363452056028453));
#9655=CARTESIAN_POINT('',(-0.114921953346133,0.00126756424753637,-0.0827552012022852));
#9656=CARTESIAN_POINT('',(-0.114936670641915,0.00116207506302931,-0.0827470249451325));
#9657=CARTESIAN_POINT('',(-0.114952458534006,0.00108582289746797,-0.0827385178811787));
#9658=CARTESIAN_POINT('',(-0.114984576500144,0.000948907098246911,-0.0827212965881727));
#9659=CARTESIAN_POINT('',(-0.115001145051831,0.000889619584533783,-0.08271246983197));
#9660=CARTESIAN_POINT('',(-0.115052046507929,0.000724431676720218,-0.0826853374859121));
#9661=CARTESIAN_POINT('',(-0.115087557320932,0.000632979065099314,-0.0826664208759069));
#9662=CARTESIAN_POINT('',(-0.115194003487932,0.000387859177100731,-0.082609263713069));
#9663=CARTESIAN_POINT('',(-0.115265814489589,0.000257112316245947,-0.0825699922020445));
#9664=CARTESIAN_POINT('',(-0.115481587581407,-0.000109234170119895,-0.0824485654190705));
#9665=CARTESIAN_POINT('',(-0.115625685488263,-0.000312811735259968,-0.0823629717006454));
#9666=CARTESIAN_POINT('',(-0.116051566488621,-0.000888895022309394,-0.0820952295199431));
#9667=CARTESIAN_POINT('',(-0.116326969591562,-0.00122000680941668,-0.0819022950460266));
#9668=CARTESIAN_POINT('',(-0.117119537419711,-0.00216512875819805,-0.081293189962843));
#9669=CARTESIAN_POINT('',(-0.117604526174416,-0.00272249069277475,-0.0808471075669775));
#9670=CARTESIAN_POINT('',(-0.118956621039723,-0.00431970911836557,-0.0794344424795877));
#9671=CARTESIAN_POINT('',(-0.119715479705626,-0.0052624484582994,-0.0784053979202233));
#9672=CARTESIAN_POINT('',(-0.121060748998417,-0.00703691000569068,-0.0762822228711766));
#9673=CARTESIAN_POINT('',(-0.121648611487395,-0.00786690826730698,-0.0751810101967966));
#9674=CARTESIAN_POINT('',(-0.122714262629437,-0.00946071690161084,-0.07292613963513));
#9675=CARTESIAN_POINT('',(-0.123187999738896,-0.0102187287576515,-0.0717789459948972));
#9676=CARTESIAN_POINT('',(-0.124482496462492,-0.0124121174755709,-0.0682976979004413));
#9677=CARTESIAN_POINT('',(-0.125181670660046,-0.0137739680057019,-0.0659148168100244));
#9678=CARTESIAN_POINT('',(-0.126367187145605,-0.0163570076839596,-0.0611079865027637));
#9679=CARTESIAN_POINT('',(-0.126851031402245,-0.0175746982692594,-0.0586877419528898));
#9680=CARTESIAN_POINT('',(-0.128071750306268,-0.0210727049544982,-0.0513761434458983));
#9681=CARTESIAN_POINT('',(-0.12858273958133,-0.023204166006252,-0.0464389047788457));
#9682=CARTESIAN_POINT('',(-0.128942388803707,-0.02560000318001,-0.0402877611379271));
#9683=CARTESIAN_POINT('',(-0.128996342005086,-0.0260230103484166,-0.039175342729667));
#9684=CARTESIAN_POINT('',(-0.129039523692976,-0.0264365315110793,-0.0380555936671659));
#9685=CARTESIAN_POINT('',(-0.113302366226125,0.000760315766626252,-0.082635612393969));
#9686=CARTESIAN_POINT('',(-0.113308475525315,0.000590413700103387,-0.0825955563140977));
#9687=CARTESIAN_POINT('',(-0.113315893317853,0.000473265577672959,-0.0825610245558073));
#9688=CARTESIAN_POINT('',(-0.113331546095345,0.000266901645743762,-0.0824969713839913));
#9689=CARTESIAN_POINT('',(-0.113339944840357,0.000180201076732605,-0.0824672455486055));
#9690=CARTESIAN_POINT('',(-0.113366309656416,-5.71970783315363E-5,-0.0823815601615559));
#9691=CARTESIAN_POINT('',(-0.113385541454995,-0.000182089259973356,-0.0823301121500112));
#9692=CARTESIAN_POINT('',(-0.113444666429038,-0.000508102371495963,-0.082189077069239));
#9693=CARTESIAN_POINT('',(-0.113486155649537,-0.000670332624004959,-0.0821081228815112));
#9694=CARTESIAN_POINT('',(-0.113612648776519,-0.00111504510278371,-0.0818754242639019));
#9695=CARTESIAN_POINT('',(-0.113699779118647,-0.00134484864765551,-0.0817361672623369));
#9696=CARTESIAN_POINT('',(-0.113961317054349,-0.0019808228175796,-0.0813291807488002));
#9697=CARTESIAN_POINT('',(-0.114136142814657,-0.00232194443529667,-0.0810749007864566));
#9698=CARTESIAN_POINT('',(-0.114649613571774,-0.00327874857815737,-0.0803157296145462));
#9699=CARTESIAN_POINT('',(-0.114978243399193,-0.00381371664840557,-0.0798181302153032));
#9700=CARTESIAN_POINT('',(-0.115918223883413,-0.00533641137655893,-0.0782974268673257));
#9701=CARTESIAN_POINT('',(-0.116478971611641,-0.00621299185921067,-0.0772632970437857));
#9702=CARTESIAN_POINT('',(-0.117497245667106,-0.00787151646288122,-0.0751541857820017));
#9703=CARTESIAN_POINT('',(-0.117957352234823,-0.00864790891871996,-0.0740769258687144));
#9704=CARTESIAN_POINT('',(-0.118805018279681,-0.0101449897915075,-0.0718787996443033));
#9705=CARTESIAN_POINT('',(-0.119189749775733,-0.0108598814074473,-0.0707649345815456));
#9706=CARTESIAN_POINT('',(-0.120252273837181,-0.0129361442947839,-0.0673865741580304));
#9707=CARTESIAN_POINT('',(-0.12084202495091,-0.014235570966782,-0.065076243272549));
#9708=CARTESIAN_POINT('',(-0.12184744416459,-0.0167115686684472,-0.0604076501308124));
#9709=CARTESIAN_POINT('',(-0.122261916403276,-0.0178847836207043,-0.0580537724731566));
#9710=CARTESIAN_POINT('',(-0.123305152798356,-0.0212643212410256,-0.0509338244227712));
#9711=CARTESIAN_POINT('',(-0.123737637677629,-0.0233360743638025,-0.046114519144387));
#9712=CARTESIAN_POINT('',(-0.124019477156683,-0.0256681595675413,-0.0401088824889363));
#9713=CARTESIAN_POINT('',(-0.124060234629144,-0.0260800824102962,-0.0390227276580108));
#9714=CARTESIAN_POINT('',(-0.124091044378792,-0.0264829409882914,-0.0379295138923378));
#9715=CARTESIAN_POINT('',(0.102290219400703,0.00448492358301306,-0.0820559914030805));
#9716=CARTESIAN_POINT('',(0.102252681657776,0.00472900135557674,-0.081912920896385));
#9717=CARTESIAN_POINT('',(0.102211013536478,0.00488353224603063,-0.0818040719736974));
#9718=CARTESIAN_POINT('',(0.102127923537276,0.00515419434778822,-0.0816071004813846));
#9719=CARTESIAN_POINT('',(0.102085387396445,0.0052647595087624,-0.08151971413223));
#9720=CARTESIAN_POINT('',(0.101955864382351,0.00556426635552324,-0.0812728870235143));
#9721=CARTESIAN_POINT('',(0.101866981345052,0.00572029667739832,-0.0811289850143481));
#9722=CARTESIAN_POINT('',(0.10159587635746,0.00614057161419748,-0.0807214166164289));
#9723=CARTESIAN_POINT('',(0.101408779365186,0.00635386209916039,-0.0804827367376544));
#9724=CARTESIAN_POINT('',(0.100843163373952,0.00692305954538091,-0.0798067645669089));
#9725=CARTESIAN_POINT('',(0.100458347644355,0.00720381804293611,-0.0794097222129925));
#9726=CARTESIAN_POINT('',(0.0992924503702522,0.00795703471384837,-0.0782661755690383));
#9727=CARTESIAN_POINT('',(0.0984996195525433,0.00832592206844942,-0.0775743665161267));
#9728=CARTESIAN_POINT('',(0.0960985267096801,0.00930831511259036,-0.0755528130645291));
#9729=CARTESIAN_POINT('',(0.0944767957692553,0.00977418340318956,-0.0742958908263758));
#9730=CARTESIAN_POINT('',(0.0920367055759475,0.0103753654534319,-0.0724433907364249));
#9731=CARTESIAN_POINT('',(0.0912212965899761,0.0105561835570182,-0.071833028147857));
#9732=CARTESIAN_POINT('',(0.0903021172636173,0.0107431387613273,-0.0711512748715926));
#9733=CARTESIAN_POINT('',(0.090200040386129,0.0107637117345251,-0.0710754800736127));
#9734=CARTESIAN_POINT('',(0.0899966761861622,0.010804723663605,-0.070922823168156));
#9735=CARTESIAN_POINT('',(0.0898952928262495,0.0108251248053515,-0.0708460984758115));
#9736=CARTESIAN_POINT('',(0.0895920496683941,0.0108860137666335,-0.0706147148825696));
#9737=CARTESIAN_POINT('',(0.0893910964901496,0.0109261871921223,-0.0704588468755465));
#9738=CARTESIAN_POINT('',(0.0887919597730347,0.0110454473855953,-0.0699862256409868));
#9739=CARTESIAN_POINT('',(0.0883974922433304,0.0111232121143792,-0.0696646704887172));
#9740=CARTESIAN_POINT('',(0.0872299468217734,0.0113512818606486,-0.0686798744737859));
#9741=CARTESIAN_POINT('',(0.0864725869258765,0.0114964447057742,-0.0679963695772307));
#9742=CARTESIAN_POINT('',(0.0850078537653252,0.0117742190465849,-0.0665637733466555));
#9743=CARTESIAN_POINT('',(0.0842964580219468,0.0119075584360639,-0.0658099186719523));
#9744=CARTESIAN_POINT('',(0.0822962971802494,0.0122836291080532,-0.063467884031382));
#9745=CARTESIAN_POINT('',(0.0811460159244053,0.0125040017984479,-0.0617921017482747));
#9746=CARTESIAN_POINT('',(0.0797124986485404,0.0127917558842397,-0.0590930297461366));
#9747=CARTESIAN_POINT('',(0.0792809062345026,0.0128808654186553,-0.0581585214309367));
#9748=CARTESIAN_POINT('',(0.0785180919865725,0.0130436242876539,-0.0562509116284216));
#9749=CARTESIAN_POINT('',(0.0781899076188184,0.0131165739762497,-0.0552874969011141));
#9750=CARTESIAN_POINT('',(0.0773379522048914,0.0133144513429585,-0.0523736223448231));
#9751=CARTESIAN_POINT('',(0.0769456092242037,0.0134184880640595,-0.050399737963327));
#9752=CARTESIAN_POINT('',(0.0763929172937154,0.0135916544585992,-0.0464132962336034));
#9753=CARTESIAN_POINT('',(0.0762331008395264,0.0136608175189107,-0.0443974696826035));
#9754=CARTESIAN_POINT('',(0.0759722673456964,0.0138416525909035,-0.0383899033149392));
#9755=CARTESIAN_POINT('',(0.0760756109244144,0.0139288396235795,-0.0344184529239422));
#9756=CARTESIAN_POINT('',(0.0764015354269764,0.0141583187830273,-0.0265245824586376));
#9757=CARTESIAN_POINT('',(0.0766309849796266,0.0142993042832778,-0.0226004450022972));
#9758=CARTESIAN_POINT('',(0.0770014381949132,0.0147421220743449,-0.0148157126669475));
#9759=CARTESIAN_POINT('',(0.0771443095808117,0.0150427694928872,-0.0109579281097953));
#9760=CARTESIAN_POINT('',(0.0772010104155764,0.0157084811784694,-0.00524992958742515));
#9761=CARTESIAN_POINT('',(0.0771941977919452,0.0159664141126173,-0.00336054884535814));
#9762=CARTESIAN_POINT('',(0.0771471778495989,0.0163468290369102,-0.00101994573696837));
#9763=CARTESIAN_POINT('',(0.0771352774502103,0.0164258239763295,-0.00055288171420744));
#9764=CARTESIAN_POINT('',(0.0771122450990363,0.0165900006521519,0.000378942982591324));
#9765=CARTESIAN_POINT('',(0.0771007389524837,0.0166753476460526,0.000844538651685926));
#9766=CARTESIAN_POINT('',(0.0770662497283651,0.0169411339840261,0.00224166022120647));
#9767=CARTESIAN_POINT('',(0.0770432958817375,0.0171312356533914,0.00317302422618321));
#9768=CARTESIAN_POINT('',(0.0769287077543277,0.0181425574445175,0.0078314806859438));
#9769=CARTESIAN_POINT('',(0.0768379387221964,0.019147432918686,0.0115500255574872));
#9770=CARTESIAN_POINT('',(0.0766581309308594,0.0213845218373361,0.0190111531806154));
#9771=CARTESIAN_POINT('',(0.0765689363500055,0.0226212538800923,0.0227585728657599));
#9772=CARTESIAN_POINT('',(0.0763899202732392,0.025053995770792,0.0304409502285836));
#9773=CARTESIAN_POINT('',(0.0763001438492241,0.0262605423413936,0.0343710486309148));
#9774=CARTESIAN_POINT('',(0.0761622755806761,0.0276196670294314,0.0406438415634615));
#9775=CARTESIAN_POINT('',(0.0761158152535982,0.0279919739402713,0.042798716667695));
#9776=CARTESIAN_POINT('',(0.0760462523012797,0.0283230931105705,0.0460996242662478));
#9777=CARTESIAN_POINT('',(0.076023043337887,0.0283956902438778,0.0472131870336065));
#9778=CARTESIAN_POINT('',(0.0759765745083776,0.0284462209305291,0.0494659453952125));
#9779=CARTESIAN_POINT('',(0.0759533137234943,0.0284218952377417,0.0506072199940033));
#9780=CARTESIAN_POINT('',(0.0758834521156178,0.0282013685038054,0.053994378905804));
#9781=CARTESIAN_POINT('',(0.0758364087729037,0.0278586352781889,0.0562418730883249));
#9782=CARTESIAN_POINT('',(0.0757447421844536,0.026911808267555,0.0605546217710718));
#9783=CARTESIAN_POINT('',(0.0756999118254289,0.0263102917712107,0.0626313393899337));
#9784=CARTESIAN_POINT('',(0.0755675423432829,0.0242537297824141,0.0686885044611541));
#9785=CARTESIAN_POINT('',(0.0754820048949676,0.0225507467030899,0.0725042388879363));
#9786=CARTESIAN_POINT('',(0.0753138651052061,0.0188877253006854,0.0798952555279012));
#9787=CARTESIAN_POINT('',(0.0752317467982004,0.0169329372877788,0.0834484735579386));
#9788=CARTESIAN_POINT('',(0.0751231660790522,0.0143195088971637,0.0880948132041412));
#9789=CARTESIAN_POINT('',(0.0750962992998058,0.013672286582752,0.0892397179037906));
#9790=CARTESIAN_POINT('',(0.0750694504686179,0.0130252612594525,0.0903811262405786));
#9791=CARTESIAN_POINT('',(0.100690140741913,0.00342630242751061,-0.0826765209315399));
#9792=CARTESIAN_POINT('',(0.100633994217291,0.00360348540389071,-0.0826394973922774));
#9793=CARTESIAN_POINT('',(0.100579390759181,0.00372481994003985,-0.0826034913653816));
#9794=CARTESIAN_POINT('',(0.10047301109614,0.00394164244588464,-0.0825333436285782));
#9795=CARTESIAN_POINT('',(0.10042052354598,0.00403383498298003,-0.08249873285102));
#9796=CARTESIAN_POINT('',(0.10026356116165,0.00428829605332735,-0.082395230398487));
#9797=CARTESIAN_POINT('',(0.100159632519961,0.00442805679783619,-0.0823266988879013));
#9798=CARTESIAN_POINT('',(0.0998474175261983,0.0048119093820939,-0.0821208214242725));
#9799=CARTESIAN_POINT('',(0.0996384311530741,0.00501888114200477,-0.0819830138708394));
#9800=CARTESIAN_POINT('',(0.0990139250088378,0.00558068921894023,-0.0815712087251494));
#9801=CARTESIAN_POINT('',(0.0985990254296136,0.00587474700754965,-0.0812976200931451));
#9802=CARTESIAN_POINT('',(0.0973522460759074,0.00667298611245029,-0.0804754822196087));
#9803=CARTESIAN_POINT('',(0.09651901975834,0.00708375779637646,-0.0799260450551002));
#9804=CARTESIAN_POINT('',(0.0940098125857092,0.00818585510426976,-0.0782714505649306));
#9805=CARTESIAN_POINT('',(0.0923354343620318,0.00872904615289558,-0.0771673500293058));
#9806=CARTESIAN_POINT('',(0.0898246027559247,0.00943626725383378,-0.0755116843725581));
#9807=CARTESIAN_POINT('',(0.0889873360122733,0.00965112221810692,-0.0749595829136134));
#9808=CARTESIAN_POINT('',(0.0880448317989997,0.00987518805725015,-0.0743380868907783));
#9809=CARTESIAN_POINT('',(0.0879263546814407,0.00990163315604069,-0.0742624547806641));
#9810=CARTESIAN_POINT('',(0.0876967271469415,0.00995357276569982,-0.0741129274249669));
#9811=CARTESIAN_POINT('',(0.0875821399082045,0.00997944977755778,-0.0740376197328853));
#9812=CARTESIAN_POINT('',(0.0872390591788783,0.010056802833607,-0.0738100334744614));
#9813=CARTESIAN_POINT('',(0.0870112464828232,0.0101080009376102,-0.0736560925317229));
#9814=CARTESIAN_POINT('',(0.0863305495993163,0.0102604853357583,-0.0731873428478381));
#9815=CARTESIAN_POINT('',(0.0858804678912269,0.010360494515742,-0.0728656662039473));
#9816=CARTESIAN_POINT('',(0.0845420594960969,0.0106550932714562,-0.0718707654285439));
#9817=CARTESIAN_POINT('',(0.0836653619001657,0.010844486105621,-0.0711679722965389));
#9818=CARTESIAN_POINT('',(0.0819473537738193,0.0112103192781804,-0.0696628510315393));
#9819=CARTESIAN_POINT('',(0.0811011087633952,0.01138774471689,-0.0688553922694771));
#9820=CARTESIAN_POINT('',(0.0786757826498514,0.0118934462181227,-0.0662812879801193));
#9821=CARTESIAN_POINT('',(0.0772253986908893,0.012195620870144,-0.0643552353572618));
#9822=CARTESIAN_POINT('',(0.0754342367006832,0.0125813238615289,-0.0612315441645829));
#9823=CARTESIAN_POINT('',(0.0748962463047727,0.0126993847153346,-0.0601461410031435));
#9824=CARTESIAN_POINT('',(0.0739533688582503,0.0129114504403817,-0.0579394695757328));
#9825=CARTESIAN_POINT('',(0.0735520832137798,0.0130045895875192,-0.0568296101672519));
#9826=CARTESIAN_POINT('',(0.0725220769026272,0.0132523533048765,-0.0535019180887155));
#9827=CARTESIAN_POINT('',(0.0720649760148803,0.0133756403895593,-0.0512880572833829));
#9828=CARTESIAN_POINT('',(0.0714308017353754,0.0135744101479839,-0.0469083469243572));
#9829=CARTESIAN_POINT('',(0.0712540614733553,0.0136499694999155,-0.0447372941909509));
#9830=CARTESIAN_POINT('',(0.0709643371331893,0.0138436676111434,-0.03836408222563));
#9831=CARTESIAN_POINT('',(0.0710740658880497,0.0139321024542055,-0.0342740092047526));
#9832=CARTESIAN_POINT('',(0.0713995729310234,0.0141669838913249,-0.0262587161304689));
#9833=CARTESIAN_POINT('',(0.0716261294957788,0.0143111429659508,-0.0223342823551521));
#9834=CARTESIAN_POINT('',(0.0719906420936775,0.0147568271130873,-0.0146152369572534));
#9835=CARTESIAN_POINT('',(0.0721310058492702,0.0150570567880432,-0.0108246605965218));
#9836=CARTESIAN_POINT('',(0.0721996536876036,0.0157096362859953,-0.00524540749251766));
#9837=CARTESIAN_POINT('',(0.0721995115689271,0.0159610458985664,-0.00340366820981683));
#9838=CARTESIAN_POINT('',(0.0721662097601837,0.0163292102518158,-0.00112582745392503));
#9839=CARTESIAN_POINT('',(0.0721565004249233,0.016406269396641,-0.000666916855528198));
#9840=CARTESIAN_POINT('',(0.0721345213504196,0.0165694408255482,0.00026529904408526));
#9841=CARTESIAN_POINT('',(0.0721235391326225,0.0166542897168498,0.000731096545233878));
#9842=CARTESIAN_POINT('',(0.0720905844573171,0.0169186229369975,0.00212882929208512));
#9843=CARTESIAN_POINT('',(0.0720686155806287,0.0171077997641491,0.0030606126602659));
#9844=CARTESIAN_POINT('',(0.0719587322394414,0.0181147404195198,0.00772118185272612));
#9845=CARTESIAN_POINT('',(0.0718710181760387,0.0191169027347026,0.0114414678982759));
#9846=CARTESIAN_POINT('',(0.0716950510677188,0.0213506448146097,0.0189049002504467));
#9847=CARTESIAN_POINT('',(0.0716066842351508,0.0225866821679351,0.0226528727132492));
#9848=CARTESIAN_POINT('',(0.0714255859214322,0.0250212091642521,0.0303339389443675));
#9849=CARTESIAN_POINT('',(0.0713329730029483,0.0262301118543103,0.0342620040183245));
#9850=CARTESIAN_POINT('',(0.0711851827453095,0.0275984785868667,0.0405303492740859));
#9851=CARTESIAN_POINT('',(0.0711344165556863,0.0279748979764014,0.0426835358903927));
#9852=CARTESIAN_POINT('',(0.0710566335903894,0.0283141158679043,0.0459826064075908));
#9853=CARTESIAN_POINT('',(0.0710303903402781,0.0283897338907305,0.0470956821625934));
#9854=CARTESIAN_POINT('',(0.0709772872310372,0.028446895691502,0.0493479863981895));
#9855=CARTESIAN_POINT('',(0.070950377529634,0.0284262267436689,0.0504893288785897));
#9856=CARTESIAN_POINT('',(0.0708704925629303,0.0282156626273104,0.053877553249895));
#9857=CARTESIAN_POINT('',(0.070817460992241,0.0278787415419672,0.0561268232643458));
#9858=CARTESIAN_POINT('',(0.0707156818956316,0.0269413207573704,0.0604436607062645));
#9859=CARTESIAN_POINT('',(0.0706666643463589,0.0263434813542368,0.062522680852732));
#9860=CARTESIAN_POINT('',(0.0705236989524879,0.0242958073486681,0.0685863853433871));
#9861=CARTESIAN_POINT('',(0.0704336444655188,0.0225960149191701,0.0724059376348161));
#9862=CARTESIAN_POINT('',(0.070259258039271,0.0189372313026627,0.0798023272615207));
#9863=CARTESIAN_POINT('',(0.0701754442008518,0.0169834374745433,0.0833571899834472));
#9864=CARTESIAN_POINT('',(0.0700658741583572,0.0143706018798224,0.0880044709830062));
#9865=CARTESIAN_POINT('',(0.0700388776958896,0.013723460637065,0.0891494933306164));
#9866=CARTESIAN_POINT('',(0.0700119651481966,0.0130764768472812,0.0902909565347415));
#9867=CARTESIAN_POINT('',(0.0995377261877197,0.00195645191885574,-0.0819166080823452));
#9868=CARTESIAN_POINT('',(0.0994992030864861,0.00199978829597603,-0.0818912055919725));
#9869=CARTESIAN_POINT('',(0.0994585203234941,0.00203912660728554,-0.0818643790005989));
#9870=CARTESIAN_POINT('',(0.0993754303242934,0.0021144150053588,-0.0818095886842128));
#9871=CARTESIAN_POINT('',(0.0993328941834638,0.00215017439427593,-0.0817815399582974));
#9872=CARTESIAN_POINT('',(0.0992033711693651,0.00225381166553115,-0.0816961312810797));
#9873=CARTESIAN_POINT('',(0.0991144881320669,0.00231808369529732,-0.081637520981624));
#9874=CARTESIAN_POINT('',(0.0988433831444818,0.00250242623981218,-0.0814587518374849));
#9875=CARTESIAN_POINT('',(0.0986562861522055,0.00261423449371824,-0.0813353783448827));
#9876=CARTESIAN_POINT('',(0.0980906701609641,0.00292829322299837,-0.0809624059124449));
#9877=CARTESIAN_POINT('',(0.0977058544313774,0.00311049127342692,-0.080708654850016));
#9878=CARTESIAN_POINT('',(0.0965399571572571,0.00361687691583917,-0.0799398513702083));
#9879=CARTESIAN_POINT('',(0.0957471263395084,0.00389980536081117,-0.0794170513730611));
#9880=CARTESIAN_POINT('',(0.0933460334968003,0.00466922639995386,-0.0778337484751208));
#9881=CARTESIAN_POINT('',(0.0917243025562975,0.00507102632601132,-0.0767643640464531));
#9882=CARTESIAN_POINT('',(0.0892842123629517,0.0055931924592231,-0.0751553459336829));
#9883=CARTESIAN_POINT('',(0.0884688033769971,0.00575264225950488,-0.0746176576829394));
#9884=CARTESIAN_POINT('',(0.0875496240506336,0.00591885550404281,-0.0740115423069438));
#9885=CARTESIAN_POINT('',(0.0874319229024529,0.00593716767542243,-0.0739337571513985));
#9886=CARTESIAN_POINT('',(0.0872048339107372,0.00597371387370983,-0.0737818528602253));
#9887=CARTESIAN_POINT('',(0.0870915516048155,0.00599191429550234,-0.0737053725010663));
#9888=CARTESIAN_POINT('',(0.0867524934917688,0.00604629423135876,-0.0734743172638735));
#9889=CARTESIAN_POINT('',(0.0865275062413697,0.00608225243681842,-0.0733181289720422));
#9890=CARTESIAN_POINT('',(0.0858557254604475,0.00618921479679388,-0.0728428480994428));
#9891=CARTESIAN_POINT('',(0.0854121069940374,0.00625929868546636,-0.0725170531332537));
#9892=CARTESIAN_POINT('',(0.0840943576313086,0.00646587586930077,-0.0715103069648524));
#9893=CARTESIAN_POINT('',(0.0832332135998451,0.00659868796322238,-0.0708003650354985));
#9894=CARTESIAN_POINT('',(0.0815500553892484,0.0068548140498709,-0.0692824344269515));
#9895=CARTESIAN_POINT('',(0.0807232347575989,0.00697881468846192,-0.0684692795200744));
#9896=CARTESIAN_POINT('',(0.0783617523939997,0.00733083646219463,-0.0658809881713745));
#9897=CARTESIAN_POINT('',(0.0769631092064434,0.00754024994396455,-0.0639534025159639));
#9898=CARTESIAN_POINT('',(0.0752446868918045,0.00781589500158329,-0.0608540558615657));
#9899=CARTESIAN_POINT('',(0.0747300449614089,0.00790169669674657,-0.0597805129297815));
#9900=CARTESIAN_POINT('',(0.0738286922102067,0.00805899371073333,-0.0576020942464935));
#9901=CARTESIAN_POINT('',(0.0734453969134332,0.00812980705571345,-0.056508372726737));
#9902=CARTESIAN_POINT('',(0.0724608402237254,0.0083224529297613,-0.053230000200933));
#9903=CARTESIAN_POINT('',(0.0720226686609205,0.00842453266040419,-0.0510495922687985));
#9904=CARTESIAN_POINT('',(0.071413548029406,0.00859503119430604,-0.0467238300728514));
#9905=CARTESIAN_POINT('',(0.0712432253657162,0.00866350799773876,-0.0445736570678311));
#9906=CARTESIAN_POINT('',(0.0709663382136313,0.00884306264415161,-0.0382414951863705));
#9907=CARTESIAN_POINT('',(0.0710773295298564,0.00893028854830515,-0.0341515003693919));
#9908=CARTESIAN_POINT('',(0.0714082322251254,0.0091610926664899,-0.026090784920933));
#9909=CARTESIAN_POINT('',(0.0716379596847054,0.00930336891596666,-0.0221208879444278));
#9910=CARTESIAN_POINT('',(0.0720053695391913,0.00975419658189804,-0.0142604523360866));
#9911=CARTESIAN_POINT('',(0.07214537143467,0.0100613086389802,-0.0103738304126836));
#9912=CARTESIAN_POINT('',(0.0722008255139827,0.0107497047983614,-0.00460111489472286));
#9913=CARTESIAN_POINT('',(0.0721941135726177,0.0110174412586587,-0.00268658573121813));
#9914=CARTESIAN_POINT('',(0.0721483531702415,0.0114150205852448,-0.000305901650163631));
#9915=CARTESIAN_POINT('',(0.0721366665863237,0.011497698600893,0.000174311452951064));
#9916=CARTESIAN_POINT('',(0.0721136342350388,0.0116698151462672,0.00115120081202219));
#9917=CARTESIAN_POINT('',(0.0721021280885427,0.0117592743156683,0.00163922011742971));
#9918=CARTESIAN_POINT('',(0.0720676388644208,0.0120375587939184,0.00310203889917619));
#9919=CARTESIAN_POINT('',(0.0720446850178194,0.0122362963801465,0.004075598576925));
#9920=CARTESIAN_POINT('',(0.0719300968902898,0.0132913974184246,0.00893571559558757));
#9921=CARTESIAN_POINT('',(0.0718393278582779,0.0143333142540666,0.0127855744488509));
#9922=CARTESIAN_POINT('',(0.0716595200668938,0.0166199363066735,0.0204119047313511));
#9923=CARTESIAN_POINT('',(0.0715703254861245,0.0178687316295286,0.0241949851369316));
#9924=CARTESIAN_POINT('',(0.071391309409236,0.0202730918603032,0.0317877358054127));
#9925=CARTESIAN_POINT('',(0.0713015329851263,0.0214353595583765,0.0355954943934702));
#9926=CARTESIAN_POINT('',(0.0711636647168119,0.0227023395991514,0.0414430104635377));
#9927=CARTESIAN_POINT('',(0.0711172043896314,0.0230403797530408,0.0434135691216693));
#9928=CARTESIAN_POINT('',(0.0710476414373499,0.0233363418292383,0.046363997717897));
#9929=CARTESIAN_POINT('',(0.0710244324739664,0.0234001085051952,0.0473483778658048));
#9930=CARTESIAN_POINT('',(0.0709779636444141,0.0234443173759224,0.0493192971417662));
#9931=CARTESIAN_POINT('',(0.0709547028595657,0.0234232557531632,0.050305875234509));
#9932=CARTESIAN_POINT('',(0.0708848412516487,0.0232303383743695,0.0532689709487748));
#9933=CARTESIAN_POINT('',(0.0708377979089291,0.022928310551748,0.0552642575067773));
#9934=CARTESIAN_POINT('',(0.070746131320544,0.0220747493647706,0.0591521851294526));
#9935=CARTESIAN_POINT('',(0.0707013009614661,0.021525621528503,0.0610536106593427));
#9936=CARTESIAN_POINT('',(0.0705689314793822,0.0196194263447162,0.0666679023534074));
#9937=CARTESIAN_POINT('',(0.0704833940310128,0.0180064396835714,0.070295869905681));
#9938=CARTESIAN_POINT('',(0.0703152542412767,0.0144720626267586,0.0774273159920113));
#9939=CARTESIAN_POINT('',(0.0702331359341093,0.012557650652996,0.0809102648001685));
#9940=CARTESIAN_POINT('',(0.0701245552151592,0.00996729457592008,0.0855155848402522));
#9941=CARTESIAN_POINT('',(0.0700976758268539,0.00932280132741144,0.0866556416277246));
#9942=CARTESIAN_POINT('',(0.070070814242598,0.00867696492463932,0.087794943277947));
#9943=CARTESIAN_POINT('',(0.0721407763686446,0.011999999980797,0.000448309053773507));
#9944=CARTESIAN_POINT('',(0.0721407763686446,0.0118104811428795,0.000166651870503186));
#9945=CARTESIAN_POINT('',(0.0721407763686446,0.0116427906503438,1.72243735275338E-5));
#9946=CARTESIAN_POINT('',(0.0721407763686446,0.0114969285031897,2.65628465612178E-8));
#9947=CARTESIAN_POINT('',(0.116205407225673,0.00190765978927847,-0.0818399478055204));
#9948=CARTESIAN_POINT('',(0.116234567521057,0.00193089965510925,-0.0818191530891493));
#9949=CARTESIAN_POINT('',(0.116265516017481,0.00195258793827688,-0.0817968664203601));
#9950=CARTESIAN_POINT('',(0.116327926233895,0.00199446643590137,-0.0817514205388041));
#9951=CARTESIAN_POINT('',(0.116359571897679,0.00201461564670924,-0.0817281333441339));
#9952=CARTESIAN_POINT('',(0.116454923598912,0.00207359811853039,-0.0816571992618813));
#9953=CARTESIAN_POINT('',(0.116519028390041,0.00211097976338221,-0.0816084891021038));
#9954=CARTESIAN_POINT('',(0.116710444079541,0.00221991099704777,-0.0814599156952057));
#9955=CARTESIAN_POINT('',(0.116836854869483,0.00228824444696759,-0.0813576110815999));
#9956=CARTESIAN_POINT('',(0.117207667648933,0.00248673235468274,-0.0810455732832221));
#9957=CARTESIAN_POINT('',(0.117443850734371,0.00261027026793944,-0.080830677837319));
#9958=CARTESIAN_POINT('',(0.118118842024041,0.00296767936049665,-0.0801755423594025));
#9959=CARTESIAN_POINT('',(0.118526850987945,0.00318867846155202,-0.079722624511411));
#9960=CARTESIAN_POINT('',(0.119640970231492,0.0038087772470744,-0.078365196687893));
#9961=CARTESIAN_POINT('',(0.12025280841723,0.0041694907043017,-0.0774514371423479));
#9962=CARTESIAN_POINT('',(0.12135324572942,0.00482755349554546,-0.0756002738671337));
#9963=CARTESIAN_POINT('',(0.121840110315227,0.00512475417812256,-0.0746578015012449));
#9964=CARTESIAN_POINT('',(0.12272101577713,0.0056602618440322,-0.0727709789751323));
#9965=CARTESIAN_POINT('',(0.123114442292121,0.00589849398229675,-0.0718278185052733));
#9966=CARTESIAN_POINT('',(0.124199098664747,0.00654256136936185,-0.0689904119485486));
#9967=CARTESIAN_POINT('',(0.124796369338395,0.00687831376152497,-0.0670878503258709));
#9968=CARTESIAN_POINT('',(0.125839680020241,0.0074337066996468,-0.0632511690637207));
#9969=CARTESIAN_POINT('',(0.126282664547146,0.00765198803322683,-0.0613183290743736));
#9970=CARTESIAN_POINT('',(0.127427802237693,0.00818611351010264,-0.0555647948228522));
#9971=CARTESIAN_POINT('',(0.127960364827306,0.00839023007278738,-0.0517508827606474));
#9972=CARTESIAN_POINT('',(0.128733904147095,0.00869327658840608,-0.0441251406476969));
#9973=CARTESIAN_POINT('',(0.128970576354973,0.00878859448522748,-0.0403147628490757));
#9974=CARTESIAN_POINT('',(0.129198115628119,0.00897970841780683,-0.0326841634682744));
#9975=CARTESIAN_POINT('',(0.129188246594318,0.00907425685325886,-0.0288643336329007));
#9976=CARTESIAN_POINT('',(0.128924982674959,0.00935377776658616,-0.0212038496132906));
#9977=CARTESIAN_POINT('',(0.128668393381999,0.00953739690363588,-0.0173934399383758));
#9978=CARTESIAN_POINT('',(0.127938075738295,0.010084199555685,-0.00985309042635942));
#9979=CARTESIAN_POINT('',(0.127464537799233,0.0104464969400721,-0.00611811513214903));
#9980=CARTESIAN_POINT('',(0.126617968811217,0.0112121265971236,-0.000578450872615171));
#9981=CARTESIAN_POINT('',(0.126313099884808,0.0115054139632064,0.00125748234553873));
#9982=CARTESIAN_POINT('',(0.125662512083702,0.0121833156286098,0.00490642007362816));
#9983=CARTESIAN_POINT('',(0.1253167540416,0.0125659187187106,0.00671973129552431));
#9984=CARTESIAN_POINT('',(0.124223475963357,0.0138251015715652,0.0121299855222901));
#9985=CARTESIAN_POINT('',(0.123419368790582,0.0148164475365307,0.0157000042738906));
#9986=CARTESIAN_POINT('',(0.121689881854766,0.0169441621659553,0.0227731644439722));
#9987=CARTESIAN_POINT('',(0.120767074252644,0.0180786279112826,0.026266898168581));
#9988=CARTESIAN_POINT('',(0.118817759474573,0.0202510601043669,0.0332384038186279));
#9989=CARTESIAN_POINT('',(0.117791273929055,0.0212927050387948,0.0367152498996816));
#9990=CARTESIAN_POINT('',(0.116173627499066,0.022492904578381,0.0419973619149491));
#9991=CARTESIAN_POINT('',(0.115619063548667,0.0228319645619584,0.0437766918107162));
#9992=CARTESIAN_POINT('',(0.114493056842722,0.0233055000365393,0.0473452959732921));
#9993=CARTESIAN_POINT('',(0.113925690162586,0.0234380650165773,0.0491218148650876));
#9994=CARTESIAN_POINT('',(0.112790561470165,0.0234231032253848,0.0526581012966107));
#9995=CARTESIAN_POINT('',(0.112223339941572,0.02327295001139,0.0544184293554207));
#9996=CARTESIAN_POINT('',(0.111087811717365,0.0227347975307913,0.0579338514362183));
#9997=CARTESIAN_POINT('',(0.110516994757781,0.0223438779330798,0.059695878680137));
#9998=CARTESIAN_POINT('',(0.10884246897556,0.0209214101809203,0.0648506897147424));
#9999=CARTESIAN_POINT('',(0.107762911890576,0.0196442513887576,0.0681550277619342));
#10000=CARTESIAN_POINT('',(0.105639491888049,0.0167535051526326,0.074626664329959));
#10001=CARTESIAN_POINT('',(0.104596118674151,0.0151359530122198,0.0777923727876764));
#10002=CARTESIAN_POINT('',(0.102524473474127,0.0117551969090965,0.0840626031614302));
#10003=CARTESIAN_POINT('',(0.101496277646088,0.00999015844336096,0.0871669328690314));
#10004=CARTESIAN_POINT('',(0.10046892044442,0.00822879781409834,0.090268905392638));
#10005=CARTESIAN_POINT('',(0.114981601704719,0.00319710638385576,-0.0827126649151016));
#10006=CARTESIAN_POINT('',(0.115020735497476,0.00333935644034577,-0.0826904360954818));
#10007=CARTESIAN_POINT('',(0.115058660095156,0.00343218494286636,-0.0826694643111198));
#10008=CARTESIAN_POINT('',(0.115131439867782,0.00359794185631641,-0.0826288888271898));
#10009=CARTESIAN_POINT('',(0.115167050804844,0.00366782076387561,-0.0826089617158645));
#10010=CARTESIAN_POINT('',(0.115272899224584,0.00386099214300904,-0.082549156344879));
#10011=CARTESIAN_POINT('',(0.115342096289634,0.00396730069363957,-0.0825092902516408));
#10012=CARTESIAN_POINT('',(0.115547495388977,0.00426163618122526,-0.0823880001530496));
#10013=CARTESIAN_POINT('',(0.115681327565005,0.00442318171398858,-0.0823050080946414));
#10014=CARTESIAN_POINT('',(0.116075247542149,0.00487280357140784,-0.0820484524998589));
#10015=CARTESIAN_POINT('',(0.11632746879688,0.00512185112624268,-0.0818675827801861));
#10016=CARTESIAN_POINT('',(0.117056363779611,0.00581677938246941,-0.0813000404426576));
#10017=CARTESIAN_POINT('',(0.117506892497775,0.00620489338899772,-0.0808870962184825));
#10018=CARTESIAN_POINT('',(0.118749873848327,0.00725798014382138,-0.0796073603287302));
#10019=CARTESIAN_POINT('',(0.119448127121139,0.00781352265095795,-0.0786943148185399));
#10020=CARTESIAN_POINT('',(0.120700605660091,0.00879659159828254,-0.0768089122945551));
#10021=CARTESIAN_POINT('',(0.121254810358568,0.0092192942572091,-0.075829801264309));
#10022=CARTESIAN_POINT('',(0.122252307208398,0.0099638111770042,-0.073856573374474));
#10023=CARTESIAN_POINT('',(0.12269528603005,0.0102851127215906,-0.0728633442376921));
#10024=CARTESIAN_POINT('',(0.123909869127365,0.0111414965280061,-0.0698689538471877));
#10025=CARTESIAN_POINT('',(0.124565612984159,0.0115638064521653,-0.0678632396678973));
#10026=CARTESIAN_POINT('',(0.125696907917732,0.0122472559801445,-0.0638493970495029));
#10027=CARTESIAN_POINT('',(0.12616928302461,0.0125058405236102,-0.0618407354874609));
#10028=CARTESIAN_POINT('',(0.127380367974269,0.0131289927644426,-0.0558976360719304));
#10029=CARTESIAN_POINT('',(0.127929235728216,0.0133525059654625,-0.0520043889987273));
#10030=CARTESIAN_POINT('',(0.128723912598166,0.013681244152552,-0.0442770119376709));
#10031=CARTESIAN_POINT('',(0.128963881954189,0.0137801998431723,-0.0404445708156482));
#10032=CARTESIAN_POINT('',(0.129197136012419,0.0139771051761414,-0.0328117060004466));
#10033=CARTESIAN_POINT('',(0.129189294756448,0.0140732887752805,-0.0290118688780828));
#10034=CARTESIAN_POINT('',(0.128936827168153,0.014360599136703,-0.0214314663461015));
#10035=CARTESIAN_POINT('',(0.128688912342701,0.0145503440910414,-0.0176808569557949));
#10036=CARTESIAN_POINT('',(0.127989302164972,0.0151155422536502,-0.0103064268350276));
#10037=CARTESIAN_POINT('',(0.127537732774707,0.0154903455754016,-0.00667734665098236));
#10038=CARTESIAN_POINT('',(0.126741628218692,0.0162767940821461,-0.0013475026256098));
#10039=CARTESIAN_POINT('',(0.126457439663641,0.0165772262141591,0.000404900969189346));
#10040=CARTESIAN_POINT('',(0.125851399276353,0.0172685491172032,0.00389003854259103));
#10041=CARTESIAN_POINT('',(0.125528772073904,0.0176575679910802,0.00562652517549725));
#10042=CARTESIAN_POINT('',(0.124504588771408,0.0189358526450374,0.0108268604298754));
#10043=CARTESIAN_POINT('',(0.123746412108,0.0199398223611144,0.0142837820157267));
#10044=CARTESIAN_POINT('',(0.122088268414553,0.0220973494027384,0.0212225636476406));
#10045=CARTESIAN_POINT('',(0.121190940147575,0.0232497497221796,0.024694556906292));
#10046=CARTESIAN_POINT('',(0.119243823796045,0.025457248284084,0.0317710649982264));
#10047=CARTESIAN_POINT('',(0.118193892537355,0.0265186756316707,0.0353748314327254));
#10048=CARTESIAN_POINT('',(0.116474456084112,0.0277021199324501,0.0410279368447413));
#10049=CARTESIAN_POINT('',(0.115874436280485,0.028026921911569,0.0429623387786936));
#10050=CARTESIAN_POINT('',(0.114633196769489,0.0284336739575594,0.0469061679093972));
#10051=CARTESIAN_POINT('',(0.113996297851027,0.028513297786263,0.0489019129662309));
#10052=CARTESIAN_POINT('',(0.112707625480193,0.0283348327322765,0.0529164097706137));
#10053=CARTESIAN_POINT('',(0.112070399789102,0.0280884768493494,0.0548931593007385));
#10054=CARTESIAN_POINT('',(0.110817221113933,0.0273638382529181,0.058770308073017));
#10055=CARTESIAN_POINT('',(0.110196818923908,0.0268804717682695,0.0606835444513073));
#10056=CARTESIAN_POINT('',(0.108398015662273,0.0252068593718103,0.0662147899960226));
#10057=CARTESIAN_POINT('',(0.107265468460369,0.0237952490883546,0.0696758642255848));
#10058=CARTESIAN_POINT('',(0.10506409868734,0.0207003891934932,0.0763755572481069));
#10059=CARTESIAN_POINT('',(0.103996318051335,0.0190117774050873,0.0796108116943221));
#10060=CARTESIAN_POINT('',(0.10189317849449,0.015538958678186,0.0859703105270335));
#10061=CARTESIAN_POINT('',(0.100858182906098,0.013753383258577,0.0890935776112197));
#10062=CARTESIAN_POINT('',(0.0998310906871345,0.011992476931169,0.092194750053703));
#10063=CARTESIAN_POINT('',(0.113302366226125,0.00413683870939088,-0.0822446061682353));
#10064=CARTESIAN_POINT('',(0.11331801320097,0.00434391299910543,-0.0821414672956879));
#10065=CARTESIAN_POINT('',(0.113335910579137,0.00446918043143963,-0.0820667418725793));
#10066=CARTESIAN_POINT('',(0.113371017856941,0.00468822556722861,-0.0819330271573599));
#10067=CARTESIAN_POINT('',(0.113388914089801,0.00477679390212023,-0.0818746748172757));
#10068=CARTESIAN_POINT('',(0.113443134835353,0.00501657190631428,-0.0817106994360977));
#10069=CARTESIAN_POINT('',(0.113479983440543,0.00514096029544121,-0.0816164379728831));
#10070=CARTESIAN_POINT('',(0.113591211367491,0.00547685506014876,-0.081350225558141));
#10071=CARTESIAN_POINT('',(0.113666272353156,0.00564790501442138,-0.0811959718379121));
#10072=CARTESIAN_POINT('',(0.113890882454446,0.00611145274951208,-0.0807545617703411));
#10073=CARTESIAN_POINT('',(0.114039924708939,0.00634774306587196,-0.0804913113366338));
#10074=CARTESIAN_POINT('',(0.114479589091867,0.00699216355028336,-0.0797219010614695));
#10075=CARTESIAN_POINT('',(0.114764185125507,0.00732607482599271,-0.0792387343798833));
#10076=CARTESIAN_POINT('',(0.11557159344607,0.00822334697776908,-0.077815286397814));
#10077=CARTESIAN_POINT('',(0.11605627726641,0.00867714735388573,-0.0768978181835412));
#10078=CARTESIAN_POINT('',(0.116953899182433,0.00948715924501643,-0.0750391711395362));
#10079=CARTESIAN_POINT('',(0.117368208125632,0.00983556418166491,-0.0740979264804567));
#10080=CARTESIAN_POINT('',(0.118131801254721,0.0104530162418969,-0.0722121018072449));
#10081=CARTESIAN_POINT('',(0.118480978269489,0.0107212577616191,-0.0712691785139893));
#10082=CARTESIAN_POINT('',(0.119454863158655,0.0114395052738141,-0.0684281221828362));
#10083=CARTESIAN_POINT('',(0.120006980838116,0.0118008055917074,-0.066530666987145));
#10084=CARTESIAN_POINT('',(0.120979481276765,0.0123927643871261,-0.0627189293738103));
#10085=CARTESIAN_POINT('',(0.121398079913058,0.012621128153256,-0.0608051874367225));
#10086=CARTESIAN_POINT('',(0.122485529280565,0.0131766666301267,-0.0551224591749819));
#10087=CARTESIAN_POINT('',(0.122999233060832,0.0133838146821428,-0.0513734859169159));
#10088=CARTESIAN_POINT('',(0.123746090494353,0.01369123213503,-0.0439045857695209));
#10089=CARTESIAN_POINT('',(0.123976065230149,0.0137868974756851,-0.0401864255538559));
#10090=CARTESIAN_POINT('',(0.124197069748929,0.0139780824199754,-0.0327722173050795));
#10091=CARTESIAN_POINT('',(0.124187518613803,0.0140722435344421,-0.0290764872557068));
#10092=CARTESIAN_POINT('',(0.123931610706687,0.0143487531900663,-0.0217102692396529));
#10093=CARTESIAN_POINT('',(0.123682245478692,0.0145298093888474,-0.0180658021709908));
#10094=CARTESIAN_POINT('',(0.122970800282951,0.0150641947275229,-0.0108871145206339));
#10095=CARTESIAN_POINT('',(0.122508968744518,0.0154168858275376,-0.00734991823473737));
#10096=CARTESIAN_POINT('',(0.121681825457977,0.0161530045492344,-0.00214599412756083));
#10097=CARTESIAN_POINT('',(0.121383744130551,0.0164329033252477,-0.000433351752716403));
#10098=CARTESIAN_POINT('',(0.120747121703897,0.0170803301968648,0.00297674334142758));
#10099=CARTESIAN_POINT('',(0.120408542584631,0.0174466929954326,0.00467776558677562));
#10100=CARTESIAN_POINT('',(0.119337085486956,0.0186576670015882,0.00977703360441808));
#10101=CARTESIAN_POINT('',(0.118547915401979,0.0196174662298018,0.0131737283915863));
#10102=CARTESIAN_POINT('',(0.116847501125371,0.0217055818987368,0.0199985628558554));
#10103=CARTESIAN_POINT('',(0.115938804011594,0.0228324334616933,0.0234165226867263));
#10104=CARTESIAN_POINT('',(0.114015419270279,0.0250330059255392,0.0303843955668473));
#10105=CARTESIAN_POINT('',(0.113000789564213,0.0261126884879447,0.03393164364825));
#10106=CARTESIAN_POINT('',(0.11139762593983,0.0273932370575947,0.0395169172511821));
#10107=CARTESIAN_POINT('',(0.11084734484586,0.0277626914906095,0.0414319384745025));
#10108=CARTESIAN_POINT('',(0.109728242464347,0.0282868179618081,0.0453575814106334));
#10109=CARTESIAN_POINT('',(0.109163475729935,0.0284391417632253,0.0473549913844418));
#10110=CARTESIAN_POINT('',(0.108031287115093,0.0284219365105339,0.0514109975290329));
#10111=CARTESIAN_POINT('',(0.107464541234368,0.0282487971168799,0.0534228043427835));
#10112=CARTESIAN_POINT('',(0.106330728006561,0.0276434553070556,0.057371161095628));
#10113=CARTESIAN_POINT('',(0.105760776563592,0.0272083188785716,0.0593223806512717));
#10114=CARTESIAN_POINT('',(0.104088753572924,0.025650560836322,0.0649590262264456));
#10115=CARTESIAN_POINT('',(0.103010762316396,0.0242812237607971,0.0684792022722277));
#10116=CARTESIAN_POINT('',(0.100890029529057,0.0212451341514193,0.0752676235109067));
#10117=CARTESIAN_POINT('',(0.0998477727966025,0.0195722826562677,0.0785336357509311));
#10118=CARTESIAN_POINT('',(0.0977776461978023,0.0161194982419796,0.0849327615352747));
#10119=CARTESIAN_POINT('',(0.0967495087441346,0.0143375757016631,0.0880647429271621));
#10120=CARTESIAN_POINT('',(0.0957224676315532,0.0125767569941651,0.0911657610599639));
#10121=CARTESIAN_POINT('',(0.0971529411800337,0.0129994787592757,0.090262127590789));
#10122=CARTESIAN_POINT('',(0.0974719239819234,0.0129464881426833,0.090258902158461));
#10123=CARTESIAN_POINT('',(0.0977839446952645,0.0128685181620153,0.090252536315729));
#10124=CARTESIAN_POINT('',(0.0980817632479732,0.0127400480671941,0.090266544920117));
#10125=CARTESIAN_POINT('',(0.098081741921071,0.0127399995408097,0.0902665532977743));
#10126=CARTESIAN_POINT('',(0.100960088300223,-0.010629260917137,0.0887858324654901));
#10127=CARTESIAN_POINT('',(0.100860479772486,-0.00423331899826008,0.0890866059210388));
#10128=CARTESIAN_POINT('',(0.100760871244748,0.00216262292061683,0.0893873793765875));
#10129=CARTESIAN_POINT('',(0.100661262717011,0.00855856483949374,0.0896881528321362));
#10130=CARTESIAN_POINT('',(0.100655037184027,0.00895831120942355,0.089706951173108));
#10131=CARTESIAN_POINT('',(0.100624328774223,0.00936195173915285,0.0897318808376612));
#10132=CARTESIAN_POINT('',(0.100473622133943,0.0101850665748767,0.0898008051942818));
#10133=CARTESIAN_POINT('',(0.100352029776853,0.0106110378754372,0.0898459513156341));
#10134=CARTESIAN_POINT('',(0.0999405305110903,0.0114328473498024,0.0899574809170135));
#10135=CARTESIAN_POINT('',(0.0996399590024416,0.0118290015692827,0.0900236084475421));
#10136=CARTESIAN_POINT('',(0.0988797488335946,0.0124391121168882,0.0901526730174909));
#10137=CARTESIAN_POINT('',(0.098434870414642,0.0126432791398474,0.0902149735308802));
#10138=CARTESIAN_POINT('',(0.0980088740960646,0.0127609183423412,0.090277168878174));
#10139=CARTESIAN_POINT('',(0.0911929329988251,0.0146431455822417,0.0912722944348747));
#10140=CARTESIAN_POINT('',(0.0843769919015856,0.0165253728221423,0.0922674199915754));
#10141=CARTESIAN_POINT('',(0.0775610508043461,0.0184076000620428,0.093262545548276));
#10142=CARTESIAN_POINT('',(0.0982566803068155,0.0126830154169749,0.0902420069830192));
#10143=CARTESIAN_POINT('',(0.0982568358878174,0.0126834093214971,0.0902413666112105));
#10144=CARTESIAN_POINT('',(0.0986980877623595,0.0125288274779276,0.0901780219637862));
#10145=CARTESIAN_POINT('',(0.0992836182891464,0.0121913380319017,0.0900910329994689));
#10146=CARTESIAN_POINT('',(0.0998169580258096,0.0115769311388623,0.0899840785901705));
#10147=CARTESIAN_POINT('',(0.100051343907282,0.0112109736454056,0.0899275868767297));
#10148=CARTESIAN_POINT('',(0.10021542996999,0.0108861961047843,0.0898830625102538));
#10149=CARTESIAN_POINT('',(0.100307489304016,0.0106606342775415,0.0898553906604037));
#10150=CARTESIAN_POINT('',(0.100431998224454,0.0103034876894769,0.089814972528653));
#10151=CARTESIAN_POINT('',(0.100592651938795,0.00965233213325774,0.0897524101793029));
#10152=CARTESIAN_POINT('',(0.100654172555813,0.00901382966714553,0.0897095619657931));
#10153=CARTESIAN_POINT('',(0.100661262717011,0.00855856483949364,0.0896881528321363));
#10154=CARTESIAN_POINT('',(0.116205407225673,0.00190765978927847,-0.0818399478055204));
#10155=CARTESIAN_POINT('',(0.116082358573756,0.00205157678516252,-0.0819276959501404));
#10156=CARTESIAN_POINT('',(0.115560811677743,0.00265623393361592,-0.0823083408953969));
#10157=CARTESIAN_POINT('',(0.114269940206819,0.00375052296249296,-0.0824589869267694));
#10158=CARTESIAN_POINT('',(0.113318532352082,0.00431780991257417,-0.0821508701171734));
#10159=CARTESIAN_POINT('',(0.116205407225673,0.00190765978927849,-0.0818399478055204));
#10160=CARTESIAN_POINT('',(0.116205407225673,0.00190765978927849,-0.0818399478055204));
#10161=CARTESIAN_POINT('',(0.116205407225673,0.00190765978927849,-0.0818399478055204));
#10162=CARTESIAN_POINT('',(0.116205407225673,0.00190765978927849,-0.0818399478055204));
#10163=CARTESIAN_POINT('',(0.116205407225673,0.00190765978927849,-0.0818399478055204));
#10164=CARTESIAN_POINT('',(0.116205407225673,0.00190765978927849,-0.0818399478055204));
#10165=CARTESIAN_POINT('',(0.116205407225674,0.00190765978927849,-0.0818399478055204));
#10166=CARTESIAN_POINT('',(0.116205407225674,0.00190765978927849,-0.0818399478055204));
#10167=CARTESIAN_POINT('',(0.116205407225673,0.00190765978927849,-0.0818399478055204));
#10168=CARTESIAN_POINT('',(0.116205407225673,0.00190765978927849,-0.0818399478055204));
#10169=CARTESIAN_POINT('',(0.116205407225673,0.00190765978927849,-0.0818399478055204));
#10170=CARTESIAN_POINT('',(0.116205407225673,0.00190765978927849,-0.0818399478055204));
#10171=CARTESIAN_POINT('',(0.116000492372418,0.00178580599672139,-0.0819860761693667));
#10172=CARTESIAN_POINT('',(0.115996853413342,0.00181417039854255,-0.0819886711746942));
#10173=CARTESIAN_POINT('',(0.115994374039457,0.00184308455643378,-0.081990439259552));
#10174=CARTESIAN_POINT('',(0.115991818930526,0.00190131151118356,-0.0819922613523953));
#10175=CARTESIAN_POINT('',(0.115991743195479,0.0019306243080421,-0.0819923153603808));
#10176=CARTESIAN_POINT('',(0.115994079832681,0.0019889476675536,-0.0819906490635468));
#10177=CARTESIAN_POINT('',(0.11599649220493,0.00201795823020657,-0.0819889287587273));
#10178=CARTESIAN_POINT('',(0.116002040195115,0.0020607217436522,-0.0819849723899448));
#10179=CARTESIAN_POINT('',(0.116004211097146,0.00207485085971177,-0.0819834242817584));
#10180=CARTESIAN_POINT('',(0.116009206603703,0.00210277070583971,-0.0819798618987097));
#10181=CARTESIAN_POINT('',(0.116012031208228,0.00211656143590806,-0.0819778476238473));
#10182=CARTESIAN_POINT('',(0.11601518794328,0.00213013916840751,-0.0819755965009011));
#10183=CARTESIAN_POINT('',(0.115782551581941,0.00166375753455403,-0.0821146308582466));
#10184=CARTESIAN_POINT('',(0.115775893722617,0.00172053197179212,-0.08212058029493));
#10185=CARTESIAN_POINT('',(0.115772348230552,0.00177873208036467,-0.0821243375152519));
#10186=CARTESIAN_POINT('',(0.11576819824499,0.00189588632893069,-0.0821279611415249));
#10187=CARTESIAN_POINT('',(0.11576816410734,0.00195485626054057,-0.082127796977159));
#10188=CARTESIAN_POINT('',(0.115772313087942,0.0020719658080152,-0.0821233441271166));
#10189=CARTESIAN_POINT('',(0.11577649708878,0.00213008146005974,-0.0821190615523608));
#10190=CARTESIAN_POINT('',(0.115786036404251,0.00221541122970194,-0.082109823870475));
#10191=CARTESIAN_POINT('',(0.115789766716253,0.00224354454623331,-0.0821062701737084));
#10192=CARTESIAN_POINT('',(0.11579833589515,0.00229894997154945,-0.0820982165712708));
#10193=CARTESIAN_POINT('',(0.115802772716714,0.002325829008255,-0.0820939727432878));
#10194=CARTESIAN_POINT('',(0.115808517675679,0.00235292975620121,-0.0820887389608544));
#10195=CARTESIAN_POINT('',(0.115327190823867,0.00142370316335708,-0.0823300438520964));
#10196=CARTESIAN_POINT('',(0.115315188718421,0.00153829550176742,-0.0823455829856976));
#10197=CARTESIAN_POINT('',(0.115310346739915,0.0016551429737528,-0.0823551128362282));
#10198=CARTESIAN_POINT('',(0.115303236809282,0.00188899843024535,-0.0823639505811101));
#10199=CARTESIAN_POINT('',(0.115302965102617,0.00200606168541005,-0.0823631514793519));
#10200=CARTESIAN_POINT('',(0.115309209464655,0.00223779432792001,-0.082350582291097));
#10201=CARTESIAN_POINT('',(0.115315728491691,0.00235235898697617,-0.0823388361190218));
#10202=CARTESIAN_POINT('',(0.115330763338304,0.00252037268111657,-0.0823144835880175));
#10203=CARTESIAN_POINT('',(0.115336674295518,0.00257572906994764,-0.0823052246172401));
#10204=CARTESIAN_POINT('',(0.11535029011544,0.00268467864708628,-0.082284518756109));
#10205=CARTESIAN_POINT('',(0.115356587819493,0.00273689608311663,-0.0822739681376637));
#10206=CARTESIAN_POINT('',(0.115366405516765,0.00279070392090521,-0.0822605573075249));
#10207=CARTESIAN_POINT('',(0.11508977085627,0.00130569725432747,-0.0824169021570663));
#10208=CARTESIAN_POINT('',(0.115075462285546,0.00144966764586005,-0.0824386404526853));
#10209=CARTESIAN_POINT('',(0.115070316823567,0.00159575648534144,-0.0824520252327818));
#10210=CARTESIAN_POINT('',(0.115061642515935,0.00188711182890953,-0.082464485740498));
#10211=CARTESIAN_POINT('',(0.115060965449517,0.00203245729107841,-0.0824634086165326));
#10212=CARTESIAN_POINT('',(0.115067318298268,0.00231983146913926,-0.0824457066682333));
#10213=CARTESIAN_POINT('',(0.115074352364932,0.00246169865609343,-0.0824291174509009));
#10214=CARTESIAN_POINT('',(0.115090975442073,0.00266996227449102,-0.0823948476349999));
#10215=CARTESIAN_POINT('',(0.115097561736358,0.00273861401055828,-0.0823818325338195));
#10216=CARTESIAN_POINT('',(0.115112827280028,0.00287385820740752,-0.0823527772149926));
#10217=CARTESIAN_POINT('',(0.115119496302761,0.00293848530779344,-0.0823380173857865));
#10218=CARTESIAN_POINT('',(0.115130963625451,0.0030056874978155,-0.0823192331942422));
#10219=CARTESIAN_POINT('',(0.114602024441282,0.00107815988176423,-0.082542373349119));
#10220=CARTESIAN_POINT('',(0.114584566093893,0.00127828288886273,-0.0825789478159822));
#10221=CARTESIAN_POINT('',(0.114578185788781,0.00148035004348795,-0.082602128681894));
#10222=CARTESIAN_POINT('',(0.114565088074946,0.00188216272638475,-0.0826240263089466));
#10223=CARTESIAN_POINT('',(0.114562363157151,0.00208201879597137,-0.0826225290778685));
#10224=CARTESIAN_POINT('',(0.114566002982774,0.00247679013595802,-0.0825923023310297));
#10225=CARTESIAN_POINT('',(0.114572373119992,0.00267141253010624,-0.0825636307489075));
#10226=CARTESIAN_POINT('',(0.114589842112088,0.00295740144975047,-0.082504095529671));
#10227=CARTESIAN_POINT('',(0.114597030655164,0.00305172172408534,-0.0824814573189951));
#10228=CARTESIAN_POINT('',(0.114614257006286,0.00323773681822481,-0.0824309331715577));
#10229=CARTESIAN_POINT('',(0.114621480497019,0.00332668013347491,-0.0824048397786127));
#10230=CARTESIAN_POINT('',(0.114635438565813,0.00341941821253989,-0.0823726642920593));
#10231=CARTESIAN_POINT('',(0.114349281800011,0.000967466688128231,-0.0825817314959755));
#10232=CARTESIAN_POINT('',(0.11433092981653,0.00119446411220707,-0.0826269829333295));
#10233=CARTESIAN_POINT('',(0.114324010560419,0.00142317222769389,-0.0826560946350694));
#10234=CARTESIAN_POINT('',(0.114309299766403,0.00187754641064815,-0.0826837366877792));
#10235=CARTESIAN_POINT('',(0.11430578589735,0.00210333091523886,-0.0826820377613717));
#10236=CARTESIAN_POINT('',(0.114308348090553,0.00254924167618066,-0.082644301738557));
#10237=CARTESIAN_POINT('',(0.114314429595754,0.00276900050961465,-0.082608333209845));
#10238=CARTESIAN_POINT('',(0.114332201124114,0.00309211901829919,-0.0825334033741352));
#10239=CARTESIAN_POINT('',(0.114339616420563,0.00319871864969348,-0.0825048893421139));
#10240=CARTESIAN_POINT('',(0.114357603612241,0.00340908867382681,-0.0824412478626108));
#10241=CARTESIAN_POINT('',(0.11436516016749,0.00350991102597175,-0.0824080409977896));
#10242=CARTESIAN_POINT('',(0.114380007787998,0.0036148080199129,-0.0823678715249977));
#10243=CARTESIAN_POINT('',(0.113834831499337,0.000755062887634988,-0.0826159210429189));
#10244=CARTESIAN_POINT('',(0.113816515646234,0.00102985894863113,-0.0826801688715089));
#10245=CARTESIAN_POINT('',(0.113807165821564,0.0013077194851208,-0.0827229571600048));
#10246=CARTESIAN_POINT('',(0.113788967745357,0.00186163943664227,-0.0827639409986451));
#10247=CARTESIAN_POINT('',(0.113783541628901,0.00213779360137268,-0.0827619531268874));
#10248=CARTESIAN_POINT('',(0.113783120445099,0.00268344852142283,-0.082707347035106));
#10249=CARTESIAN_POINT('',(0.113788128320372,0.00295243010529014,-0.0826548109521857));
#10250=CARTESIAN_POINT('',(0.113805842238019,0.00334693979899608,-0.08254460059481));
#10251=CARTESIAN_POINT('',(0.113813487154881,0.00347693331821063,-0.0825025964397766));
#10252=CARTESIAN_POINT('',(0.113832599076697,0.00373310568088666,-0.0824088732536971));
#10253=CARTESIAN_POINT('',(0.113841653809669,0.00385692609187285,-0.0823586906887794));
#10254=CARTESIAN_POINT('',(0.113857291089205,0.00398307941295411,-0.0823009513269876));
#10255=CARTESIAN_POINT('',(0.113573123839933,0.00065335228077774,-0.0826107524430058));
#10256=CARTESIAN_POINT('',(0.113556632135076,0.000947269354536161,-0.0826848710499078));
#10257=CARTESIAN_POINT('',(0.11354620563368,0.00124716395389903,-0.082735020008221));
#10258=CARTESIAN_POINT('',(0.113527388123492,0.00184845248703801,-0.0827830310664862));
#10259=CARTESIAN_POINT('',(0.113521278538088,0.00214990958727987,-0.0827807708851702));
#10260=CARTESIAN_POINT('',(0.113519239918706,0.00274591926170918,-0.0827167068018259));
#10261=CARTESIAN_POINT('',(0.113523311277877,0.00303987546257421,-0.0826549879722524));
#10262=CARTESIAN_POINT('',(0.113539832088402,0.00346901477351513,-0.0825252828657055));
#10263=CARTESIAN_POINT('',(0.113547101271775,0.00361008475765495,-0.0824758380217751));
#10264=CARTESIAN_POINT('',(0.11356559095887,0.00388714285401367,-0.0823655932539479));
#10265=CARTESIAN_POINT('',(0.113575203281269,0.00402155867791574,-0.0823058176408034));
#10266=CARTESIAN_POINT('',(0.113590005168227,0.00415596099862231,-0.0822388238960389));
#10267=CARTESIAN_POINT('',(0.113311320596174,0.000557548768053609,-0.0825844345454929));
#10268=CARTESIAN_POINT('',(0.113295747101693,0.000870259047048321,-0.0826692265238561));
#10269=CARTESIAN_POINT('',(0.11328111097669,0.00119069630973998,-0.0827278521269311));
#10270=CARTESIAN_POINT('',(0.11325835184055,0.00183580018734428,-0.0827841854560664));
#10271=CARTESIAN_POINT('',(0.113250228829413,0.00216046680225694,-0.0827818931821267));
#10272=CARTESIAN_POINT('',(0.113245134295914,0.00280280476913032,-0.0827078056307946));
#10273=CARTESIAN_POINT('',(0.113248158590628,0.00311980876370219,-0.0826360911917644));
#10274=CARTESIAN_POINT('',(0.113264666559711,0.00358140603963258,-0.082484825661625));
#10275=CARTESIAN_POINT('',(0.113272164470574,0.00373295367895479,-0.0824271215063129));
#10276=CARTESIAN_POINT('',(0.113291753165439,0.00403013584685174,-0.0822985339257328));
#10277=CARTESIAN_POINT('',(0.113303843949442,0.00417577037542646,-0.0822276505004647));
#10278=CARTESIAN_POINT('',(0.113318532352082,0.00431780991257491,-0.082150870117173));
#10279=CARTESIAN_POINT('',(0.116205407225673,0.00190765978927849,-0.0818399478055205));
#10280=CARTESIAN_POINT('',(0.115385789002178,0.00142027895265079,-0.0824244318879346));
#10281=CARTESIAN_POINT('',(0.114358641240198,0.000940820599350627,-0.0826896843155517));
#10282=CARTESIAN_POINT('',(0.113311482965418,0.000557608185741361,-0.0825844508650291));
#10283=CARTESIAN_POINT('',(0.129080318973788,-0.0216877073720813,-0.036632795263619));
#10284=CARTESIAN_POINT('',(0.128957422237774,-0.0202428473248242,-0.040650779095582));
#10285=CARTESIAN_POINT('',(0.128700080217953,-0.0186836798306634,-0.0446010477087338));
#10286=CARTESIAN_POINT('',(0.127877190554074,-0.0153773080945186,-0.0524061719306951));
#10287=CARTESIAN_POINT('',(0.127314950723078,-0.0136293669323055,-0.0562593097550261));
#10288=CARTESIAN_POINT('',(0.126134971382481,-0.0108213230729557,-0.0619782765788412));
#10289=CARTESIAN_POINT('',(0.125684817579107,-0.00985373531651749,-0.0638743600703147));
#10290=CARTESIAN_POINT('',(0.124623104587561,-0.00783314262748432,-0.0676514715675459));
#10291=CARTESIAN_POINT('',(0.12401308617091,-0.00678113814109596,-0.0695305542631309));
#10292=CARTESIAN_POINT('',(0.122553489154858,-0.00458460162123075,-0.0732252776217929));
#10293=CARTESIAN_POINT('',(0.121706426410191,-0.00343221010047917,-0.0750572675781939));
#10294=CARTESIAN_POINT('',(0.120069140064024,-0.00159717909525697,-0.0777275804347645));
#10295=CARTESIAN_POINT('',(0.11946179118714,-0.000968253783287308,-0.0786063985821674));
#10296=CARTESIAN_POINT('',(0.118367637581143,3.06979693149011E-5,-0.0799007408687191));
#10297=CARTESIAN_POINT('',(0.117969730234292,0.000373287953081452,-0.0803294907682318));
#10298=CARTESIAN_POINT('',(0.117317648558353,0.000909617582057478,-0.0809460323333199));
#10299=CARTESIAN_POINT('',(0.117089918242481,0.00109254091602428,-0.0811479098505545));
#10300=CARTESIAN_POINT('',(0.116741708044956,0.00138000248490005,-0.0814346638962657));
#10301=CARTESIAN_POINT('',(0.116624654845076,0.00147779517717425,-0.0815274504346728));
#10302=CARTESIAN_POINT('',(0.116454079992825,0.00163115868668412,-0.0816577700992571));
#10303=CARTESIAN_POINT('',(0.116398025550363,0.00168337191705168,-0.0816997582283559));
#10304=CARTESIAN_POINT('',(0.116318344750195,0.00176507650400251,-0.0817584174640272));
#10305=CARTESIAN_POINT('',(0.116292619857847,0.00179285137523997,-0.0817771750712238));
#10306=CARTESIAN_POINT('',(0.11624517396421,0.00184925556777884,-0.0818115058514135));
#10307=CARTESIAN_POINT('',(0.116223122321141,0.0018778332346043,-0.081827314861276));
#10308=CARTESIAN_POINT('',(0.116205407225673,0.00190765978927852,-0.0818399478055204));
#10309=CARTESIAN_POINT('',(0.129027825785294,-0.0263273932911719,-0.0383490066903706));
#10310=CARTESIAN_POINT('',(0.128862634566271,-0.0248049852988377,-0.042451819471823));
#10311=CARTESIAN_POINT('',(0.12855701311007,-0.0231675483781184,-0.0464599796930298));
#10312=CARTESIAN_POINT('',(0.127618097938111,-0.0196798006072025,-0.0543617326292786));
#10313=CARTESIAN_POINT('',(0.126988510292779,-0.0178300912549293,-0.0582536585106024));
#10314=CARTESIAN_POINT('',(0.125673643949521,-0.0148145495560634,-0.064008076620468));
#10315=CARTESIAN_POINT('',(0.125172719596761,-0.0137684847170885,-0.0659120400639033));
#10316=CARTESIAN_POINT('',(0.123990382787136,-0.0115550279269337,-0.0696865607669452));
#10317=CARTESIAN_POINT('',(0.123310368933861,-0.0103894547029312,-0.0715560617491451));
#10318=CARTESIAN_POINT('',(0.121683275060294,-0.00789352623778827,-0.0751813801751068));
#10319=CARTESIAN_POINT('',(0.120734931466805,-0.00655953391765331,-0.0769581488910344));
#10320=CARTESIAN_POINT('',(0.118937414376226,-0.00430143603641168,-0.0794151385517761));
#10321=CARTESIAN_POINT('',(0.118274564242817,-0.00350880819744218,-0.0802001780183475));
#10322=CARTESIAN_POINT('',(0.117120799643329,-0.00215931775470348,-0.081281035481257));
#10323=CARTESIAN_POINT('',(0.116707575298612,-0.0016840131955296,-0.0816253992084883));
#10324=CARTESIAN_POINT('',(0.116048222822362,-0.000875117951526033,-0.082094999055736));
#10325=CARTESIAN_POINT('',(0.11582098999648,-0.000590625678919788,-0.0822441520239018));
#10326=CARTESIAN_POINT('',(0.115475995125384,-9.22589292061294E-5,-0.0824513546916039));
#10327=CARTESIAN_POINT('',(0.115360537405887,8.39983025552729E-5,-0.0825175114749166));
#10328=CARTESIAN_POINT('',(0.115189981469262,0.000402905753963988,-0.0826114090205296));
#10329=CARTESIAN_POINT('',(0.115133622992241,0.000516842142675122,-0.0826417754315322));
#10330=CARTESIAN_POINT('',(0.115050574051385,0.000732259607583337,-0.0826861260412734));
#10331=CARTESIAN_POINT('',(0.115023089549676,0.000812921586057233,-0.0827007642063043));
#10332=CARTESIAN_POINT('',(0.114970642345517,0.00100095004350133,-0.0827287426362444));
#10333=CARTESIAN_POINT('',(0.114944684153737,0.00110463657903267,-0.0827425730039187));
#10334=CARTESIAN_POINT('',(0.114921953346133,0.00126756424753561,-0.0827552012022852));
#10335=CARTESIAN_POINT('',(0.124082656194578,-0.0263766437573163,-0.0382159851334626));
#10336=CARTESIAN_POINT('',(0.12396332861339,-0.0248935884886007,-0.042221598405159));
#10337=CARTESIAN_POINT('',(0.123713253236084,-0.0233002885119108,-0.0461357538980795));
#10338=CARTESIAN_POINT('',(0.122919135274496,-0.0199173447946434,-0.0538424161062845));
#10339=CARTESIAN_POINT('',(0.122377253467153,-0.0181279068068553,-0.0576330894856343));
#10340=CARTESIAN_POINT('',(0.121258538461427,-0.0152319097669795,-0.0632249568764285));
#10341=CARTESIAN_POINT('',(0.120834001340299,-0.0142306856192464,-0.0650729027654233));
#10342=CARTESIAN_POINT('',(0.119847013209863,-0.0121235367568315,-0.0687345882963225));
#10343=CARTESIAN_POINT('',(0.119285014024154,-0.0110195160640099,-0.0705464811587453));
#10344=CARTESIAN_POINT('',(0.117981001161826,-0.00867144469146408,-0.0740750914775735));
#10345=CARTESIAN_POINT('',(0.117234325573063,-0.00742739512185004,-0.075805619124157));
#10346=CARTESIAN_POINT('',(0.115911367120059,-0.00531280234364596,-0.0782919965268813));
#10347=CARTESIAN_POINT('',(0.115435725990977,-0.00457203745857865,-0.0791012471076592));
#10348=CARTESIAN_POINT('',(0.114652962658799,-0.00326600552125369,-0.0803118747948639));
#10349=CARTESIAN_POINT('',(0.114379336036804,-0.00280111703801283,-0.0807143973197222));
#10350=CARTESIAN_POINT('',(0.113960136816176,-0.00196063467424577,-0.08133552037823));
#10351=CARTESIAN_POINT('',(0.113818347282,-0.00165907612180641,-0.0815453038160045));
#10352=CARTESIAN_POINT('',(0.113609761387796,-0.00109129617548389,-0.0818845799351977));
#10353=CARTESIAN_POINT('',(0.113540997017735,-0.000885760678535813,-0.08200099636462));
#10354=CARTESIAN_POINT('',(0.113442677563016,-0.000486052885940916,-0.0821967704057898));
#10355=CARTESIAN_POINT('',(0.113410690548216,-0.000340131529691089,-0.0822650109920327));
#10356=CARTESIAN_POINT('',(0.113365620330392,-4.50680611182519E-5,-0.082384834443009));
#10357=CARTESIAN_POINT('',(0.11335113957596,6.8414393466783E-5,-0.082428571094131));
#10358=CARTESIAN_POINT('',(0.113324535138171,0.000343689996856161,-0.0825225210049877));
#10359=CARTESIAN_POINT('',(0.113311779018471,0.000498542174957647,-0.0825738967002716));
#10360=CARTESIAN_POINT('',(0.113302366226125,0.000760315766624821,-0.0826356123939687));
#10361=CARTESIAN_POINT('',(0.129080318973788,-0.0216877073720813,-0.036632795263619));
#10362=CARTESIAN_POINT('',(0.129045323514792,-0.0247808313181417,-0.0377769362147867));
#10363=CARTESIAN_POINT('',(0.127379435921722,-0.02634381011322,-0.0383046661714012));
#10364=CARTESIAN_POINT('',(0.124082656194578,-0.0263766437573163,-0.0382159851334626));
#10365=CARTESIAN_POINT('',(0.124082656194578,-0.0263766437573163,-0.0382159851334626));
#10366=CARTESIAN_POINT('',(0.124135791892898,-0.0271544041400113,-0.036115316751885));
#10367=CARTESIAN_POINT('',(0.124164009638009,-0.0276906282036654,-0.0338945589157967));
#10368=CARTESIAN_POINT('',(0.124162332666606,-0.0280064832655798,-0.0310834249693801));
#10369=CARTESIAN_POINT('',(0.124160173257648,-0.0280522474086984,-0.0305210009154968));
#10370=CARTESIAN_POINT('',(0.124154178455178,-0.028095568920023,-0.0296780590827499));
#10371=CARTESIAN_POINT('',(0.124151720843829,-0.0281057908445858,-0.0293971928300098));
#10372=CARTESIAN_POINT('',(0.124147342385242,-0.0281149114677434,-0.0289761743938301));
#10373=CARTESIAN_POINT('',(0.124145767554816,-0.0281169164056543,-0.0288358816273725));
#10374=CARTESIAN_POINT('',(0.124143266567229,-0.0281183661325575,-0.0286284029003894));
#10375=CARTESIAN_POINT('',(0.124142429435332,-0.0281185819890978,-0.0285514181469608));
#10376=CARTESIAN_POINT('',(0.124141565716793,-0.0281185989155515,-0.0284940957676892));
#10377=CARTESIAN_POINT('',(0.129027825785294,-0.0263273932911719,-0.0383490066903706));
#10378=CARTESIAN_POINT('',(0.129110862137285,-0.0271302800846946,-0.0362121377866207));
#10379=CARTESIAN_POINT('',(0.129158855924381,-0.0276854661704373,-0.0339431436518158));
#10380=CARTESIAN_POINT('',(0.129164127321105,-0.0280082784792203,-0.0310667868697242));
#10381=CARTESIAN_POINT('',(0.129162502542908,-0.0280546439719115,-0.0304911382444818));
#10382=CARTESIAN_POINT('',(0.129156061883242,-0.0280976945432245,-0.0296283145026407));
#10383=CARTESIAN_POINT('',(0.129153248016606,-0.0281076312889121,-0.029340813312145));
#10384=CARTESIAN_POINT('',(0.129148030748054,-0.0281160385716152,-0.0289098572324919));
#10385=CARTESIAN_POINT('',(0.12914612559345,-0.0281177581674639,-0.0287662543613703));
#10386=CARTESIAN_POINT('',(0.129143061863814,-0.0281187164789248,-0.0285538850760653));
#10387=CARTESIAN_POINT('',(0.129141878443275,-0.0281186098876851,-0.0284753188492223));
#10388=CARTESIAN_POINT('',(0.129140963892921,-0.0281186006154053,-0.0284164113152615));
#10389=CARTESIAN_POINT('',(0.129080318973789,-0.0216877073720813,-0.036632795263619));
#10390=CARTESIAN_POINT('',(0.129135037616772,-0.0223310180384395,-0.0348438248650248));
#10391=CARTESIAN_POINT('',(0.129164046710003,-0.0227674409283997,-0.0329800276656305));
#10392=CARTESIAN_POINT('',(0.129162321743678,-0.023026361850465,-0.0306096594785026));
#10393=CARTESIAN_POINT('',(0.12916010058248,-0.0230639534525174,-0.0301348133136785));
#10394=CARTESIAN_POINT('',(0.129153934696185,-0.0230996010643307,-0.0294213936422027));
#10395=CARTESIAN_POINT('',(0.129151406973451,-0.0231080272344599,-0.0291833953608118));
#10396=CARTESIAN_POINT('',(0.129146903625901,-0.0231155525134004,-0.0288261114814141));
#10397=CARTESIAN_POINT('',(0.129145283878355,-0.0231172086213078,-0.0287069691124498));
#10398=CARTESIAN_POINT('',(0.12914271155685,-0.0231184065964027,-0.0285306299113482));
#10399=CARTESIAN_POINT('',(0.12914185054785,-0.0231185851048496,-0.0284734688688334));
#10400=CARTESIAN_POINT('',(0.12914096219326,-0.023118599103142,-0.0284162986358099));
#10401=CARTESIAN_POINT('',(0.129140962264559,-0.023118600027415,-0.0284163032242514));
#10402=CARTESIAN_POINT('',(0.129140963090639,-0.0264519331696215,-0.0284163784416353));
#10403=CARTESIAN_POINT('',(0.12747449818137,-0.0281185994652142,-0.0284423108139383));
#10404=CARTESIAN_POINT('',(0.124141567536752,-0.028118598914193,-0.0284941003411604));
#10405=CARTESIAN_POINT('',(0.124141567463812,-0.0281186,-0.0284940955003273));
#10406=CARTESIAN_POINT('',(0.123971478413477,-0.0281186,-0.017547530287223));
#10407=CARTESIAN_POINT('',(0.12274248539538,-0.0281186,-0.00679756027281463));
#10408=CARTESIAN_POINT('',(0.118801516443126,-0.0281186,0.0144310650860206));
#10409=CARTESIAN_POINT('',(0.116084048629636,-0.0281186,0.0249078732691674));
#10410=CARTESIAN_POINT('',(0.111425473957719,-0.0281186,0.0405158824841323));
#10411=CARTESIAN_POINT('',(0.109776319975088,-0.0281186,0.0456985413692551));
#10412=CARTESIAN_POINT('',(0.106447722404519,-0.0281186,0.0560454983249022));
#10413=CARTESIAN_POINT('',(0.104770509163314,-0.0281186,0.0612147149385567));
#10414=CARTESIAN_POINT('',(0.100393765362873,-0.0281186,0.0745974757195523));
#10415=CARTESIAN_POINT('',(0.0976758775570602,-0.0281186,0.082804963231708));
#10416=CARTESIAN_POINT('',(0.0949564962893613,-0.0281186,0.0910119559919079));
#10417=CARTESIAN_POINT('',(0.12914096399011,-0.0281186,-0.0284164142745663));
#10418=CARTESIAN_POINT('',(0.128965853962864,-0.0281186,-0.0171467097936441));
#10419=CARTESIAN_POINT('',(0.127700788948336,-0.0281186000000562,-0.00611277710165249));
#10420=CARTESIAN_POINT('',(0.123675224118904,-0.0281185999999438,0.0155715367458487));
#10421=CARTESIAN_POINT('',(0.120908276075553,-0.0281185999999811,0.0262270447519586));
#10422=CARTESIAN_POINT('',(0.116200070041546,-0.0281186000000094,0.042001338036758));
#10423=CARTESIAN_POINT('',(0.114538574790225,-0.028118599999934,0.0472220225724645));
#10424=CARTESIAN_POINT('',(0.111205005112968,-0.028118600000066,0.0575844353388921));
#10425=CARTESIAN_POINT('',(0.109525151477605,-0.0281186,0.0627617872939205));
#10426=CARTESIAN_POINT('',(0.105142358830629,-0.0281186,0.0761630436211319));
#10427=CARTESIAN_POINT('',(0.102422288685886,-0.0281186000001908,0.0843771068945646));
#10428=CARTESIAN_POINT('',(0.0997027049589256,-0.0281186000001171,0.0925846994643229));
#10429=CARTESIAN_POINT('',(0.12914096399011,-0.0231186,-0.0284164142745663));
#10430=CARTESIAN_POINT('',(0.128965853963643,-0.0231186,-0.0171467097936333));
#10431=CARTESIAN_POINT('',(0.127700788948431,-0.0231186,-0.00611277710164877));
#10432=CARTESIAN_POINT('',(0.123675224118808,-0.0231186,0.015571536745845));
#10433=CARTESIAN_POINT('',(0.120908276075803,-0.0231186,0.0262270447520333));
#10434=CARTESIAN_POINT('',(0.116200070041421,-0.0231186,0.0420013380367207));
#10435=CARTESIAN_POINT('',(0.114538574790221,-0.0231185999999812,0.0472220225724632));
#10436=CARTESIAN_POINT('',(0.111205005112972,-0.0231186000000188,0.0575844353388934));
#10437=CARTESIAN_POINT('',(0.109525151477658,-0.0231186,0.0627617872939377));
#10438=CARTESIAN_POINT('',(0.105142358830546,-0.0231186,0.0761630436211045));
#10439=CARTESIAN_POINT('',(0.102422288685993,-0.0231186,0.0843771068946003));
#10440=CARTESIAN_POINT('',(0.0997027049590024,-0.0231186,0.0925846994643482));
#10441=CARTESIAN_POINT('',(0.100662399380745,-0.0231186,0.0896880154571961));
#10442=CARTESIAN_POINT('',(0.100662399380739,-0.0234859798743256,0.0896880154571941));
#10443=CARTESIAN_POINT('',(0.100628168144555,-0.0240196868373899,0.0896921791356029));
#10444=CARTESIAN_POINT('',(0.100527147851954,-0.0245926485292141,0.0897020424168561));
#10445=CARTESIAN_POINT('',(0.100445729759483,-0.0249199335185394,0.0897092009845005));
#10446=CARTESIAN_POINT('',(0.100387378134562,-0.0251238836732498,0.0897142151138247));
#10447=CARTESIAN_POINT('',(0.100271068539695,-0.0254547257725213,0.0897230703998174));
#10448=CARTESIAN_POINT('',(0.100109828938256,-0.0258200845069857,0.0897335895670939));
#10449=CARTESIAN_POINT('',(0.0997676739430465,-0.026419340219166,0.0897536820793123));
#10450=CARTESIAN_POINT('',(0.099140379828478,-0.0270919152902388,0.0897848423993154));
#10451=CARTESIAN_POINT('',(0.0983399554520009,-0.0275557073939454,0.0898387690785807));
#10452=CARTESIAN_POINT('',(0.0976635571326676,-0.0278049199887593,0.0899059593675016));
#10453=CARTESIAN_POINT('',(0.0970839634532201,-0.0279503986662312,0.0899783555913998));
#10454=CARTESIAN_POINT('',(0.0966724033943095,-0.0280208188878437,0.09003927039467));
#10455=CARTESIAN_POINT('',(0.0960297522151614,-0.0280989774984315,0.0901440638023494));
#10456=CARTESIAN_POINT('',(0.0955338481960971,-0.0281186000000075,0.0902390058874484));
#10457=CARTESIAN_POINT('',(0.0951886571284534,-0.0281186,0.0903112887254721));
#10458=CARTESIAN_POINT('',(-0.07625,-0.0271186,0.095));
#10459=CARTESIAN_POINT('',(-0.056443722962523,-0.0271186,0.095));
#10460=CARTESIAN_POINT('',(-0.07625,-0.0277852666666667,0.0950000000000001));
#10461=CARTESIAN_POINT('',(-0.0564437229625231,-0.0277852666666667,0.0950000000000001));
#10462=CARTESIAN_POINT('',(-0.07625,-0.0281186,0.0946666666666665));
#10463=CARTESIAN_POINT('',(-0.056443722962523,-0.0281186,0.0946666666666665));
#10464=CARTESIAN_POINT('',(-0.07625,-0.0281186,0.094));
#10465=CARTESIAN_POINT('',(-0.056443722962523,-0.0281186,0.094));
#10466=CARTESIAN_POINT('',(-0.07625,-0.0271186,0.095));
#10467=CARTESIAN_POINT('',(-0.07625,-0.0277852666666667,0.095));
#10468=CARTESIAN_POINT('',(-0.07625,-0.0281186,0.0946666666666665));
#10469=CARTESIAN_POINT('',(-0.07625,-0.0281186,0.094));
#10470=CARTESIAN_POINT('',(-0.07625,-0.0281186,0.094));
#10471=CARTESIAN_POINT('',(-0.0791042950300454,-0.0281186,0.094));
#10472=CARTESIAN_POINT('',(-0.07625,-0.0281186,0.0946666666666665));
#10473=CARTESIAN_POINT('',(-0.0791042950300454,-0.0281186,0.0946666666666665));
#10474=CARTESIAN_POINT('',(-0.07625,-0.0277852666666667,0.0950000000000001));
#10475=CARTESIAN_POINT('',(-0.0791042950300454,-0.0277852666666667,0.0950000000000001));
#10476=CARTESIAN_POINT('',(-0.07625,-0.0271186,0.095));
#10477=CARTESIAN_POINT('',(-0.0791042950300454,-0.0271186,0.095));
#10478=CARTESIAN_POINT('',(-0.0791042950300034,-0.0271186,0.095));
#10479=CARTESIAN_POINT('',(-0.0791042950300076,-0.0277852666666667,0.095));
#10480=CARTESIAN_POINT('',(-0.0791042950300117,-0.0281186,0.0946666666666665));
#10481=CARTESIAN_POINT('',(-0.0791042950300159,-0.0281186,0.094));
#10482=CARTESIAN_POINT('',(-0.0791042950300159,-0.0281186,0.094));
#10483=CARTESIAN_POINT('',(-0.0810534056809027,-0.0281186,0.0940000000003516));
#10484=CARTESIAN_POINT('',(-0.0830011782552735,-0.0281186,0.093820924772237));
#10485=CARTESIAN_POINT('',(-0.0868300504797452,-0.0281186,0.0930903169993046));
#10486=CARTESIAN_POINT('',(-0.088700235271357,-0.0281186,0.0925416767141874));
#10487=CARTESIAN_POINT('',(-0.0905110950854311,-0.0281186,0.091825074371083));
#10488=CARTESIAN_POINT('',(-0.0791042950300034,-0.0281186,0.095));
#10489=CARTESIAN_POINT('',(-0.0811139679972368,-0.0281185999999662,0.0950000000003516));
#10490=CARTESIAN_POINT('',(-0.0831257067837455,-0.0281185999999966,0.0948152053037305));
#10491=CARTESIAN_POINT('',(-0.0870803892054193,-0.0281186000000034,0.0940605910080917));
#10492=CARTESIAN_POINT('',(-0.0890119283077959,-0.028118599999946,0.0934937845735466));
#10493=CARTESIAN_POINT('',(-0.0908790563775359,-0.0281186,0.0927549154798282));
#10494=CARTESIAN_POINT('',(-0.0791042950300034,-0.0271186,0.095));
#10495=CARTESIAN_POINT('',(-0.0811139679972447,-0.0271186000000068,0.0950000000000251));
#10496=CARTESIAN_POINT('',(-0.0831257067837356,-0.027118600000004,0.094815205303679));
#10497=CARTESIAN_POINT('',(-0.0870803892054306,-0.027118600000004,0.094060591008151));
#10498=CARTESIAN_POINT('',(-0.0890119283077104,-0.0271185999999932,0.0934937845733074));
#10499=CARTESIAN_POINT('',(-0.0908790563775359,-0.0271186,0.0927549154798282));
#10500=CARTESIAN_POINT('',(-0.0908790563775359,-0.0271186,0.0927549154798282));
#10501=CARTESIAN_POINT('',(-0.0908790563775359,-0.0277852666666667,0.0927549154798282));
#10502=CARTESIAN_POINT('',(-0.090756402613501,-0.0281186,0.0924449684435798));
#10503=CARTESIAN_POINT('',(-0.0905110950854311,-0.0281186,0.091825074371083));
#10504=CARTESIAN_POINT('',(-0.0954392420900352,-0.0271186,0.0912793833382632));
#10505=CARTESIAN_POINT('',(-0.0938859071120632,-0.027118599999943,0.0916815336302721));
#10506=CARTESIAN_POINT('',(-0.0923636565653866,-0.0271186,0.0921674221992577));
#10507=CARTESIAN_POINT('',(-0.0908790563775467,-0.0271186,0.092754915479824));
#10508=CARTESIAN_POINT('',(-0.0954392420900352,-0.0281186,0.0912793833382632));
#10509=CARTESIAN_POINT('',(-0.0938859071118868,-0.0281185999999203,0.0916815336298497));
#10510=CARTESIAN_POINT('',(-0.0923636565656316,-0.0281186000000513,0.0921674221998588));
#10511=CARTESIAN_POINT('',(-0.0908790563775467,-0.0281186,0.092754915479824));
#10512=CARTESIAN_POINT('',(-0.0951886105837781,-0.0281186,0.0903113007756316));
#10513=CARTESIAN_POINT('',(-0.093599350856485,-0.0281186,0.0907227517966099));
#10514=CARTESIAN_POINT('',(-0.0920379682498732,-0.0281186,0.0912208526212532));
#10515=CARTESIAN_POINT('',(-0.0905110950854387,-0.0281186,0.09182507437108));
#10516=CARTESIAN_POINT('',(-0.0954392420900352,-0.0271186,0.0912793833382632));
#10517=CARTESIAN_POINT('',(-0.0954392420900352,-0.0277852666666555,0.0912793833382632));
#10518=CARTESIAN_POINT('',(-0.0953556982546189,-0.0281185999999889,0.0909566891507301));
#10519=CARTESIAN_POINT('',(-0.0951886105837865,-0.0281186,0.0903113007756639));
#10520=CARTESIAN_POINT('',(-0.0951886571288776,-0.0281186,0.0903112887253835));
#10521=CARTESIAN_POINT('',(-0.095811415088984,-0.0281185999999926,0.0901808835180101));
#10522=CARTESIAN_POINT('',(-0.0964438731786622,-0.028078825952134,0.090067851111713));
#10523=CARTESIAN_POINT('',(-0.0977568832945478,-0.0278018628933344,0.0898881990869894));
#10524=CARTESIAN_POINT('',(-0.0984691811456595,-0.0275553851225017,0.0898255016071369));
#10525=CARTESIAN_POINT('',(-0.0994048116403349,-0.0268128740394895,0.0897724305559162));
#10526=CARTESIAN_POINT('',(-0.0996768738429349,-0.0265112006818229,0.0897597413153694));
#10527=CARTESIAN_POINT('',(-0.100104951956815,-0.0258545390143242,0.0897353982471315));
#10528=CARTESIAN_POINT('',(-0.100262142442669,-0.0255019570191468,0.0897241985734056));
#10529=CARTESIAN_POINT('',(-0.100597927686666,-0.0244651113535633,0.089697054814885));
#10530=CARTESIAN_POINT('',(-0.100662399381713,-0.0237727471371677,0.0896880154534747));
#10531=CARTESIAN_POINT('',(-0.100662399380497,-0.0231186,0.0896880154570585));
#10532=CARTESIAN_POINT('',(-0.0954392875826729,-0.0281185999999927,0.0912793715604839));
#10533=CARTESIAN_POINT('',(-0.0960413461671156,-0.0280887767928875,0.0911235024440877));
#10534=CARTESIAN_POINT('',(-0.0966510230388639,-0.0280146620689777,0.0909794343436604));
#10535=CARTESIAN_POINT('',(-0.0978881685755049,-0.0276641284707356,0.0907131401633617));
#10536=CARTESIAN_POINT('',(-0.0985385085280733,-0.0273735593582856,0.0905876432812299));
#10537=CARTESIAN_POINT('',(-0.0993577775134504,-0.0266321072149623,0.0904426833205299));
#10538=CARTESIAN_POINT('',(-0.0995922548789285,-0.0263435666203225,0.0904034325112084));
#10539=CARTESIAN_POINT('',(-0.0999657982849685,-0.0257242026145447,0.0903425586798896));
#10540=CARTESIAN_POINT('',(-0.100105531166178,-0.0253942199411689,0.0903207644046701));
#10541=CARTESIAN_POINT('',(-0.10040825531336,-0.0244157522031958,0.0902740614097981));
#10542=CARTESIAN_POINT('',(-0.100471253337577,-0.0237525967703993,0.0902650634498599));
#10543=CARTESIAN_POINT('',(-0.100471253328391,-0.0231186000000134,0.0902650634512172));
#10544=CARTESIAN_POINT('',(-0.095439287582662,-0.0271186,0.0912793715604867));
#10545=CARTESIAN_POINT('',(-0.0959964627524113,-0.0271186000049114,0.091135122472935));
#10546=CARTESIAN_POINT('',(-0.0965518183523693,-0.0270808927015433,0.0910032795701455));
#10547=CARTESIAN_POINT('',(-0.0976458745627116,-0.0268518687443891,0.090763987547475));
#10548=CARTESIAN_POINT('',(-0.0981986400576264,-0.0266555250497921,0.090654449670585));
#10549=CARTESIAN_POINT('',(-0.0988887353881525,-0.0261210323601969,0.0905271500229085));
#10550=CARTESIAN_POINT('',(-0.0990874462551448,-0.0259070786706385,0.0904921408122816));
#10551=CARTESIAN_POINT('',(-0.0994111079740832,-0.0254206668125561,0.0904363804845852));
#10552=CARTESIAN_POINT('',(-0.0995358734923531,-0.0251486743610505,0.0904156321880101));
#10553=CARTESIAN_POINT('',(-0.0998096449068249,-0.0243117616637026,0.090370544782173));
#10554=CARTESIAN_POINT('',(-0.0998709936608504,-0.0237072893890147,0.090361029708264));
#10555=CARTESIAN_POINT('',(-0.0998709936528655,-0.0231186000000425,0.0903610297095406));
#10556=CARTESIAN_POINT('',(-0.0954392875826619,-0.0271121261624932,0.0912793715604867));
#10557=CARTESIAN_POINT('',(-0.0959961721844778,-0.0271123192380331,0.0911351976991135));
#10558=CARTESIAN_POINT('',(-0.096551176117349,-0.0270748476303896,0.0910034339402671));
#10559=CARTESIAN_POINT('',(-0.0976443059906439,-0.0268466103069073,0.0907643167251774));
#10560=CARTESIAN_POINT('',(-0.098196439804375,-0.0266508766123546,0.0906548821642941));
#10561=CARTESIAN_POINT('',(-0.0988856988856494,-0.0261177237446333,0.0905276968466144));
#10562=CARTESIAN_POINT('',(-0.0990841782061424,-0.0259042529185785,0.0904927150954082));
#10563=CARTESIAN_POINT('',(-0.0994075169991439,-0.0254187017710966,0.0904369878717034));
#10564=CARTESIAN_POINT('',(-0.0995321856211382,-0.0251470847388643,0.0904162463466241));
#10565=CARTESIAN_POINT('',(-0.0998057696003231,-0.0243110884458477,0.0903711693998478));
#10566=CARTESIAN_POINT('',(-0.0998671076772414,-0.0237069960763897,0.090361650978227));
#10567=CARTESIAN_POINT('',(-0.0998671076692643,-0.0231186000000427,0.0903616509795031));
#10568=CARTESIAN_POINT('',(-0.0954392875826619,-0.0271056523249863,0.0912793715604867));
#10569=CARTESIAN_POINT('',(-0.0959958816165442,-0.0271060384711549,0.0911352729252921));
#10570=CARTESIAN_POINT('',(-0.0965505338823287,-0.027068802559236,0.0910035883103887));
#10571=CARTESIAN_POINT('',(-0.0976427374185762,-0.0268413518694256,0.0907646459028798));
#10572=CARTESIAN_POINT('',(-0.0981942395511236,-0.0266462281749171,0.0906553146580032));
#10573=CARTESIAN_POINT('',(-0.0988826623831464,-0.0261144151290697,0.0905282436703203));
#10574=CARTESIAN_POINT('',(-0.0990809101571399,-0.0259014271665186,0.0904932893785349));
#10575=CARTESIAN_POINT('',(-0.0994039260242046,-0.025416736729637,0.0904375952588217));
#10576=CARTESIAN_POINT('',(-0.0995284977499233,-0.0251454951166781,0.090416860505238));
#10577=CARTESIAN_POINT('',(-0.0998018942938213,-0.0243104152279928,0.0903717940175227));
#10578=CARTESIAN_POINT('',(-0.0998632216936323,-0.0237067027637648,0.0903622722481901));
#10579=CARTESIAN_POINT('',(-0.099863221685663,-0.0231186000000429,0.0903622722494656));
#10580=CARTESIAN_POINT('',(-0.100661339177672,-0.0231186,0.0896879216935053));
#10581=CARTESIAN_POINT('',(-0.100533957803744,-0.0231186000000141,0.0900725343551563));
#10582=CARTESIAN_POINT('',(-0.100270375523458,-0.0231186000000283,0.0902969981303801));
#10583=CARTESIAN_POINT('',(-0.0998704281755628,-0.0231186000000425,0.0903611199937136));
#10584=CARTESIAN_POINT('',(-0.0998698627381117,0.00855856567182943,0.0903612105265961));
#10585=CARTESIAN_POINT('',(-0.0998698627381286,-0.0231186000000425,0.0903612105265934));
#10586=CARTESIAN_POINT('',(-0.100272528635862,0.00855856567182944,0.0902968255559628));
#10587=CARTESIAN_POINT('',(-0.100272528635879,-0.0231186000000425,0.0902968255559601));
#10588=CARTESIAN_POINT('',(-0.100535427080361,0.00855856567182944,0.0900680980519591));
#10589=CARTESIAN_POINT('',(-0.100535427080378,-0.0231186000000425,0.0900680980519565));
#10590=CARTESIAN_POINT('',(-0.100663633122748,0.00855856567182944,0.0896809954035767));
#10591=CARTESIAN_POINT('',(-0.100663633122765,-0.0231186000000425,0.089680995403574));
#10592=CARTESIAN_POINT('',(-0.0998698628324081,0.00855856567182943,0.0903612105115184));
#10593=CARTESIAN_POINT('',(-0.100270046875413,0.00855856539292988,0.0902972223527896));
#10594=CARTESIAN_POINT('',(-0.100533846713188,0.0085585651140304,0.0900728697796176));
#10595=CARTESIAN_POINT('',(-0.100661262556976,0.00855856483513075,0.0896881530403864));
#10596=CARTESIAN_POINT('',(-0.100661262716924,0.00855856483513064,0.0896881528321502));
#10597=CARTESIAN_POINT('',(-0.100655037172607,0.00895831193205209,0.0897069512071264));
#10598=CARTESIAN_POINT('',(-0.100624328669234,0.00936195320641205,0.08973188092768));
#10599=CARTESIAN_POINT('',(-0.10047362140788,0.0101850696235941,0.0898008054838366));
#10600=CARTESIAN_POINT('',(-0.100352028527556,0.0106110417190899,0.0898459517510184));
#10601=CARTESIAN_POINT('',(-0.0999405272522406,0.011432852475553,0.0899574817064417));
#10602=CARTESIAN_POINT('',(-0.0996399543621936,0.0118290068414516,0.0900236093763541));
#10603=CARTESIAN_POINT('',(-0.0988797410878039,0.0124391167468754,0.0901526741990115));
#10604=CARTESIAN_POINT('',(-0.0984348618984139,0.0126432825648866,0.0902149747467132));
#10605=CARTESIAN_POINT('',(-0.0980088648172714,0.0127609208888775,0.0902771702340919));
#10606=CARTESIAN_POINT('',(-0.0967476536785254,0.0131092020652716,0.0904613068043504));
#10607=CARTESIAN_POINT('',(-0.0954864425397795,0.0134574832416657,0.0906454433746089));
#10608=CARTESIAN_POINT('',(-0.0942252314010335,0.0138057644180598,0.0908295799448674));
#10609=CARTESIAN_POINT('',(-0.10047013917234,0.00855856509888141,0.0902652282734953));
#10610=CARTESIAN_POINT('',(-0.100456751193277,0.0089466780852693,0.0902673689718081));
#10611=CARTESIAN_POINT('',(-0.100419204908217,0.00933584893540401,0.090273087230979));
#10612=CARTESIAN_POINT('',(-0.100261454173638,0.0101182118952157,0.0902973514880089));
#10613=CARTESIAN_POINT('',(-0.100139403299531,0.0105169752490277,0.090316080958319));
#10614=CARTESIAN_POINT('',(-0.0997529547225518,0.0112699401771697,0.0903780297842819));
#10615=CARTESIAN_POINT('',(-0.0994814191011883,0.0116238323082768,0.0904224486834018));
#10616=CARTESIAN_POINT('',(-0.0988050095114043,0.0121712121618426,0.09054114717421));
#10617=CARTESIAN_POINT('',(-0.0984101956696529,0.0123578070279184,0.0906141906641));
#10618=CARTESIAN_POINT('',(-0.098022319329115,0.0124691135613389,0.0906911358548153));
#10619=CARTESIAN_POINT('',(-0.0968739688290823,0.0127986487764362,0.0909189405415115));
#10620=CARTESIAN_POINT('',(-0.0957256183290496,0.0131281839915335,0.0911467452282076));
#10621=CARTESIAN_POINT('',(-0.0945772678290168,0.0134577192066307,0.0913745499149038));
#10622=CARTESIAN_POINT('',(-0.0998698628324081,0.00855856567182943,0.0903612105115184));
#10623=CARTESIAN_POINT('',(-0.0998698631689182,0.00892145739210196,0.0903612104577116));
#10624=CARTESIAN_POINT('',(-0.0998489014525941,0.00928182086271045,0.0903645361291379));
#10625=CARTESIAN_POINT('',(-0.0997378233965844,0.00999380943320385,0.0903824641898047));
#10626=CARTESIAN_POINT('',(-0.0996464078121543,0.0103501106171887,0.0903972070574037));
#10627=CARTESIAN_POINT('',(-0.0993462037808108,0.0110040228746546,0.0904474311563256));
#10628=CARTESIAN_POINT('',(-0.0991324386429418,0.0113006256118376,0.0904837412607059));
#10629=CARTESIAN_POINT('',(-0.0985801110682767,0.0117474051363763,0.0905833505153538));
#10630=CARTESIAN_POINT('',(-0.0982480371311076,0.0118933303740711,0.0906458717607114));
#10631=CARTESIAN_POINT('',(-0.0979092610364518,0.0119757537769355,0.0907138078866762));
#10632=CARTESIAN_POINT('',(-0.0969062772061989,0.0122197773122781,0.0909149402478657));
#10633=CARTESIAN_POINT('',(-0.0959032933759461,0.0124638008476207,0.0911160726090552));
#10634=CARTESIAN_POINT('',(-0.0949003095456932,0.0127078243829632,0.0913172049702447));
#10635=CARTESIAN_POINT('',(-0.0995865629505382,0.00855856594223173,0.0904065092429271));
#10636=CARTESIAN_POINT('',(-0.0995928818906113,0.00890955450851372,0.0904054988630716));
#10637=CARTESIAN_POINT('',(-0.0995797472466721,0.00925632236211408,0.0904076953548513));
#10638=CARTESIAN_POINT('',(-0.0994906963195794,0.00993509780249677,0.0904226330533103));
#10639=CARTESIAN_POINT('',(-0.0994137390327185,0.0102713590034009,0.0904354944473246));
#10640=CARTESIAN_POINT('',(-0.0991542380375686,0.0108785234415131,0.0904801850718037));
#10641=CARTESIAN_POINT('',(-0.0989677376277271,0.0111480885004612,0.0905126682377574));
#10642=CARTESIAN_POINT('',(-0.0984739704491445,0.0115473897896714,0.0906032683444689));
#10643=CARTESIAN_POINT('',(-0.0981715065538417,0.0116741210326181,0.0906608236259283));
#10644=CARTESIAN_POINT('',(-0.0978559032763249,0.0117429130678436,0.0907245079318398));
#10645=CARTESIAN_POINT('',(-0.0969215251158893,0.0119465794423896,0.0909130523128566));
#10646=CARTESIAN_POINT('',(-0.0959871469554537,0.0121502458169356,0.0911015966938733));
#10647=CARTESIAN_POINT('',(-0.095052768795018,0.0123539121914816,0.0912901410748901));
#10648=CARTESIAN_POINT('',(-0.0993032630686684,0.00855856621263403,0.0904518079743358));
#10649=CARTESIAN_POINT('',(-0.0993159006123045,0.00889765162492549,0.0904497872684317));
#10650=CARTESIAN_POINT('',(-0.0993105930407502,0.0092308238615177,0.0904508545805647));
#10651=CARTESIAN_POINT('',(-0.0992435692425743,0.0098763861717897,0.0904628019168159));
#10652=CARTESIAN_POINT('',(-0.0991810702532826,0.0101926073896132,0.0904737818372455));
#10653=CARTESIAN_POINT('',(-0.0989622722943265,0.0107530240083716,0.0905129389872817));
#10654=CARTESIAN_POINT('',(-0.0988030366125125,0.0109955513890849,0.0905415952148089));
#10655=CARTESIAN_POINT('',(-0.0983678298300122,0.0113473744429665,0.0906231861735839));
#10656=CARTESIAN_POINT('',(-0.0980949759765758,0.0114549116911651,0.0906757754911451));
#10657=CARTESIAN_POINT('',(-0.0978025455161981,0.0115100723587517,0.0907352079770034));
#10658=CARTESIAN_POINT('',(-0.0969367730255797,0.0116733815725011,0.0909111643778475));
#10659=CARTESIAN_POINT('',(-0.0960710005349613,0.0118366907862505,0.0910871207786915));
#10660=CARTESIAN_POINT('',(-0.0952052280443428,0.012,0.0912630771795355));
#10661=CARTESIAN_POINT('',(-0.0992689331513212,0.0119995664258833,0.0902073919583098));
#10662=CARTESIAN_POINT('',(-0.0995698872986097,0.0116960212455233,0.0901941614107157));
#10663=CARTESIAN_POINT('',(-0.0998077528924193,0.0113291942764033,0.0901803280992237));
#10664=CARTESIAN_POINT('',(-0.0999826752132303,0.0108990855185231,0.0901693891405243));
#10665=CARTESIAN_POINT('',(-0.0999826744017621,0.0108990855185224,0.0901693761645582));
#10666=CARTESIAN_POINT('',(-0.0952052280443428,0.012,0.0912630771795354));
#10667=CARTESIAN_POINT('',(-0.0955517189603819,0.0120000000000005,0.0911918694288031));
#10668=CARTESIAN_POINT('',(-0.0960714022062976,0.01200612610713,0.0910853529826345));
#10669=CARTESIAN_POINT('',(-0.0967643154222046,0.0120294387942685,0.0909444936062567));
#10670=CARTESIAN_POINT('',(-0.0972836699886828,0.0120557452880264,0.0908390767862229));
#10671=CARTESIAN_POINT('',(-0.0977156140687205,0.0120851325571828,0.090753303604445));
#10672=CARTESIAN_POINT('',(-0.0980592888424338,0.0121200295636619,0.09067211257046));
#10673=CARTESIAN_POINT('',(-0.0983083668923553,0.0121621046977079,0.0905976557267548));
#10674=CARTESIAN_POINT('',(-0.0985186310283099,0.0122163375321873,0.0905109373603852));
#10675=CARTESIAN_POINT('',(-0.0985900673393783,0.0123507045837726,0.0903940755575548));
#10676=CARTESIAN_POINT('',(-0.0984996154968832,0.0124989896770334,0.0903161574230392));
#10677=CARTESIAN_POINT('',(-0.098319470820558,0.0126255655734371,0.0902827557841839));
#10678=CARTESIAN_POINT('',(-0.0981628909957793,0.0127048723150869,0.0902703915155254));
#10679=CARTESIAN_POINT('',(-0.0980817419161869,0.0127399995149429,0.0902665533012749));
#10680=CARTESIAN_POINT('',(-0.099982674401763,0.0108990855185224,0.0901693761645591));
#10681=CARTESIAN_POINT('',(-0.0998272234070801,0.0108990855185224,0.0903092890935575));
#10682=CARTESIAN_POINT('',(-0.0996268760234453,0.0108990855185224,0.0904000382131748));
#10683=CARTESIAN_POINT('',(-0.0993816322508586,0.0108990855185224,0.0904416235234111));
#10684=CARTESIAN_POINT('',(0.0993032568142083,0.00855856621728441,0.0904518089744031));
#10685=CARTESIAN_POINT('',(0.0993158944745356,0.00889765075191982,0.0904497882498245));
#10686=CARTESIAN_POINT('',(0.0993105871149024,0.0092308220887849,0.0904508555301024));
#10687=CARTESIAN_POINT('',(0.099243564140142,0.00987638255017758,0.0904628027410195));
#10688=CARTESIAN_POINT('',(0.0991810657628734,0.0101926028578359,0.0904737825688531));
#10689=CARTESIAN_POINT('',(0.0989622698034977,0.0107530179234026,0.0905129393956858));
#10690=CARTESIAN_POINT('',(0.0988030354582184,0.0109955448536978,0.0905415954025897));
#10691=CARTESIAN_POINT('',(0.0983678320907132,0.0113473674912535,0.0906231857357095));
#10692=CARTESIAN_POINT('',(0.0980949797597041,0.0114549050550815,0.0906757747483796));
#10693=CARTESIAN_POINT('',(0.0978025506641936,0.011510066040661,0.0907352069274762));
#10694=CARTESIAN_POINT('',(0.0969367760405528,0.0116733773604406,0.0909111636748698));
#10695=CARTESIAN_POINT('',(0.096071001416912,0.0118366886802201,0.0910871204222634));
#10696=CARTESIAN_POINT('',(0.0952052267932712,0.0119999999999996,0.091263077169657));
#10697=CARTESIAN_POINT('',(0.0995805570599515,0.00855856595255455,0.0904074695653342));
#10698=CARTESIAN_POINT('',(0.0995870099413119,0.00890930153840443,0.0904064377686543));
#10699=CARTESIAN_POINT('',(0.0995740412847095,0.00925578054144219,0.0904086103130262));
#10700=CARTESIAN_POINT('',(0.0994854577287956,0.00993385067345686,0.090423484548919));
#10701=CARTESIAN_POINT('',(0.0994088072954144,0.0102696865084518,0.0904363059990559));
#10702=CARTESIAN_POINT('',(0.0991501704541867,0.0108758592541713,0.090480879091088));
#10703=CARTESIAN_POINT('',(0.098964248882998,0.0111448512161524,0.0905132809747775));
#10704=CARTESIAN_POINT('',(0.0984717254364064,0.0115431465864562,0.0906036896334064));
#10705=CARTESIAN_POINT('',(0.0981698901115849,0.0116694717240367,0.0906611394404145));
#10706=CARTESIAN_POINT('',(0.0978547789307852,0.0117379754308049,0.090724733392579));
#10707=CARTESIAN_POINT('',(0.0969218510239861,0.0119407896235639,0.0909130116140221));
#10708=CARTESIAN_POINT('',(0.095988923117187,0.0121436038163229,0.0911012898354652));
#10709=CARTESIAN_POINT('',(0.0950559952103879,0.0123464180090818,0.0912895680569083));
#10710=CARTESIAN_POINT('',(0.0998578573056948,0.00855856568782468,0.0903631301562652));
#10711=CARTESIAN_POINT('',(0.0998581254080882,0.00892095232488903,0.0903630872874841));
#10712=CARTESIAN_POINT('',(0.0998374954545166,0.00928073899409947,0.0903663650959499));
#10713=CARTESIAN_POINT('',(0.0997273513174492,0.00999131879673614,0.0903841663568185));
#10714=CARTESIAN_POINT('',(0.0996365488279553,0.0103467701590676,0.0903988294292587));
#10715=CARTESIAN_POINT('',(0.0993380711048758,0.01099870058494,0.0904488187864901));
#10716=CARTESIAN_POINT('',(0.0991254623077775,0.0112941575786071,0.0904849665469653));
#10717=CARTESIAN_POINT('',(0.0985756187820996,0.0117389256816588,0.0905841935311033));
#10718=CARTESIAN_POINT('',(0.0982448004634656,0.011884038392992,0.0906465041324494));
#10719=CARTESIAN_POINT('',(0.0979070071973769,0.0119658848209488,0.0907142598576818));
#10720=CARTESIAN_POINT('',(0.0969069260074194,0.0122082018866872,0.0909148595531744));
#10721=CARTESIAN_POINT('',(0.095906844817462,0.0124505189524256,0.091115459248667));
#10722=CARTESIAN_POINT('',(0.0949067636275046,0.012692836018164,0.0913160589441596));
#10723=CARTESIAN_POINT('',(0.0998638600690941,0.00855856568209403,0.090362170333885));
#10724=CARTESIAN_POINT('',(0.099863994288574,0.00892120453135389,0.0903621488725865));
#10725=CARTESIAN_POINT('',(0.0998431984896643,0.00928127927377255,0.0903654506068835));
#10726=CARTESIAN_POINT('',(0.0997325876271994,0.00999256281852244,0.0903833152295364));
#10727=CARTESIAN_POINT('',(0.0996414787858512,0.0103484388013559,0.0903980181678734));
#10728=CARTESIAN_POINT('',(0.0993421386207398,0.0110013597511528,0.0904481247718761));
#10729=CARTESIAN_POINT('',(0.0991289521209335,0.0112973896376535,0.0904843536199537));
#10730=CARTESIAN_POINT('',(0.0985778677782059,0.0117431637434892,0.0905837714958143));
#10731=CARTESIAN_POINT('',(0.0982464220600037,0.0118886831524788,0.090646187319564));
#10732=CARTESIAN_POINT('',(0.0979081377911355,0.0119708184124855,0.0907140331353731));
#10733=CARTESIAN_POINT('',(0.0969066029231649,0.0122139906033229,0.090914899555813));
#10734=CARTESIAN_POINT('',(0.0959050680551943,0.0124571627941603,0.0911157659762529));
#10735=CARTESIAN_POINT('',(0.0949035331872237,0.0127003349849977,0.0913166323966929));
#10736=CARTESIAN_POINT('',(0.0998698628324935,0.00855856567636338,0.0903612105115048));
#10737=CARTESIAN_POINT('',(0.0998698631690599,0.00892145673781875,0.0903612104576889));
#10738=CARTESIAN_POINT('',(0.0998489015248119,0.00928181955344563,0.090364536117817));
#10739=CARTESIAN_POINT('',(0.0997378239369495,0.00999380684030873,0.0903824641022544));
#10740=CARTESIAN_POINT('',(0.0996464087437472,0.0103501074436442,0.0903972069064881));
#10741=CARTESIAN_POINT('',(0.0993462061366039,0.0110040189173655,0.0904474307572621));
#10742=CARTESIAN_POINT('',(0.0991324419340894,0.0113006216967,0.0904837406929421));
#10743=CARTESIAN_POINT('',(0.0985801167743123,0.0117474018053196,0.0905833494605254));
#10744=CARTESIAN_POINT('',(0.0982480436565418,0.0118933279119657,0.0906458705066785));
#10745=CARTESIAN_POINT('',(0.0979092683848942,0.0119757520040222,0.0907138064130643));
#10746=CARTESIAN_POINT('',(0.0969062798389104,0.0122197793199585,0.0909149395584516));
#10747=CARTESIAN_POINT('',(0.0959032912929266,0.0124638066358949,0.0911160727038389));
#10748=CARTESIAN_POINT('',(0.0949003027469428,0.0127078339518313,0.0913172058492261));
#10749=CARTESIAN_POINT('',(0.100470139172426,0.00855856510329837,0.0902652282734824));
#10750=CARTESIAN_POINT('',(0.100456751217643,0.00894667738430453,0.0902673689679288));
#10751=CARTESIAN_POINT('',(0.100419205039575,0.00933584752075372,0.0902730872111703));
#10752=CARTESIAN_POINT('',(0.100261454911964,0.0101182090189382,0.0902973513740504));
#10753=CARTESIAN_POINT('',(0.10013940453334,0.0105169716724743,0.0903160807679561));
#10754=CARTESIAN_POINT('',(0.0997529577230096,0.0112699355386391,0.0903780292958625));
#10755=CARTESIAN_POINT('',(0.0994814232496865,0.0116238276013426,0.0904224479917808));
#10756=CARTESIAN_POINT('',(0.098805016384946,0.0121712079883569,0.0905411459316318));
#10757=CARTESIAN_POINT('',(0.0984102033103475,0.0123578038606506,0.0906141892181328));
#10758=CARTESIAN_POINT('',(0.0980223277607589,0.0124691111576909,0.0906911341821856));
#10759=CARTESIAN_POINT('',(0.0968739714134594,0.0127986509835255,0.0909189398223102));
#10760=CARTESIAN_POINT('',(0.09572561506616,0.0131281908093602,0.0911467454624348));
#10761=CARTESIAN_POINT('',(0.0945772587188606,0.0134577306351948,0.0913745511025594));
#10762=CARTESIAN_POINT('',(0.100661262717011,0.00855856483949374,0.0896881528321362));
#10763=CARTESIAN_POINT('',(0.100655037184027,0.00895831120942355,0.089706951173108));
#10764=CARTESIAN_POINT('',(0.100624328774223,0.00936195173915285,0.0897318808376612));
#10765=CARTESIAN_POINT('',(0.100473622133943,0.0101850665748767,0.0898008051942818));
#10766=CARTESIAN_POINT('',(0.100352029776853,0.0106110378754372,0.0898459513156341));
#10767=CARTESIAN_POINT('',(0.0999405305110903,0.0114328473498024,0.0899574809170135));
#10768=CARTESIAN_POINT('',(0.0996399590024416,0.0118290015692827,0.0900236084475421));
#10769=CARTESIAN_POINT('',(0.0988797488335946,0.0124391121168882,0.0901526730174909));
#10770=CARTESIAN_POINT('',(0.098434870414642,0.0126432791398474,0.0902149735308802));
#10771=CARTESIAN_POINT('',(0.0980088740960646,0.0127609183423412,0.090277168878174));
#10772=CARTESIAN_POINT('',(0.0967476562211988,0.0131092046032778,0.0904613063467849));
#10773=CARTESIAN_POINT('',(0.0954864383463331,0.0134574908642144,0.0906454438153958));
#10774=CARTESIAN_POINT('',(0.0942252204714674,0.013805777125151,0.0908295812840067));
#10775=CARTESIAN_POINT('',(0.0993816322464372,0.0108990855185225,0.0904416235239848));
#10776=CARTESIAN_POINT('',(0.0996268760286721,0.0108990855185225,0.0904000382120259));
#10777=CARTESIAN_POINT('',(0.099827223415661,0.0108990855185225,0.0903092890920993));
#10778=CARTESIAN_POINT('',(0.0999826744074038,0.0108990855185225,0.0901693761642051));
#10779=CARTESIAN_POINT('',(0.0999826744074038,0.0108990855185224,0.0901693761642041));
#10780=CARTESIAN_POINT('',(0.100661262555235,0.00855856483949385,0.0896881530456414));
#10781=CARTESIAN_POINT('',(0.100533846711813,0.00855856511845036,0.0900728697830364));
#10782=CARTESIAN_POINT('',(0.100270046873414,0.00855856539740687,0.0902972223529963));
#10783=CARTESIAN_POINT('',(0.0998698628324935,0.00855856567636338,0.0903612105115048));
#10784=CARTESIAN_POINT('',(0.098081741921067,0.0127399995408109,0.0902665532977749));
#10785=CARTESIAN_POINT('',(0.0981631412893087,0.0127047640065482,0.0902704033482121));
#10786=CARTESIAN_POINT('',(0.098320239622785,0.0126250270754847,0.0902829170788151));
#10787=CARTESIAN_POINT('',(0.0985003968061873,0.0124986459208619,0.0903161422796955));
#10788=CARTESIAN_POINT('',(0.0985905968147634,0.0123489068096407,0.090395214898806));
#10789=CARTESIAN_POINT('',(0.0985158327911293,0.0122149454628447,0.090512679157578));
#10790=CARTESIAN_POINT('',(0.0983059069381463,0.0121617171004322,0.0905983810266818));
#10791=CARTESIAN_POINT('',(0.0980577048361326,0.012119822923296,0.0906725297265307));
#10792=CARTESIAN_POINT('',(0.0977139208144092,0.0120850053999844,0.0907536566097726));
#10793=CARTESIAN_POINT('',(0.097282354602113,0.0120556694716416,0.0908393376502864));
#10794=CARTESIAN_POINT('',(0.0967632476985571,0.0120293958716295,0.0909447113994717));
#10795=CARTESIAN_POINT('',(0.096070824019471,0.0120061185364235,0.0910854704742298));
#10796=CARTESIAN_POINT('',(0.0955514878135912,0.0120000000000008,0.0911919166803287));
#10797=CARTESIAN_POINT('',(0.0952052267932714,0.012,0.0912630771696588));
#10798=CARTESIAN_POINT('',(0.0999826752188713,0.0108990855185231,0.0901693891401763));
#10799=CARTESIAN_POINT('',(0.0998077535350243,0.0113291927406479,0.0901803280590589));
#10800=CARTESIAN_POINT('',(0.0995698884702027,0.0116960192061399,0.0901941613467502));
#10801=CARTESIAN_POINT('',(0.0992689347436747,0.0119995649149991,0.0902073918883447));
#10802=CARTESIAN_POINT('',(0.100663633122837,0.00855856567636338,0.0896809954033179));
#10803=CARTESIAN_POINT('',(0.100663633122856,-0.0231186,0.0896809954033149));
#10804=CARTESIAN_POINT('',(0.1005354270802,0.00855856567636338,0.0900680980517362));
#10805=CARTESIAN_POINT('',(0.100535427080219,-0.0231186,0.0900680980517332));
#10806=CARTESIAN_POINT('',(0.100272528635735,0.00855856567636338,0.0902968255558959));
#10807=CARTESIAN_POINT('',(0.100272528635754,-0.0231186,0.0902968255558929));
#10808=CARTESIAN_POINT('',(0.0998698627381099,0.00855856567636338,0.0903612105265964));
#10809=CARTESIAN_POINT('',(0.0998698627381286,-0.0231186,0.0903612105265934));
#10810=CARTESIAN_POINT('',(0.0998704281757149,-0.0231185999999833,0.090361119993689));
#10811=CARTESIAN_POINT('',(0.100270375523401,-0.0231185999999889,0.0902969981302562));
#10812=CARTESIAN_POINT('',(0.100533957803596,-0.0231185999999943,0.0900725343548823));
#10813=CARTESIAN_POINT('',(0.100661339177759,-0.0231186,0.0896879216932468));
#10814=CARTESIAN_POINT('',(0.100662399380745,-0.0231186,0.0896880154571961));
#10815=CARTESIAN_POINT('',(0.100662399381867,-0.0237745837232887,0.0896880154537749));
#10816=CARTESIAN_POINT('',(0.100601726596552,-0.0244476331847232,0.0896966874302697));
#10817=CARTESIAN_POINT('',(0.100265714411081,-0.0254937319036533,0.0897239392447691));
#10818=CARTESIAN_POINT('',(0.100113254984014,-0.0258389870559814,0.0897348752543386));
#10819=CARTESIAN_POINT('',(0.0996846260414201,-0.0265020210526044,0.0897593494508544));
#10820=CARTESIAN_POINT('',(0.0994143258644076,-0.0268030596404808,0.0897719831565784));
#10821=CARTESIAN_POINT('',(0.098797181687785,-0.0272972577530503,0.0898068081857572));
#10822=CARTESIAN_POINT('',(0.0984572980104469,-0.0274867895464509,0.0898299260955714));
#10823=CARTESIAN_POINT('',(0.0977846356129383,-0.0277691453832971,0.0898919900741241));
#10824=CARTESIAN_POINT('',(0.0974435612576649,-0.0278673389276487,0.0899312340646193));
#10825=CARTESIAN_POINT('',(0.0964487846545987,-0.0280789889154665,0.0900668579346469));
#10826=CARTESIAN_POINT('',(0.0958132588987179,-0.0281186000000136,0.0901804974251713));
#10827=CARTESIAN_POINT('',(0.0951886571284534,-0.0281186,0.0903112887254722));
#10828=CARTESIAN_POINT('',(0.100471253328566,-0.0231185999999948,0.0902650634511927));
#10829=CARTESIAN_POINT('',(0.100471253337305,-0.0237542099544415,0.0902650634498976));
#10830=CARTESIAN_POINT('',(0.100411756706373,-0.0243991660503594,0.0902735349130123));
#10831=CARTESIAN_POINT('',(0.100108714107504,-0.025386502850375,0.0903202666781256));
#10832=CARTESIAN_POINT('',(0.0999730985855789,-0.0257096156973325,0.0903413960091637));
#10833=CARTESIAN_POINT('',(0.099598966473514,-0.0263348296886378,0.090402312751551));
#10834=CARTESIAN_POINT('',(0.0993659927684012,-0.0266226236014825,0.0904412920156438));
#10835=CARTESIAN_POINT('',(0.0988258276351943,-0.0271154961995667,0.0905367458104747));
#10836=CARTESIAN_POINT('',(0.0985232894227277,-0.0273163530665747,0.0905925480375335));
#10837=CARTESIAN_POINT('',(0.0979102056098247,-0.0276296226952161,0.0907119301219955));
#10838=CARTESIAN_POINT('',(0.0975928598925983,-0.027747162831309,0.0907767826756883));
#10839=CARTESIAN_POINT('',(0.0966558263353781,-0.0280145453935594,0.0909782491387643));
#10840=CARTESIAN_POINT('',(0.0960431096207441,-0.0280886894396468,0.0911230458972025));
#10841=CARTESIAN_POINT('',(0.0954392875822625,-0.0281186000000134,0.0912793715605902));
#10842=CARTESIAN_POINT('',(0.0998709936531701,-0.0231185999999833,0.0903610297094919));
#10843=CARTESIAN_POINT('',(0.0998709936607505,-0.0237083692356766,0.09036102970828));
#10844=CARTESIAN_POINT('',(0.0998128839353843,-0.0242971550422667,0.0903700222431747));
#10845=CARTESIAN_POINT('',(0.0995387166376204,-0.0251422786262658,0.0904151586341984));
#10846=CARTESIAN_POINT('',(0.0994175260244673,-0.0254089051455462,0.0904352951433068));
#10847=CARTESIAN_POINT('',(0.0990931723994953,-0.0259005119590818,0.09049113470421));
#10848=CARTESIAN_POINT('',(0.0988956685948781,-0.0261140401178072,0.0905259171271798));
#10849=CARTESIAN_POINT('',(0.098440645007907,-0.0264696437935622,0.0906097636264177));
#10850=CARTESIAN_POINT('',(0.0981859431504933,-0.0266097969713521,0.0906584068993034));
#10851=CARTESIAN_POINT('',(0.0976607546435861,-0.0268264975009771,0.0907635630306563));
#10852=CARTESIAN_POINT('',(0.0973846237649569,-0.0269060550107895,0.0908211906711027));
#10853=CARTESIAN_POINT('',(0.0965562566047876,-0.0270809429334713,0.0910021873738638));
#10854=CARTESIAN_POINT('',(0.0959980696755086,-0.0271186000050423,0.0911347064508182));
#10855=CARTESIAN_POINT('',(0.0954392875822825,-0.0271186,0.091279371560585));
#10856=CARTESIAN_POINT('',(0.0954392875822825,-0.0271186,0.091279371560585));
#10857=CARTESIAN_POINT('',(0.0954392875822692,-0.0277852659143153,0.0912793715605885));
#10858=CARTESIAN_POINT('',(0.0953557442862237,-0.0281185992476483,0.090956678010564));
#10859=CARTESIAN_POINT('',(0.0951886576941462,-0.0281185999999987,0.0903112909105119));
#10860=CARTESIAN_POINT('',(0.0908790563775752,-0.0271186,0.0927549154798127));
#10861=CARTESIAN_POINT('',(0.0923636565668397,-0.0271186000000399,0.0921674221986842));
#10862=CARTESIAN_POINT('',(0.0938859071150072,-0.0271186000000142,0.0916815336293323));
#10863=CARTESIAN_POINT('',(0.0954392420945184,-0.0271186,0.0912793833371025));
#10864=CARTESIAN_POINT('',(0.0908790563775752,-0.0281186,0.0927549154798127));
#10865=CARTESIAN_POINT('',(0.0923636565670835,-0.0281186000000342,0.0921674221992641));
#10866=CARTESIAN_POINT('',(0.0938859071148398,-0.0281185999999915,0.0916815336289573));
#10867=CARTESIAN_POINT('',(0.0954392420945184,-0.0281186,0.0912793833371025));
#10868=CARTESIAN_POINT('',(0.090511095085468,-0.0281186,0.0918250743710684));
#10869=CARTESIAN_POINT('',(0.0920379682513841,-0.0281186,0.0912208526206622));
#10870=CARTESIAN_POINT('',(0.0935993508595107,-0.0281186,0.0907227517957189));
#10871=CARTESIAN_POINT('',(0.095188610588365,-0.0281186,0.0903113007744441));
#10872=CARTESIAN_POINT('',(0.0908790563775752,-0.0271186,0.0927549154798127));
#10873=CARTESIAN_POINT('',(0.0908790563775752,-0.0277852666666667,0.0927549154798127));
#10874=CARTESIAN_POINT('',(0.0907564026135395,-0.0281186,0.0924449684435646));
#10875=CARTESIAN_POINT('',(0.090511095085468,-0.0281186,0.0918250743710684));
#10876=CARTESIAN_POINT('',(0.0905110950854423,-0.0281186,0.0918250743710786));
#10877=CARTESIAN_POINT('',(0.0886987318769336,-0.0281186,0.0925422716449881));
#10878=CARTESIAN_POINT('',(0.0868217201144169,-0.0281186,0.0930924650495638));
#10879=CARTESIAN_POINT('',(0.0829926419399273,-0.0281186,0.0938219926789724));
#10880=CARTESIAN_POINT('',(0.0810517888514416,-0.0281186,0.0940000000002973));
#10881=CARTESIAN_POINT('',(0.0791042950300881,-0.0281186,0.094));
#10882=CARTESIAN_POINT('',(0.0908790563775781,-0.0281186,0.0927549154798115));
#10883=CARTESIAN_POINT('',(0.0890103798376858,-0.0281186000000575,0.0934943973419001));
#10884=CARTESIAN_POINT('',(0.0870717851185303,-0.0281185999999864,0.0940628096395786));
#10885=CARTESIAN_POINT('',(0.0831168899796372,-0.0281186000000135,0.0948163083000267));
#10886=CARTESIAN_POINT('',(0.081112302690984,-0.0281186000000135,0.0950000000003243));
#10887=CARTESIAN_POINT('',(0.0791042950300436,-0.0281186,0.095));
#10888=CARTESIAN_POINT('',(0.0908790563775781,-0.0271186,0.0927549154798115));
#10889=CARTESIAN_POINT('',(0.089010379837561,-0.0271186000000271,0.0934943973415949));
#10890=CARTESIAN_POINT('',(0.0870717851185288,-0.0271186000000299,0.0940628096395707));
#10891=CARTESIAN_POINT('',(0.0831168899796511,-0.0271186000000366,0.0948163083000998));
#10892=CARTESIAN_POINT('',(0.0811123026909768,-0.0271186000000575,0.0950000000000894));
#10893=CARTESIAN_POINT('',(0.0791042950300436,-0.0271186,0.095));
#10894=CARTESIAN_POINT('',(0.0791042950300881,-0.0281186,0.094));
#10895=CARTESIAN_POINT('',(0.0791042950300733,-0.0281186,0.0946666666666665));
#10896=CARTESIAN_POINT('',(0.0791042950300584,-0.0277852666666667,0.0950000000000001));
#10897=CARTESIAN_POINT('',(0.0791042950300436,-0.0271186,0.095));
#10898=CARTESIAN_POINT('',(0.07625,-0.0271186,0.095));
#10899=CARTESIAN_POINT('',(0.0791042950300881,-0.0271186,0.095));
#10900=CARTESIAN_POINT('',(0.07625,-0.0277852666666667,0.0950000000000001));
#10901=CARTESIAN_POINT('',(0.0791042950300881,-0.0277852666666667,0.0950000000000001));
#10902=CARTESIAN_POINT('',(0.07625,-0.0281186,0.0946666666666665));
#10903=CARTESIAN_POINT('',(0.0791042950300881,-0.0281186,0.0946666666666665));
#10904=CARTESIAN_POINT('',(0.07625,-0.0281186,0.094));
#10905=CARTESIAN_POINT('',(0.0791042950300881,-0.0281186,0.094));
#10906=CARTESIAN_POINT('',(0.07625,-0.0271186,0.095));
#10907=CARTESIAN_POINT('',(0.07625,-0.0277852666666667,0.095));
#10908=CARTESIAN_POINT('',(0.07625,-0.0281186,0.0946666666666665));
#10909=CARTESIAN_POINT('',(0.07625,-0.0281186,0.094));
#10910=CARTESIAN_POINT('',(0.0564437229676201,-0.0271186,0.095));
#10911=CARTESIAN_POINT('',(0.07625,-0.0271186,0.095));
#10912=CARTESIAN_POINT('',(0.0564437229676201,-0.0277852666666667,0.0949999999999999));
#10913=CARTESIAN_POINT('',(0.07625,-0.0277852666666667,0.0949999999999999));
#10914=CARTESIAN_POINT('',(0.0564437229676201,-0.0281186,0.0946666666666665));
#10915=CARTESIAN_POINT('',(0.07625,-0.0281186,0.0946666666666665));
#10916=CARTESIAN_POINT('',(0.0564437229676201,-0.0281186,0.094));
#10917=CARTESIAN_POINT('',(0.07625,-0.0281186,0.094));
#10918=CARTESIAN_POINT('',(0.031,-0.05010091,0.059));
#10919=CARTESIAN_POINT('',(0.0258955989136051,-0.02710091,0.0713231143305666));
#10920=CARTESIAN_POINT('',(0.031,-0.02710091,0.0723384428347167));
#10921=CARTESIAN_POINT('',(0.0361044010863949,-0.02710091,0.0713231143305666));
#10922=CARTESIAN_POINT('',(0.0404317033788973,-0.02710091,0.0684317033788973));
#10923=CARTESIAN_POINT('',(0.0433231143305666,-0.02710091,0.0641044010863949));
#10924=CARTESIAN_POINT('',(0.0443384428347167,-0.02710091,0.059));
#10925=CARTESIAN_POINT('',(0.0433231143305666,-0.02710091,0.0538955989136051));
#10926=CARTESIAN_POINT('',(0.0404317033788973,-0.02710091,0.0495682966211027));
#10927=CARTESIAN_POINT('',(0.0361044010863949,-0.02710091,0.0466768856694334));
#10928=CARTESIAN_POINT('',(0.031,-0.02710091,0.0456615571652833));
#10929=CARTESIAN_POINT('',(0.025895598913605,-0.02710091,0.0466768856694334));
#10930=CARTESIAN_POINT('',(0.0215682966211027,-0.02710091,0.0495682966211027));
#10931=CARTESIAN_POINT('',(0.0186768856694334,-0.02710091,0.0538955989136051));
#10932=CARTESIAN_POINT('',(0.0176615571652833,-0.02710091,0.059));
#10933=CARTESIAN_POINT('',(0.0186768856694334,-0.02710091,0.064104401086395));
#10934=CARTESIAN_POINT('',(0.0215682966211027,-0.02710091,0.0684317033788973));
#10935=CARTESIAN_POINT('',(0.0258955989136051,-0.02710091,0.0713231143305666));
#10936=CARTESIAN_POINT('',(0.031,-0.02710091,0.0723384428347167));
#10937=CARTESIAN_POINT('',(0.0361044010863949,-0.02710091,0.0713231143305666));
#10938=CARTESIAN_POINT('',(0.031,-0.02710091,0.072));
#10939=CARTESIAN_POINT('',(0.0321545620195705,-0.030389980775609,0.0719904785566938));
#10940=CARTESIAN_POINT('',(0.0308369749631922,-0.0304274470472408,0.0720021853060387));
#10941=CARTESIAN_POINT('',(0.030380113607758,-0.0304401200145796,0.0719891243279355));
#10942=CARTESIAN_POINT('',(0.0295854463609083,-0.0304615496758643,0.071933800625068));
#10943=CARTESIAN_POINT('',(0.0286183880311498,-0.0304864532728422,0.071797853854363));
#10944=CARTESIAN_POINT('',(0.027462876835338,-0.0305146512942567,0.0715284068977484));
#10945=CARTESIAN_POINT('',(0.0259585543379532,-0.0305495289167269,0.0710285365961974));
#10946=CARTESIAN_POINT('',(0.0241634954441465,-0.030588243348324,0.0701441821958647));
#10947=CARTESIAN_POINT('',(0.0215789145793557,-0.0306396803280414,0.0682106709593406));
#10948=CARTESIAN_POINT('',(0.0190742633057009,-0.0306843172519097,0.064919226473466));
#10949=CARTESIAN_POINT('',(0.0176925406279305,-0.0307067911738646,0.0599689957328434));
#10950=CARTESIAN_POINT('',(0.0183506920138406,-0.0306962838565774,0.054719022368638));
#10951=CARTESIAN_POINT('',(0.0209934297219846,-0.0306509274230487,0.050179353734223));
#10952=CARTESIAN_POINT('',(0.0251092086502152,-0.0305706041732088,0.0470467782332925));
#10953=CARTESIAN_POINT('',(0.0285915507734383,-0.030489001011864,0.0460997223311351));
#10954=CARTESIAN_POINT('',(0.0307250805737354,-0.0304306409270356,0.0459966055562952));
#10955=CARTESIAN_POINT('',(0.0316332876245708,-0.0304048442695101,0.0460018798410819));
#10956=CARTESIAN_POINT('',(0.0327772393427504,-0.0303703400117181,0.0460955570899186));
#10957=CARTESIAN_POINT('',(0.0342307938924555,-0.0303228315007926,0.0463781639387072));
#10958=CARTESIAN_POINT('',(0.035312323903131,-0.030284427075873,0.0467206349129684));
#10959=CARTESIAN_POINT('',(0.0360390260254607,-0.0302569964725369,0.0470147545671894));
#10960=CARTESIAN_POINT('',(0.0364212762014424,-0.0302423240703085,0.04718117786011));
#10961=CARTESIAN_POINT('',(0.0371050748858622,-0.0302155921949473,0.0475082894764467));
#10962=CARTESIAN_POINT('',(0.0380324343380331,-0.0301776372454563,0.0480415051038805));
#10963=CARTESIAN_POINT('',(0.0390803632820979,-0.0301315472381965,0.0487886886662246));
#10964=CARTESIAN_POINT('',(0.0398086577382334,-0.0300966212601501,0.0494274225231577));
#10965=CARTESIAN_POINT('',(0.0402553491857193,-0.0300737108723308,0.049868956613518));
#10966=CARTESIAN_POINT('',(0.0405875462476106,-0.0300564932246917,0.0502147819021282));
#10967=CARTESIAN_POINT('',(0.0411151835659633,-0.0300290284945036,0.0508122370190603));
#10968=CARTESIAN_POINT('',(0.0420691177899642,-0.0299786428782268,0.0520795776515618));
#10969=CARTESIAN_POINT('',(0.0430843007334401,-0.029922765748295,0.05399422538859));
#10970=CARTESIAN_POINT('',(0.043798295464091,-0.029880491666821,0.0563302416605264));
#10971=CARTESIAN_POINT('',(0.0440548126477032,-0.0298631534557875,0.0586497877473471));
#10972=CARTESIAN_POINT('',(0.0439474351603161,-0.0298712464557028,0.0607194597827869));
#10973=CARTESIAN_POINT('',(0.0434343100817422,-0.0299054200868918,0.0630636689735926));
#10974=CARTESIAN_POINT('',(0.0425619063884964,-0.029955544012208,0.0650656728906344));
#10975=CARTESIAN_POINT('',(0.0415548001404615,-0.0300087435781989,0.0666331467678563));
#10976=CARTESIAN_POINT('',(0.0407862755589436,-0.0300476006665896,0.0675847448642102));
#10977=CARTESIAN_POINT('',(0.0400686394034052,-0.0300830439056072,0.0683236092817962));
#10978=CARTESIAN_POINT('',(0.0394432216102091,-0.0301128017229255,0.0689006008007887));
#10979=CARTESIAN_POINT('',(0.0385555844196898,-0.0301528097803238,0.0696081602483888));
#10980=CARTESIAN_POINT('',(0.0376200899862869,-0.0301925363241043,0.0702035704867089));
#10981=CARTESIAN_POINT('',(0.0368321975918841,-0.0302249456847715,0.0706246609125021));
#10982=CARTESIAN_POINT('',(0.0363359860639578,-0.0302449652961188,0.0708581996971851));
#10983=CARTESIAN_POINT('',(0.0359286399388808,-0.0302612651527242,0.071030699351646));
#10984=CARTESIAN_POINT('',(0.0355946027282698,-0.0302743537305767,0.0711632940200138));
#10985=CARTESIAN_POINT('',(0.0349514755712864,-0.030298562185089,0.071396135529934));
#10986=CARTESIAN_POINT('',(0.0335881936449708,-0.0303461008936071,0.0717859795609331));
#10987=CARTESIAN_POINT('',(0.0321545620195705,-0.030389980775609,0.0719904785566938));
#10988=CARTESIAN_POINT('',(0.0308369749631922,-0.0304274470472408,0.0720021853060387));
#10989=CARTESIAN_POINT('',(0.030380113607758,-0.0304401200145796,0.0719891243279355));
#10990=CARTESIAN_POINT('',(0.0309576104106004,-0.0304239947414864,0.0719999308891513));
#10991=CARTESIAN_POINT('',(-0.031,-0.05010091,0.059));
#10992=CARTESIAN_POINT('',(-0.0361044010863949,-0.02710091,0.0713231143305666));
#10993=CARTESIAN_POINT('',(-0.031,-0.02710091,0.0723384428347167));
#10994=CARTESIAN_POINT('',(-0.0258955989136051,-0.02710091,0.0713231143305666));
#10995=CARTESIAN_POINT('',(-0.0215682966211027,-0.02710091,0.0684317033788973));
#10996=CARTESIAN_POINT('',(-0.0186768856694334,-0.02710091,0.0641044010863949));
#10997=CARTESIAN_POINT('',(-0.0176615571652833,-0.02710091,0.059));
#10998=CARTESIAN_POINT('',(-0.0186768856694334,-0.02710091,0.0538955989136051));
#10999=CARTESIAN_POINT('',(-0.0215682966211027,-0.02710091,0.0495682966211027));
#11000=CARTESIAN_POINT('',(-0.0258955989136051,-0.02710091,0.0466768856694334));
#11001=CARTESIAN_POINT('',(-0.031,-0.02710091,0.0456615571652833));
#11002=CARTESIAN_POINT('',(-0.036104401086395,-0.02710091,0.0466768856694334));
#11003=CARTESIAN_POINT('',(-0.0404317033788973,-0.02710091,0.0495682966211027));
#11004=CARTESIAN_POINT('',(-0.0433231143305666,-0.02710091,0.0538955989136051));
#11005=CARTESIAN_POINT('',(-0.0443384428347167,-0.02710091,0.059));
#11006=CARTESIAN_POINT('',(-0.0433231143305666,-0.02710091,0.064104401086395));
#11007=CARTESIAN_POINT('',(-0.0404317033788973,-0.02710091,0.0684317033788973));
#11008=CARTESIAN_POINT('',(-0.0361044010863949,-0.02710091,0.0713231143305666));
#11009=CARTESIAN_POINT('',(-0.031,-0.02710091,0.0723384428347167));
#11010=CARTESIAN_POINT('',(-0.0258955989136051,-0.02710091,0.0713231143305666));
#11011=CARTESIAN_POINT('',(-0.031,-0.02710091,0.072));
#11012=CARTESIAN_POINT('',(-0.0296683510038098,-0.0304595305245337,0.0719527028331105));
#11013=CARTESIAN_POINT('',(-0.0305229989139998,-0.0304362792896497,0.0719992234170248));
#11014=CARTESIAN_POINT('',(-0.0311868974413161,-0.0304175143974983,0.0720003334239797));
#11015=CARTESIAN_POINT('',(-0.0315448323388173,-0.0304072044013927,0.0719922905468423));
#11016=CARTESIAN_POINT('',(-0.0323153348271217,-0.0303842989700922,0.0719437386506606));
#11017=CARTESIAN_POINT('',(-0.0332873485412052,-0.0303539045106972,0.071815570257961));
#11018=CARTESIAN_POINT('',(-0.0344874359252414,-0.030313844351574,0.0715454524710559));
#11019=CARTESIAN_POINT('',(-0.0355380718180525,-0.0302761045528879,0.071195885726525));
#11020=CARTESIAN_POINT('',(-0.0363309652302514,-0.0302458679510211,0.070862402853261));
#11021=CARTESIAN_POINT('',(-0.0370885035356998,-0.0302162638456324,0.0704995542376837));
#11022=CARTESIAN_POINT('',(-0.0380133884540901,-0.0301784589718787,0.0699705596776412));
#11023=CARTESIAN_POINT('',(-0.0390488772052802,-0.0301329564870937,0.069235307713025));
#11024=CARTESIAN_POINT('',(-0.0397719746462098,-0.0300983571386775,0.0686059964298671));
#11025=CARTESIAN_POINT('',(-0.0402173198828914,-0.0300755768667872,0.0681694311706616));
#11026=CARTESIAN_POINT('',(-0.0405512767602817,-0.0300583182876959,0.0678246480737062));
#11027=CARTESIAN_POINT('',(-0.0410815645629644,-0.0300307874074942,0.0672291359787297));
#11028=CARTESIAN_POINT('',(-0.0420407987507161,-0.0299802342389892,0.0659654737811586));
#11029=CARTESIAN_POINT('',(-0.0430629689581005,-0.0299240443553643,0.0640566603818552));
#11030=CARTESIAN_POINT('',(-0.0437855469669574,-0.0298812770490466,0.0617272551449729));
#11031=CARTESIAN_POINT('',(-0.0440526501384091,-0.0298632822925626,0.0594192129658726));
#11032=CARTESIAN_POINT('',(-0.0439559702030691,-0.0298707302774421,0.0573411493985865));
#11033=CARTESIAN_POINT('',(-0.0434513136386178,-0.0299044161422353,0.0549875569908449));
#11034=CARTESIAN_POINT('',(-0.0425850889845571,-0.0299542370025664,0.0529784029160708));
#11035=CARTESIAN_POINT('',(-0.0415826694622082,-0.0300072603548995,0.0514054527418637));
#11036=CARTESIAN_POINT('',(-0.0408170092365599,-0.0300460354265968,0.0504504084780403));
#11037=CARTESIAN_POINT('',(-0.0401017875006189,-0.0300814280721407,0.0497087181546286));
#11038=CARTESIAN_POINT('',(-0.0394764172523812,-0.0301112407878925,0.0491276985342978));
#11039=CARTESIAN_POINT('',(-0.0385890548186943,-0.0301513093324591,0.0484156273962132));
#11040=CARTESIAN_POINT('',(-0.037652951910242,-0.0301911386248152,0.0478158298099377));
#11041=CARTESIAN_POINT('',(-0.0368642531199311,-0.0302236479919951,0.0473914475187718));
#11042=CARTESIAN_POINT('',(-0.0363674681058143,-0.0302437343431325,0.0471559939651046));
#11043=CARTESIAN_POINT('',(-0.0359594449802068,-0.0302600986587292,0.0469819643596455));
#11044=CARTESIAN_POINT('',(-0.0356257683848157,-0.0302732026115111,0.046848518204532));
#11045=CARTESIAN_POINT('',(-0.0349823126371298,-0.0302974740784104,0.0466137732375898));
#11046=CARTESIAN_POINT('',(-0.0340099912748341,-0.0303314468921146,0.0463326185594163));
#11047=CARTESIAN_POINT('',(-0.0329407526614227,-0.030365632999563,0.0461316985429631));
#11048=CARTESIAN_POINT('',(-0.0320333369200284,-0.0303930001288136,0.0460351134589854));
#11049=CARTESIAN_POINT('',(-0.0314570705542803,-0.0304097983148888,0.0460040032254966));
#11050=CARTESIAN_POINT('',(-0.0309773511371818,-0.0304234605930326,0.045998721361328));
#11051=CARTESIAN_POINT('',(-0.0305999236778168,-0.0304340425143094,0.0460038138104448));
#11052=CARTESIAN_POINT('',(-0.0298956531138005,-0.0304533441450808,0.046035905031127));
#11053=CARTESIAN_POINT('',(-0.0285199771837701,-0.0304893109717511,0.0461959236511816));
#11054=CARTESIAN_POINT('',(-0.0265701593481434,-0.0305360989736446,0.0466981153262041));
#11055=CARTESIAN_POINT('',(-0.0243699154296163,-0.0305839733770018,0.0477298177909491));
#11056=CARTESIAN_POINT('',(-0.0217178349980339,-0.0306371051438739,0.0496427886167534));
#11057=CARTESIAN_POINT('',(-0.019133716771646,-0.0306833049808697,0.0529428080335885));
#11058=CARTESIAN_POINT('',(-0.0176692804978096,-0.0307071552900514,0.0580231137500047));
#11059=CARTESIAN_POINT('',(-0.0183810260645122,-0.0306958595866437,0.0634822322879068));
#11060=CARTESIAN_POINT('',(-0.0212823683208516,-0.030645851251555,0.0681890977510505));
#11061=CARTESIAN_POINT('',(-0.0250068670841519,-0.0305719991922866,0.070769415733552));
#11062=CARTESIAN_POINT('',(-0.0279375096663504,-0.030503759523056,0.071687524582072));
#11063=CARTESIAN_POINT('',(-0.0296683510038098,-0.0304595305245337,0.0719527028331105));
#11064=CARTESIAN_POINT('',(-0.0305229989139998,-0.0304362792896497,0.0719992234170248));
#11065=CARTESIAN_POINT('',(-0.0311868974413161,-0.0304175143974983,0.0720003334239797));
#11066=CARTESIAN_POINT('',(-0.0309576104106003,-0.0304239947414864,0.0719999308891512));
#11067=CARTESIAN_POINT('',(0.0203915268851221,-0.01810091,0.0085));
#11068=CARTESIAN_POINT('',(0.0248915268851221,-0.01810091,0.0085));
#11069=CARTESIAN_POINT('',(0.0248915268851221,-0.01810091,0.0085));
#11070=CARTESIAN_POINT('',(0.0203915268851221,-0.01810091,0.0085));
#11071=CARTESIAN_POINT('',(0.015891526885122,-0.01810091,0.0085));
#11072=CARTESIAN_POINT('',(0.015891526885122,-0.01810091,0.0085));
#11073=CARTESIAN_POINT('',(0.0248915268851221,-0.01810091,0.00625));
#11074=CARTESIAN_POINT('',(0.0248915268851221,-0.01810091,0.00625));
#11075=CARTESIAN_POINT('',(0.020391526885122,-0.01810091,0.0085));
#11076=CARTESIAN_POINT('',(0.020391526885122,-0.01810091,0.0085));
#11077=CARTESIAN_POINT('',(0.020391526885122,-0.01810091,0.0115));
#11078=CARTESIAN_POINT('',(0.020391526885122,-0.02510091,0.0085));
#11079=CARTESIAN_POINT('',(0.020391526885122,-0.02510091,0.0055));
#11080=CARTESIAN_POINT('',(0.015891526885122,-0.01810091,0.00625));
#11081=CARTESIAN_POINT('',(0.015891526885122,-0.01810091,0.00625));
#11082=CARTESIAN_POINT('',(1.38777878078145E-17,-0.01810091,0.047373105));
#11083=CARTESIAN_POINT('',(0.0203915268851221,-0.01810091,0.03399242));
#11084=CARTESIAN_POINT('',(0.0203915268851221,-0.01810091,0.03399242));
#11085=CARTESIAN_POINT('',(0.0203915268851221,-0.01810091,0.03849242));
#11086=CARTESIAN_POINT('',(0.0203915268851221,-0.01810091,0.03399242));
#11087=CARTESIAN_POINT('',(0.0203915268851221,-0.01810091,0.03399242));
#11088=CARTESIAN_POINT('',(0.0203915268851221,-0.01810091,0.03699242));
#11089=CARTESIAN_POINT('',(0.0203915268851221,-0.02510091,0.03399242));
#11090=CARTESIAN_POINT('',(0.0203915268851221,-0.02510091,0.03699242));
#11091=CARTESIAN_POINT('',(1.38777878078145E-17,-0.01810091,0.047373105));
#11092=CARTESIAN_POINT('',(0.045,-0.01810091,0.06820414));
#11093=CARTESIAN_POINT('',(0.045,-0.01810091,0.06820414));
#11094=CARTESIAN_POINT('',(0.045,-0.01810091,0.07050414));
#11095=CARTESIAN_POINT('',(0.045,-0.02510091,0.06820414));
#11096=CARTESIAN_POINT('',(0.045,-0.02510091,0.07050414));
#11097=CARTESIAN_POINT('',(0.045,-0.01810091,0.06820414));
#11098=CARTESIAN_POINT('',(0.045,-0.01810091,0.06820414));
#11099=CARTESIAN_POINT('',(0.045,-0.01810091,0.0717041400000005));
#11100=CARTESIAN_POINT('',(0.0448721342958055,-0.02510091,0.0647064764424667));
#11101=CARTESIAN_POINT('',(0.0442918576338729,-0.02510091,0.0647276898847504));
#11102=CARTESIAN_POINT('',(0.0434555495415614,-0.02527980984692,0.0649847359845524));
#11103=CARTESIAN_POINT('',(0.0426052107818834,-0.0257481825855652,0.0656094853801077));
#11104=CARTESIAN_POINT('',(0.042049200985016,-0.0260154315014286,0.0662550074331204));
#11105=CARTESIAN_POINT('',(0.0416699445017401,-0.0257514149335285,0.0670295224274074));
#11106=CARTESIAN_POINT('',(0.0414333286749626,-0.0252838628216757,0.0680490444893962));
#11107=CARTESIAN_POINT('',(0.0415268601498257,-0.02510091,0.0689301123355085));
#11108=CARTESIAN_POINT('',(0.0417382200310839,-0.02510091,0.0694733095845642));
#11109=CARTESIAN_POINT('',(1.38777878078145E-17,-0.01810091,0.047373105));
#11110=CARTESIAN_POINT('',(1.38777878078145E-17,-0.02510091,0.0475));
#11111=CARTESIAN_POINT('',(0.045,-0.01810091,0.04770414));
#11112=CARTESIAN_POINT('',(0.045,-0.01810091,0.04770414));
#11113=CARTESIAN_POINT('',(0.045,-0.01810091,0.05000414));
#11114=CARTESIAN_POINT('',(0.045,-0.02510091,0.04770414));
#11115=CARTESIAN_POINT('',(0.045,-0.02510091,0.05000414));
#11116=CARTESIAN_POINT('',(0.045,-0.01810091,0.04770414));
#11117=CARTESIAN_POINT('',(0.045,-0.01810091,0.04770414));
#11118=CARTESIAN_POINT('',(0.045,-0.01810091,0.05120414));
#11119=CARTESIAN_POINT('',(0.0415594422412106,-0.02510091,0.0483464501339369));
#11120=CARTESIAN_POINT('',(0.0416662738022734,-0.02510091,0.0489186973037666));
#11121=CARTESIAN_POINT('',(0.0421642826452113,-0.0251760474437008,0.0499903949831314));
#11122=CARTESIAN_POINT('',(0.043106841829204,-0.0251009100000002,0.050704941713514));
#11123=CARTESIAN_POINT('',(0.0436434561892226,-0.02510091,0.0509305604452364));
#11124=CARTESIAN_POINT('',(1.38777878078145E-17,-0.01810091,0.047373105));
#11125=CARTESIAN_POINT('',(1.38777878078145E-17,-0.02510091,0.0475));
#11126=CARTESIAN_POINT('',(0.0185,-0.01810091,0.04770414));
#11127=CARTESIAN_POINT('',(0.0185,-0.01810091,0.04770414));
#11128=CARTESIAN_POINT('',(0.0185,-0.01810091,0.05120414));
#11129=CARTESIAN_POINT('',(0.0181941324442212,-0.02510091,0.051190749389998));
#11130=CARTESIAN_POINT('',(0.018749095036084,-0.0251009100000004,0.0512394342389543));
#11131=CARTESIAN_POINT('',(0.0195754751046067,-0.0252601315637479,0.0511056761859238));
#11132=CARTESIAN_POINT('',(0.0204917583269588,-0.0256499363737889,0.050618366107648));
#11133=CARTESIAN_POINT('',(0.021117451831855,-0.0258446359838211,0.0500779555717587));
#11134=CARTESIAN_POINT('',(0.0215963214732568,-0.0256544880162141,0.0493996914182261));
#11135=CARTESIAN_POINT('',(0.0219921184624079,-0.0252614295205199,0.048435864107947));
#11136=CARTESIAN_POINT('',(0.0220428149623929,-0.02510091,0.0475972804040051));
#11137=CARTESIAN_POINT('',(0.0219379051006701,-0.02510091,0.047047779947295));
#11138=CARTESIAN_POINT('',(0.0185,-0.01810091,0.04770414));
#11139=CARTESIAN_POINT('',(0.0185,-0.01810091,0.04770414));
#11140=CARTESIAN_POINT('',(0.0185,-0.01810091,0.05000414));
#11141=CARTESIAN_POINT('',(0.0185,-0.02510091,0.04770414));
#11142=CARTESIAN_POINT('',(0.0185,-0.02510091,0.05000414));
#11143=CARTESIAN_POINT('',(1.38777878078145E-17,-0.01810091,0.047373105));
#11144=CARTESIAN_POINT('',(0.0185,-0.01810091,0.06820414));
#11145=CARTESIAN_POINT('',(0.0185,-0.01810091,0.06820414));
#11146=CARTESIAN_POINT('',(0.0185,-0.01810091,0.07050414));
#11147=CARTESIAN_POINT('',(0.0203532480296625,-0.02510091,0.0695662970175834));
#11148=CARTESIAN_POINT('',(0.0206607786136788,-0.02510091,0.069147894115765));
#11149=CARTESIAN_POINT('',(0.0208732997967854,-0.0252801202206514,0.0683745047701485));
#11150=CARTESIAN_POINT('',(0.0207232861744746,-0.0257749388910787,0.0674908406172387));
#11151=CARTESIAN_POINT('',(0.0203854014230857,-0.0260930161956992,0.066812074502286));
#11152=CARTESIAN_POINT('',(0.019839497402098,-0.0257726891502926,0.0662922564958877));
#11153=CARTESIAN_POINT('',(0.0190425469615355,-0.0252806494446184,0.0658874519445576));
#11154=CARTESIAN_POINT('',(0.0182400882315715,-0.02510091,0.0658607772551392));
#11155=CARTESIAN_POINT('',(0.0177498831902263,-0.02510091,0.0660298988055382));
#11156=CARTESIAN_POINT('',(1.38777878078145E-17,-0.01810091,0.047373105));
#11157=CARTESIAN_POINT('',(-0.0185,-0.01810091,0.04979586));
#11158=CARTESIAN_POINT('',(-0.0185,-0.01810091,0.04979586));
#11159=CARTESIAN_POINT('',(-0.0185,-0.01810091,0.05209586));
#11160=CARTESIAN_POINT('',(-0.0203532480317489,-0.02510091,0.0484337029852549));
#11161=CARTESIAN_POINT('',(-0.0206607786149708,-0.02510091,0.0488521058873355));
#11162=CARTESIAN_POINT('',(-0.0208732997968077,-0.0252801202218628,0.0496254952324851));
#11163=CARTESIAN_POINT('',(-0.0207232861738866,-0.0257749388922476,0.0505091593845563));
#11164=CARTESIAN_POINT('',(-0.0203854014219387,-0.0260930161955859,0.0511879254991899));
#11165=CARTESIAN_POINT('',(-0.0198394974011679,-0.0257726891495411,0.051707743504689));
#11166=CARTESIAN_POINT('',(-0.0190425469607789,-0.0252806494444305,0.0521125480555674));
#11167=CARTESIAN_POINT('',(-0.0182400882312863,-0.0251009099999998,0.0521392227447627));
#11168=CARTESIAN_POINT('',(-0.0177498831902254,-0.02510091,0.0519701011944615));
#11169=CARTESIAN_POINT('',(1.38777878078145E-17,-0.01810091,0.047373105));
#11170=CARTESIAN_POINT('',(-0.045,-0.01810091,0.04979586));
#11171=CARTESIAN_POINT('',(-0.045,-0.01810091,0.04979586));
#11172=CARTESIAN_POINT('',(-0.045,-0.01810091,0.05209586));
#11173=CARTESIAN_POINT('',(-0.045,-0.02510091,0.04979586));
#11174=CARTESIAN_POINT('',(-0.045,-0.02510091,0.05209586));
#11175=CARTESIAN_POINT('',(-0.045,-0.01810091,0.04979586));
#11176=CARTESIAN_POINT('',(-0.045,-0.01810091,0.04979586));
#11177=CARTESIAN_POINT('',(-0.045,-0.01810091,0.05329586));
#11178=CARTESIAN_POINT('',(-0.0448721342963774,-0.02510091,0.0532935235575529));
#11179=CARTESIAN_POINT('',(-0.044291857634399,-0.02510091,0.0532723101153625));
#11180=CARTESIAN_POINT('',(-0.043455549541949,-0.0252798098467454,0.0530152640156527));
#11181=CARTESIAN_POINT('',(-0.0426052107821229,-0.0257481825854107,0.0523905146201166));
#11182=CARTESIAN_POINT('',(-0.0420492009851776,-0.026015431501436,0.0517449925671336));
#11183=CARTESIAN_POINT('',(-0.0416699445017979,-0.0257514149336258,0.050970477572777));
#11184=CARTESIAN_POINT('',(-0.0414333286749589,-0.0252838628217017,0.0499509555107195));
#11185=CARTESIAN_POINT('',(-0.0415268601498091,-0.0251009099999999,0.0490698876645352));
#11186=CARTESIAN_POINT('',(-0.0417382200310843,-0.02510091,0.0485266904154357));
#11187=CARTESIAN_POINT('',(1.38777878078145E-17,-0.01810091,0.047373105));
#11188=CARTESIAN_POINT('',(1.38777878078145E-17,-0.02510091,0.0475));
#11189=CARTESIAN_POINT('',(-0.045,-0.01810091,0.07029586));
#11190=CARTESIAN_POINT('',(-0.045,-0.01810091,0.07029586));
#11191=CARTESIAN_POINT('',(-0.045,-0.01810091,0.07259586));
#11192=CARTESIAN_POINT('',(-0.045,-0.02510091,0.07029586));
#11193=CARTESIAN_POINT('',(-0.045,-0.02510091,0.07259586));
#11194=CARTESIAN_POINT('',(-0.045,-0.01810091,0.07029586));
#11195=CARTESIAN_POINT('',(-0.045,-0.01810091,0.07029586));
#11196=CARTESIAN_POINT('',(-0.045,-0.01810091,0.07379586));
#11197=CARTESIAN_POINT('',(-0.0415594422424303,-0.02510091,0.0696535498593147));
#11198=CARTESIAN_POINT('',(-0.0416662738025626,-0.0251009100003249,0.0690813027006846));
#11199=CARTESIAN_POINT('',(-0.0421642826320869,-0.0251760474421619,0.068009605041784));
#11200=CARTESIAN_POINT('',(-0.0431068417893745,-0.0251009100027523,0.0672950583137928));
#11201=CARTESIAN_POINT('',(-0.0436434561352635,-0.02510091,0.0670694395774503));
#11202=CARTESIAN_POINT('',(1.38777878078145E-17,-0.01810091,0.047373105));
#11203=CARTESIAN_POINT('',(1.38777878078145E-17,-0.02510091,0.0475));
#11204=CARTESIAN_POINT('',(-0.0185,-0.01810091,0.07029586));
#11205=CARTESIAN_POINT('',(-0.0185,-0.01810091,0.07029586));
#11206=CARTESIAN_POINT('',(-0.0185,-0.01810091,0.07379586));
#11207=CARTESIAN_POINT('',(-0.0181941324460099,-0.02510091,0.0668092506098594));
#11208=CARTESIAN_POINT('',(-0.0187490950376341,-0.0251009100002003,0.0667605657612107));
#11209=CARTESIAN_POINT('',(-0.0195754751056316,-0.0252601315641357,0.06689432381447));
#11210=CARTESIAN_POINT('',(-0.0204917583274355,-0.0256499363739913,0.0673816338927107));
#11211=CARTESIAN_POINT('',(-0.0211174518319902,-0.0258446359837649,0.0679220444284333));
#11212=CARTESIAN_POINT('',(-0.0215963214731784,-0.0256544880162336,0.0686003085816822));
#11213=CARTESIAN_POINT('',(-0.0219921184622324,-0.025261429520768,0.0695641358915184));
#11214=CARTESIAN_POINT('',(-0.0220428149623888,-0.02510091,0.0704027195950273));
#11215=CARTESIAN_POINT('',(-0.0219379051008873,-0.02510091,0.070952220051566));
#11216=CARTESIAN_POINT('',(-0.0185,-0.01810091,0.07029586));
#11217=CARTESIAN_POINT('',(-0.0185,-0.01810091,0.07029586));
#11218=CARTESIAN_POINT('',(-0.0185,-0.01810091,0.07259586));
#11219=CARTESIAN_POINT('',(-0.0185,-0.02510091,0.07029586));
#11220=CARTESIAN_POINT('',(-0.0185,-0.02510091,0.07259586));
#11221=CARTESIAN_POINT('',(1.38777878078145E-17,-0.01810091,0.047373105));
#11222=CARTESIAN_POINT('',(1.38777878078145E-17,-0.02510091,0.0475));
#11223=CARTESIAN_POINT('',(1.38777878078145E-17,-0.02510091,0.0475));
#11224=CARTESIAN_POINT('',(1.38777878078145E-17,-0.02510091,0.0475));
#11225=CARTESIAN_POINT('',(1.38777878078145E-17,-0.02510091,0.0475));
#11226=CARTESIAN_POINT('',(-0.031,-0.02510091,0.074));
#11227=CARTESIAN_POINT('',(-0.0329634954070413,-0.02510091,0.074));
#11228=CARTESIAN_POINT('',(-0.034926218266735,-0.02510091,0.0736095901494688));
#11229=CARTESIAN_POINT('',(-0.0385542847042176,-0.02510091,0.0721067958258697));
#11230=CARTESIAN_POINT('',(-0.040218200800651,-0.02510091,0.0709950026349453));
#11231=CARTESIAN_POINT('',(-0.0429950026349454,-0.02510091,0.0682182008006509));
#11232=CARTESIAN_POINT('',(-0.0441067958258679,-0.02510091,0.0665542847042259));
#11233=CARTESIAN_POINT('',(-0.0456095901494706,-0.02510091,0.0629262182667267));
#11234=CARTESIAN_POINT('',(-0.046,-0.02510091,0.0609634954070384));
#11235=CARTESIAN_POINT('',(-0.046,-0.02510091,0.0570365045929614));
#11236=CARTESIAN_POINT('',(-0.0456095901494638,-0.02510091,0.0550737817332664));
#11237=CARTESIAN_POINT('',(-0.0441067958258748,-0.02510091,0.0514457152957808));
#11238=CARTESIAN_POINT('',(-0.0429950026349429,-0.02510091,0.0497817991993465));
#11239=CARTESIAN_POINT('',(-0.0402182008006534,-0.02510091,0.047004997365057));
#11240=CARTESIAN_POINT('',(-0.0385542847042191,-0.02510091,0.0458932041741251));
#11241=CARTESIAN_POINT('',(-0.0349262182667335,-0.02510091,0.0443904098505362));
#11242=CARTESIAN_POINT('',(-0.0329634954070419,-0.02510091,0.044));
#11243=CARTESIAN_POINT('',(-0.029036504592958,-0.02510091,0.044));
#11244=CARTESIAN_POINT('',(-0.0270737817332664,-0.02510091,0.0443904098505361));
#11245=CARTESIAN_POINT('',(-0.0234457152957809,-0.02510091,0.0458932041741251));
#11246=CARTESIAN_POINT('',(-0.0217817991993499,-0.02510091,0.0470049973650501));
#11247=CARTESIAN_POINT('',(-0.0190049973650536,-0.02510091,0.0497817991993532));
#11248=CARTESIAN_POINT('',(-0.017893204174132,-0.02510091,0.0514457152957807));
#11249=CARTESIAN_POINT('',(-0.0163904098505293,-0.02510091,0.0550737817332664));
#11250=CARTESIAN_POINT('',(-0.016,-0.02510091,0.0570365045929614));
#11251=CARTESIAN_POINT('',(-0.016,-0.02510091,0.0609634954070385));
#11252=CARTESIAN_POINT('',(-0.0163904098505328,-0.02510091,0.0629262182667266));
#11253=CARTESIAN_POINT('',(-0.0178932041741286,-0.02510091,0.0665542847042259));
#11254=CARTESIAN_POINT('',(-0.019004997365057,-0.02510091,0.0682182008006466));
#11255=CARTESIAN_POINT('',(-0.0217817991993465,-0.02510091,0.0709950026349497));
#11256=CARTESIAN_POINT('',(-0.0234457152957808,-0.02510091,0.0721067958258747));
#11257=CARTESIAN_POINT('',(-0.0270737817332664,-0.02510091,0.0736095901494637));
#11258=CARTESIAN_POINT('',(-0.0290365045929586,-0.02510091,0.074));
#11259=CARTESIAN_POINT('',(-0.031,-0.02510091,0.074));
#11260=CARTESIAN_POINT('',(-0.031,-0.02510091,0.072));
#11261=CARTESIAN_POINT('',(-0.032701696019431,-0.02510091,0.072));
#11262=CARTESIAN_POINT('',(-0.0344027224978398,-0.02510091,0.0716616447961935));
#11263=CARTESIAN_POINT('',(-0.0375470467436525,-0.02510091,0.0703592230490998));
#11264=CARTESIAN_POINT('',(-0.038989107360562,-0.02510091,0.069395668950295));
#11265=CARTESIAN_POINT('',(-0.0413956689502883,-0.02510091,0.0669891073605551));
#11266=CARTESIAN_POINT('',(-0.0423592230490838,-0.0251009099999932,0.0655470467436625));
#11267=CARTESIAN_POINT('',(-0.0436616447962097,-0.0251009100000068,0.0624027224978298));
#11268=CARTESIAN_POINT('',(-0.044,-0.02510091,0.0607016960194333));
#11269=CARTESIAN_POINT('',(-0.044,-0.02510091,0.0572983039805665));
#11270=CARTESIAN_POINT('',(-0.0436616447961961,-0.0251009099999966,0.0555972775021565));
#11271=CARTESIAN_POINT('',(-0.0423592230490974,-0.0251009100000034,0.0524529532563511));
#11272=CARTESIAN_POINT('',(-0.0413956689502735,-0.0251009099999966,0.05101089263943));
#11273=CARTESIAN_POINT('',(-0.0389891073605768,-0.0251009100000034,0.0486043310497197));
#11274=CARTESIAN_POINT('',(-0.0375470467436557,-0.02510091,0.0476407769509094));
#11275=CARTESIAN_POINT('',(-0.0344027224978367,-0.02510091,0.0463383552037971));
#11276=CARTESIAN_POINT('',(-0.0327016960194402,-0.02510091,0.046));
#11277=CARTESIAN_POINT('',(-0.0292983039805597,-0.02510091,0.046));
#11278=CARTESIAN_POINT('',(-0.0275972775021701,-0.0251009100000034,0.046338355203797));
#11279=CARTESIAN_POINT('',(-0.0244529532563375,-0.0251009099999966,0.0476407769509093));
#11280=CARTESIAN_POINT('',(-0.02301089263943,-0.0251009100000068,0.0486043310497196));
#11281=CARTESIAN_POINT('',(-0.0206043310497197,-0.0251009099999932,0.0510108926394299));
#11282=CARTESIAN_POINT('',(-0.0196407769509128,-0.02510091,0.0524529532563442));
#11283=CARTESIAN_POINT('',(-0.0183383552037937,-0.02510091,0.0555972775021633));
#11284=CARTESIAN_POINT('',(-0.018,-0.02510091,0.0572983039805666));
#11285=CARTESIAN_POINT('',(-0.018,-0.02510091,0.0607016960194333));
#11286=CARTESIAN_POINT('',(-0.0183383552037937,-0.02510091,0.0624027224978297));
#11287=CARTESIAN_POINT('',(-0.0196407769509128,-0.02510091,0.0655470467436624));
#11288=CARTESIAN_POINT('',(-0.0206043310497163,-0.02510091,0.0669891073605494));
#11289=CARTESIAN_POINT('',(-0.0230108926394334,-0.02510091,0.0693956689503006));
#11290=CARTESIAN_POINT('',(-0.0244529532563408,-0.02510091,0.0703592230490905));
#11291=CARTESIAN_POINT('',(-0.0275972775021667,-0.02510091,0.0716616447962028));
#11292=CARTESIAN_POINT('',(-0.0292983039805688,-0.02510091,0.072));
#11293=CARTESIAN_POINT('',(-0.031,-0.02510091,0.072));
#11294=CARTESIAN_POINT('',(-0.031,-0.02710091,0.072));
#11295=CARTESIAN_POINT('',(-0.0327016960194345,-0.02710091,0.072));
#11296=CARTESIAN_POINT('',(-0.0344027224978434,-0.02710091,0.0716616447962023));
#11297=CARTESIAN_POINT('',(-0.0375470467436489,-0.02710091,0.0703592230490911));
#11298=CARTESIAN_POINT('',(-0.0389891073605586,-0.02710091,0.0693956689502916));
#11299=CARTESIAN_POINT('',(-0.0413956689502917,-0.02710091,0.0669891073605585));
#11300=CARTESIAN_POINT('',(-0.0423592230490852,-0.02710091,0.0655470467436631));
#11301=CARTESIAN_POINT('',(-0.0436616447962082,-0.02710091,0.0624027224978292));
#11302=CARTESIAN_POINT('',(-0.044,-0.02710091,0.0607016960194333));
#11303=CARTESIAN_POINT('',(-0.044,-0.02710091,0.0572983039805665));
#11304=CARTESIAN_POINT('',(-0.0436616447962048,-0.02710091,0.0555972775021625));
#11305=CARTESIAN_POINT('',(-0.0423592230490887,-0.02710091,0.0524529532563451));
#11306=CARTESIAN_POINT('',(-0.0413956689502803,-0.02710091,0.05101089263943));
#11307=CARTESIAN_POINT('',(-0.03898910736057,-0.02710091,0.0486043310497197));
#11308=CARTESIAN_POINT('',(-0.0375470467436549,-0.02710091,0.0476407769509113));
#11309=CARTESIAN_POINT('',(-0.0344027224978375,-0.02710091,0.0463383552037951));
#11310=CARTESIAN_POINT('',(-0.0327016960194368,-0.02710091,0.046));
#11311=CARTESIAN_POINT('',(-0.0292983039805631,-0.02710091,0.046));
#11312=CARTESIAN_POINT('',(-0.0275972775021654,-0.02710091,0.0463383552037939));
#11313=CARTESIAN_POINT('',(-0.0244529532563422,-0.02710091,0.0476407769509125));
#11314=CARTESIAN_POINT('',(-0.0230108926394368,-0.02710091,0.0486043310497128));
#11315=CARTESIAN_POINT('',(-0.0206043310497129,-0.02710091,0.0510108926394367));
#11316=CARTESIAN_POINT('',(-0.0196407769509119,-0.02710091,0.0524529532563438));
#11317=CARTESIAN_POINT('',(-0.0183383552037947,-0.02710091,0.0555972775021637));
#11318=CARTESIAN_POINT('',(-0.018,-0.02710091,0.0572983039805666));
#11319=CARTESIAN_POINT('',(-0.018,-0.02710091,0.0607016960194333));
#11320=CARTESIAN_POINT('',(-0.0183383552037923,-0.02710091,0.0624027224978303));
#11321=CARTESIAN_POINT('',(-0.0196407769509142,-0.02710091,0.0655470467436618));
#11322=CARTESIAN_POINT('',(-0.0206043310497077,-0.02710091,0.066989107360558));
#11323=CARTESIAN_POINT('',(-0.0230108926394419,-0.02710091,0.0693956689502921));
#11324=CARTESIAN_POINT('',(-0.0244529532563421,-0.02710091,0.0703592230490874));
#11325=CARTESIAN_POINT('',(-0.0275972775021654,-0.02710091,0.0716616447962059));
#11326=CARTESIAN_POINT('',(-0.0292983039805654,-0.02710091,0.072));
#11327=CARTESIAN_POINT('',(-0.031,-0.02710091,0.072));
#11328=CARTESIAN_POINT('',(0.031,-0.02510091,0.074));
#11329=CARTESIAN_POINT('',(0.0290365045929587,-0.02510091,0.074));
#11330=CARTESIAN_POINT('',(0.0270737817332684,-0.02510091,0.0736095901494688));
#11331=CARTESIAN_POINT('',(0.0234457152957791,-0.02510091,0.0721067958258698));
#11332=CARTESIAN_POINT('',(0.021781799199349,-0.02510091,0.0709950026349454));
#11333=CARTESIAN_POINT('',(0.0190049973650547,-0.02510091,0.068218200800651));
#11334=CARTESIAN_POINT('',(0.0178932041741303,-0.02510091,0.0665542847042108));
#11335=CARTESIAN_POINT('',(0.0163904098505312,-0.02510091,0.0629262182667419));
#11336=CARTESIAN_POINT('',(0.016,-0.02510091,0.0609634954070448));
#11337=CARTESIAN_POINT('',(0.016,-0.02510091,0.0570365045929552));
#11338=CARTESIAN_POINT('',(0.0163904098505244,-0.02510091,0.0550737817332786));
#11339=CARTESIAN_POINT('',(0.017893204174137,-0.02510091,0.0514457152957688));
#11340=CARTESIAN_POINT('',(0.0190049973650581,-0.02510091,0.049781799199349));
#11341=CARTESIAN_POINT('',(0.0217817991993456,-0.02510091,0.0470049973650546));
#11342=CARTESIAN_POINT('',(0.023445715295779,-0.02510091,0.0458932041741302));
#11343=CARTESIAN_POINT('',(0.0270737817332684,-0.02510091,0.0443904098505312));
#11344=CARTESIAN_POINT('',(0.029036504592952,-0.02510091,0.044));
#11345=CARTESIAN_POINT('',(0.032963495407048,-0.02510091,0.044));
#11346=CARTESIAN_POINT('',(0.0349262182667351,-0.02510091,0.044390409850538));
#11347=CARTESIAN_POINT('',(0.0385542847042176,-0.02510091,0.0458932041741234));
#11348=CARTESIAN_POINT('',(0.040218200800651,-0.02510091,0.0470049973650546));
#11349=CARTESIAN_POINT('',(0.0429950026349454,-0.02510091,0.049781799199349));
#11350=CARTESIAN_POINT('',(0.0441067958258698,-0.02510091,0.0514457152957756));
#11351=CARTESIAN_POINT('',(0.0456095901494688,-0.02510091,0.0550737817332718));
#11352=CARTESIAN_POINT('',(0.046,-0.02510091,0.057036504592962));
#11353=CARTESIAN_POINT('',(0.046,-0.02510091,0.060963495407038));
#11354=CARTESIAN_POINT('',(0.045609590149462,-0.02510091,0.0629262182667283));
#11355=CARTESIAN_POINT('',(0.0441067958258766,-0.02510091,0.0665542847042244));
#11356=CARTESIAN_POINT('',(0.0429950026349386,-0.02510091,0.068218200800651));
#11357=CARTESIAN_POINT('',(0.0402182008006578,-0.02510091,0.0709950026349454));
#11358=CARTESIAN_POINT('',(0.0385542847042176,-0.02510091,0.0721067958258698));
#11359=CARTESIAN_POINT('',(0.0349262182667351,-0.02510091,0.0736095901494688));
#11360=CARTESIAN_POINT('',(0.0329634954070414,-0.02510091,0.074));
#11361=CARTESIAN_POINT('',(0.031,-0.02510091,0.074));
#11362=CARTESIAN_POINT('',(0.031,-0.02510091,0.072));
#11363=CARTESIAN_POINT('',(0.0292983039805655,-0.02510091,0.072));
#11364=CARTESIAN_POINT('',(0.0275972775021705,-0.02510091,0.0716616447962072));
#11365=CARTESIAN_POINT('',(0.0244529532563373,-0.02510091,0.0703592230490862));
#11366=CARTESIAN_POINT('',(0.0230108926394381,-0.02510091,0.0693956689502951));
#11367=CARTESIAN_POINT('',(0.0206043310497117,-0.02510091,0.0669891073605551));
#11368=CARTESIAN_POINT('',(0.0196407769509138,-0.02510091,0.0655470467436594));
#11369=CARTESIAN_POINT('',(0.0183383552037929,-0.02510091,0.062402722497833));
#11370=CARTESIAN_POINT('',(0.018,-0.02510091,0.0607016960194379));
#11371=CARTESIAN_POINT('',(0.018,-0.02510091,0.0572983039805621));
#11372=CARTESIAN_POINT('',(0.0183383552037894,-0.0251009099999966,0.055597277502167));
#11373=CARTESIAN_POINT('',(0.0196407769509172,-0.0251009100000034,0.0524529532563406));
#11374=CARTESIAN_POINT('',(0.0206043310497185,-0.02510091,0.0510108926394381));
#11375=CARTESIAN_POINT('',(0.0230108926394313,-0.02510091,0.0486043310497117));
#11376=CARTESIAN_POINT('',(0.0244529532563407,-0.02510091,0.0476407769509138));
#11377=CARTESIAN_POINT('',(0.0275972775021671,-0.02510091,0.0463383552037928));
#11378=CARTESIAN_POINT('',(0.0292983039805589,-0.02510091,0.046));
#11379=CARTESIAN_POINT('',(0.0327016960194412,-0.02510091,0.046));
#11380=CARTESIAN_POINT('',(0.034402722497833,-0.02510091,0.0463383552037996));
#11381=CARTESIAN_POINT('',(0.0375470467436593,-0.02510091,0.047640776950907));
#11382=CARTESIAN_POINT('',(0.038989107360562,-0.02510091,0.0486043310497117));
#11383=CARTESIAN_POINT('',(0.0413956689502883,-0.02510091,0.0510108926394381));
#11384=CARTESIAN_POINT('',(0.0423592230490931,-0.0251009100000034,0.0524529532563407));
#11385=CARTESIAN_POINT('',(0.0436616447962004,-0.0251009099999966,0.055597277502167));
#11386=CARTESIAN_POINT('',(0.044,-0.02510091,0.0572983039805689));
#11387=CARTESIAN_POINT('',(0.044,-0.02510091,0.0607016960194311));
#11388=CARTESIAN_POINT('',(0.0436616447962004,-0.02510091,0.062402722497833));
#11389=CARTESIAN_POINT('',(0.0423592230490931,-0.02510091,0.0655470467436594));
#11390=CARTESIAN_POINT('',(0.0413956689502815,-0.02510091,0.0669891073605688));
#11391=CARTESIAN_POINT('',(0.0389891073605688,-0.02510091,0.0693956689502815));
#11392=CARTESIAN_POINT('',(0.0375470467436526,-0.02510091,0.0703592230490862));
#11393=CARTESIAN_POINT('',(0.0344027224978398,-0.02510091,0.0716616447962072));
#11394=CARTESIAN_POINT('',(0.0327016960194346,-0.02510091,0.072));
#11395=CARTESIAN_POINT('',(0.031,-0.02510091,0.072));
#11396=CARTESIAN_POINT('',(0.031,-0.02710091,0.072));
#11397=CARTESIAN_POINT('',(0.0292983039805655,-0.02710091,0.072));
#11398=CARTESIAN_POINT('',(0.0275972775021673,-0.02710091,0.0716616447962067));
#11399=CARTESIAN_POINT('',(0.0244529532563405,-0.02710091,0.0703592230490867));
#11400=CARTESIAN_POINT('',(0.0230108926394415,-0.02710091,0.0693956689502917));
#11401=CARTESIAN_POINT('',(0.0206043310497083,-0.02710091,0.0669891073605585));
#11402=CARTESIAN_POINT('',(0.0196407769509133,-0.02710091,0.0655470467436596));
#11403=CARTESIAN_POINT('',(0.0183383552037933,-0.02710091,0.0624027224978328));
#11404=CARTESIAN_POINT('',(0.018,-0.02710091,0.0607016960194379));
#11405=CARTESIAN_POINT('',(0.018,-0.02710091,0.0572983039805621));
#11406=CARTESIAN_POINT('',(0.0183383552037899,-0.02710091,0.0555972775021755));
#11407=CARTESIAN_POINT('',(0.0196407769509167,-0.02710091,0.0524529532563322));
#11408=CARTESIAN_POINT('',(0.0206043310497151,-0.02710091,0.0510108926394347));
#11409=CARTESIAN_POINT('',(0.0230108926394347,-0.02710091,0.0486043310497151));
#11410=CARTESIAN_POINT('',(0.0244529532563405,-0.02710091,0.0476407769509133));
#11411=CARTESIAN_POINT('',(0.0275972775021672,-0.02710091,0.0463383552037933));
#11412=CARTESIAN_POINT('',(0.0292983039805589,-0.02710091,0.046));
#11413=CARTESIAN_POINT('',(0.0327016960194412,-0.02710091,0.046));
#11414=CARTESIAN_POINT('',(0.0344027224978352,-0.02710091,0.0463383552037943));
#11415=CARTESIAN_POINT('',(0.0375470467436572,-0.02710091,0.0476407769509123));
#11416=CARTESIAN_POINT('',(0.038989107360562,-0.02710091,0.0486043310497117));
#11417=CARTESIAN_POINT('',(0.0413956689502883,-0.02710091,0.0510108926394381));
#11418=CARTESIAN_POINT('',(0.0423592230490843,-0.02710091,0.0524529532563346));
#11419=CARTESIAN_POINT('',(0.0436616447962092,-0.02710091,0.0555972775021731));
#11420=CARTESIAN_POINT('',(0.044,-0.02710091,0.0572983039805689));
#11421=CARTESIAN_POINT('',(0.044,-0.02710091,0.0607016960194311));
#11422=CARTESIAN_POINT('',(0.0436616447962058,-0.02710091,0.0624027224978352));
#11423=CARTESIAN_POINT('',(0.0423592230490877,-0.02710091,0.0655470467436572));
#11424=CARTESIAN_POINT('',(0.0413956689502815,-0.02710091,0.0669891073605688));
#11425=CARTESIAN_POINT('',(0.0389891073605688,-0.02710091,0.0693956689502815));
#11426=CARTESIAN_POINT('',(0.0375470467436538,-0.02710091,0.0703592230490891));
#11427=CARTESIAN_POINT('',(0.0344027224978386,-0.02710091,0.0716616447962043));
#11428=CARTESIAN_POINT('',(0.0327016960194346,-0.02710091,0.072));
#11429=CARTESIAN_POINT('',(0.031,-0.02710091,0.072));
#11430=CARTESIAN_POINT('',(0.031,-0.0324233965789745,0.073999920256713));
#11431=CARTESIAN_POINT('',(0.0319922026430925,-0.0323991244758115,0.0740031478570201));
#11432=CARTESIAN_POINT('',(0.0329718293407361,-0.0323733839583385,0.0739089202775635));
#11433=CARTESIAN_POINT('',(0.0348950629843928,-0.0323188637381091,0.0735341896030007));
#11434=CARTESIAN_POINT('',(0.0358502772947969,-0.0322897081173361,0.0732493797541377));
#11435=CARTESIAN_POINT('',(0.0376764170429036,-0.0322297415890684,0.0725020985462089));
#11436=CARTESIAN_POINT('',(0.0385425063367762,-0.0321991428085784,0.0720441837262162));
#11437=CARTESIAN_POINT('',(0.0401818246647033,-0.0321374440273698,0.0709619388576988));
#11438=CARTESIAN_POINT('',(0.0409592343205087,-0.0321061281218416,0.0703310481157544));
#11439=CARTESIAN_POINT('',(0.04235398519167,-0.0320469333688114,0.0689515233506524));
#11440=CARTESIAN_POINT('',(0.0429800302479303,-0.0320187499144769,0.0681987495948315));
#11441=CARTESIAN_POINT('',(0.044086430132335,-0.0319669854004628,0.0665645892463818));
#11442=CARTESIAN_POINT('',(0.0445586851257411,-0.031943782657209,0.0656916546244682));
#11443=CARTESIAN_POINT('',(0.0453168356086882,-0.0319056517640264,0.0638892229312939));
#11444=CARTESIAN_POINT('',(0.0456090217017683,-0.0318904217283815,0.0629471191896692));
#11445=CARTESIAN_POINT('',(0.0460036017961129,-0.0318696756695876,0.0610099704118913));
#11446=CARTESIAN_POINT('',(0.0461026759481973,-0.0318643484326286,0.0600365599738722));
#11447=CARTESIAN_POINT('',(0.0461103414565123,-0.0318639391923626,0.0580803607056911));
#11448=CARTESIAN_POINT('',(0.0460159587301661,-0.0318690150556898,0.0570868004994132));
#11449=CARTESIAN_POINT('',(0.0456375045295899,-0.0318889339696773,0.0551602439366921));
#11450=CARTESIAN_POINT('',(0.0453559039493257,-0.0319036417735918,0.0542242305882662));
#11451=CARTESIAN_POINT('',(0.0446077940926082,-0.0319413527888847,0.0524067949949695));
#11452=CARTESIAN_POINT('',(0.0441384046105079,-0.0319644670062337,0.0515259350770865));
#11453=CARTESIAN_POINT('',(0.0430527769441637,-0.0320154236343346,0.0498964269310945));
#11454=CARTESIAN_POINT('',(0.0424329030662145,-0.0320434584115657,0.0491371126670487));
#11455=CARTESIAN_POINT('',(0.0410337870474103,-0.0321030765659697,0.0477332074733287));
#11456=CARTESIAN_POINT('',(0.0402721287445119,-0.0321338801396653,0.0471072612310458));
#11457=CARTESIAN_POINT('',(0.038645739247729,-0.0321954040414362,0.0460154591177133));
#11458=CARTESIAN_POINT('',(0.0377691819545335,-0.0322265388334281,0.0455434808333859));
#11459=CARTESIAN_POINT('',(0.0359469736161784,-0.0322866739106744,0.0447833229710419));
#11460=CARTESIAN_POINT('',(0.0350100409487159,-0.0323154341621625,0.0444963945707936));
#11461=CARTESIAN_POINT('',(0.0330853828623046,-0.0323703160264439,0.0441059399011185));
#11462=CARTESIAN_POINT('',(0.0320905688957401,-0.0323965899437222,0.0440036214881817));
#11463=CARTESIAN_POINT('',(0.030115080778713,-0.0324451597655159,0.0439965705237685));
#11464=CARTESIAN_POINT('',(0.0291198440922414,-0.0324678284365666,0.044091742618928));
#11465=CARTESIAN_POINT('',(0.0271922097843852,-0.032509094361726,0.0444690650858408));
#11466=CARTESIAN_POINT('',(0.0262547686557955,-0.0325278426317235,0.0447496034756957));
#11467=CARTESIAN_POINT('',(0.0244330245894142,-0.0325625401607318,0.0454960303616472));
#11468=CARTESIAN_POINT('',(0.0235528047878761,-0.032578396842641,0.045963062546966));
#11469=CARTESIAN_POINT('',(0.0219225989425418,-0.0326068000494145,0.047044339804882));
#11470=CARTESIAN_POINT('',(0.0211622491051101,-0.0326195417678476,0.0476623073269903));
#11471=CARTESIAN_POINT('',(0.0197555496847653,-0.0326426628612393,0.0490594239706289));
#11472=CARTESIAN_POINT('',(0.0191323328713497,-0.0326526639978268,0.0498156771804313));
#11473=CARTESIAN_POINT('',(0.0180406527562997,-0.0326700449012554,0.0514375772233427));
#11474=CARTESIAN_POINT('',(0.0175682006087094,-0.0326774817959055,0.0523136631930024));
#11475=CARTESIAN_POINT('',(0.0168102805168996,-0.0326893870741475,0.0541287772065082));
#11476=CARTESIAN_POINT('',(0.0165239928649243,-0.0326938661395009,0.0550631274008226));
#11477=CARTESIAN_POINT('',(0.0161349514098944,-0.0326999540233528,0.0569849105361068));
#11478=CARTESIAN_POINT('',(0.0160341071547476,-0.0327015307613537,0.0579787648235668));
#11479=CARTESIAN_POINT('',(0.0160285674672362,-0.0327016174050557,0.0599363420707923));
#11480=CARTESIAN_POINT('',(0.0161206941881858,-0.0327001769838095,0.0609098255234977));
#11481=CARTESIAN_POINT('',(0.0164992118015329,-0.0326942540524366,0.0628459334605518));
#11482=CARTESIAN_POINT('',(0.0167845004762603,-0.0326897907272381,0.0637940078165912));
#11483=CARTESIAN_POINT('',(0.017526963825352,-0.0326781307192252,0.065601728230873));
#11484=CARTESIAN_POINT('',(0.0179893399548719,-0.032670855973788,0.0664749138648763));
#11485=CARTESIAN_POINT('',(0.0190820981575755,-0.0326534691631813,0.0681199666526728));
#11486=CARTESIAN_POINT('',(0.0197012291539416,-0.0326435388735204,0.0688773893342881));
#11487=CARTESIAN_POINT('',(0.0210811786895354,-0.0326208895200922,0.0702655495507842));
#11488=CARTESIAN_POINT('',(0.0218515209240952,-0.0326080070349857,0.0709014926664499));
#11489=CARTESIAN_POINT('',(0.0234812900305208,-0.0325796716247481,0.0719959389005401));
#11490=CARTESIAN_POINT('',(0.0243424760769478,-0.0325642002155712,0.0724593280074596));
#11491=CARTESIAN_POINT('',(0.0261580388636936,-0.0325297431968884,0.0732175655080291));
#11492=CARTESIAN_POINT('',(0.0271122286590773,-0.0325107266087925,0.0735093598816817));
#11493=CARTESIAN_POINT('',(0.0290320527719011,-0.03246978108396,0.0738964966476364));
#11494=CARTESIAN_POINT('',(0.0300077973569076,-0.0324476686821374,0.073996692656406));
#11495=CARTESIAN_POINT('',(0.031,-0.0324233965789745,0.073999920256713));
#11496=CARTESIAN_POINT('',(0.0310065170552835,-0.032423237153237,0.0720000903617366));
#11497=CARTESIAN_POINT('',(0.0318668416184681,-0.0324021834328801,0.0719996683257279));
#11498=CARTESIAN_POINT('',(0.0327156866892589,-0.0323801057461886,0.0719143284957091));
#11499=CARTESIAN_POINT('',(0.0343804938015301,-0.0323339902467883,0.0715815820600871));
#11500=CARTESIAN_POINT('',(0.0352064786494191,-0.0323096424116385,0.0713303845992257));
#11501=CARTESIAN_POINT('',(0.036783303691156,-0.0322602762015492,0.0706741852040064));
#11502=CARTESIAN_POINT('',(0.0375299860860745,-0.0322354261377333,0.070273165502245));
#11503=CARTESIAN_POINT('',(0.0389407939392989,-0.0321859772626663,0.0693280595684178));
#11504=CARTESIAN_POINT('',(0.0396084701978428,-0.0321612166337871,0.0687782953941939));
#11505=CARTESIAN_POINT('',(0.0408039809172724,-0.0321149566414953,0.0675791834084305));
#11506=CARTESIAN_POINT('',(0.0413393219120887,-0.0320932092260248,0.0669262079754728));
#11507=CARTESIAN_POINT('',(0.0422836506944176,-0.0320536346298997,0.0655118966421524));
#11508=CARTESIAN_POINT('',(0.0426857254117785,-0.0320360966793495,0.0647579163293692));
#11509=CARTESIAN_POINT('',(0.0433303209485738,-0.0320074485528776,0.0632038170550108));
#11510=CARTESIAN_POINT('',(0.0435782107079878,-0.0319961074469568,0.0623928160840566));
#11511=CARTESIAN_POINT('',(0.0439127758582637,-0.0319806955662629,0.0607269043084388));
#11512=CARTESIAN_POINT('',(0.0439966564630633,-0.031976761061324,0.0598905692778724));
#11513=CARTESIAN_POINT('',(0.0440031494956644,-0.0319764582579891,0.0582098840904563));
#11514=CARTESIAN_POINT('',(0.0439232418892002,-0.031980206916331,0.0573562609031626));
#11515=CARTESIAN_POINT('',(0.0436023716120072,-0.0319950003246098,0.0556995645028445));
#11516=CARTESIAN_POINT('',(0.0433634932076347,-0.0320059468636198,0.0548939002871615));
#11517=CARTESIAN_POINT('',(0.0427275184142855,-0.032034263595958,0.0533270626353451));
#11518=CARTESIAN_POINT('',(0.0423279341171152,-0.0320517248105307,0.0525663327883125));
#11519=CARTESIAN_POINT('',(0.0414014814519519,-0.0320906524056559,0.0511562679259885));
#11520=CARTESIAN_POINT('',(0.0408715270582007,-0.0321122624332578,0.0504977547343436));
#11521=CARTESIAN_POINT('',(0.0396724611753653,-0.0321588126750603,0.0492776520886809));
#11522=CARTESIAN_POINT('',(0.0390184010905472,-0.0321831479254061,0.0487322751445108));
#11523=CARTESIAN_POINT('',(0.0376189258767952,-0.0322324057392835,0.0477790053272942));
#11524=CARTESIAN_POINT('',(0.0368633194615679,-0.0322576642158274,0.0473657577885979));
#11525=CARTESIAN_POINT('',(0.0352900494949684,-0.0323071223751204,0.0466984051800836));
#11526=CARTESIAN_POINT('',(0.0344799497320736,-0.0323311150980477,0.046445432644196));
#11527=CARTESIAN_POINT('',(0.0328140461882444,-0.0323774879063598,0.0460989936485319));
#11528=CARTESIAN_POINT('',(0.031952091378158,-0.0324000030935574,0.0460065527463224));
#11529=CARTESIAN_POINT('',(0.0302392544266119,-0.0324420982940309,0.0459939654464088));
#11530=CARTESIAN_POINT('',(0.0293757554375655,-0.0324619974180469,0.0460736835971701));
#11531=CARTESIAN_POINT('',(0.0277025970032039,-0.0324985208064794,0.0463962481452967));
#11532=CARTESIAN_POINT('',(0.0268885693897771,-0.0325152728113991,0.0466376680141989));
#11533=CARTESIAN_POINT('',(0.0253062296351075,-0.032546407059652,0.047281988782449));
#11534=CARTESIAN_POINT('',(0.0245414557652434,-0.0325607065472761,0.0476858929898924));
#11535=CARTESIAN_POINT('',(0.0231247365085611,-0.0325863200608407,0.0486220517372546));
#11536=CARTESIAN_POINT('',(0.0224637856462431,-0.032597810242297,0.0491575172150868));
#11537=CARTESIAN_POINT('',(0.0212406930268512,-0.0326185913638406,0.0503688252205534));
#11538=CARTESIAN_POINT('',(0.0206986636036725,-0.0326275430390684,0.0510248190878637));
#11539=CARTESIAN_POINT('',(0.019748987971601,-0.0326430291106019,0.0524322270109556));
#11540=CARTESIAN_POINT('',(0.0193378691916618,-0.0326496146296128,0.0531927087785483));
#11541=CARTESIAN_POINT('',(0.0186782250364177,-0.0326601152404463,0.0547687239389096));
#11542=CARTESIAN_POINT('',(0.0184289913004591,-0.032664041884239,0.0555801908396688));
#11543=CARTESIAN_POINT('',(0.018090278830327,-0.0326693702806029,0.0572494557012917));
#11544=CARTESIAN_POINT('',(0.0180024641259304,-0.0326707445117687,0.0581128328974142));
#11545=CARTESIAN_POINT('',(0.0179976404662677,-0.0326708201251412,0.0598134187891473));
#11546=CARTESIAN_POINT('',(0.0180778645812822,-0.032669564915172,0.0606591040552773));
#11547=CARTESIAN_POINT('',(0.0184074173752886,-0.0326643818641341,0.0623408262449968));
#11548=CARTESIAN_POINT('',(0.0186557835189166,-0.0326604697654755,0.0631642204589422));
#11549=CARTESIAN_POINT('',(0.0193019832747176,-0.0326501883610857,0.0647338387203374));
#11550=CARTESIAN_POINT('',(0.0197043420783823,-0.03264374921578,0.0654918205220634));
#11551=CARTESIAN_POINT('',(0.0206549704726595,-0.0326282627470386,0.0669193506183032));
#11552=CARTESIAN_POINT('',(0.0211934522067103,-0.0326193763795593,0.0675763701375449));
#11553=CARTESIAN_POINT('',(0.0223933061999762,-0.0325990237170726,0.068779953714316));
#11554=CARTESIAN_POINT('',(0.0230629559491096,-0.0325874086516776,0.0693310235321321));
#11555=CARTESIAN_POINT('',(0.0244793161507665,-0.0325618559850464,0.0702786356608995));
#11556=CARTESIAN_POINT('',(0.0252275641401884,-0.0325479018602206,0.0706794223353364));
#11557=CARTESIAN_POINT('',(0.0268045661285508,-0.0325169734867554,0.0713340406657323));
#11558=CARTESIAN_POINT('',(0.0276331534034191,-0.03249997513076,0.071585210823526));
#11559=CARTESIAN_POINT('',(0.0292995732297721,-0.0324637168014285,0.0719163513116486));
#11560=CARTESIAN_POINT('',(0.030146192492099,-0.0324442908735937,0.0720005123977452));
#11561=CARTESIAN_POINT('',(0.0310065170552835,-0.032423237153237,0.0720000903617366));
#11562=CARTESIAN_POINT('',(0.0309576104106004,-0.0304239947414864,0.0719999308891513));
#11563=CARTESIAN_POINT('',(0.0318154650867429,-0.0303997806231909,0.0720027281430595));
#11564=CARTESIAN_POINT('',(0.0326622248928662,-0.0303741078305898,0.0719210642405185));
#11565=CARTESIAN_POINT('',(0.034324180811006,-0.0303197461391698,0.0715962976559705));
#11566=CARTESIAN_POINT('',(0.0351494027478739,-0.0302906826097403,0.0713494624537941));
#11567=CARTESIAN_POINT('',(0.0367266224113061,-0.0302309220046454,0.0707018187398396));
#11568=CARTESIAN_POINT('',(0.0374744488473377,-0.0302004361953299,0.0703049592292647));
#11569=CARTESIAN_POINT('',(0.0388895892464232,-0.0301389806995693,0.0693670136767949));
#11570=CARTESIAN_POINT('',(0.0395605070671078,-0.0301077962336451,0.0688202417004));
#11571=CARTESIAN_POINT('',(0.0407639530462503,-0.0300488628905125,0.0676246535704859));
#11572=CARTESIAN_POINT('',(0.0413039965013108,-0.030020810513289,0.0669722496487103));
#11573=CARTESIAN_POINT('',(0.0422582533896651,-0.0299692955696533,0.0655559773470079));
#11574=CARTESIAN_POINT('',(0.0426654805904168,-0.0299462094912427,0.0647994340078806));
#11575=CARTESIAN_POINT('',(0.0433191694527993,-0.0299082744505804,0.0632373265404466));
#11576=CARTESIAN_POINT('',(0.0435710558801835,-0.0298931250536207,0.0624208366311068));
#11577=CARTESIAN_POINT('',(0.0439112003523794,-0.0298724897075737,0.0607419743569123));
#11578=CARTESIAN_POINT('',(0.0439965975080719,-0.0298671914444866,0.0598983519773555));
#11579=CARTESIAN_POINT('',(0.0440032050291905,-0.029866784416894,0.058202979278266));
#11580=CARTESIAN_POINT('',(0.043921851721917,-0.0298718326690457,0.0573418937661223));
#11581=CARTESIAN_POINT('',(0.0435956100018425,-0.0298916451895918,0.0556722114118356));
#11582=CARTESIAN_POINT('',(0.043352851315034,-0.0299062749850068,0.0548609998432368));
#11583=CARTESIAN_POINT('',(0.0427078261576624,-0.0299437919249343,0.0532858889955675));
#11584=CARTESIAN_POINT('',(0.0423030739172382,-0.0299667896881526,0.0525224770667729));
#11585=CARTESIAN_POINT('',(0.0413667457759523,-0.0300174999393723,0.0511102366736507));
#11586=CARTESIAN_POINT('',(0.0408320361158026,-0.0300454037893575,0.050452164311654));
#11587=CARTESIAN_POINT('',(0.0396248433972734,-0.0301047576963916,0.049235446476673));
#11588=CARTESIAN_POINT('',(0.0389675296319882,-0.0301354314996337,0.048692959733596));
#11589=CARTESIAN_POINT('',(0.0375635775001102,-0.0301967116068069,0.0477467312353285));
#11590=CARTESIAN_POINT('',(0.0368067275531053,-0.0302277308196923,0.0473376833887102));
#11591=CARTESIAN_POINT('',(0.0352329319989602,-0.0302876583064019,0.0466788799084606));
#11592=CARTESIAN_POINT('',(0.0344235203176094,-0.030316327138016,0.0464302086281545));
#11593=CARTESIAN_POINT('',(0.0327603680527917,-0.0303710482841451,0.046091814580836));
#11594=CARTESIAN_POINT('',(0.0319004961770539,-0.0303972525999071,0.0460031386230794));
#11595=CARTESIAN_POINT('',(0.0301925269967675,-0.0304457055277442,0.0459970277872776));
#11596=CARTESIAN_POINT('',(0.0293318396661058,-0.0304683259347258,0.0460795102695822));
#11597=CARTESIAN_POINT('',(0.0276644111911711,-0.0305095131149274,0.0464065230745507));
#11598=CARTESIAN_POINT('',(0.0268533130006161,-0.0305282304701856,0.0466496563458023));
#11599=CARTESIAN_POINT('',(0.025276759192455,-0.0305628776499035,0.0472965596465616));
#11600=CARTESIAN_POINT('',(0.0245148333323615,-0.0305787151212826,0.0477013208739993));
#11601=CARTESIAN_POINT('',(0.023103459055723,-0.0306070887600111,0.0486384278309356));
#11602=CARTESIAN_POINT('',(0.0224450418227867,-0.0306198198619353,0.0491739996836195));
#11603=CARTESIAN_POINT('',(0.0212267452566366,-0.0306429249690798,0.0503848341076505));
#11604=CARTESIAN_POINT('',(0.0206869014803018,-0.0306529209937231,0.0510402535563981));
#11605=CARTESIAN_POINT('',(0.0197411660850571,-0.0306702947808981,0.052445900260206));
#11606=CARTESIAN_POINT('',(0.0193318174252839,-0.0306777296864025,0.0532051747671872));
#11607=CARTESIAN_POINT('',(0.0186750857973595,-0.0306896325640559,0.0547782735790553));
#11608=CARTESIAN_POINT('',(0.0184269939388034,-0.0306941111951491,0.05558804374741));
#11609=CARTESIAN_POINT('',(0.0180898498861543,-0.0307001986238381,0.0572535891312622));
#11610=CARTESIAN_POINT('',(0.0180024525063959,-0.0307017753442963,0.0581149295137551));
#11611=CARTESIAN_POINT('',(0.0179976515926037,-0.0307018619853282,0.0598114964613561));
#11612=CARTESIAN_POINT('',(0.01807749405613,-0.030700421576571,0.0606551821203157));
#11613=CARTESIAN_POINT('',(0.0184055190693747,-0.0306944990710135,0.0623331423325272));
#11614=CARTESIAN_POINT('',(0.0186527459332792,-0.0306900361659579,0.0631548067743816));
#11615=CARTESIAN_POINT('',(0.019296087609513,-0.0306783784512768,0.0647214978000874));
#11616=CARTESIAN_POINT('',(0.0196967094380735,-0.0306711055903791,0.0654782586830499));
#11617=CARTESIAN_POINT('',(0.0206433859799271,-0.0306537257665242,0.066903971098826));
#11618=CARTESIAN_POINT('',(0.0211796935697914,-0.0306438004977044,0.067560404089645));
#11619=CARTESIAN_POINT('',(0.0223748352165591,-0.0306211665717114,0.0687634762774177));
#11620=CARTESIAN_POINT('',(0.0230419140836516,-0.0306082946525874,0.0693146269777288));
#11621=CARTESIAN_POINT('',(0.0244529258642182,-0.0305799884265502,0.0702631470469959));
#11622=CARTESIAN_POINT('',(0.0251983853250062,-0.0305645355666486,0.0706647509396099));
#11623=CARTESIAN_POINT('',(0.0267696133146452,-0.0305301280332544,0.071321890107147));
#11624=CARTESIAN_POINT('',(0.0275952144344635,-0.0305111425439461,0.0715747785641894));
#11625=CARTESIAN_POINT('',(0.0292559100894565,-0.0304702745842272,0.071910297094553));
#11626=CARTESIAN_POINT('',(0.0300997557344579,-0.0304482088597819,0.0719971336352431));
#11627=CARTESIAN_POINT('',(0.0309576104106004,-0.0304239947414864,0.0719999308891513));
#11628=CARTESIAN_POINT('',(-0.031,-0.0324233965789745,0.073999920256713));
#11629=CARTESIAN_POINT('',(-0.030007886966032,-0.032447666490043,0.0739966929479012));
#11630=CARTESIAN_POINT('',(-0.0290321823308651,-0.0324697782060516,0.0738965142347864));
#11631=CARTESIAN_POINT('',(-0.0271123512341421,-0.0325107241092348,0.0735093931367932));
#11632=CARTESIAN_POINT('',(-0.0261581049428261,-0.032529741876621,0.0732175853015177));
#11633=CARTESIAN_POINT('',(-0.0243426129094949,-0.0325641976848317,0.0724593929555522));
#11634=CARTESIAN_POINT('',(-0.0234814288994872,-0.0325796691614283,0.0719960210941282));
#11635=CARTESIAN_POINT('',(-0.0218516150870806,-0.03260800544677,0.0709015669602829));
#11636=CARTESIAN_POINT('',(-0.0210812825067669,-0.0326208877906515,0.0702656397568098));
#11637=CARTESIAN_POINT('',(-0.0197013420129863,-0.0326435370466115,0.0688775170915256));
#11638=CARTESIAN_POINT('',(-0.0190821967680436,-0.0326534675859419,0.0681200989321227));
#11639=CARTESIAN_POINT('',(-0.0179893916442062,-0.0326708551596151,0.0664750078465317));
#11640=CARTESIAN_POINT('',(-0.0175270373853137,-0.0326781295616579,0.0656018783367416));
#11641=CARTESIAN_POINT('',(-0.0167845553486992,-0.0326897898678396,0.0637941704078403));
#11642=CARTESIAN_POINT('',(-0.0164992463728046,-0.0326942535112805,0.0628460590887006));
#11643=CARTESIAN_POINT('',(-0.0161207169386616,-0.0327001766280118,0.060909993086873));
#11644=CARTESIAN_POINT('',(-0.0160285777273491,-0.0327016172445821,0.0599365157235745));
#11645=CARTESIAN_POINT('',(-0.0160340959640294,-0.0327015309363825,0.0579789206612001));
#11646=CARTESIAN_POINT('',(-0.0161349320182801,-0.0326999543265742,0.0569850581019912));
#11647=CARTESIAN_POINT('',(-0.0165239499001459,-0.0326938668120585,0.0550632878707282));
#11648=CARTESIAN_POINT('',(-0.0168102274355091,-0.0326893879059261,0.0541289276178292));
#11649=CARTESIAN_POINT('',(-0.017568148274223,-0.0326774826199811,0.052313765241396));
#11650=CARTESIAN_POINT('',(-0.0180405792768823,-0.0326700460621129,0.0514377032791338));
#11651=CARTESIAN_POINT('',(-0.0191322448666179,-0.0326526654079963,0.0498157910427917));
#11652=CARTESIAN_POINT('',(-0.0197555246991399,-0.0326426632579409,0.0490594563301349));
#11653=CARTESIAN_POINT('',(-0.0211621592090811,-0.0326195432593872,0.0476623890671531));
#11654=CARTESIAN_POINT('',(-0.0219224927513464,-0.0326068018581108,0.0470444194130134));
#11655=CARTESIAN_POINT('',(-0.0235527155358248,-0.0325783984391631,0.0459631125728504));
#11656=CARTESIAN_POINT('',(-0.0244329841327011,-0.0325625408827186,0.0454960525586157));
#11657=CARTESIAN_POINT('',(-0.0262546622220804,-0.0325278447074556,0.0447496414648928));
#11658=CARTESIAN_POINT('',(-0.0271920997347799,-0.0325090966447012,0.0444690919972964));
#11659=CARTESIAN_POINT('',(-0.0291197956762193,-0.0324678295459462,0.0440917467265779));
#11660=CARTESIAN_POINT('',(-0.0301150259407568,-0.0324451610815532,0.0439965721029673));
#11661=CARTESIAN_POINT('',(-0.0320905695674375,-0.0323965899594287,0.0440036197156998));
#11662=CARTESIAN_POINT('',(-0.0330853530441953,-0.0323703167645895,0.0441059392360192));
#11663=CARTESIAN_POINT('',(-0.0350099118150622,-0.0323154379565369,0.0444963629898524));
#11664=CARTESIAN_POINT('',(-0.0359468747170049,-0.0322866771745211,0.0447832817113166));
#11665=CARTESIAN_POINT('',(-0.0377692809228714,-0.0322265355672989,0.0455435221219638));
#11666=CARTESIAN_POINT('',(-0.0386456651906657,-0.032195406698515,0.0460154178276968));
#11667=CARTESIAN_POINT('',(-0.0402720239567174,-0.0321338842480064,0.0471071824626828));
#11668=CARTESIAN_POINT('',(-0.0410338668736416,-0.0321030731666472,0.0477332873877265));
#11669=CARTESIAN_POINT('',(-0.0424328260413505,-0.0320434616915182,0.0491370355636075));
#11670=CARTESIAN_POINT('',(-0.0430526659084064,-0.0320154286888249,0.0498962856135411));
#11671=CARTESIAN_POINT('',(-0.0441382767976113,-0.031964473162663,0.0515257178925621));
#11672=CARTESIAN_POINT('',(-0.0446076896253532,-0.0319413579600329,0.0524065857137223));
#11673=CARTESIAN_POINT('',(-0.0453558120479038,-0.0319036465010481,0.0542239628290345));
#11674=CARTESIAN_POINT('',(-0.0456374149339458,-0.0318889386458866,0.0551599252609069));
#11675=CARTESIAN_POINT('',(-0.0460158930244927,-0.0318690185533296,0.0570863286556731));
#11676=CARTESIAN_POINT('',(-0.0461103184199778,-0.0318639404222043,0.0580799512607735));
#11677=CARTESIAN_POINT('',(-0.0461027019201081,-0.0318643470460755,0.0600362179103106));
#11678=CARTESIAN_POINT('',(-0.0460036455274151,-0.0318696733262724,0.0610096172745181));
#11679=CARTESIAN_POINT('',(-0.0456091445567794,-0.0318904153129763,0.0629466544309054));
#11680=CARTESIAN_POINT('',(-0.0453169423187363,-0.0319056462997979,0.0638889259688291));
#11681=CARTESIAN_POINT('',(-0.0445587774941185,-0.0319437781088374,0.0656914782852806));
#11682=CARTESIAN_POINT('',(-0.044086490450426,-0.0319669824676117,0.0665644828364284));
#11683=CARTESIAN_POINT('',(-0.0429801355248935,-0.0320187450997081,0.0681986114171425));
#11684=CARTESIAN_POINT('',(-0.0423540870959249,-0.0320469289651958,0.0689514159884998));
#11685=CARTESIAN_POINT('',(-0.0409592343317312,-0.0321061282000472,0.0703310546745323));
#11686=CARTESIAN_POINT('',(-0.0401818076289925,-0.0321374446165344,0.0709619471016042));
#11687=CARTESIAN_POINT('',(-0.0385425876021305,-0.0321991398020102,0.0720441330790788));
#11688=CARTESIAN_POINT('',(-0.0376764906201451,-0.0322297391938201,0.0725020694515406));
#11689=CARTESIAN_POINT('',(-0.0358501771370423,-0.0322897113854314,0.0732494197258985));
#11690=CARTESIAN_POINT('',(-0.0348951118404232,-0.0323188622411722,0.0735341746938439));
#11691=CARTESIAN_POINT('',(-0.0329719404505128,-0.0323733809205228,0.0739089040178827));
#11692=CARTESIAN_POINT('',(-0.0319921130339679,-0.032399126667906,0.0740031475655248));
#11693=CARTESIAN_POINT('',(-0.031,-0.0324233965789745,0.073999920256713));
#11694=CARTESIAN_POINT('',(-0.0310065170552835,-0.032423237153237,0.0720000903617365));
#11695=CARTESIAN_POINT('',(-0.0301462701908798,-0.0324442889721761,0.0720005123596297));
#11696=CARTESIAN_POINT('',(-0.0292996856575167,-0.0324637142668149,0.0719163662192116));
#11697=CARTESIAN_POINT('',(-0.0276332598296487,-0.032499972903489,0.0715852394042749));
#11698=CARTESIAN_POINT('',(-0.0268046235081851,-0.0325169723069791,0.0713340576996737));
#11699=CARTESIAN_POINT('',(-0.025227683010101,-0.0325478995833611,0.0706794784623607));
#11700=CARTESIAN_POINT('',(-0.0244794368188701,-0.0325618537638105,0.0702787067851741));
#11701=CARTESIAN_POINT('',(-0.0230630377987597,-0.0325874072192682,0.0693310879004628));
#11702=CARTESIAN_POINT('',(-0.022393396452257,-0.0325990221593586,0.0687800318935636));
#11703=CARTESIAN_POINT('',(-0.0211935503525448,-0.0326193747415444,0.0675764809400831));
#11704=CARTESIAN_POINT('',(-0.0206550562462675,-0.0326282613385617,0.0669194653834924));
#11705=CARTESIAN_POINT('',(-0.0197043870558021,-0.0326437484942204,0.0654919020998332));
#11706=CARTESIAN_POINT('',(-0.0193020472894938,-0.0326501873376183,0.0647339690333259));
#11707=CARTESIAN_POINT('',(-0.0186558312847221,-0.0326604690104496,0.063164361656468));
#11708=CARTESIAN_POINT('',(-0.0184074474724304,-0.0326643813898665,0.0623409353559757));
#11709=CARTESIAN_POINT('',(-0.0180778843907796,-0.0326695646045314,0.0606592496133069));
#11710=CARTESIAN_POINT('',(-0.0179976494002222,-0.0326708199850984,0.0598135696449102));
#11711=CARTESIAN_POINT('',(-0.0180024543816552,-0.0326707446645138,0.0581129682764617));
#11712=CARTESIAN_POINT('',(-0.0180902619450987,-0.0326693705452053,0.0572495838890358));
#11713=CARTESIAN_POINT('',(-0.0184289538961312,-0.0326640424736832,0.0555803302124598));
#11714=CARTESIAN_POINT('',(-0.0186781788313317,-0.0326601159717911,0.0547688545550257));
#11715=CARTESIAN_POINT('',(-0.0193378236496513,-0.0326496153587527,0.0531927973664817));
#11716=CARTESIAN_POINT('',(-0.019748924038502,-0.0326430301410649,0.0524323364207688));
#11717=CARTESIAN_POINT('',(-0.0206985870582913,-0.0326275442993434,0.0510249178676455));
#11718=CARTESIAN_POINT('',(-0.0212406712939039,-0.0326185917184784,0.0503688532939375));
#11719=CARTESIAN_POINT('',(-0.0224637074922475,-0.0325978115848008,0.0491575880667601));
#11720=CARTESIAN_POINT('',(-0.0231246442098005,-0.0325863216921463,0.0486221206965449));
#11721=CARTESIAN_POINT('',(-0.0245413782153835,-0.0325607079867367,0.0476859362664061));
#11722=CARTESIAN_POINT('',(-0.0253061944826851,-0.0325464077114667,0.0472820079832951));
#11723=CARTESIAN_POINT('',(-0.0268884769553609,-0.0325152746699904,0.0466377007664638));
#11724=CARTESIAN_POINT('',(-0.0277025014624202,-0.032498522835932,0.0463962712393687));
#11725=CARTESIAN_POINT('',(-0.0293757134324967,-0.0324619983910793,0.0460736870206457));
#11726=CARTESIAN_POINT('',(-0.0302392068689909,-0.0324420994391895,0.0459939666440572));
#11727=CARTESIAN_POINT('',(-0.0319520919711987,-0.0324000031026138,0.0460065512035828));
#11728=CARTESIAN_POINT('',(-0.0328140203310254,-0.0323774885469921,0.0460989929678841));
#11729=CARTESIAN_POINT('',(-0.0344798380072903,-0.0323311182872007,0.0464454047138686));
#11730=CARTESIAN_POINT('',(-0.0352899641067985,-0.0323071250594689,0.0466983689576617));
#11731=CARTESIAN_POINT('',(-0.0368634049094533,-0.0322576615296018,0.04736579403635));
#11732=CARTESIAN_POINT('',(-0.0376188620564251,-0.0322324078901745,0.0477789691921032));
#11733=CARTESIAN_POINT('',(-0.0390183110185297,-0.0321831511911083,0.0487322064548089));
#11734=CARTESIAN_POINT('',(-0.0396725295894883,-0.0321588100204781,0.0492777215423421));
#11735=CARTESIAN_POINT('',(-0.0408714610448963,-0.0321122649946353,0.0504976877236219));
#11736=CARTESIAN_POINT('',(-0.0414013865552725,-0.0320906562951052,0.051156145428046));
#11737=CARTESIAN_POINT('',(-0.0423278251851593,-0.032051729485511,0.0525661450630382));
#11738=CARTESIAN_POINT('',(-0.0427274295119868,-0.032034267496653,0.0533268819895782));
#11739=CARTESIAN_POINT('',(-0.043363415175163,-0.0320059503956686,0.0548936696693369));
#11740=CARTESIAN_POINT('',(-0.0436022956075226,-0.0319950038051577,0.0556992902628989));
#11741=CARTESIAN_POINT('',(-0.0439231862223142,-0.0319802095063524,0.0573558553545999));
#11742=CARTESIAN_POINT('',(-0.0440031299826879,-0.031976459167946,0.0582095323163759));
#11743=CARTESIAN_POINT('',(-0.0439966784624364,-0.0319767600354137,0.0598902753870726));
#11744=CARTESIAN_POINT('',(-0.043912812892022,-0.0319806938339464,0.0607266008346268));
#11745=CARTESIAN_POINT('',(-0.0435783149230357,-0.0319961026725782,0.0623924161825556));
#11746=CARTESIAN_POINT('',(-0.0433304115798608,-0.0320074444657254,0.063203561228552));
#11747=CARTESIAN_POINT('',(-0.042685804041144,-0.0320360932439388,0.0647577640639971));
#11748=CARTESIAN_POINT('',(-0.0422837020779,-0.0320536324074862,0.0655118046940368));
#11749=CARTESIAN_POINT('',(-0.041339411866437,-0.0320932055252921,0.0669260882411551));
#11750=CARTESIAN_POINT('',(-0.0408040682030815,-0.0321149532135145,0.0675790901525229));
#11751=CARTESIAN_POINT('',(-0.0396084702688814,-0.0321612166815125,0.0687783010296896));
#11752=CARTESIAN_POINT('',(-0.0389407792440171,-0.0321859777433232,0.0693280667976793));
#11753=CARTESIAN_POINT('',(-0.0375300560577976,-0.0322354237196334,0.0702731212429674));
#11754=CARTESIAN_POINT('',(-0.036783367234433,-0.0322602742264403,0.0706741596448177));
#11755=CARTESIAN_POINT('',(-0.0352063921545474,-0.0323096451053008,0.0713304197097607));
#11756=CARTESIAN_POINT('',(-0.0343805360453634,-0.0323339889974804,0.0715815689152343));
#11757=CARTESIAN_POINT('',(-0.032715782916488,-0.032380103159813,0.0719143139638399));
#11758=CARTESIAN_POINT('',(-0.0318667639196872,-0.0324021853342977,0.0719996683638434));
#11759=CARTESIAN_POINT('',(-0.0310065170552835,-0.032423237153237,0.0720000903617365));
#11760=CARTESIAN_POINT('',(-0.0309576104106003,-0.0304239947414864,0.0719999308891513));
#11761=CARTESIAN_POINT('',(-0.0300998332101698,-0.0304482066729279,0.0719971338878724));
#11762=CARTESIAN_POINT('',(-0.0292560221438411,-0.0304702717121995,0.0719103123367528));
#11763=CARTESIAN_POINT('',(-0.027595320482289,-0.0305111400486946,0.0715748073852828));
#11764=CARTESIAN_POINT('',(-0.026769670488255,-0.0305301267151608,0.0713219072615));
#11765=CARTESIAN_POINT('',(-0.0251985037556277,-0.0305645330392659,0.0706648072279606));
#11766=CARTESIAN_POINT('',(-0.0244530460806081,-0.0305799859660266,0.0702632182814335));
#11767=CARTESIAN_POINT('',(-0.0230419956202738,-0.0306082930657484,0.0693146913657229));
#11768=CARTESIAN_POINT('',(-0.0223749251203803,-0.0306211648436261,0.0687635544559624));
#11769=CARTESIAN_POINT('',(-0.0211797913241655,-0.0306437986718625,0.0675605148125949));
#11770=CARTESIAN_POINT('',(-0.0206434714026696,-0.0306537241900111,0.066904085741024));
#11771=CARTESIAN_POINT('',(-0.0196967542228151,-0.030671104776441,0.0654783401338099));
#11772=CARTESIAN_POINT('',(-0.0192961513458837,-0.0306783772939928,0.0647216278918378));
#11773=CARTESIAN_POINT('',(-0.0186527934830961,-0.0306900353066729,0.0631549476867998));
#11774=CARTESIAN_POINT('',(-0.0184055490282989,-0.0306944985299131,0.0623332512102568));
#11775=CARTESIAN_POINT('',(-0.0180775137724819,-0.0307004212207822,0.060655327341907));
#11776=CARTESIAN_POINT('',(-0.0179976604844136,-0.030701861824859,0.0598116469604311));
#11777=CARTESIAN_POINT('',(-0.0180024428080863,-0.0307017755193203,0.0581150645730403));
#11778=CARTESIAN_POINT('',(-0.0180898330805692,-0.0307001989270546,0.0572537170216932));
#11779=CARTESIAN_POINT('',(-0.0184269567062217,-0.0306941118676386,0.0555881828213302));
#11780=CARTESIAN_POINT('',(-0.0186750398001982,-0.0306896333957126,0.0547784039355306));
#11781=CARTESIAN_POINT('',(-0.0193317720804402,-0.0306777305102661,0.0532052632091312));
#11782=CARTESIAN_POINT('',(-0.019741102423247,-0.0306702959413825,0.0524460095085534));
#11783=CARTESIAN_POINT('',(-0.0206868252464826,-0.030652922403213,0.0510403522371153));
#11784=CARTESIAN_POINT('',(-0.0212267236120916,-0.0306429253655988,0.0503848621525535));
#11785=CARTESIAN_POINT('',(-0.0224449639720708,-0.0306198213523521,0.049174070525096));
#11786=CARTESIAN_POINT('',(-0.0231033671084532,-0.0306070905670295,0.0486384968246533));
#11787=CARTESIAN_POINT('',(-0.0245147560718138,-0.0305787167159379,0.0477013642297619));
#11788=CARTESIAN_POINT('',(-0.0252767241715931,-0.0305628783710457,0.0472965788839416));
#11789=CARTESIAN_POINT('',(-0.0268532209011708,-0.0305282325427026,0.0466496892697657));
#11790=CARTESIAN_POINT('',(-0.0276643159858889,-0.0305095153938178,0.0464065463978133));
#11791=CARTESIAN_POINT('',(-0.0293317977965807,-0.0304683270417168,0.0460795138295445));
#11792=CARTESIAN_POINT('',(-0.0301924795809123,-0.0304457068407347,0.0459970291559192));
#11793=CARTESIAN_POINT('',(-0.0319004967617993,-0.0303972526154552,0.0460031370869257));
#11794=CARTESIAN_POINT('',(-0.0327603422740673,-0.0303710490205325,0.0460918140044185));
#11795=CARTESIAN_POINT('',(-0.0344234087415543,-0.0303163309208755,0.0464301812580035));
#11796=CARTESIAN_POINT('',(-0.0352328465822358,-0.030287661558987,0.0466788441500288));
#11797=CARTESIAN_POINT('',(-0.0368068130295653,-0.0302277275648326,0.0473377191721475));
#11798=CARTESIAN_POINT('',(-0.0375635135589495,-0.0301967142539206,0.0477466954506486));
#11799=CARTESIAN_POINT('',(-0.0389674391884691,-0.0301354355911311,0.0486928914676804));
#11800=CARTESIAN_POINT('',(-0.0396249122735464,-0.030104754312128,0.0492355157358167));
#11801=CARTESIAN_POINT('',(-0.0408319696566201,-0.0300454070547804,0.0504520974886727));
#11802=CARTESIAN_POINT('',(-0.0413666499978316,-0.0300175049701009,0.051110114198445));
#11803=CARTESIAN_POINT('',(-0.042302963694051,-0.0299667958141386,0.0525222888401778));
#11804=CARTESIAN_POINT('',(-0.0427077360780458,-0.0299437970698974,0.0532857076184899));
#11805=CARTESIAN_POINT('',(-0.0433527720843052,-0.0299062796877063,0.0548607677852326));
#11806=CARTESIAN_POINT('',(-0.0435955327640585,-0.0298916498410184,0.0556719352261557));
#11807=CARTESIAN_POINT('',(-0.0439217950841376,-0.029871836147809,0.0573414848348803));
#11808=CARTESIAN_POINT('',(-0.0440031851721129,-0.0298667856400903,0.058202624426005));
#11809=CARTESIAN_POINT('',(-0.0439966198953875,-0.0298671900654262,0.0598980555222678));
#11810=CARTESIAN_POINT('',(-0.0439112380472666,-0.0298724873769606,0.0607416683045248));
#11811=CARTESIAN_POINT('',(-0.043571161789634,-0.0298931186722549,0.0624204338401755));
#11812=CARTESIAN_POINT('',(-0.0433192614523557,-0.0299082690148505,0.0632370691729845));
#11813=CARTESIAN_POINT('',(-0.0426655602393008,-0.0299462049658007,0.0647992811805772));
#11814=CARTESIAN_POINT('',(-0.0422583054045432,-0.0299692926514168,0.0655558851250474));
#11815=CARTESIAN_POINT('',(-0.0413040873102179,-0.030020805721259,0.066972129894714));
#11816=CARTESIAN_POINT('',(-0.0407640409667381,-0.030048858506667,0.0676245605232753));
#11817=CARTESIAN_POINT('',(-0.039560507083307,-0.030107796311182,0.0688202473846858));
#11818=CARTESIAN_POINT('',(-0.0388895745357684,-0.0301389812866169,0.0693670208215074));
#11819=CARTESIAN_POINT('',(-0.0374745190041872,-0.030200433200411,0.0703049153350846));
#11820=CARTESIAN_POINT('',(-0.0367266859612807,-0.0302309196175438,0.0707017935244549));
#11821=CARTESIAN_POINT('',(-0.035149316240561,-0.0302906858666916,0.0713494970959923));
#11822=CARTESIAN_POINT('',(-0.0343242230176986,-0.0303197446469822,0.0715962847347009));
#11823=CARTESIAN_POINT('',(-0.0326623209200897,-0.0303741048012105,0.0719210501487955));
#11824=CARTESIAN_POINT('',(-0.0318153876110309,-0.0303997828100449,0.0720027278904302));
#11825=CARTESIAN_POINT('',(-0.0309576104106003,-0.0304239947414864,0.0719999308891513));
#11826=CARTESIAN_POINT('',(0.05335,-0.00540091,-0.021));
#11827=CARTESIAN_POINT('',(0.058443475561793,-0.0104943855617929,0.002));
#11828=CARTESIAN_POINT('',(0.0605532622191035,-0.00540091000000001,0.002));
#11829=CARTESIAN_POINT('',(0.058443475561793,-0.000307434438207037,0.002));
#11830=CARTESIAN_POINT('',(0.05335,0.00180235221910352,0.002));
#11831=CARTESIAN_POINT('',(0.048256524438207,-0.000307434438207049,0.002));
#11832=CARTESIAN_POINT('',(0.0461467377808965,-0.00540091000000002,0.002));
#11833=CARTESIAN_POINT('',(0.0482565244382071,-0.010494385561793,0.002));
#11834=CARTESIAN_POINT('',(0.05335,-0.0126041722191035,0.002));
#11835=CARTESIAN_POINT('',(0.058443475561793,-0.0104943855617929,0.002));
#11836=CARTESIAN_POINT('',(0.0605532622191035,-0.00540091000000001,0.002));
#11837=CARTESIAN_POINT('',(0.058443475561793,-0.000307434438207037,0.002));
#11838=CARTESIAN_POINT('',(0.05985,-0.00540091,0.002));
#11839=CARTESIAN_POINT('',(0.0791042950301183,0.012,0.095));
#11840=CARTESIAN_POINT('',(0.0791042950301183,0.0108990855185225,0.095));
#11841=CARTESIAN_POINT('',(0.0831719517657676,0.012,0.095));
#11842=CARTESIAN_POINT('',(0.0831719517657676,0.0108990855185225,0.095));
#11843=CARTESIAN_POINT('',(0.0870969124345322,0.012,0.0942516040636567));
#11844=CARTESIAN_POINT('',(0.0870969124345322,0.0108990855185225,0.0942516040636567));
#11845=CARTESIAN_POINT('',(0.0908791868834255,0.012,0.0927548638353964));
#11846=CARTESIAN_POINT('',(0.0908791868834255,0.0108990855185225,0.0927548638353964));
#11847=CARTESIAN_POINT('',(0.0908791868836319,0.012002,0.0927548638359179));
#11848=CARTESIAN_POINT('',(0.0908791868835287,0.012,0.0927548638356571));
#11849=CARTESIAN_POINT('',(0.0908791868835287,0.0108990855185225,0.0927548638356571));
#11850=CARTESIAN_POINT('',(0.093447728391489,0.012,0.0917384398411704));
#11851=CARTESIAN_POINT('',(0.093447728391489,0.0108990855185225,0.0917384398411704));
#11852=CARTESIAN_POINT('',(0.0962818775257789,0.012,0.0909673637464455));
#11853=CARTESIAN_POINT('',(0.0962818775257789,0.0108990855185225,0.0909673637464455));
#11854=CARTESIAN_POINT('',(0.0993816342863984,0.012,0.0904416355514823));
#11855=CARTESIAN_POINT('',(0.0993816342863984,0.0108990855185225,0.0904416355514823));
#11856=CARTESIAN_POINT('',(0.0993816332664178,0.012002,0.0904416295377335));
#11857=CARTESIAN_POINT('',(0.0993816322464372,0.0120071084868875,0.0904416235239848));
#11858=CARTESIAN_POINT('',(0.0993816322464372,0.0108990855185225,0.0904416235239848));
#11859=CARTESIAN_POINT('',(0.0996268760286721,0.0120071084868875,0.0904000382120259));
#11860=CARTESIAN_POINT('',(0.0996268760286721,0.0108990855185225,0.0904000382120259));
#11861=CARTESIAN_POINT('',(0.099827223415661,0.0120071084868875,0.0903092890920993));
#11862=CARTESIAN_POINT('',(0.099827223415661,0.0108990855185225,0.0903092890920993));
#11863=CARTESIAN_POINT('',(0.0999826744074038,0.0120071084868875,0.0901693761642051));
#11864=CARTESIAN_POINT('',(0.0999826744074038,0.0108990855185225,0.0901693761642051));
#11865=CARTESIAN_POINT('',(0.0999826744074038,0.012002,0.0901693761642046));
#11866=CARTESIAN_POINT('',(0.0975739908449581,0.0117853875958378,0.0516526827759289));
#11867=CARTESIAN_POINT('',(0.0721407763686446,0.012002,0.095));
#11868=CARTESIAN_POINT('',(-0.0721407763686446,0.012002,0.095));
#11869=CARTESIAN_POINT('',(-0.0975739908688634,0.0117853875958378,0.0516526831912523));
#11870=CARTESIAN_POINT('',(-0.0999826744017626,0.012002,0.0901693761645586));
#11871=CARTESIAN_POINT('',(-0.099982674401763,0.012,0.0901693761645591));
#11872=CARTESIAN_POINT('',(-0.099982674401763,0.0108990855185224,0.0901693761645591));
#11873=CARTESIAN_POINT('',(-0.0998272234070801,0.012,0.0903092890935575));
#11874=CARTESIAN_POINT('',(-0.0998272234070801,0.0108990855185224,0.0903092890935575));
#11875=CARTESIAN_POINT('',(-0.0996268760234453,0.012,0.0904000382131748));
#11876=CARTESIAN_POINT('',(-0.0996268760234453,0.0108990855185224,0.0904000382131748));
#11877=CARTESIAN_POINT('',(-0.0993816322508586,0.012,0.0904416235234111));
#11878=CARTESIAN_POINT('',(-0.0993816322508586,0.0108990855185224,0.0904416235234111));
#11879=CARTESIAN_POINT('',(-0.0993816332708247,0.012002,0.0904416295370742));
#11880=CARTESIAN_POINT('',(-0.0993816342907907,0.012,0.0904416355507373));
#11881=CARTESIAN_POINT('',(-0.0993816342907907,0.0108990855185224,0.0904416355507373));
#11882=CARTESIAN_POINT('',(-0.0962818775284793,0.012,0.0909673637457131));
#11883=CARTESIAN_POINT('',(-0.0962818775284793,0.0108990855185224,0.0909673637457131));
#11884=CARTESIAN_POINT('',(-0.0934477283927445,0.012,0.0917384398406788));
#11885=CARTESIAN_POINT('',(-0.0934477283927445,0.0108990855185224,0.0917384398406788));
#11886=CARTESIAN_POINT('',(-0.0908791868835863,0.012,0.0927548638356343));
#11887=CARTESIAN_POINT('',(-0.0908791868835863,0.0108990855185224,0.0927548638356343));
#11888=CARTESIAN_POINT('',(-0.0908791868836894,0.012002,0.0927548638358951));
#11889=CARTESIAN_POINT('',(-0.0908791868834831,0.012,0.0927548638353736));
#11890=CARTESIAN_POINT('',(-0.0908791868834831,0.0108990855185224,0.0927548638353736));
#11891=CARTESIAN_POINT('',(-0.0870969124345156,0.012,0.0942516040636446));
#11892=CARTESIAN_POINT('',(-0.0870969124345156,0.0108990855185224,0.0942516040636446));
#11893=CARTESIAN_POINT('',(-0.0831719517657713,0.012,0.095));
#11894=CARTESIAN_POINT('',(-0.0831719517657713,0.0108990855185224,0.095));
#11895=CARTESIAN_POINT('',(-0.0791042950302399,0.012,0.095));
#11896=CARTESIAN_POINT('',(-0.0791042950302399,0.0108990855185224,0.095));
#11897=CARTESIAN_POINT('',(-0.0987590262888021,0.0129999999999983,0.0902274564804785));
#11898=CARTESIAN_POINT('',(-0.0981433623100964,0.0129999999999978,0.0902490369814766));
#11899=CARTESIAN_POINT('',(-0.0975244799179971,0.0129999999999978,0.0902597326292642));
#11900=CARTESIAN_POINT('',(-0.095657530037938,0.0130000000000044,0.0902734853117283));
#11901=CARTESIAN_POINT('',(-0.094404168279411,0.0130000000000087,0.0902578793614258));
#11902=CARTESIAN_POINT('',(-0.0906376029375308,0.0129999999999825,0.0901857337550685));
#11903=CARTESIAN_POINT('',(-0.0881099647609759,0.013,0.0901044576708077));
#11904=CARTESIAN_POINT('',(-0.0830616424872425,0.013,0.0900117580507275));
#11905=CARTESIAN_POINT('',(-0.0805601022478143,0.0129999999999912,0.0899791655147815));
#11906=CARTESIAN_POINT('',(-0.0768579355858763,0.0130000000000044,0.0896729172665661));
#11907=CARTESIAN_POINT('',(-0.0756371567022017,0.013,0.0895280785063448));
#11908=CARTESIAN_POINT('',(-0.0738262078004067,0.013,0.089222917899644));
#11909=CARTESIAN_POINT('',(-0.0732258817606524,0.013,0.0891066763904631));
#11910=CARTESIAN_POINT('',(-0.0724163115920187,0.013,0.088927790326394));
#11911=CARTESIAN_POINT('',(-0.0722019002024149,0.013,0.0888785697288247));
#11912=CARTESIAN_POINT('',(-0.0719861369128345,0.013,0.0888281011741295));
#11913=CARTESIAN_POINT('',(-0.0987590262887888,0.0119999999999816,0.0902274564802614));
#11914=CARTESIAN_POINT('',(-0.0981433623100865,0.0119999999999861,0.0902490369811849));
#11915=CARTESIAN_POINT('',(-0.0975244799179949,0.0119999999999967,0.0902597326289702));
#11916=CARTESIAN_POINT('',(-0.0956575300379423,0.0120000000000065,0.0902734853123181));
#11917=CARTESIAN_POINT('',(-0.0944041682794071,0.0120000000000131,0.0902578793611733));
#11918=CARTESIAN_POINT('',(-0.0906376029375386,0.0119999999999737,0.0901857337555735));
#11919=CARTESIAN_POINT('',(-0.088109964760958,0.012,0.0901044576717844));
#11920=CARTESIAN_POINT('',(-0.0830616424872604,0.012,0.0900117580497508));
#11921=CARTESIAN_POINT('',(-0.080560102247741,0.0119999999999869,0.0899791655156675));
#11922=CARTESIAN_POINT('',(-0.0768579355859129,0.0120000000000066,0.0896729172661231));
#11923=CARTESIAN_POINT('',(-0.0756371567021573,0.012,0.0895280785066086));
#11924=CARTESIAN_POINT('',(-0.073826207800429,0.012,0.0892229178995121));
#11925=CARTESIAN_POINT('',(-0.0732258817606352,0.0120000000000087,0.0891066763905413));
#11926=CARTESIAN_POINT('',(-0.0724163115920249,0.0119999999999969,0.0889277903263663));
#11927=CARTESIAN_POINT('',(-0.072201900202423,0.011999999999996,0.088878569728789));
#11928=CARTESIAN_POINT('',(-0.0719861369128424,0.0119999999999961,0.088828101174095));
#11929=CARTESIAN_POINT('',(-0.0987938490506805,0.012,0.0912269161302477));
#11930=CARTESIAN_POINT('',(-0.0981665491619419,0.012,0.0912488993273078));
#11931=CARTESIAN_POINT('',(-0.0975387929509797,0.012,0.0912596543250561));
#11932=CARTESIAN_POINT('',(-0.0956509607779968,0.012,0.0912735608355594));
#11933=CARTESIAN_POINT('',(-0.0943899476615356,0.012,0.0912577904015563));
#11934=CARTESIAN_POINT('',(-0.0906085920632692,0.012,0.0911853615002013));
#11935=CARTESIAN_POINT('',(-0.0880884657690219,0.012,0.0911042314731538));
#11936=CARTESIAN_POINT('',(-0.0830464227473968,0.012,0.0910116471536569));
#11937=CARTESIAN_POINT('',(-0.0805238318164741,0.012,0.0909795807547638));
#11938=CARTESIAN_POINT('',(-0.0767524111360889,0.012,0.0906676037187884));
#11939=CARTESIAN_POINT('',(-0.0755028367655116,0.012,0.0905195426392462));
#11940=CARTESIAN_POINT('',(-0.0736441187155617,0.012,0.0902063325160764));
#11941=CARTESIAN_POINT('',(-0.0730271295555015,0.012,0.0900868809309317));
#11942=CARTESIAN_POINT('',(-0.0721945033646062,0.012,0.0899029003101074));
#11943=CARTESIAN_POINT('',(-0.0719763600912817,0.012,0.0898528385004229));
#11944=CARTESIAN_POINT('',(-0.0717583758775249,0.012,0.0898018589727845));
#11945=CARTESIAN_POINT('',(0.0987940270216309,0.012,0.0912269098946586));
#11946=CARTESIAN_POINT('',(0.0981666678618681,0.012,0.0912488972952949));
#11947=CARTESIAN_POINT('',(0.0975388522751522,0.012,0.0912596538887614));
#11948=CARTESIAN_POINT('',(0.0956509606818422,0.012,0.0912735608348427));
#11949=CARTESIAN_POINT('',(0.0943899475704826,0.012,0.0912577904002233));
#11950=CARTESIAN_POINT('',(0.0906085919874439,0.012,0.0911853614979269));
#11951=CARTESIAN_POINT('',(0.0880884657033279,0.012,0.0911042314718085));
#11952=CARTESIAN_POINT('',(0.0830464227021475,0.012,0.091011647152965));
#11953=CARTESIAN_POINT('',(0.0805238317812961,0.012,0.0909795807530471));
#11954=CARTESIAN_POINT('',(0.0767524111163346,0.012,0.0906676037165577));
#11955=CARTESIAN_POINT('',(0.0755028367509046,0.012,0.090519542637109));
#11956=CARTESIAN_POINT('',(0.0736441187085508,0.012,0.0902063325147329));
#11957=CARTESIAN_POINT('',(0.0730271295509945,0.012,0.0900868809299848));
#11958=CARTESIAN_POINT('',(0.0721944384740449,0.012,0.0899028859715959));
#11959=CARTESIAN_POINT('',(0.0719762304821404,0.012,0.0898528087561762));
#11960=CARTESIAN_POINT('',(0.0717581816065865,0.012,0.0898018135387636));
#11961=CARTESIAN_POINT('',(0.0987592009591076,0.012000000000011,0.0902274503588343));
#11962=CARTESIAN_POINT('',(0.0981434793329336,0.012000000000004,0.0902490349602863));
#11963=CARTESIAN_POINT('',(0.0975245385861394,0.0119999999999935,0.0902597321975008));
#11964=CARTESIAN_POINT('',(0.0956575299424754,0.0120000000000131,0.090273485311611));
#11965=CARTESIAN_POINT('',(0.0944041681888591,0.0120000000000153,0.0902578793598471));
#11966=CARTESIAN_POINT('',(0.0906376028617125,0.0119999999999694,0.0901857337533048));
#11967=CARTESIAN_POINT('',(0.0881099646948673,0.012,0.0901044576704201));
#11968=CARTESIAN_POINT('',(0.0830616424422695,0.012,0.0900117580490754));
#11969=CARTESIAN_POINT('',(0.0805601022130682,0.0119999999999869,0.0899791655139692));
#11970=CARTESIAN_POINT('',(0.0768579355665917,0.0120000000000066,0.0896729172639399));
#11971=CARTESIAN_POINT('',(0.0756371566879154,0.012,0.089528078504517));
#11972=CARTESIAN_POINT('',(0.0738262077936033,0.012,0.0892229178982078));
#11973=CARTESIAN_POINT('',(0.0732258817562484,0.012,0.0891066763896219));
#11974=CARTESIAN_POINT('',(0.0724162484983317,0.012,0.088927776384898));
#11975=CARTESIAN_POINT('',(0.0722017728103785,0.0120000000000022,0.0888785404843049));
#11976=CARTESIAN_POINT('',(0.071985944620842,0.0120000000000043,0.0888280561953768));
#11977=CARTESIAN_POINT('',(0.0987592009591196,0.0129999999999967,0.0902274503590452));
#11978=CARTESIAN_POINT('',(0.0981434793329404,0.0129999999999956,0.09024903496057));
#11979=CARTESIAN_POINT('',(0.0975245385861372,0.0129999999999957,0.090259732197787));
#11980=CARTESIAN_POINT('',(0.0956575299424799,0.0130000000000088,0.090273485311037));
#11981=CARTESIAN_POINT('',(0.0944041681888539,0.0130000000000044,0.0902578793601137));
#11982=CARTESIAN_POINT('',(0.0906376028617227,0.0129999999999913,0.0901857337527715));
#11983=CARTESIAN_POINT('',(0.0881099646948857,0.013,0.0901044576694196));
#11984=CARTESIAN_POINT('',(0.0830616424422511,0.013,0.0900117580500759));
#11985=CARTESIAN_POINT('',(0.080560102213144,0.0129999999999913,0.0899791655130534));
#11986=CARTESIAN_POINT('',(0.0768579355665539,0.0130000000000044,0.0896729172643978));
#11987=CARTESIAN_POINT('',(0.0756371566879597,0.013,0.0895280785042537));
#11988=CARTESIAN_POINT('',(0.0738262077935811,0.013,0.0892229178983395));
#11989=CARTESIAN_POINT('',(0.0732258817562686,0.013,0.0891066763895305));
#11990=CARTESIAN_POINT('',(0.0724162484983245,0.013,0.0889277763849306));
#11991=CARTESIAN_POINT('',(0.072201772810369,0.013,0.0888785404843473));
#11992=CARTESIAN_POINT('',(0.0719859446208326,0.013,0.0888280561954183));
#11993=CARTESIAN_POINT('',(0.06525,0.012002,0.007));
#11994=CARTESIAN_POINT('',(0.06525,0.012002,0.007));
#11995=CARTESIAN_POINT('',(0.06425,0.012002,0.011387482193696));
#11996=CARTESIAN_POINT('',(-0.06525,0.012002,0.088));
#11997=CARTESIAN_POINT('',(-0.06525,0.012002,0.088));
#11998=CARTESIAN_POINT('',(-0.0362,0.0124725713517659,0.078));
#11999=CARTESIAN_POINT('',(-0.0401443630063151,0.0120000000668954,0.093));
#12000=CARTESIAN_POINT('',(-0.0400300357713824,0.011045756483927,0.093));
#12001=CARTESIAN_POINT('',(-0.0390777772767727,0.00922942906206159,0.093));
#12002=CARTESIAN_POINT('',(-0.0371610679124202,0.00849999999999999,0.093));
#12003=CARTESIAN_POINT('',(-0.0362,0.00849999999999998,0.093));
#12004=CARTESIAN_POINT('',(-0.0362,0.0085,0.093));
#12005=CARTESIAN_POINT('',(-0.0362,0.0085,0.078));
#12006=CARTESIAN_POINT('',(-0.0316725713517658,0.0085,0.078));
#12007=CARTESIAN_POINT('',(-0.0361999999999998,0.0085,0.093));
#12008=CARTESIAN_POINT('',(-0.0331817142345104,0.0085,0.093));
#12009=CARTESIAN_POINT('',(-0.0301634284690211,0.0085,0.093));
#12010=CARTESIAN_POINT('',(-0.0271451427035317,0.0085,0.093));
#12011=CARTESIAN_POINT('',(-0.0271451427035317,0.0085,0.093));
#12012=CARTESIAN_POINT('',(-0.0271451427035317,0.0085,0.078));
#12013=CARTESIAN_POINT('',(-0.0271451427035317,0.0124725713517659,0.078));
#12014=CARTESIAN_POINT('',(-0.0271451427035317,0.00849999999999998,0.093));
#12015=CARTESIAN_POINT('',(-0.0261840764129668,0.00849999999999998,0.093));
#12016=CARTESIAN_POINT('',(-0.0242673702434753,0.0092294264891634,0.093));
#12017=CARTESIAN_POINT('',(-0.0233151102343205,0.0110457487122904,0.093));
#12018=CARTESIAN_POINT('',(-0.0232007808548296,0.0119999904048638,0.093));
#12019=CARTESIAN_POINT('',(-0.0271807806883276,0.00850005334003728,0.093));
#12020=CARTESIAN_POINT('',(-0.0249653236187091,0.00848032025874536,0.093));
#12021=CARTESIAN_POINT('',(-0.0233378990712878,0.00998369272233192,0.093));
#12022=CARTESIAN_POINT('',(-0.0231822786568328,0.0121937655058449,0.093));
#12023=CARTESIAN_POINT('',(-0.0271807806883276,0.00850005334003729,0.0943333333333333));
#12024=CARTESIAN_POINT('',(-0.0249653236187091,0.00848032025874538,0.0943333333333333));
#12025=CARTESIAN_POINT('',(-0.0233378990712878,0.00998369272233193,0.0943333333333333));
#12026=CARTESIAN_POINT('',(-0.0231822786568328,0.0121937655058449,0.0943333333333333));
#12027=CARTESIAN_POINT('',(-0.0271867184543535,0.0078334131166941,0.095));
#12028=CARTESIAN_POINT('',(-0.0245995025940636,0.00781036877898564,0.095));
#12029=CARTESIAN_POINT('',(-0.022698992465362,0.00956601059893024,0.095));
#12030=CARTESIAN_POINT('',(-0.0225172585875162,0.012146938677525,0.095));
#12031=CARTESIAN_POINT('',(-0.0271985939864052,0.00650013267000771,0.095));
#12032=CARTESIAN_POINT('',(-0.0238678605447726,0.00647046581946618,0.095));
#12033=CARTESIAN_POINT('',(-0.0214211792535105,0.00873064635212687,0.095));
#12034=CARTESIAN_POINT('',(-0.0211872184488828,0.0120532850208853,0.095));
#12035=CARTESIAN_POINT('',(-0.0271451427035317,0.00649999999999997,0.095));
#12036=CARTESIAN_POINT('',(-0.0271451427013234,0.00783333333333333,0.0949999999999998));
#12037=CARTESIAN_POINT('',(-0.0271451426991151,0.00850000000000001,0.0943333333333333));
#12038=CARTESIAN_POINT('',(-0.0271451426969067,0.0085,0.093));
#12039=CARTESIAN_POINT('',(-0.0271451426969067,0.00649999999999997,0.095));
#12040=CARTESIAN_POINT('',(-0.0362,0.00649999999999997,0.095));
#12041=CARTESIAN_POINT('',(-0.0271451426969067,0.00783333333333333,0.0949999999999998));
#12042=CARTESIAN_POINT('',(-0.0362,0.00783333333333333,0.0949999999999998));
#12043=CARTESIAN_POINT('',(-0.0271451426969067,0.00850000000000002,0.0943333333333333));
#12044=CARTESIAN_POINT('',(-0.0362,0.00850000000000002,0.0943333333333333));
#12045=CARTESIAN_POINT('',(-0.0271451426969067,0.0085,0.093));
#12046=CARTESIAN_POINT('',(-0.0362,0.0085,0.093));
#12047=CARTESIAN_POINT('',(-0.0362,0.0085,0.093));
#12048=CARTESIAN_POINT('',(-0.0362,0.00850000000000001,0.0943333333333333));
#12049=CARTESIAN_POINT('',(-0.0362,0.00783333333333334,0.0949999999999998));
#12050=CARTESIAN_POINT('',(-0.0362,0.0065,0.095));
#12051=CARTESIAN_POINT('',(-0.0401628640467073,0.0121937655059599,0.093));
#12052=CARTESIAN_POINT('',(-0.0400072436323122,0.00998369272239018,0.093));
#12053=CARTESIAN_POINT('',(-0.0383798190848739,0.00848032025874471,0.093));
#12054=CARTESIAN_POINT('',(-0.036164362015203,0.00850005334003728,0.093));
#12055=CARTESIAN_POINT('',(-0.0401628640467073,0.0121937655059599,0.0943333333333334));
#12056=CARTESIAN_POINT('',(-0.0400072436323122,0.00998369272239019,0.0943333333333334));
#12057=CARTESIAN_POINT('',(-0.0383798190848739,0.00848032025874471,0.0943333333333334));
#12058=CARTESIAN_POINT('',(-0.036164362015203,0.00850005334003728,0.0943333333333334));
#12059=CARTESIAN_POINT('',(-0.0408278841160254,0.0121469386776593,0.095));
#12060=CARTESIAN_POINT('',(-0.0406461502382495,0.00956601059899828,0.095));
#12061=CARTESIAN_POINT('',(-0.0387456401095281,0.00781036877898492,0.095));
#12062=CARTESIAN_POINT('',(-0.0361584242491771,0.00783341311669408,0.095));
#12063=CARTESIAN_POINT('',(-0.0421579242546614,0.0120532850210579,0.095));
#12064=CARTESIAN_POINT('',(-0.0419239634501239,0.00873064635221446,0.095));
#12065=CARTESIAN_POINT('',(-0.0394772821588366,0.00647046581946531,0.095));
#12066=CARTESIAN_POINT('',(-0.0361465487171254,0.00650013267000767,0.095));
#12067=CARTESIAN_POINT('',(0.0471884448817824,-0.00284869401986246,0.00200000000000001));
#12068=CARTESIAN_POINT('',(0.0466807775591089,-0.00540090999999998,0.00199999999999999));
#12069=CARTESIAN_POINT('',(0.0471884448817821,-0.00795312598013761,0.00200000000000002));
#12070=CARTESIAN_POINT('',(0.0486341591019407,-0.0101167902131948,0.00200000000000009));
#12071=CARTESIAN_POINT('',(0.0507978233349977,-0.0115625044333538,0.00200000000000019));
#12072=CARTESIAN_POINT('',(0.0533500393151353,-0.0120701717560273,0.0020000000000003));
#12073=CARTESIAN_POINT('',(0.0559022552952729,-0.0115625044333541,0.00200000000000041));
#12074=CARTESIAN_POINT('',(0.0580659195283301,-0.0101167902131955,0.0020000000000005));
#12075=CARTESIAN_POINT('',(0.059511633748489,-0.00795312598013846,0.00200000000000056));
#12076=CARTESIAN_POINT('',(0.0600193010711626,-0.00540091000000091,0.00200000000000058));
#12077=CARTESIAN_POINT('',(0.0595116337484894,-0.0028486940198633,0.00200000000000055));
#12078=CARTESIAN_POINT('',(0.0580659195283308,-0.00068502978680609,0.00200000000000048));
#12079=CARTESIAN_POINT('',(0.0559022552952737,0.000760684433352865,0.00200000000000038));
#12080=CARTESIAN_POINT('',(0.0533500393151362,0.0012683517560264,0.00200000000000027));
#12081=CARTESIAN_POINT('',(0.0507978233349986,0.000760684433353219,0.00200000000000016));
#12082=CARTESIAN_POINT('',(0.0486341591019414,-0.000685029786805436,0.00200000000000007));
#12083=CARTESIAN_POINT('',(0.0471884448817824,-0.00284869401986246,0.00200000000000001));
#12084=CARTESIAN_POINT('',(0.0466807775591089,-0.00540090999999998,0.00199999999999999));
#12085=CARTESIAN_POINT('',(0.0471884448817821,-0.00795312598013761,0.00200000000000002));
#12086=CARTESIAN_POINT('',(0.0471884448817824,-0.00284869401986247,0.0033333071229853));
#12087=CARTESIAN_POINT('',(0.0466807775591089,-0.00540090999999998,0.00333330712298528));
#12088=CARTESIAN_POINT('',(0.047188444881782,-0.00795312598013758,0.00333330712298531));
#12089=CARTESIAN_POINT('',(0.0486341591019406,-0.0101167902131948,0.00333330712298538));
#12090=CARTESIAN_POINT('',(0.0507978233349977,-0.0115625044333537,0.00333330712298547));
#12091=CARTESIAN_POINT('',(0.0533500393151352,-0.0120701717560272,0.00333330712298559));
#12092=CARTESIAN_POINT('',(0.0559022552952728,-0.0115625044333541,0.0033333071229857));
#12093=CARTESIAN_POINT('',(0.05806591952833,-0.0101167902131954,0.00333330712298579));
#12094=CARTESIAN_POINT('',(0.0595116337484889,-0.00795312598013844,0.00333330712298585));
#12095=CARTESIAN_POINT('',(0.0600193010711624,-0.0054009100000009,0.00333330712298587));
#12096=CARTESIAN_POINT('',(0.0595116337484893,-0.00284869401986331,0.00333330712298584));
#12097=CARTESIAN_POINT('',(0.0580659195283306,-0.000685029786806118,0.00333330712298577));
#12098=CARTESIAN_POINT('',(0.0559022552952737,0.000760684433352817,0.00333330712298567));
#12099=CARTESIAN_POINT('',(0.0533500393151361,0.00126835175602636,0.00333330712298556));
#12100=CARTESIAN_POINT('',(0.0507978233349986,0.00076068443335317,0.00333330712298545));
#12101=CARTESIAN_POINT('',(0.0486341591019413,-0.000685029786805465,0.00333330712298535));
#12102=CARTESIAN_POINT('',(0.0471884448817824,-0.00284869401986247,0.0033333071229853));
#12103=CARTESIAN_POINT('',(0.0466807775591089,-0.00540090999999998,0.00333330712298528));
#12104=CARTESIAN_POINT('',(0.047188444881782,-0.00795312598013758,0.00333330712298531));
#12105=CARTESIAN_POINT('',(0.0465565151461078,-0.00258694015287922,0.00399997378939435));
#12106=CARTESIAN_POINT('',(0.0459967817420818,-0.00540090999999999,0.00399997378939433));
#12107=CARTESIAN_POINT('',(0.0465565151461074,-0.00821487984712085,0.00399997378939436));
#12108=CARTESIAN_POINT('',(0.0481505010214177,-0.0106004482937178,0.00399997378939444));
#12109=CARTESIAN_POINT('',(0.0505360694680144,-0.0121944341690283,0.00399997378939455));
#12110=CARTESIAN_POINT('',(0.0533500393151352,-0.0127541675730543,0.00399997378939467));
#12111=CARTESIAN_POINT('',(0.0561640091622561,-0.0121944341690286,0.00399997378939479));
#12112=CARTESIAN_POINT('',(0.058549577608853,-0.0106004482937185,0.0039999737893949));
#12113=CARTESIAN_POINT('',(0.0601435634841635,-0.00821487984712168,0.00399997378939496));
#12114=CARTESIAN_POINT('',(0.0607032968881894,-0.00540091000000091,0.00399997378939498));
#12115=CARTESIAN_POINT('',(0.0601435634841639,-0.00258694015288004,0.00399997378939494));
#12116=CARTESIAN_POINT('',(0.0585495776088537,-0.000201371706283085,0.00399997378939487));
#12117=CARTESIAN_POINT('',(0.0561640091622569,0.00139261416902742,0.00399997378939476));
#12118=CARTESIAN_POINT('',(0.0533500393151361,0.00195234757305336,0.00399997378939463));
#12119=CARTESIAN_POINT('',(0.0505360694680152,0.00139261416902777,0.00399997378939451));
#12120=CARTESIAN_POINT('',(0.0481505010214183,-0.000201371706282447,0.00399997378939441));
#12121=CARTESIAN_POINT('',(0.0465565151461078,-0.00258694015287922,0.00399997378939435));
#12122=CARTESIAN_POINT('',(0.0459967817420818,-0.00540090999999999,0.00399997378939433));
#12123=CARTESIAN_POINT('',(0.0465565151461074,-0.00821487984712085,0.00399997378939436));
#12124=CARTESIAN_POINT('',(0.0452926556747585,-0.00206343241891268,0.00399999999922716));
#12125=CARTESIAN_POINT('',(0.0446287901080277,-0.00540090999999998,0.00399999999922713));
#12126=CARTESIAN_POINT('',(0.0452926556747582,-0.0087383875810874,0.00399999999922717));
#12127=CARTESIAN_POINT('',(0.0471831848603715,-0.0115677644547639,0.00399999999922726));
#12128=CARTESIAN_POINT('',(0.0500125617340479,-0.0134582936403776,0.00399999999922739));
#12129=CARTESIAN_POINT('',(0.0533500393151352,-0.0141221592071084,0.00399999999922754));
#12130=CARTESIAN_POINT('',(0.0566875168962226,-0.0134582936403779,0.00399999999922768));
#12131=CARTESIAN_POINT('',(0.0595168937698991,-0.0115677644547646,0.0039999999992278));
#12132=CARTESIAN_POINT('',(0.0614074229555128,-0.00873838758108824,0.00399999999922788));
#12133=CARTESIAN_POINT('',(0.0620712885222436,-0.0054009100000009,0.0039999999992279));
#12134=CARTESIAN_POINT('',(0.0614074229555131,-0.00206343241891349,0.00399999999922786));
#12135=CARTESIAN_POINT('',(0.0595168937698998,0.000765944454763034,0.00399999999922777));
#12136=CARTESIAN_POINT('',(0.0566875168962234,0.00265647364037666,0.00399999999922764));
#12137=CARTESIAN_POINT('',(0.0533500393151361,0.00332033920710746,0.0039999999992275));
#12138=CARTESIAN_POINT('',(0.0500125617340487,0.00265647364037701,0.00399999999922735));
#12139=CARTESIAN_POINT('',(0.0471831848603722,0.000765944454763677,0.00399999999922723));
#12140=CARTESIAN_POINT('',(0.0452926556747585,-0.00206343241891268,0.00399999999922716));
#12141=CARTESIAN_POINT('',(0.0446287901080277,-0.00540090999999998,0.00399999999922713));
#12142=CARTESIAN_POINT('',(0.0452926556747582,-0.0087383875810874,0.00399999999922717));
#12143=CARTESIAN_POINT('',(0.08525,0.01089909,0.0535));
#12144=CARTESIAN_POINT('',(0.06825,0.01089909,0.0535));
#12145=CARTESIAN_POINT('',(0.06825,0.01089909,0.0890408762999984));
#12146=CARTESIAN_POINT('',(0.06425,0.01089909,0.0890408762999984));
#12147=CARTESIAN_POINT('',(0.06425,0.01089909,0.0890408762999984));
#12148=CARTESIAN_POINT('',(0.06425,0.01089909,0.0535));
#12149=CARTESIAN_POINT('',(0.06425,0.01089909,0.0879591237000016));
#12150=CARTESIAN_POINT('',(0.06425,0.01089909,0.0879591237000016));
#12151=CARTESIAN_POINT('',(0.06825,0.01089909,0.0879591237000016));
#12152=CARTESIAN_POINT('',(0.06825,0.01089909,0.0535));
#12153=CARTESIAN_POINT('',(0.08525,0.01089909,0.016));
#12154=CARTESIAN_POINT('',(0.08525,0.01089909,0.016));
#12155=CARTESIAN_POINT('',(0.08525,0.01089909,0.0535));
#12156=CARTESIAN_POINT('',(0.08525,-0.00710091,0.016));
#12157=CARTESIAN_POINT('',(0.06425,0.011449545,0.016));
#12158=CARTESIAN_POINT('',(0.08525,-0.00710091,0.016));
#12159=CARTESIAN_POINT('',(0.08525,-0.006550455,0.0506770509831248));
#12160=CARTESIAN_POINT('',(0.06825,-0.006550455,0.0506770509831248));
#12161=CARTESIAN_POINT('',(0.06825,0.011449545,0.086));
#12162=CARTESIAN_POINT('',(0.06825,0.0095,0.086));
#12163=CARTESIAN_POINT('',(0.06825,0.0095,0.0885));
#12164=CARTESIAN_POINT('',(0.06825,0.007,0.08975));
#12165=CARTESIAN_POINT('',(0.06825,0.007,0.0885));
#12166=CARTESIAN_POINT('',(0.06825,0.0095,0.0885));
#12167=CARTESIAN_POINT('',(0.06425,0.011449545,0.086));
#12168=CARTESIAN_POINT('',(0.06425,0.0095,0.086));
#12169=CARTESIAN_POINT('',(0.06425,0.0095,0.086));
#12170=CARTESIAN_POINT('',(0.06425,0.011449545,0.086));
#12171=CARTESIAN_POINT('',(0.06425,0.0095,0.0885));
#12172=CARTESIAN_POINT('',(0.06425,0.007,0.0885));
#12173=CARTESIAN_POINT('',(0.06425,0.007,0.0885));
#12174=CARTESIAN_POINT('',(0.06425,0.0095,0.0885));
#12175=CARTESIAN_POINT('',(0.06425,0.0095,0.0885));
#12176=CARTESIAN_POINT('',(0.06425,0.0095,0.0885));
#12177=CARTESIAN_POINT('',(0.06425,0.007,0.08975));
#12178=CARTESIAN_POINT('',(0.06425,0.007,0.08975));
#12179=CARTESIAN_POINT('',(0.06425,-0.006550455,0.0506770509831248));
#12180=CARTESIAN_POINT('',(0.06425,-0.006550455,0.0506770509831248));
#12181=CARTESIAN_POINT('',(0.06425,-0.02260091,0.0131770509831248));
#12182=CARTESIAN_POINT('',(0.06425,-0.02260091,0.0146770509831248));
#12183=CARTESIAN_POINT('',(0.06425,0.0095,0.0131770509831248));
#12184=CARTESIAN_POINT('',(0.06425,0.0095,0.0146770509831248));
#12185=CARTESIAN_POINT('',(0.06425,0.0095,0.0131770509831248));
#12186=CARTESIAN_POINT('',(0.06825,0.0095,0.0131770509831248));
#12187=CARTESIAN_POINT('',(0.06825,0.0095,0.0146770509831248));
#12188=CARTESIAN_POINT('',(0.06425,-0.02260091,0.0131770509831248));
#12189=CARTESIAN_POINT('',(0.06825,-0.02260091,0.0131770509831248));
#12190=CARTESIAN_POINT('',(0.06825,-0.02260091,0.0146770509831248));
#12191=CARTESIAN_POINT('',(0.06425,-0.02010091,0.08975));
#12192=CARTESIAN_POINT('',(0.06825,-0.02010091,0.08975));
#12193=CARTESIAN_POINT('',(0.06825,-0.02010091,0.0885));
#12194=CARTESIAN_POINT('',(0.06425,-0.02010091,0.0885));
#12195=CARTESIAN_POINT('',(0.06425,-0.02010091,0.0885));
#12196=CARTESIAN_POINT('',(0.06425,-0.02010091,0.08975));
#12197=CARTESIAN_POINT('',(0.06425,-0.02260091,0.0885));
#12198=CARTESIAN_POINT('',(0.06825,-0.02260091,0.0885));
#12199=CARTESIAN_POINT('',(0.06825,-0.02260091,0.086));
#12200=CARTESIAN_POINT('',(0.06425,-0.02260091,0.086));
#12201=CARTESIAN_POINT('',(0.06425,-0.02260091,0.086));
#12202=CARTESIAN_POINT('',(0.06425,-0.02260091,0.0885));
#12203=CARTESIAN_POINT('',(0.06425,-0.02385091,0.086));
#12204=CARTESIAN_POINT('',(0.06825,-0.02385091,0.086));
#12205=CARTESIAN_POINT('',(0.06425,-0.02385091,0.086));
#12206=CARTESIAN_POINT('',(0.06425,-0.02260091,0.0885));
#12207=CARTESIAN_POINT('',(0.06425,-0.02260091,0.0885));
#12208=CARTESIAN_POINT('',(0.06425,-0.02260091,0.09));
#12209=CARTESIAN_POINT('',(0.06825,-0.02260091,0.0885));
#12210=CARTESIAN_POINT('',(0.06825,-0.02260091,0.09));
#12211=CARTESIAN_POINT('',(0.06425,-0.006550455,0.0506770509831248));
#12212=CARTESIAN_POINT('',(0.06825,-0.006550455,0.0506770509831248));
#12213=CARTESIAN_POINT('',(0.06825,-0.00914314674568271,0.095));
#12214=CARTESIAN_POINT('',(0.06825,-0.00914314674568271,0.095));
#12215=CARTESIAN_POINT('',(0.0305896233767271,0.006477,0.088));
#12216=CARTESIAN_POINT('',(0.0401146233767271,0.006477,0.088));
#12217=CARTESIAN_POINT('',(0.0210646233767271,0.006477,0.088));
#12218=CARTESIAN_POINT('',(0.0210646233767271,6.50521303491303E-18,0.088));
#12219=CARTESIAN_POINT('',(0.0210646233767271,-0.006477,0.088));
#12220=CARTESIAN_POINT('',(0.0305896233767271,-0.006477,0.088));
#12221=CARTESIAN_POINT('',(0.0401146233767271,-0.006477,0.088));
#12222=CARTESIAN_POINT('',(0.0401146233767271,6.50521303491303E-18,0.088));
#12223=CARTESIAN_POINT('',(-0.0598,-0.01210091,0.02124621));
#12224=CARTESIAN_POINT('',(-0.0598,-0.01210091,0.02124621));
#12225=CARTESIAN_POINT('',(-0.0598,-0.01210091,0.02574621));
#12226=CARTESIAN_POINT('',(-0.0598,-0.01210091,0.02124621));
#12227=CARTESIAN_POINT('',(-0.0598,-0.01210091,0.02124621));
#12228=CARTESIAN_POINT('',(-0.0598,-0.01210091,0.02424621));
#12229=CARTESIAN_POINT('',(-0.0598,-0.02510091,0.02124621));
#12230=CARTESIAN_POINT('',(-0.0598,-0.02510091,0.02424621));
#12231=CARTESIAN_POINT('',(1.38777878078145E-17,-0.01210091,0.047373105));
#12232=CARTESIAN_POINT('',(1.38777878078145E-17,-0.02510091,0.0475));
#12233=CARTESIAN_POINT('',(-0.0341,0.00189909,0.00624621));
#12234=CARTESIAN_POINT('',(-0.0216,0.00189909,0.00624621));
#12235=CARTESIAN_POINT('',(-0.0216,0.00189909,0.00624621));
#12236=CARTESIAN_POINT('',(-0.0341,0.00189909,0.00624621));
#12237=CARTESIAN_POINT('',(-0.0466,0.00189909,0.00624621));
#12238=CARTESIAN_POINT('',(-0.0466,0.00189909,0.00624621));
#12239=CARTESIAN_POINT('',(-0.0216,0.00189909,0.00387310499999995));
#12240=CARTESIAN_POINT('',(-0.0216,0.00439909,0.0085));
#12241=CARTESIAN_POINT('',(-0.0216,0.00439909,0.013));
#12242=CARTESIAN_POINT('',(-0.0216,0.00439909,0.013));
#12243=CARTESIAN_POINT('',(-0.0216,0.00189909,0.013));
#12244=CARTESIAN_POINT('',(-0.0216,0.00189909,0.0085));
#12245=CARTESIAN_POINT('',(-0.0466,0.00189909,0.003873105));
#12246=CARTESIAN_POINT('',(-0.0466,0.00189909,0.0085));
#12247=CARTESIAN_POINT('',(-0.0466,0.00189909,0.013));
#12248=CARTESIAN_POINT('',(-0.0466,0.00439909,0.013));
#12249=CARTESIAN_POINT('',(-0.0466,0.00439909,0.013));
#12250=CARTESIAN_POINT('',(-0.0466,0.00439909,0.0085));
#12251=CARTESIAN_POINT('',(-0.0216,0.00189909,0.03749621));
#12252=CARTESIAN_POINT('',(-0.0216,0.00189909,0.03624621));
#12253=CARTESIAN_POINT('',(-0.0216,0.00189909,0.03624621));
#12254=CARTESIAN_POINT('',(-0.0216,0.00189909,0.03474621));
#12255=CARTESIAN_POINT('',(-0.0216,0.00189909,0.03074621));
#12256=CARTESIAN_POINT('',(-0.0216,0.00439909,0.03074621));
#12257=CARTESIAN_POINT('',(-0.0216,0.00439909,0.03074621));
#12258=CARTESIAN_POINT('',(-0.0216,0.00439909,0.03474621));
#12259=CARTESIAN_POINT('',(-0.0216,0.00439909,0.03874621));
#12260=CARTESIAN_POINT('',(-0.0216,0.00189909,0.03874621));
#12261=CARTESIAN_POINT('',(-0.0341,0.00189909,0.03624621));
#12262=CARTESIAN_POINT('',(-0.0466,0.00189909,0.03624621));
#12263=CARTESIAN_POINT('',(-0.0466,0.00189909,0.03624621));
#12264=CARTESIAN_POINT('',(-0.0341,0.00189909,0.03624621));
#12265=CARTESIAN_POINT('',(-0.0466,0.00189909,0.03749621));
#12266=CARTESIAN_POINT('',(-0.0466,0.00189909,0.03874621));
#12267=CARTESIAN_POINT('',(-0.0466,0.00439909,0.03874621));
#12268=CARTESIAN_POINT('',(-0.0466,0.00439909,0.03474621));
#12269=CARTESIAN_POINT('',(-0.0466,0.00439909,0.03074621));
#12270=CARTESIAN_POINT('',(-0.0466,0.00439909,0.03074621));
#12271=CARTESIAN_POINT('',(-0.0466,0.00189909,0.03074621));
#12272=CARTESIAN_POINT('',(-0.0466,0.00189909,0.03474621));
#12273=CARTESIAN_POINT('',(-0.0341,0.00189909,0.03874621));
#12274=CARTESIAN_POINT('',(-0.0341,0.00439909,0.03874621));
#12275=CARTESIAN_POINT('',(-0.0341,0.00189909,0.021373105));
#12276=CARTESIAN_POINT('',(-0.0341,0.00189909,0.013));
#12277=CARTESIAN_POINT('',(-0.0341,0.00439909,0.013));
#12278=CARTESIAN_POINT('',(-0.0341,0.00439909,0.013));
#12279=CARTESIAN_POINT('',(-0.0341,0.00439909,0.021373105));
#12280=CARTESIAN_POINT('',(-0.0341,0.00439909,0.03074621));
#12281=CARTESIAN_POINT('',(-0.0341,0.00189909,0.03074621));
#12282=CARTESIAN_POINT('',(-0.0341,0.00439909,0.03074621));
#12283=CARTESIAN_POINT('',(-0.0341,0.00439909,0.021373105));
#12284=CARTESIAN_POINT('',(-0.0341,0.00189909,0.021373105));
#12285=MECHANICAL_DESIGN_GEOMETRIC_PRESENTATION_REPRESENTATION('',(#2992),
#12286);
#12286=(
GEOMETRIC_REPRESENTATION_CONTEXT(3)
GLOBAL_UNCERTAINTY_ASSIGNED_CONTEXT((#12287))
GLOBAL_UNIT_ASSIGNED_CONTEXT((#12290,#12289,#12288))
REPRESENTATION_CONTEXT('Part 1','TOP_LEVEL_ASSEMBLY_PART')
);
#12287=UNCERTAINTY_MEASURE_WITH_UNIT(LENGTH_MEASURE(3.2376718091883E-5),
#12290,'DISTANCE_ACCURACY_VALUE','Maximum Tolerance applied to model');
#12288=(
NAMED_UNIT(*)
SI_UNIT($,.STERADIAN.)
SOLID_ANGLE_UNIT()
);
#12289=(
NAMED_UNIT(*)
PLANE_ANGLE_UNIT()
SI_UNIT($,.RADIAN.)
);
#12290=(
LENGTH_UNIT()
NAMED_UNIT(*)
SI_UNIT($,.METRE.)
);
#12291=PRODUCT_DEFINITION_SHAPE('','',#12292);
#12292=PRODUCT_DEFINITION('','',#12294,#12293);
#12293=PRODUCT_DEFINITION_CONTEXT('',#12300,'design');
#12294=PRODUCT_DEFINITION_FORMATION_WITH_SPECIFIED_SOURCE('','',#12296,
 .NOT_KNOWN.);
#12295=PRODUCT_RELATED_PRODUCT_CATEGORY('','',(#12296));
#12296=PRODUCT('Part 1','Part 1','Part 1',(#12298));
#12297=PRODUCT_CATEGORY('','');
#12298=PRODUCT_CONTEXT('',#12300,'mechanical');
#12299=APPLICATION_PROTOCOL_DEFINITION('international standard',
'ap242_managed_model_based_3d_engineering',2011,#12300);
#12300=APPLICATION_CONTEXT('managed model based 3d engineering');
ENDSEC;
END-ISO-10303-21;
